-- phpMyAdmin SQL Dump
-- version 3.4.5
-- http://www.phpmyadmin.net
--
-- Хост: localhost
-- Время создания: Дек 24 2011 г., 15:21
-- Версия сервера: 5.1.50
-- Версия PHP: 5.3.8-ZS5.5.0

SET FOREIGN_KEY_CHECKS=0;
SET SQL_MODE="NO_AUTO_VALUE_ON_ZERO";
SET AUTOCOMMIT=0;
START TRANSACTION;
SET time_zone = "+00:00";


/*!40101 SET @OLD_CHARACTER_SET_CLIENT=@@CHARACTER_SET_CLIENT */;
/*!40101 SET @OLD_CHARACTER_SET_RESULTS=@@CHARACTER_SET_RESULTS */;
/*!40101 SET @OLD_COLLATION_CONNECTION=@@COLLATION_CONNECTION */;
/*!40101 SET NAMES utf8 */;

--
-- База данных: `cl71252_tm`
--

-- --------------------------------------------------------

--
-- Структура таблицы `tm_acl_discussion`
--

DROP TABLE IF EXISTS `tm_acl_discussion`;
CREATE TABLE IF NOT EXISTS `tm_acl_discussion` (
  `user_id` int(10) unsigned NOT NULL,
  `discussion_id` int(10) unsigned NOT NULL,
  `is_read` tinyint(1) NOT NULL DEFAULT '0',
  `is_write` tinyint(1) NOT NULL DEFAULT '0',
  PRIMARY KEY (`user_id`,`discussion_id`),
  KEY `fk_tm_acl_discussion_tm_discussion1` (`discussion_id`),
  KEY `fk_tm_acl_discussion_tm_user1` (`user_id`)
) ENGINE=InnoDB DEFAULT CHARSET=utf8;

--
-- Дамп данных таблицы `tm_acl_discussion`
--

INSERT INTO `tm_acl_discussion` (`user_id`, `discussion_id`, `is_read`, `is_write`) VALUES
(1, 35, 1, 1),
(1, 36, 1, 1),
(1, 37, 1, 1),
(1, 38, 1, 1),
(1, 39, 1, 1),
(1, 40, 1, 0),
(1, 41, 1, 1),
(1, 42, 1, 1),
(1, 43, 1, 1),
(1, 44, 1, 1),
(1, 91, 1, 1),
(1, 131, 1, 1),
(1, 165, 1, 1),
(1, 166, 1, 1),
(1, 167, 1, 1),
(1, 172, 1, 1),
(1, 176, 1, 1),
(1, 177, 1, 1),
(1, 191, 1, 1),
(1, 194, 1, 1),
(1, 195, 1, 1),
(5, 38, 1, 0),
(5, 39, 1, 0),
(5, 40, 1, 0),
(5, 41, 1, 0),
(5, 42, 1, 0),
(5, 43, 1, 0),
(5, 44, 1, 0),
(5, 191, 1, 1),
(5, 195, 1, 1),
(7, 35, 1, 1),
(7, 36, 1, 1),
(7, 37, 1, 1),
(7, 38, 1, 1),
(7, 39, 1, 1),
(7, 40, 1, 1),
(7, 41, 1, 1),
(7, 42, 1, 1),
(7, 43, 1, 1),
(7, 44, 1, 1),
(7, 91, 1, 1),
(7, 131, 1, 1),
(7, 165, 1, 1),
(7, 166, 1, 1),
(7, 167, 1, 1),
(7, 172, 1, 1),
(7, 176, 1, 1),
(7, 177, 1, 1),
(7, 188, 1, 1),
(7, 191, 1, 1),
(7, 194, 1, 1),
(7, 195, 1, 1),
(8, 35, 1, 0),
(8, 36, 1, 0),
(8, 37, 1, 0),
(8, 38, 1, 0),
(8, 39, 1, 0),
(8, 40, 1, 0),
(8, 41, 1, 0),
(8, 42, 1, 0),
(8, 43, 1, 0),
(8, 44, 1, 0),
(8, 91, 1, 0),
(8, 131, 1, 0),
(8, 165, 1, 0),
(8, 166, 1, 0),
(8, 167, 1, 0),
(8, 172, 1, 0),
(8, 176, 1, 0),
(8, 177, 1, 0),
(8, 188, 1, 1),
(8, 191, 1, 1),
(8, 194, 1, 0),
(8, 195, 1, 0),
(9, 35, 1, 0),
(9, 36, 1, 0),
(9, 37, 1, 0),
(9, 38, 1, 0),
(9, 39, 1, 0),
(9, 40, 1, 0),
(9, 42, 1, 0),
(9, 43, 1, 0),
(9, 44, 1, 0),
(9, 91, 1, 0),
(9, 131, 1, 0),
(9, 165, 1, 0),
(9, 166, 1, 0),
(9, 167, 1, 0),
(9, 172, 1, 0),
(9, 176, 1, 0),
(9, 177, 1, 0),
(9, 188, 1, 1),
(9, 191, 1, 1),
(9, 194, 1, 0),
(9, 195, 1, 0),
(10, 191, 1, 1),
(10, 195, 1, 1);

-- --------------------------------------------------------

--
-- Структура таблицы `tm_acl_document`
--

DROP TABLE IF EXISTS `tm_acl_document`;
CREATE TABLE IF NOT EXISTS `tm_acl_document` (
  `user_id` int(10) unsigned NOT NULL,
  `document_id` int(10) unsigned NOT NULL,
  `is_read` tinyint(1) NOT NULL DEFAULT '0',
  `is_write` tinyint(1) NOT NULL DEFAULT '0',
  PRIMARY KEY (`user_id`,`document_id`),
  KEY `fk_tm_acl_document_tm_user1` (`user_id`),
  KEY `fk_tm_acl_document_tm_document1` (`document_id`)
) ENGINE=InnoDB DEFAULT CHARSET=utf8;

--
-- Дамп данных таблицы `tm_acl_document`
--

INSERT INTO `tm_acl_document` (`user_id`, `document_id`, `is_read`, `is_write`) VALUES
(1, 42, 1, 1),
(1, 43, 1, 1),
(1, 45, 1, 1),
(1, 49, 1, 1),
(1, 50, 1, 1),
(1, 51, 1, 0),
(1, 52, 1, 1),
(1, 53, 1, 1),
(1, 54, 1, 1),
(1, 55, 1, 1),
(1, 140, 1, 1),
(1, 192, 1, 1),
(1, 199, 1, 1),
(1, 215, 1, 1),
(1, 221, 1, 1),
(1, 222, 1, 1),
(5, 45, 1, 0),
(5, 49, 1, 0),
(5, 50, 1, 0),
(5, 51, 1, 0),
(5, 52, 1, 0),
(5, 53, 1, 0),
(5, 54, 1, 0),
(5, 55, 1, 0),
(5, 199, 1, 1),
(5, 215, 1, 1),
(5, 222, 1, 1),
(7, 42, 1, 1),
(7, 43, 1, 1),
(7, 45, 1, 1),
(7, 49, 1, 1),
(7, 50, 1, 1),
(7, 51, 1, 1),
(7, 52, 1, 1),
(7, 53, 1, 1),
(7, 54, 1, 1),
(7, 55, 1, 1),
(7, 140, 1, 1),
(7, 192, 1, 1),
(7, 199, 1, 1),
(7, 215, 1, 1),
(7, 221, 1, 1),
(7, 222, 1, 1),
(8, 42, 1, 0),
(8, 43, 1, 0),
(8, 45, 1, 0),
(8, 49, 1, 0),
(8, 50, 1, 0),
(8, 51, 1, 0),
(8, 52, 1, 0),
(8, 53, 1, 0),
(8, 54, 1, 0),
(8, 55, 1, 0),
(8, 140, 1, 0),
(8, 192, 1, 0),
(8, 199, 1, 1),
(8, 215, 1, 1),
(8, 221, 1, 0),
(8, 222, 1, 0),
(9, 42, 1, 0),
(9, 43, 1, 0),
(9, 45, 1, 0),
(9, 49, 1, 0),
(9, 50, 1, 0),
(9, 51, 1, 0),
(9, 53, 1, 0),
(9, 54, 1, 0),
(9, 55, 1, 0),
(9, 140, 1, 0),
(9, 192, 1, 0),
(9, 199, 1, 1),
(9, 215, 1, 1),
(9, 221, 1, 0),
(9, 222, 1, 0),
(10, 199, 1, 1),
(10, 215, 1, 1),
(10, 222, 1, 1);

-- --------------------------------------------------------

--
-- Структура таблицы `tm_acl_role`
--

DROP TABLE IF EXISTS `tm_acl_role`;
CREATE TABLE IF NOT EXISTS `tm_acl_role` (
  `tm_user_role_id` int(10) unsigned NOT NULL,
  `tm_user_resource_id` int(10) unsigned NOT NULL,
  `is_allow` tinyint(1) NOT NULL DEFAULT '0',
  `privileges` varchar(255) NOT NULL,
  PRIMARY KEY (`tm_user_role_id`,`tm_user_resource_id`),
  KEY `tm_user_resource_id` (`tm_user_resource_id`)
) ENGINE=InnoDB DEFAULT CHARSET=utf8;

--
-- Дамп данных таблицы `tm_acl_role`
--

INSERT INTO `tm_acl_role` (`tm_user_role_id`, `tm_user_resource_id`, `is_allow`, `privileges`) VALUES
(1, 1, 1, 'show'),
(1, 2, 1, 'show'),
(1, 3, 1, 'show'),
(1, 4, 1, 'show,show-my-task,show-my-discussion,show-my-reports'),
(1, 5, 1, 'show'),
(1, 6, 1, 'show'),
(1, 7, 1, 'show'),
(1, 8, 1, 'show'),
(1, 15, 1, 'show,show-attribute-hash,show-attribute-type,show-resource'),
(1, 19, 1, 'show'),
(1, 20, 1, 'show'),
(1, 21, 1, 'show'),
(1, 22, 1, 'show'),
(1, 23, 1, 'show'),
(1, 24, 1, 'show'),
(1, 25, 1, 'show'),
(1, 26, 1, 'show,show-attribute-hash,show-attribute-type,show-archive'),
(1, 27, 1, 'show'),
(1, 28, 1, 'show'),
(1, 29, 1, 'show'),
(1, 30, 1, 'show'),
(1, 31, 1, 'show'),
(1, 32, 1, 'show'),
(1, 33, 1, 'show'),
(1, 34, 1, 'show'),
(1, 35, 1, 'show'),
(1, 36, 1, 'show'),
(1, 37, 1, 'show,show-attribute-hash,show-attribute-type'),
(1, 38, 1, 'show'),
(1, 39, 1, 'show'),
(1, 40, 1, 'show'),
(1, 41, 1, 'show'),
(1, 42, 1, 'show'),
(1, 43, 1, 'show'),
(1, 44, 1, 'show'),
(1, 45, 1, 'show'),
(1, 46, 1, 'show'),
(1, 47, 1, 'show'),
(1, 48, 1, 'show'),
(1, 49, 1, 'show'),
(1, 50, 1, 'show'),
(1, 51, 1, 'show'),
(1, 52, 1, 'show'),
(1, 53, 1, 'show'),
(1, 54, 1, 'show'),
(1, 55, 1, 'show'),
(1, 56, 1, 'show'),
(1, 57, 1, 'show'),
(1, 58, 1, 'show'),
(1, 59, 1, 'show'),
(1, 60, 1, 'show'),
(1, 61, 1, 'show'),
(1, 62, 1, 'show'),
(1, 63, 1, 'show'),
(1, 64, 1, 'show'),
(1, 65, 1, 'show'),
(1, 66, 1, 'show'),
(1, 67, 1, 'show'),
(1, 68, 1, 'show'),
(1, 69, 1, 'show'),
(1, 70, 1, 'show'),
(1, 71, 1, 'show'),
(1, 72, 1, 'show'),
(1, 73, 0, 'show'),
(1, 74, 1, 'show'),
(1, 75, 1, 'show'),
(1, 76, 1, 'show'),
(1, 77, 1, 'show'),
(1, 78, 1, 'show'),
(1, 79, 1, 'show'),
(1, 80, 1, 'show'),
(1, 81, 1, 'show'),
(1, 82, 1, 'show'),
(1, 83, 1, 'show'),
(1, 84, 1, 'show'),
(1, 85, 1, 'show'),
(1, 86, 1, 'show'),
(1, 87, 1, 'show'),
(1, 88, 1, 'show'),
(1, 89, 1, 'show'),
(1, 90, 1, 'show'),
(1, 91, 1, 'show'),
(3, 1, 1, 'show'),
(3, 2, 1, 'show'),
(3, 3, 1, 'show'),
(3, 4, 1, 'show,show-my-task,show-my-discussion,show-my-reports'),
(3, 5, 0, 'show'),
(3, 6, 0, 'show'),
(3, 7, 0, 'show'),
(3, 8, 0, 'show'),
(3, 15, 0, 'show'),
(3, 19, 0, 'show'),
(3, 20, 0, 'show'),
(3, 21, 0, 'show'),
(3, 22, 0, 'show'),
(3, 23, 0, 'show'),
(3, 24, 0, 'show'),
(3, 25, 0, 'show'),
(3, 26, 1, 'show'),
(3, 27, 0, 'show'),
(3, 28, 0, 'show'),
(3, 29, 0, 'show'),
(3, 30, 0, 'show'),
(3, 31, 0, 'show'),
(3, 32, 0, 'show'),
(3, 33, 0, 'show'),
(3, 34, 0, 'show'),
(3, 35, 0, 'show'),
(3, 36, 0, 'show'),
(3, 37, 1, 'show'),
(3, 38, 0, 'show'),
(3, 39, 0, 'show'),
(3, 40, 0, 'show'),
(3, 41, 0, 'show'),
(3, 42, 0, 'show'),
(3, 43, 0, 'show'),
(3, 44, 0, 'show'),
(3, 45, 0, 'show'),
(3, 46, 0, 'show'),
(3, 47, 0, 'show'),
(3, 48, 0, 'show'),
(3, 49, 0, 'show'),
(3, 50, 1, 'show'),
(3, 51, 0, 'show'),
(3, 52, 0, 'show'),
(3, 53, 0, 'show'),
(3, 54, 0, 'show'),
(3, 55, 0, 'show'),
(3, 56, 0, 'show'),
(3, 57, 0, 'show'),
(3, 58, 1, 'show'),
(3, 59, 0, 'show'),
(3, 60, 1, 'show'),
(3, 61, 0, 'show'),
(3, 62, 0, 'show'),
(3, 63, 0, 'show'),
(3, 64, 1, 'show'),
(3, 65, 1, 'show'),
(3, 66, 1, 'show'),
(3, 67, 0, 'show'),
(3, 68, 0, 'show'),
(3, 69, 0, 'show'),
(3, 70, 0, 'show'),
(3, 71, 0, 'show'),
(3, 72, 0, 'show'),
(3, 73, 1, 'show'),
(3, 74, 1, 'show'),
(3, 75, 1, 'show'),
(3, 76, 1, 'show'),
(3, 77, 1, 'show'),
(3, 78, 1, 'show'),
(3, 79, 0, 'show'),
(3, 80, 0, 'show'),
(3, 81, 0, 'show'),
(3, 82, 0, 'show'),
(3, 83, 0, 'show'),
(3, 84, 0, 'show'),
(3, 85, 0, 'show'),
(3, 86, 1, 'show'),
(4, 1, 1, 'show'),
(4, 2, 1, 'show'),
(4, 3, 1, 'show'),
(4, 4, 1, 'show,show-my-task,show-my-discussion'),
(4, 5, 0, 'show'),
(4, 6, 0, 'show'),
(4, 7, 0, 'show'),
(4, 8, 0, 'show'),
(4, 15, 0, 'show'),
(4, 19, 0, 'show'),
(4, 20, 0, 'show'),
(4, 21, 0, 'show'),
(4, 22, 0, 'show'),
(4, 23, 0, 'show'),
(4, 24, 0, 'show'),
(4, 25, 0, 'show'),
(4, 26, 1, 'show'),
(4, 27, 0, 'show'),
(4, 28, 0, 'show'),
(4, 29, 0, 'show'),
(4, 30, 0, 'show'),
(4, 31, 0, 'show'),
(4, 32, 0, 'show'),
(4, 33, 0, 'show'),
(4, 34, 0, 'show'),
(4, 35, 0, 'show'),
(4, 36, 0, 'show'),
(4, 37, 1, 'show'),
(4, 38, 1, 'show'),
(4, 39, 1, 'show'),
(4, 40, 0, 'show'),
(4, 41, 0, 'show'),
(4, 42, 0, 'show'),
(4, 43, 0, 'show'),
(4, 44, 0, 'show'),
(4, 45, 0, 'show'),
(4, 46, 0, 'show'),
(4, 47, 0, 'show'),
(4, 48, 0, 'show'),
(4, 49, 0, 'show'),
(4, 50, 1, 'show'),
(4, 51, 1, 'show'),
(4, 52, 1, 'show'),
(4, 53, 0, 'show'),
(4, 54, 0, 'show'),
(4, 55, 0, 'show'),
(4, 56, 0, 'show'),
(4, 57, 1, 'show'),
(4, 58, 0, 'show'),
(4, 59, 0, 'show'),
(4, 60, 0, 'show'),
(4, 61, 0, 'show'),
(4, 62, 0, 'show'),
(4, 63, 0, 'show'),
(4, 64, 0, 'show'),
(4, 65, 0, 'show'),
(4, 66, 1, 'show'),
(4, 67, 0, 'show'),
(4, 68, 0, 'show'),
(4, 69, 0, 'show'),
(4, 70, 0, 'show'),
(4, 71, 0, 'show'),
(4, 72, 0, 'show'),
(4, 73, 1, 'show'),
(4, 74, 1, 'show'),
(4, 75, 1, 'show'),
(4, 76, 1, 'show'),
(4, 77, 1, 'show'),
(4, 78, 0, 'show'),
(4, 79, 0, 'show'),
(4, 80, 0, 'show'),
(4, 81, 0, 'show'),
(4, 82, 0, 'show'),
(4, 83, 0, 'show'),
(4, 84, 0, 'show'),
(4, 85, 0, 'show'),
(4, 86, 1, 'show'),
(5, 1, 1, 'show'),
(5, 2, 1, 'show'),
(5, 3, 1, 'show'),
(5, 4, 1, 'show'),
(5, 5, 0, 'show'),
(5, 6, 0, 'show'),
(5, 7, 0, 'show'),
(5, 8, 0, 'show'),
(5, 15, 0, 'show'),
(5, 19, 0, 'show'),
(5, 20, 0, 'show'),
(5, 21, 0, 'show'),
(5, 22, 0, 'show'),
(5, 23, 0, 'show'),
(5, 24, 0, 'show'),
(5, 25, 0, 'show'),
(5, 26, 0, 'show'),
(5, 27, 0, 'show'),
(5, 28, 0, 'show'),
(5, 29, 0, 'show'),
(5, 30, 0, 'show'),
(5, 31, 0, 'show'),
(5, 32, 0, 'show'),
(5, 33, 0, 'show'),
(5, 34, 0, 'show'),
(5, 35, 0, 'show'),
(5, 36, 0, 'show'),
(5, 37, 0, 'show'),
(5, 38, 0, 'show'),
(5, 39, 0, 'show'),
(5, 40, 0, 'show'),
(5, 41, 0, 'show'),
(5, 42, 0, 'show'),
(5, 43, 0, 'show'),
(5, 44, 0, 'show'),
(5, 45, 0, 'show'),
(5, 46, 0, 'show'),
(5, 47, 0, 'show'),
(5, 48, 0, 'show'),
(5, 49, 0, 'show'),
(5, 50, 0, 'show'),
(5, 51, 0, 'show'),
(5, 52, 0, 'show'),
(5, 53, 0, 'show'),
(5, 54, 0, 'show'),
(5, 55, 0, 'show'),
(5, 56, 0, 'show'),
(5, 57, 0, 'show'),
(5, 58, 0, 'show'),
(5, 59, 0, 'show'),
(5, 60, 0, 'show'),
(5, 61, 0, 'show'),
(5, 62, 0, 'show'),
(5, 63, 0, 'show'),
(5, 64, 0, 'show'),
(5, 65, 0, 'show'),
(5, 66, 0, 'show'),
(5, 67, 0, 'show'),
(5, 68, 0, 'show'),
(5, 69, 0, 'show'),
(5, 70, 0, 'show'),
(5, 71, 0, 'show'),
(5, 72, 0, 'show'),
(5, 73, 0, 'show'),
(5, 74, 0, 'show'),
(5, 75, 0, 'show'),
(5, 76, 0, 'show'),
(5, 77, 0, 'show'),
(5, 78, 0, 'show'),
(5, 79, 0, 'show'),
(5, 80, 0, 'show'),
(5, 81, 0, 'show'),
(5, 82, 0, 'show'),
(5, 83, 0, 'show'),
(5, 84, 0, 'show'),
(5, 85, 0, 'show'),
(5, 86, 0, 'show'),
(7, 1, 1, 'show'),
(7, 2, 1, 'show'),
(7, 3, 1, 'show'),
(7, 4, 1, 'show,show-my-task,show-my-discussion'),
(7, 5, 0, ''),
(7, 6, 0, ''),
(7, 7, 0, ''),
(7, 8, 0, ''),
(7, 15, 0, ''),
(7, 19, 0, ''),
(7, 20, 0, ''),
(7, 21, 0, ''),
(7, 22, 0, ''),
(7, 23, 0, ''),
(7, 24, 0, ''),
(7, 25, 0, ''),
(7, 26, 1, 'show'),
(7, 27, 0, ''),
(7, 28, 0, ''),
(7, 29, 0, ''),
(7, 30, 0, ''),
(7, 31, 0, ''),
(7, 32, 0, ''),
(7, 33, 0, ''),
(7, 34, 0, ''),
(7, 35, 0, ''),
(7, 36, 0, ''),
(7, 37, 1, 'show'),
(7, 38, 1, 'show'),
(7, 39, 1, 'show'),
(7, 40, 0, ''),
(7, 41, 0, ''),
(7, 42, 0, ''),
(7, 43, 0, ''),
(7, 44, 0, ''),
(7, 45, 0, ''),
(7, 46, 0, ''),
(7, 47, 0, ''),
(7, 48, 0, ''),
(7, 49, 0, ''),
(7, 50, 1, 'show'),
(7, 51, 1, 'show'),
(7, 52, 1, ''),
(7, 53, 0, ''),
(7, 54, 0, ''),
(7, 55, 0, ''),
(7, 56, 0, ''),
(7, 57, 1, 'show'),
(7, 58, 1, 'show'),
(7, 59, 0, ''),
(7, 60, 1, 'show'),
(7, 61, 0, ''),
(7, 62, 0, ''),
(7, 63, 0, ''),
(7, 64, 1, 'show'),
(7, 65, 1, 'show'),
(7, 66, 1, 'show'),
(7, 67, 0, ''),
(7, 68, 0, ''),
(7, 69, 0, ''),
(7, 70, 0, ''),
(7, 71, 0, ''),
(7, 72, 0, ''),
(7, 73, 1, 'show'),
(7, 74, 1, 'show'),
(7, 75, 1, 'show'),
(7, 76, 1, 'show'),
(7, 77, 1, 'show'),
(7, 78, 1, 'show'),
(7, 79, 0, 'show'),
(7, 80, 0, 'show'),
(7, 81, 0, 'show'),
(7, 82, 0, 'show'),
(7, 83, 0, 'show'),
(7, 84, 0, 'show'),
(7, 85, 0, 'show'),
(7, 86, 1, 'show'),
(8, 1, 1, 'show'),
(8, 2, 1, 'show'),
(8, 3, 1, 'show'),
(8, 4, 1, 'show,show-my-task,show-my-discussion'),
(8, 5, 0, 'show'),
(8, 6, 0, 'show'),
(8, 7, 0, 'show'),
(8, 8, 0, 'show'),
(8, 15, 0, 'show'),
(8, 19, 0, 'show'),
(8, 20, 0, 'show'),
(8, 21, 0, 'show'),
(8, 22, 0, 'show'),
(8, 23, 0, 'show'),
(8, 24, 0, 'show'),
(8, 25, 0, 'show'),
(8, 26, 0, 'show'),
(8, 27, 0, 'show'),
(8, 28, 0, 'show'),
(8, 29, 0, 'show'),
(8, 30, 0, 'show'),
(8, 31, 0, 'show'),
(8, 32, 0, 'show'),
(8, 33, 0, 'show'),
(8, 34, 0, 'show'),
(8, 35, 0, 'show'),
(8, 36, 0, 'show'),
(8, 37, 1, 'show'),
(8, 38, 1, 'show'),
(8, 39, 1, 'show'),
(8, 40, 0, 'show'),
(8, 41, 0, 'show'),
(8, 42, 0, 'show'),
(8, 43, 0, 'show'),
(8, 44, 0, 'show'),
(8, 45, 0, 'show'),
(8, 46, 0, 'show'),
(8, 47, 0, 'show'),
(8, 48, 0, 'show'),
(8, 49, 0, 'show'),
(8, 50, 1, 'show'),
(8, 51, 1, 'show'),
(8, 52, 1, 'show'),
(8, 53, 0, 'show'),
(8, 54, 0, 'show'),
(8, 55, 0, 'show'),
(8, 56, 0, 'show'),
(8, 57, 1, 'show'),
(8, 58, 0, 'show'),
(8, 59, 0, 'show'),
(8, 60, 0, 'show'),
(8, 61, 0, 'show'),
(8, 62, 0, 'show'),
(8, 63, 0, 'show'),
(8, 64, 0, 'show'),
(8, 65, 0, 'show'),
(8, 66, 0, 'show'),
(8, 67, 0, 'show'),
(8, 68, 0, 'show'),
(8, 69, 0, 'show'),
(8, 70, 0, 'show'),
(8, 71, 0, 'show'),
(8, 72, 0, 'show'),
(8, 73, 0, 'show'),
(8, 74, 1, 'show'),
(8, 75, 0, 'show'),
(8, 76, 1, 'show'),
(8, 77, 0, 'show'),
(8, 78, 0, 'show'),
(8, 79, 0, 'show'),
(8, 80, 0, 'show'),
(8, 81, 0, 'show'),
(8, 82, 0, 'show'),
(8, 83, 0, 'show'),
(8, 84, 0, 'show'),
(8, 85, 0, 'show'),
(8, 86, 1, 'show'),
(9, 1, 1, 'show'),
(9, 2, 1, 'show'),
(9, 3, 1, 'show'),
(9, 4, 1, 'show,show-my-task,show-my-discussion,show-my-reports'),
(9, 5, 0, 'show'),
(9, 6, 0, 'show'),
(9, 7, 0, 'show'),
(9, 8, 0, 'show'),
(9, 15, 0, 'show'),
(9, 19, 0, 'show'),
(9, 20, 0, 'show'),
(9, 21, 0, 'show'),
(9, 22, 0, 'show'),
(9, 23, 0, 'show'),
(9, 24, 0, 'show'),
(9, 25, 0, 'show'),
(9, 26, 1, 'show'),
(9, 27, 0, 'show'),
(9, 28, 0, 'show'),
(9, 29, 0, 'show'),
(9, 30, 0, 'show'),
(9, 31, 0, 'show'),
(9, 32, 0, 'show'),
(9, 33, 0, 'show'),
(9, 34, 0, 'show'),
(9, 35, 0, 'show'),
(9, 36, 0, 'show'),
(9, 37, 1, 'show'),
(9, 38, 1, 'show'),
(9, 39, 1, 'show'),
(9, 40, 0, 'show'),
(9, 41, 0, 'show'),
(9, 42, 0, 'show'),
(9, 43, 0, 'show'),
(9, 44, 0, 'show'),
(9, 45, 0, 'show'),
(9, 46, 0, 'show'),
(9, 47, 0, 'show'),
(9, 48, 0, 'show'),
(9, 49, 0, 'show'),
(9, 50, 1, 'show'),
(9, 51, 1, 'show'),
(9, 52, 1, 'show'),
(9, 53, 0, 'show'),
(9, 54, 0, 'show'),
(9, 55, 0, 'show'),
(9, 56, 0, 'show'),
(9, 57, 1, 'show'),
(9, 58, 1, 'show'),
(9, 59, 0, 'show'),
(9, 60, 1, 'show'),
(9, 61, 0, 'show'),
(9, 62, 0, 'show'),
(9, 63, 0, 'show'),
(9, 64, 1, 'show'),
(9, 65, 1, 'show'),
(9, 66, 1, 'show'),
(9, 67, 0, 'show'),
(9, 68, 0, 'show'),
(9, 69, 0, 'show'),
(9, 70, 0, 'show'),
(9, 71, 0, 'show'),
(9, 72, 0, 'show'),
(9, 73, 1, 'show'),
(9, 74, 1, 'show'),
(9, 75, 1, 'show'),
(9, 76, 1, 'show'),
(9, 77, 1, 'show'),
(9, 78, 1, 'show'),
(9, 79, 0, 'show'),
(9, 80, 0, 'show'),
(9, 81, 0, 'show'),
(9, 82, 0, 'show'),
(9, 83, 0, 'show'),
(9, 84, 0, 'show'),
(9, 85, 0, 'show'),
(9, 86, 1, 'show'),
(10, 1, 1, 'show'),
(10, 2, 1, 'show'),
(10, 3, 1, 'show'),
(10, 4, 1, 'show'),
(10, 5, 1, 'show'),
(10, 6, 1, 'show'),
(10, 7, 1, 'show'),
(10, 8, 1, 'show'),
(10, 15, 1, 'show'),
(10, 19, 0, 'show'),
(10, 20, 0, 'show'),
(10, 21, 0, 'show'),
(10, 22, 0, 'show'),
(10, 23, 0, 'show'),
(10, 24, 0, 'show'),
(10, 25, 0, 'show'),
(10, 26, 1, 'show'),
(10, 27, 1, 'show'),
(10, 28, 1, 'show'),
(10, 29, 1, 'show'),
(10, 30, 0, 'show'),
(10, 31, 0, 'show'),
(10, 32, 0, 'show'),
(10, 33, 0, 'show'),
(10, 34, 0, 'show'),
(10, 35, 0, 'show'),
(10, 36, 1, 'show'),
(10, 37, 1, 'show'),
(10, 38, 1, 'show'),
(10, 39, 1, 'show'),
(10, 40, 1, 'show'),
(10, 41, 1, 'show'),
(10, 42, 1, 'show'),
(10, 43, 1, 'show'),
(10, 44, 1, 'show'),
(10, 45, 0, 'show'),
(10, 46, 0, 'show'),
(10, 47, 0, 'show'),
(10, 48, 0, 'show'),
(10, 49, 0, 'show'),
(10, 50, 1, 'show'),
(10, 51, 1, 'show'),
(10, 52, 1, 'show'),
(10, 53, 1, 'show'),
(10, 54, 1, 'show'),
(10, 55, 1, 'show'),
(10, 56, 1, 'show'),
(10, 57, 1, 'show'),
(10, 58, 1, 'show'),
(10, 59, 0, 'show'),
(10, 60, 1, 'show'),
(10, 61, 1, 'show'),
(10, 62, 1, 'show'),
(10, 63, 1, 'show'),
(10, 64, 1, 'show'),
(10, 65, 1, 'show'),
(10, 66, 1, 'show'),
(10, 67, 0, 'show'),
(10, 68, 0, 'show'),
(10, 69, 0, 'show'),
(10, 70, 0, 'show'),
(10, 71, 0, 'show'),
(10, 72, 0, 'show'),
(10, 73, 0, 'show'),
(10, 74, 1, 'show'),
(10, 75, 1, 'show'),
(10, 76, 1, 'show'),
(10, 77, 1, 'show'),
(10, 78, 1, 'show'),
(10, 79, 0, 'show'),
(10, 80, 0, 'show'),
(10, 81, 0, 'show'),
(10, 82, 0, 'show'),
(10, 83, 0, 'show'),
(10, 84, 0, 'show'),
(10, 85, 0, 'show'),
(10, 86, 1, 'show');

-- --------------------------------------------------------

--
-- Структура таблицы `tm_acl_task`
--

DROP TABLE IF EXISTS `tm_acl_task`;
CREATE TABLE IF NOT EXISTS `tm_acl_task` (
  `user_id` int(10) unsigned NOT NULL,
  `task_id` int(10) unsigned NOT NULL,
  `is_read` tinyint(1) NOT NULL DEFAULT '0',
  `is_write` tinyint(1) NOT NULL DEFAULT '0',
  `is_executant` tinyint(1) DEFAULT '0',
  PRIMARY KEY (`user_id`,`task_id`),
  KEY `fk_tm_acl_tm_user1` (`user_id`),
  KEY `fk_tm_acl_tm_task1` (`task_id`)
) ENGINE=InnoDB DEFAULT CHARSET=utf8;

--
-- Дамп данных таблицы `tm_acl_task`
--

INSERT INTO `tm_acl_task` (`user_id`, `task_id`, `is_read`, `is_write`, `is_executant`) VALUES
(1, 24, 1, 1, 0),
(1, 25, 1, 1, 0),
(1, 27, 1, 1, 0),
(1, 31, 1, 1, 0),
(1, 32, 1, 1, 0),
(1, 33, 1, 0, 0),
(1, 34, 1, 1, 0),
(1, 35, 1, 1, 0),
(1, 36, 1, 1, 0),
(1, 37, 1, 1, 0),
(1, 38, 1, 1, 0),
(1, 39, 1, 1, 0),
(1, 40, 1, 1, 0),
(1, 41, 1, 1, 0),
(1, 42, 1, 1, 0),
(1, 43, 1, 1, 0),
(1, 44, 1, 1, 0),
(1, 45, 1, 1, 0),
(1, 46, 1, 1, 0),
(1, 47, 1, 1, 0),
(1, 48, 1, 1, 0),
(1, 49, 1, 1, 0),
(1, 50, 1, 1, 0),
(1, 51, 1, 1, 0),
(1, 52, 1, 1, 0),
(1, 53, 1, 1, 0),
(1, 54, 1, 1, 0),
(1, 55, 1, 1, 0),
(1, 56, 1, 1, 0),
(1, 57, 1, 1, 0),
(1, 58, 1, 1, 0),
(1, 59, 1, 1, 0),
(1, 60, 1, 1, 0),
(1, 61, 1, 1, 0),
(1, 62, 1, 1, 0),
(1, 63, 1, 1, 0),
(1, 65, 1, 1, 0),
(1, 66, 1, 1, 0),
(1, 69, 1, 1, 0),
(1, 70, 1, 1, 0),
(1, 71, 1, 1, 0),
(1, 72, 1, 1, 0),
(1, 73, 1, 1, 0),
(1, 74, 1, 1, 0),
(1, 75, 1, 1, 0),
(1, 76, 1, 1, 0),
(1, 80, 1, 1, 0),
(1, 81, 1, 1, 0),
(1, 82, 1, 1, 0),
(1, 83, 1, 1, 0),
(1, 84, 1, 1, 0),
(1, 85, 1, 1, 0),
(1, 86, 1, 1, 0),
(1, 87, 1, 1, 0),
(1, 88, 1, 1, 0),
(1, 89, 1, 1, 0),
(1, 90, 1, 1, 0),
(1, 91, 1, 1, 0),
(1, 92, 1, 1, 0),
(1, 93, 1, 1, 0),
(1, 94, 1, 1, 0),
(1, 95, 1, 1, 0),
(1, 96, 1, 1, 0),
(1, 97, 1, 1, 0),
(1, 99, 1, 1, 0),
(1, 100, 1, 1, 0),
(1, 101, 1, 1, 0),
(1, 102, 1, 1, 0),
(1, 103, 1, 1, 0),
(1, 104, 1, 1, 0),
(1, 105, 1, 1, 0),
(1, 106, 1, 1, 0),
(1, 107, 1, 1, 0),
(1, 108, 1, 1, 0),
(1, 109, 1, 1, 0),
(1, 110, 1, 1, 0),
(1, 112, 1, 1, 0),
(1, 113, 1, 1, 0),
(1, 115, 1, 1, 0),
(1, 116, 1, 1, 0),
(1, 117, 1, 1, 0),
(1, 118, 1, 1, 0),
(1, 119, 1, 1, 0),
(1, 120, 1, 1, 0),
(1, 121, 1, 1, 0),
(1, 122, 1, 1, 0),
(1, 124, 1, 1, 0),
(1, 125, 1, 1, 0),
(1, 126, 1, 1, 0),
(1, 127, 1, 1, 0),
(1, 128, 1, 1, 0),
(1, 129, 1, 1, 0),
(1, 130, 1, 1, 0),
(1, 131, 1, 1, 0),
(1, 132, 1, 1, 0),
(1, 133, 1, 1, 0),
(1, 134, 1, 1, 0),
(1, 135, 1, 1, 0),
(1, 136, 1, 1, 0),
(1, 137, 1, 1, 0),
(1, 138, 1, 1, 0),
(1, 139, 1, 1, 0),
(1, 140, 1, 1, 0),
(1, 141, 1, 1, 0),
(1, 142, 1, 1, 0),
(1, 143, 1, 1, 0),
(1, 144, 1, 1, 0),
(1, 145, 1, 1, 0),
(1, 146, 1, 1, 0),
(1, 147, 1, 1, 0),
(1, 148, 1, 1, 0),
(1, 149, 1, 1, 0),
(1, 150, 1, 1, 0),
(1, 151, 1, 1, 0),
(1, 152, 1, 1, 0),
(1, 153, 1, 1, 0),
(1, 154, 1, 1, 0),
(1, 155, 1, 1, 0),
(1, 156, 1, 1, 0),
(1, 163, 1, 1, 0),
(1, 164, 1, 1, 0),
(1, 165, 1, 1, 0),
(1, 166, 1, 1, 0),
(1, 181, 1, 1, 1),
(1, 185, 1, 1, 0),
(5, 27, 1, 0, 0),
(5, 31, 1, 0, 0),
(5, 32, 1, 0, 0),
(5, 33, 1, 0, 0),
(5, 34, 1, 0, 0),
(5, 35, 1, 0, 0),
(5, 36, 1, 0, 0),
(5, 37, 1, 0, 0),
(5, 165, 1, 1, 0),
(5, 166, 1, 1, 0),
(5, 181, 1, 1, 0),
(5, 185, 1, 1, 0),
(7, 24, 1, 1, 0),
(7, 25, 1, 1, 0),
(7, 27, 1, 1, 0),
(7, 31, 1, 1, 0),
(7, 32, 1, 1, 0),
(7, 33, 1, 1, 0),
(7, 34, 1, 1, 0),
(7, 35, 1, 1, 0),
(7, 36, 1, 1, 0),
(7, 37, 1, 1, 0),
(7, 38, 1, 1, 0),
(7, 39, 1, 1, 0),
(7, 40, 1, 1, 0),
(7, 41, 1, 1, 0),
(7, 42, 1, 1, 0),
(7, 43, 1, 1, 0),
(7, 44, 1, 1, 0),
(7, 45, 1, 1, 0),
(7, 46, 1, 1, 0),
(7, 47, 1, 1, 0),
(7, 48, 1, 1, 0),
(7, 49, 1, 1, 0),
(7, 50, 1, 1, 0),
(7, 51, 1, 1, 0),
(7, 52, 1, 1, 0),
(7, 53, 1, 1, 0),
(7, 54, 1, 1, 0),
(7, 55, 1, 1, 0),
(7, 56, 1, 1, 0),
(7, 57, 1, 1, 0),
(7, 58, 1, 1, 0),
(7, 59, 1, 1, 0),
(7, 60, 1, 1, 0),
(7, 61, 1, 1, 0),
(7, 62, 1, 1, 0),
(7, 63, 1, 1, 0),
(7, 65, 1, 1, 0),
(7, 66, 1, 1, 0),
(7, 69, 1, 1, 0),
(7, 70, 1, 1, 0),
(7, 71, 1, 1, 0),
(7, 72, 1, 1, 0),
(7, 73, 1, 1, 0),
(7, 74, 1, 1, 0),
(7, 75, 1, 1, 0),
(7, 76, 1, 1, 0),
(7, 80, 1, 1, 0),
(7, 81, 1, 1, 0),
(7, 82, 1, 1, 0),
(7, 83, 1, 1, 0),
(7, 84, 1, 1, 0),
(7, 85, 1, 1, 0),
(7, 86, 1, 1, 0),
(7, 87, 1, 1, 0),
(7, 88, 1, 1, 0),
(7, 89, 1, 1, 0),
(7, 90, 1, 1, 0),
(7, 91, 1, 1, 0),
(7, 92, 1, 1, 0),
(7, 93, 1, 1, 0),
(7, 94, 1, 1, 0),
(7, 95, 1, 1, 0),
(7, 96, 1, 1, 0),
(7, 97, 1, 1, 0),
(7, 99, 1, 1, 0),
(7, 100, 1, 1, 0),
(7, 101, 1, 1, 0),
(7, 102, 1, 1, 0),
(7, 103, 1, 1, 0),
(7, 104, 1, 1, 0),
(7, 105, 1, 1, 0),
(7, 106, 1, 1, 0),
(7, 107, 1, 1, 0),
(7, 108, 1, 1, 0),
(7, 109, 1, 1, 0),
(7, 110, 1, 1, 0),
(7, 112, 1, 1, 0),
(7, 113, 1, 1, 0),
(7, 115, 1, 1, 0),
(7, 116, 1, 1, 0),
(7, 117, 1, 1, 0),
(7, 118, 1, 1, 0),
(7, 119, 1, 1, 0),
(7, 120, 1, 1, 0),
(7, 121, 1, 1, 0),
(7, 122, 1, 1, 1),
(7, 124, 1, 1, 0),
(7, 125, 1, 1, 0),
(7, 126, 1, 1, 0),
(7, 127, 1, 1, 0),
(7, 128, 1, 1, 0),
(7, 129, 1, 1, 0),
(7, 130, 1, 1, 0),
(7, 131, 1, 1, 0),
(7, 132, 1, 1, 0),
(7, 133, 1, 1, 0),
(7, 134, 1, 1, 0),
(7, 135, 1, 1, 0),
(7, 136, 1, 1, 0),
(7, 137, 1, 1, 0),
(7, 138, 1, 1, 0),
(7, 139, 1, 1, 0),
(7, 140, 1, 1, 0),
(7, 141, 1, 1, 0),
(7, 142, 1, 1, 0),
(7, 143, 1, 1, 0),
(7, 144, 1, 1, 0),
(7, 145, 1, 1, 0),
(7, 146, 1, 1, 0),
(7, 147, 1, 1, 0),
(7, 148, 1, 1, 0),
(7, 149, 1, 1, 0),
(7, 150, 1, 1, 0),
(7, 151, 1, 1, 0),
(7, 152, 1, 1, 0),
(7, 153, 1, 1, 0),
(7, 154, 1, 1, 0),
(7, 155, 1, 1, 0),
(7, 156, 1, 1, 0),
(7, 163, 1, 1, 0),
(7, 164, 1, 1, 0),
(7, 165, 1, 1, 0),
(7, 166, 1, 1, 0),
(7, 181, 1, 1, 0),
(7, 185, 1, 1, 0),
(8, 24, 1, 0, 1),
(8, 25, 1, 0, 1),
(8, 27, 1, 0, 1),
(8, 31, 1, 0, 1),
(8, 32, 1, 0, 1),
(8, 33, 1, 0, 1),
(8, 34, 1, 0, 1),
(8, 35, 1, 0, 1),
(8, 36, 1, 0, 1),
(8, 37, 1, 0, 1),
(8, 38, 1, 0, 1),
(8, 39, 1, 0, 1),
(8, 40, 1, 0, 1),
(8, 41, 1, 0, 1),
(8, 42, 1, 0, 1),
(8, 43, 1, 0, 1),
(8, 44, 1, 0, 1),
(8, 45, 1, 0, 1),
(8, 46, 1, 0, 1),
(8, 47, 1, 0, 1),
(8, 48, 1, 0, 1),
(8, 49, 1, 0, 1),
(8, 50, 1, 0, 1),
(8, 51, 1, 0, 1),
(8, 52, 1, 0, 1),
(8, 53, 1, 0, 1),
(8, 54, 1, 0, 1),
(8, 55, 1, 0, 1),
(8, 56, 1, 0, 1),
(8, 57, 1, 0, 1),
(8, 58, 1, 0, 1),
(8, 59, 1, 0, 1),
(8, 60, 1, 0, 1),
(8, 61, 1, 0, 1),
(8, 62, 1, 0, 1),
(8, 63, 1, 0, 1),
(8, 65, 1, 0, 1),
(8, 66, 1, 0, 1),
(8, 69, 1, 0, 1),
(8, 70, 1, 0, 1),
(8, 71, 1, 0, 1),
(8, 72, 1, 0, 1),
(8, 73, 1, 0, 1),
(8, 74, 1, 0, 1),
(8, 75, 1, 0, 1),
(8, 76, 1, 0, 1),
(8, 80, 1, 0, 1),
(8, 81, 1, 0, 1),
(8, 82, 1, 0, 1),
(8, 83, 1, 0, 1),
(8, 84, 1, 0, 1),
(8, 85, 1, 0, 1),
(8, 86, 1, 0, 1),
(8, 87, 1, 0, 1),
(8, 88, 1, 0, 1),
(8, 89, 1, 0, 1),
(8, 90, 1, 0, 1),
(8, 91, 1, 0, 1),
(8, 92, 1, 0, 1),
(8, 93, 1, 0, 1),
(8, 94, 1, 0, 1),
(8, 95, 1, 0, 1),
(8, 96, 1, 0, 1),
(8, 97, 1, 0, 1),
(8, 99, 1, 0, 1),
(8, 100, 1, 0, 1),
(8, 101, 1, 0, 1),
(8, 102, 1, 0, 1),
(8, 103, 1, 0, 1),
(8, 104, 1, 0, 1),
(8, 105, 1, 0, 1),
(8, 106, 1, 0, 1),
(8, 107, 1, 0, 1),
(8, 108, 1, 0, 1),
(8, 109, 1, 0, 1),
(8, 110, 1, 0, 1),
(8, 112, 1, 0, 1),
(8, 113, 1, 0, 1),
(8, 115, 1, 0, 1),
(8, 116, 1, 0, 1),
(8, 117, 1, 0, 1),
(8, 118, 1, 0, 1),
(8, 119, 1, 0, 1),
(8, 120, 1, 0, 1),
(8, 121, 1, 0, 1),
(8, 122, 1, 0, 0),
(8, 124, 1, 0, 1),
(8, 125, 1, 0, 1),
(8, 126, 1, 0, 1),
(8, 127, 1, 0, 1),
(8, 128, 1, 0, 1),
(8, 129, 1, 0, 1),
(8, 130, 1, 0, 1),
(8, 131, 1, 0, 1),
(8, 132, 1, 0, 1),
(8, 133, 1, 0, 1),
(8, 134, 1, 0, 1),
(8, 135, 1, 0, 1),
(8, 136, 1, 0, 1),
(8, 137, 1, 0, 1),
(8, 138, 1, 0, 1),
(8, 139, 1, 0, 1),
(8, 140, 1, 0, 1),
(8, 141, 1, 0, 1),
(8, 142, 1, 0, 1),
(8, 143, 1, 0, 1),
(8, 144, 1, 0, 1),
(8, 145, 1, 0, 1),
(8, 146, 1, 0, 1),
(8, 147, 1, 0, 1),
(8, 148, 1, 0, 1),
(8, 149, 1, 0, 1),
(8, 150, 1, 0, 1),
(8, 151, 1, 0, 1),
(8, 152, 1, 0, 1),
(8, 153, 1, 0, 1),
(8, 154, 1, 0, 1),
(8, 155, 1, 0, 1),
(8, 156, 1, 0, 1),
(8, 163, 1, 0, 1),
(8, 164, 1, 0, 0),
(8, 165, 1, 1, 1),
(8, 166, 1, 1, 1),
(8, 181, 1, 1, 0),
(8, 185, 1, 0, 1),
(9, 24, 1, 0, 0),
(9, 25, 1, 0, 0),
(9, 27, 1, 0, 0),
(9, 31, 1, 0, 0),
(9, 32, 1, 0, 0),
(9, 33, 1, 0, 0),
(9, 35, 1, 0, 0),
(9, 36, 1, 0, 0),
(9, 37, 1, 0, 0),
(9, 38, 1, 0, 0),
(9, 39, 1, 0, 0),
(9, 40, 1, 0, 0),
(9, 41, 1, 0, 0),
(9, 42, 1, 0, 0),
(9, 43, 1, 0, 0),
(9, 44, 1, 0, 0),
(9, 45, 1, 0, 0),
(9, 46, 1, 0, 0),
(9, 47, 1, 0, 0),
(9, 48, 1, 0, 0),
(9, 49, 1, 0, 0),
(9, 50, 1, 0, 0),
(9, 51, 1, 0, 0),
(9, 52, 1, 0, 0),
(9, 53, 1, 0, 0),
(9, 54, 1, 0, 0),
(9, 55, 1, 0, 0),
(9, 56, 1, 0, 0),
(9, 57, 1, 0, 0),
(9, 58, 1, 0, 0),
(9, 59, 1, 0, 0),
(9, 60, 1, 0, 0),
(9, 61, 1, 0, 0),
(9, 62, 1, 0, 0),
(9, 63, 1, 0, 0),
(9, 65, 1, 0, 0),
(9, 66, 1, 0, 0),
(9, 69, 1, 0, 0),
(9, 70, 1, 0, 0),
(9, 71, 1, 0, 0),
(9, 72, 1, 0, 0),
(9, 73, 1, 0, 0),
(9, 74, 1, 0, 0),
(9, 75, 1, 0, 0),
(9, 76, 1, 0, 0),
(9, 80, 1, 0, 0),
(9, 81, 1, 0, 0),
(9, 82, 1, 0, 0),
(9, 83, 1, 0, 0),
(9, 84, 1, 0, 0),
(9, 85, 1, 0, 0),
(9, 86, 1, 0, 0),
(9, 87, 1, 0, 0),
(9, 88, 1, 0, 0),
(9, 89, 1, 0, 0),
(9, 90, 1, 0, 0),
(9, 91, 1, 0, 0),
(9, 92, 1, 0, 0),
(9, 93, 1, 0, 0),
(9, 94, 1, 0, 0),
(9, 95, 1, 0, 0),
(9, 96, 1, 0, 0),
(9, 97, 1, 0, 0),
(9, 99, 1, 0, 0),
(9, 100, 1, 0, 0),
(9, 101, 1, 0, 0),
(9, 102, 1, 0, 0),
(9, 103, 1, 0, 0),
(9, 104, 1, 0, 0),
(9, 105, 1, 0, 0),
(9, 106, 1, 0, 0),
(9, 107, 1, 0, 0),
(9, 108, 1, 0, 0),
(9, 109, 1, 0, 0),
(9, 110, 1, 0, 0),
(9, 112, 1, 0, 0),
(9, 113, 1, 0, 0),
(9, 115, 1, 0, 0),
(9, 116, 1, 0, 0),
(9, 117, 1, 0, 0),
(9, 118, 1, 0, 0),
(9, 119, 1, 0, 0),
(9, 120, 1, 0, 0),
(9, 121, 1, 0, 0),
(9, 122, 1, 0, 0),
(9, 124, 1, 0, 0),
(9, 125, 1, 0, 0),
(9, 126, 1, 0, 0),
(9, 127, 1, 0, 0),
(9, 128, 1, 0, 0),
(9, 129, 1, 0, 0),
(9, 130, 1, 0, 0),
(9, 131, 1, 0, 0),
(9, 132, 1, 0, 0),
(9, 133, 1, 0, 0),
(9, 134, 1, 0, 0),
(9, 135, 1, 0, 0),
(9, 136, 1, 0, 0),
(9, 137, 1, 0, 0),
(9, 138, 1, 0, 0),
(9, 139, 1, 0, 0),
(9, 140, 1, 0, 0),
(9, 141, 1, 0, 0),
(9, 142, 1, 0, 0),
(9, 143, 1, 0, 0),
(9, 144, 1, 0, 0),
(9, 145, 1, 0, 0),
(9, 146, 1, 0, 0),
(9, 147, 1, 0, 0),
(9, 148, 1, 0, 0),
(9, 149, 1, 0, 0),
(9, 150, 1, 0, 0),
(9, 151, 1, 0, 0),
(9, 152, 1, 0, 0),
(9, 153, 1, 0, 0),
(9, 154, 1, 0, 0),
(9, 155, 1, 0, 0),
(9, 156, 1, 0, 0),
(9, 163, 1, 0, 0),
(9, 164, 1, 0, 1),
(9, 165, 1, 1, 0),
(9, 166, 1, 1, 0),
(9, 181, 1, 1, 0),
(9, 185, 1, 0, 0),
(10, 165, 1, 1, 0),
(10, 166, 1, 1, 0),
(10, 181, 1, 1, 0),
(10, 185, 1, 1, 0);

-- --------------------------------------------------------

--
-- Структура таблицы `tm_discussion`
--

DROP TABLE IF EXISTS `tm_discussion`;
CREATE TABLE IF NOT EXISTS `tm_discussion` (
  `id` int(10) unsigned NOT NULL AUTO_INCREMENT,
  `message` text NOT NULL,
  `date_create` datetime NOT NULL,
  `is_first` tinyint(1) NOT NULL DEFAULT '0',
  `is_message` tinyint(1) NOT NULL DEFAULT '0',
  `topic_id` int(10) unsigned DEFAULT NULL,
  `parent_id` int(10) unsigned DEFAULT NULL,
  `user_id` int(10) unsigned NOT NULL,
  `to_user_id` int(10) unsigned DEFAULT NULL,
  `is_request` tinyint(1) NOT NULL DEFAULT '0',
  `is_complete` tinyint(1) NOT NULL DEFAULT '0',
  `is_archive` tinyint(1) NOT NULL DEFAULT '0',
  PRIMARY KEY (`id`),
  KEY `fk_tm_discussion_tm_discussion1` (`parent_id`),
  KEY `fk_tm_discussion_tm_user1` (`user_id`),
  KEY `topic_id` (`topic_id`),
  KEY `to_user_id` (`to_user_id`)
) ENGINE=InnoDB  DEFAULT CHARSET=utf8 AUTO_INCREMENT=196 ;

--
-- Дамп данных таблицы `tm_discussion`
--

INSERT INTO `tm_discussion` (`id`, `message`, `date_create`, `is_first`, `is_message`, `topic_id`, `parent_id`, `user_id`, `to_user_id`, `is_request`, `is_complete`, `is_archive`) VALUES
(35, 'Сайт', '2011-12-04 11:18:04', 0, 0, NULL, NULL, 1, NULL, 0, 0, 0),
(36, 'Веб-офис', '2011-12-04 11:18:32', 0, 0, NULL, NULL, 1, NULL, 0, 0, 0),
(37, 'Раздел «Компания»', '2011-12-04 11:29:10', 0, 0, 35, NULL, 1, NULL, 0, 0, 0),
(38, 'Обращение руководителя', '2011-12-04 11:38:07', 0, 0, 37, NULL, 1, NULL, 0, 0, 0),
(39, 'Сотрудники', '2011-12-04 11:42:09', 0, 0, 37, NULL, 1, NULL, 0, 0, 0),
(40, 'Лицензии', '2011-12-04 11:45:34', 0, 0, 37, NULL, 1, NULL, 0, 0, 0),
(41, 'Новости  и события компании ', '2011-12-04 11:45:59', 0, 0, 37, NULL, 1, NULL, 0, 0, 0),
(42, 'СМИ о компании', '2011-12-04 11:46:13', 0, 0, 37, NULL, 1, NULL, 0, 0, 0),
(43, 'Вакансии', '2011-12-04 11:46:27', 0, 0, 37, NULL, 1, NULL, 0, 0, 0),
(44, 'Контактная информация', '2011-12-04 11:46:39', 0, 0, 37, NULL, 1, NULL, 0, 0, 0),
(45, 'Раздел «Услуги»', '2011-12-04 11:53:28', 0, 0, 35, NULL, 1, NULL, 0, 0, 0),
(46, 'Услуги', '2011-12-04 11:53:59', 0, 0, 45, NULL, 1, NULL, 0, 0, 0),
(47, 'Заказ услуг', '2011-12-04 11:54:09', 0, 0, 45, NULL, 1, NULL, 0, 0, 0),
(48, 'Раздел «Клиенты»', '2011-12-04 11:54:29', 0, 0, 35, NULL, 1, NULL, 0, 0, 0),
(49, 'Выполненные работы', '2011-12-04 11:54:43', 0, 0, 48, NULL, 1, NULL, 0, 0, 0),
(50, 'Информация о клиентах', '2011-12-04 11:54:52', 0, 0, 48, NULL, 1, NULL, 0, 0, 0),
(51, 'Отзывы о работе', '2011-12-04 11:55:02', 0, 0, 48, NULL, 1, NULL, 0, 0, 0),
(52, 'Раздел «Партнеры»', '2011-12-04 11:55:22', 0, 0, 35, NULL, 1, NULL, 0, 0, 0),
(53, 'Партнеры', '2011-12-04 11:55:35', 0, 0, 52, NULL, 1, NULL, 0, 0, 0),
(54, 'Раздел «Документы»', '2011-12-04 11:55:52', 0, 0, 35, NULL, 1, NULL, 0, 0, 0),
(55, 'Региональное законодательство', '2011-12-04 11:56:06', 0, 0, 54, NULL, 1, NULL, 0, 0, 0),
(56, 'Федеральное законодательство', '2011-12-04 11:56:18', 0, 0, 54, NULL, 1, NULL, 0, 0, 0),
(57, 'Публикации', '2011-12-04 11:56:28', 0, 0, 54, NULL, 1, NULL, 0, 0, 0),
(58, 'Раздел «Вопрос-ответ»', '2011-12-04 11:56:44', 0, 0, 35, NULL, 1, NULL, 0, 0, 0),
(59, 'Вопрос-ответ', '2011-12-04 11:57:01', 0, 0, 58, NULL, 1, NULL, 0, 0, 0),
(60, 'Верстка сайта', '2011-12-04 11:58:00', 0, 0, 35, NULL, 1, NULL, 0, 0, 0),
(61, 'Дизайн сайта', '2011-12-04 11:58:11', 0, 0, 35, NULL, 1, NULL, 0, 0, 0),
(62, 'Задача', '2011-12-04 11:58:46', 0, 0, 36, NULL, 1, NULL, 0, 0, 0),
(63, 'Документы', '2011-12-04 11:58:54', 0, 0, 36, NULL, 1, NULL, 0, 0, 0),
(64, 'Отчеты', '2011-12-04 11:59:00', 0, 0, 36, NULL, 1, NULL, 0, 0, 0),
(65, 'Обсуждение', '2011-12-04 11:59:14', 0, 0, 36, NULL, 1, NULL, 0, 0, 0),
(66, 'Пользователи', '2011-12-04 11:59:26', 0, 0, 36, NULL, 1, NULL, 0, 0, 0),
(67, 'Интерфейс', '2011-12-04 11:59:53', 0, 0, 36, NULL, 1, NULL, 0, 0, 0),
(68, 'Стили оформления', '2011-12-04 12:00:20', 0, 0, 67, NULL, 1, NULL, 0, 0, 0),
(69, 'Первая страница клиента, исполнителя', '2011-12-04 12:01:33', 0, 0, 67, NULL, 1, NULL, 0, 0, 0),
(70, 'Схема расположения блоков', '2011-12-04 12:02:07', 0, 0, 67, NULL, 1, NULL, 0, 0, 0),
(71, 'Ошибка с кавычками в названии', '2011-12-04 12:04:49', 0, 0, 62, NULL, 1, NULL, 0, 0, 0),
(72, 'Изменение название раздела Отчеты на Аналитика', '2011-12-04 12:05:33', 0, 0, 64, NULL, 1, NULL, 0, 0, 0),
(73, 'Конструктор отчетов', '2011-12-04 12:06:30', 0, 0, 64, NULL, 1, NULL, 0, 0, 0),
(74, 'Исправить ошибки', '2011-12-04 12:07:33', 0, 0, 64, NULL, 1, NULL, 0, 0, 0),
(75, 'Исполнитель русским языком', '2011-12-04 12:08:01', 0, 0, 64, NULL, 1, NULL, 0, 0, 0),
(76, 'Должность исполнителя', '2011-12-04 12:08:19', 0, 0, 64, NULL, 1, NULL, 0, 0, 0),
(77, 'Цвета колонок как статус выполнения', '2011-12-04 12:08:49', 0, 0, 64, NULL, 1, NULL, 0, 0, 0),
(78, 'Добавить колонку Ответственный', '2011-12-04 12:09:32', 0, 0, 64, NULL, 1, NULL, 0, 0, 0),
(79, 'Русские названия для ролей, пользователей и ресурсов', '2011-12-04 12:11:03', 0, 0, 66, NULL, 1, NULL, 0, 0, 0),
(80, 'Дополнительный свойства, куда вывести атрибуты, роли и ресурсы', '2011-12-04 12:13:31', 0, 0, 67, NULL, 1, NULL, 0, 0, 0),
(81, 'Личные сообщения пользователей', '2011-12-04 12:19:11', 0, 0, 65, NULL, 1, NULL, 0, 0, 0),
(82, 'Аттрибуты: ФИО, Организация, Должность, Роль', '2011-12-04 12:20:50', 0, 0, 66, NULL, 1, NULL, 0, 0, 0),
(83, 'Активность', '2011-12-04 12:23:59', 0, 0, 36, NULL, 1, NULL, 0, 0, 0),
(84, 'Добавить функционал для логирования действий пользователей', '2011-12-04 12:29:18', 0, 0, 83, NULL, 1, NULL, 0, 0, 0),
(85, 'Добавить вывод для каждого пользователя', '2011-12-04 12:30:52', 0, 0, 83, NULL, 1, NULL, 0, 0, 0),
(86, 'Ссылка на редактирование документа из обсуждения', '2011-12-04 12:33:02', 0, 0, 63, NULL, 1, NULL, 0, 0, 0),
(87, 'Информация о документе', '2011-12-04 12:33:48', 0, 0, 63, NULL, 1, NULL, 0, 0, 0),
(88, 'Заменить срок на Выполнить до, добавить всего, Затрачено, Осталось', '2011-12-04 12:36:52', 0, 0, 64, NULL, 1, NULL, 0, 0, 0),
(89, 'Исправить ошибку', '2011-12-04 12:37:56', 0, 0, 65, NULL, 1, NULL, 0, 0, 0),
(90, 'Добавить Принято', '2011-12-04 12:38:34', 0, 0, 64, NULL, 1, NULL, 0, 0, 0),
(91, 'Тестирование комментариев', '2011-12-04 12:40:49', 0, 1, 37, NULL, 1, NULL, 0, 0, 0),
(92, 'Убрать права для комментария', '2011-12-04 12:43:26', 0, 0, 65, NULL, 1, NULL, 0, 0, 0),
(93, 'Добавить атрибут приоритет', '2011-12-04 12:44:17', 0, 0, 62, NULL, 1, NULL, 0, 0, 0),
(94, 'Технологическая дорожная карта', '2011-12-04 13:41:23', 0, 0, 36, NULL, 7, NULL, 0, 0, 0),
(95, 'Установить календарь везде, где есть дата', '2011-12-04 13:41:45', 0, 0, 67, NULL, 7, NULL, 0, 0, 0),
(96, 'Кем поставлена задача?', '2011-12-04 13:42:39', 0, 0, 62, NULL, 7, NULL, 0, 0, 0),
(97, 'Кем поставлена задача?', '2011-12-04 13:44:24', 0, 0, 64, NULL, 7, NULL, 0, 0, 0),
(98, 'У задачи выставить время: часы, минуты', '2011-12-04 13:45:07', 0, 0, 64, NULL, 7, NULL, 0, 0, 0),
(99, 'Вехи', '2011-12-04 13:49:20', 0, 0, 94, NULL, 7, NULL, 0, 0, 0),
(100, 'Пути прохождения принятия задачи', '2011-12-04 13:49:51', 0, 0, 94, NULL, 7, NULL, 0, 0, 0),
(101, 'Паттерны настроек глобального проекта', '2011-12-04 13:50:28', 0, 0, 94, NULL, 7, NULL, 0, 0, 0),
(102, 'Справочная система', '2011-12-04 13:50:40', 0, 0, 94, NULL, 7, NULL, 0, 0, 0),
(103, 'При добавлении атрибутов - списка, поставить по умолчанию *', '2011-12-04 13:53:13', 0, 0, 62, NULL, 7, NULL, 0, 0, 0),
(104, 'Тестирование', '2011-12-04 13:53:50', 0, 1, 94, NULL, 7, NULL, 0, 0, 0),
(105, 'Тестирование 2', '2011-12-04 13:54:02', 0, 1, 94, 104, 7, NULL, 0, 0, 0),
(106, 'Добавить сверху справа, где пользователь - редактировать профиль', '2011-12-04 14:05:00', 0, 0, 66, NULL, 7, NULL, 0, 0, 0),
(108, 'Поиск', '2011-12-04 14:11:53', 0, 0, 94, NULL, 7, NULL, 0, 0, 0),
(109, 'В сети', '2011-12-04 14:50:02', 0, 0, 94, NULL, 7, NULL, 0, 0, 0),
(110, 'Чат', '2011-12-04 14:50:10', 0, 0, 94, NULL, 7, NULL, 0, 0, 0),
(111, 'Группы пользователей', '2011-12-04 14:59:03', 0, 0, 94, NULL, 7, NULL, 0, 0, 0),
(112, 'Техническая поддержка', '2011-12-04 14:59:19', 0, 0, 94, NULL, 7, NULL, 0, 0, 0),
(113, 'Добавить фильтр', '2011-12-04 15:02:17', 0, 0, 64, NULL, 7, NULL, 0, 0, 0),
(114, 'Сбор рекомендаций по улучшению', '2011-12-04 15:30:37', 0, 0, 94, NULL, 7, NULL, 0, 0, 0),
(115, 'Проверил - есть замечания. Принял. - Стадии принятия.', '2011-12-04 15:40:25', 0, 0, 94, NULL, 7, NULL, 0, 0, 0),
(116, 'Цепочка выполнения задач', '2011-12-04 15:57:13', 0, 0, 94, NULL, 7, NULL, 0, 0, 0),
(117, 'Статус выполнено верхней по иерархии задачи ставится при выполнении всех составляющих', '2011-12-04 16:09:31', 0, 0, 62, NULL, 7, NULL, 0, 0, 0),
(118, 'Оповещения. Напоминания.', '2011-12-04 17:19:42', 0, 0, 94, NULL, 7, NULL, 0, 0, 0),
(119, 'Интеграция с google.apps', '2011-12-04 17:19:53', 0, 0, 94, NULL, 7, NULL, 0, 0, 0),
(120, 'Добавить вопрос от клиента', '2011-12-04 17:35:09', 0, 0, 58, NULL, 1, NULL, 0, 0, 0),
(121, 'Интеграция выпадающего меню', '2011-12-04 17:36:09', 0, 0, 60, NULL, 1, NULL, 0, 0, 0),
(122, 'Изменить название самой верхней задачи на проекты', '2011-12-04 17:36:22', 0, 0, 62, NULL, 7, NULL, 0, 0, 0),
(123, 'Изменить название в меню задачи - проекты.', '2011-12-04 17:36:46', 0, 0, 62, NULL, 7, NULL, 0, 0, 0),
(124, 'Добавить поле Выводить клиента на первую страницу', '2011-12-04 17:37:14', 0, 0, 48, NULL, 1, NULL, 0, 0, 0),
(125, 'Добавить поле Выводить партнера на первую страницу', '2011-12-04 17:37:39', 0, 0, 52, NULL, 1, NULL, 0, 0, 0),
(126, 'Иерархия услуг', '2011-12-04 17:38:39', 0, 0, 45, NULL, 1, NULL, 0, 0, 0),
(127, 'При переводе ветки задач - нет отступов в выпадающем списке', '2011-12-04 17:40:21', 0, 0, 62, NULL, 7, NULL, 0, 0, 0),
(128, 'Планирование при разборе ', '2011-12-04 17:45:09', 0, 0, 94, NULL, 7, NULL, 0, 0, 0),
(129, 'Исправить меню - убрать меню там где один пункт. Изменить цвет менюшки.', '2011-12-05 12:59:22', 0, 0, 60, NULL, 7, NULL, 0, 0, 0),
(130, 'Ссылки на сайте сделать синим цветом под цвет дизайна', '2011-12-06 10:16:48', 0, 0, 60, NULL, 7, NULL, 0, 0, 0),
(131, 'Изменить картинку на первой странице, консалтинговые услуги на экспертные услуги', '2011-12-06 10:24:52', 0, 0, 61, NULL, 7, NULL, 0, 0, 0),
(132, 'Затрачено и осталось поставить даты, а не время в формате 5 дней', '2011-12-06 10:31:33', 0, 0, 64, NULL, 7, NULL, 0, 0, 0),
(133, 'Добавить статус - Задача ждет уточнения', '2011-12-06 10:44:28', 0, 0, 62, NULL, 7, NULL, 0, 0, 0),
(134, 'Конструктор отчетов', '2011-12-06 12:06:12', 0, 0, 94, NULL, 7, NULL, 0, 0, 0),
(135, 'Активность пользователей. Логирование действий.', '2011-12-06 12:06:44', 0, 0, 94, NULL, 7, NULL, 0, 0, 0),
(136, 'Некорректный перенос ветки задач.', '2011-12-06 12:08:57', 0, 0, 62, NULL, 7, NULL, 0, 0, 0),
(137, 'Форма заказа - цвет серый, изменить на черный, больше шрифт', '2011-12-07 16:38:01', 0, 0, 45, NULL, 7, NULL, 0, 0, 0),
(138, 'Спасибо за заказ. В ближайшее время с Вами свяжется специалист.', '2011-12-07 16:39:53', 0, 0, 45, NULL, 7, NULL, 0, 0, 0),
(139, 'Авторизация', '2011-12-07 16:40:46', 0, 0, 35, NULL, 7, NULL, 0, 0, 0),
(140, 'Цвет текста и размер больше', '2011-12-07 16:42:42', 0, 0, 139, NULL, 7, NULL, 0, 0, 0),
(141, 'Авторизация с сайта в систему задач', '2011-12-07 16:42:56', 0, 0, 139, NULL, 7, NULL, 0, 0, 0),
(142, 'Заказы с сайта добавить проект и скидывать туда все заказы с сайта', '2011-12-07 16:43:51', 0, 0, 62, NULL, 7, NULL, 0, 0, 0),
(143, 'Группа задач', '2011-12-07 16:45:30', 0, 0, 62, NULL, 7, NULL, 0, 0, 0),
(144, 'Перевести експлорер задач на Ajax', '2011-12-07 16:48:57', 0, 0, 62, NULL, 7, NULL, 0, 0, 0),
(145, 'Раскрасить цветами', '2011-12-07 16:50:26', 0, 0, 62, NULL, 7, NULL, 0, 0, 0),
(146, 'Обязательные поля в атрибутах', '2011-12-07 16:50:45', 0, 0, 62, NULL, 7, NULL, 0, 0, 0),
(147, 'Сортировка в атрибутах', '2011-12-07 16:50:55', 0, 0, 62, NULL, 7, NULL, 0, 0, 0),
(148, 'Дата в формате 4 декабря 2011', '2011-12-07 16:51:16', 0, 0, 62, NULL, 7, NULL, 0, 0, 0),
(149, 'Иконки в важности', '2011-12-07 16:52:15', 0, 0, 62, NULL, 7, NULL, 0, 0, 0),
(150, 'Добавление задачи, модальным окном', '2011-12-07 16:52:35', 0, 0, 62, NULL, 7, NULL, 0, 0, 0),
(151, 'Принял - desabled при несовпадении пользователей', '2011-12-07 16:53:16', 0, 0, 62, NULL, 7, NULL, 0, 0, 0),
(152, 'Убрать - принято/непринято', '2011-12-07 16:53:28', 0, 0, 62, NULL, 7, NULL, 0, 0, 0),
(153, 'Добавить обмен задачами между клиентами и исполнителями', '2011-12-07 16:54:06', 0, 0, 62, NULL, 7, NULL, 0, 0, 0),
(154, 'Печать', '2011-12-07 16:54:46', 0, 0, 64, NULL, 7, NULL, 0, 0, 0),
(155, 'Переделать на Ajax', '2011-12-07 16:55:09', 0, 0, 64, NULL, 7, NULL, 0, 0, 0),
(156, 'При удалении - название задачи', '2011-12-07 16:55:30', 0, 0, 62, NULL, 7, NULL, 0, 0, 0),
(157, 'Первая страница', '2011-12-07 16:55:50', 0, 0, 36, NULL, 7, NULL, 0, 0, 0),
(158, 'Личные сообщения', '2011-12-07 16:56:08', 0, 0, 157, NULL, 7, NULL, 0, 0, 0),
(159, 'Мои задачи', '2011-12-07 16:56:48', 0, 0, 157, NULL, 7, NULL, 0, 0, 0),
(160, 'Отчет', '2011-12-07 16:56:58', 0, 0, 157, NULL, 7, NULL, 0, 0, 0),
(161, 'Настраивание ресурсов первой страницы для ролей', '2011-12-07 16:57:21', 0, 0, 157, NULL, 7, NULL, 0, 0, 0),
(162, 'Меню сверху', '2011-12-07 16:58:52', 0, 0, 67, NULL, 7, NULL, 0, 0, 0),
(163, 'Атрибуты справа сверху', '2011-12-07 16:59:14', 0, 0, 67, NULL, 7, NULL, 0, 0, 0),
(164, 'Типы задач - Период, Безвременные, На дату - галочкой.', '2011-12-07 17:00:38', 0, 0, 62, NULL, 7, NULL, 0, 0, 0),
(165, 'Сообщения для Дмитрия', '2011-12-13 08:54:15', 0, 1, 35, NULL, 8, 7, 0, 0, 0),
(166, 'asdfs', '2011-12-14 09:53:35', 0, 1, 35, 165, 7, 8, 0, 0, 0),
(167, 'Тестирование документа', '2011-12-14 10:13:55', 0, 1, 35, 165, 7, 8, 0, 0, 0),
(171, 'Материалы - Сотрудники', '2011-12-19 11:04:54', 0, 0, 35, NULL, 9, NULL, 0, 0, 0),
(172, 'Сотрудники', '2011-12-19 11:29:00', 0, 0, 171, NULL, 9, NULL, 0, 0, 0),
(176, 'Добавить задачи с листочка', '2011-12-22 19:41:23', 0, 1, 36, NULL, 1, 7, 1, 0, 0),
(177, 'Тестовое сообщение', '2011-12-22 19:41:36', 0, 1, 36, NULL, 1, NULL, 0, 0, 0),
(188, 'Сайт РЭК', '2011-12-22 20:55:20', 0, 0, NULL, NULL, 1, NULL, 0, 0, 0),
(191, 'Заказы с сайта', '2011-12-22 21:08:41', 0, 0, NULL, NULL, 1, NULL, 0, 0, 0),
(194, 'Сообщение с документом', '2011-12-23 12:20:44', 0, 1, 35, NULL, 1, NULL, 0, 0, 0),
(195, 'Архив', '2011-12-24 11:58:08', 0, 0, 36, NULL, 1, NULL, 0, 0, 0);

-- --------------------------------------------------------

--
-- Структура таблицы `tm_discussion_document`
--

DROP TABLE IF EXISTS `tm_discussion_document`;
CREATE TABLE IF NOT EXISTS `tm_discussion_document` (
  `document_id` int(10) unsigned NOT NULL,
  `discussion_id` int(10) unsigned NOT NULL,
  `is_doc` tinyint(1) NOT NULL DEFAULT '0',
  PRIMARY KEY (`document_id`,`discussion_id`),
  KEY `document_id` (`document_id`),
  KEY `discussion_id` (`discussion_id`)
) ENGINE=InnoDB DEFAULT CHARSET=utf8;

--
-- Дамп данных таблицы `tm_discussion_document`
--

INSERT INTO `tm_discussion_document` (`document_id`, `discussion_id`, `is_doc`) VALUES
(221, 194, 1);

-- --------------------------------------------------------

--
-- Структура таблицы `tm_document`
--

DROP TABLE IF EXISTS `tm_document`;
CREATE TABLE IF NOT EXISTS `tm_document` (
  `id` int(10) unsigned NOT NULL AUTO_INCREMENT,
  `title` varchar(255) NOT NULL,
  `date_create` datetime NOT NULL,
  `user_id` int(10) unsigned NOT NULL,
  `file` varchar(255) DEFAULT NULL,
  `is_folder` tinyint(1) NOT NULL DEFAULT '0',
  `parent_id` int(10) unsigned DEFAULT NULL,
  `is_archive` tinyint(1) NOT NULL DEFAULT '0',
  PRIMARY KEY (`id`),
  KEY `fk_tm_document_tm_document1` (`parent_id`),
  KEY `fk_tm_document_tm_user1` (`user_id`)
) ENGINE=InnoDB  DEFAULT CHARSET=utf8 AUTO_INCREMENT=223 ;

--
-- Дамп данных таблицы `tm_document`
--

INSERT INTO `tm_document` (`id`, `title`, `date_create`, `user_id`, `file`, `is_folder`, `parent_id`, `is_archive`) VALUES
(42, 'Сайт', '2011-12-04 11:18:04', 1, 'Sayt_gpkoaeeru', 1, NULL, 0),
(43, 'Веб-офис', '2011-12-04 11:18:32', 1, 'Veb-ofis', 1, NULL, 0),
(45, 'Раздел «Компания»', '2011-12-04 11:27:29', 1, 'Razdel_Kompaniya', 1, 42, 0),
(49, 'Обращение руководителя', '2011-12-04 11:38:07', 1, 'Obraschenie_rukovoditelya', 1, 45, 0),
(50, 'Сотрудники', '2011-12-04 11:42:09', 1, 'Sotrudniki', 1, 45, 0),
(51, 'Лицензии', '2011-12-04 11:45:34', 1, 'Litsenzii', 1, 45, 0),
(52, 'Новости  и события компании ', '2011-12-04 11:45:59', 1, 'Novosti__i_sobyitiya_kompanii_', 1, 45, 0),
(53, 'СМИ о компании', '2011-12-04 11:46:13', 1, 'SMI_o_kompanii', 1, 45, 0),
(54, 'Вакансии', '2011-12-04 11:46:27', 1, 'Vakansii', 1, 45, 0),
(55, 'Контактная информация', '2011-12-04 11:46:39', 1, 'Kontaktnaya_informatsiya', 1, 45, 0),
(56, 'Раздел «Услуги»', '2011-12-04 11:53:28', 1, 'Razdel_Uslugi', 1, 42, 0),
(57, 'Услуги', '2011-12-04 11:53:59', 1, 'Uslugi', 1, 56, 0),
(58, 'Заказ услуг', '2011-12-04 11:54:09', 1, 'Zakaz_uslug', 1, 56, 0),
(59, 'Раздел «Клиенты»', '2011-12-04 11:54:29', 1, 'Razdel_Klientyi', 1, 42, 0),
(60, 'Выполненные работы', '2011-12-04 11:54:43', 1, 'Vyipolnennyie_rabotyi', 1, 59, 0),
(61, 'Информация о клиентах', '2011-12-04 11:54:52', 1, 'Informatsiya_o_klientah', 1, 59, 0),
(62, 'Отзывы о работе', '2011-12-04 11:55:02', 1, 'Otzyivyi_o_rabote', 1, 59, 0),
(63, 'Раздел «Партнеры»', '2011-12-04 11:55:22', 1, 'Razdel_Partneryi', 1, 42, 0),
(64, 'Партнеры', '2011-12-04 11:55:35', 1, 'Partneryi', 1, 63, 0),
(65, 'Раздел «Документы»', '2011-12-04 11:55:52', 1, 'Razdel_Dokumentyi', 1, 42, 0),
(66, 'Региональное законодательство', '2011-12-04 11:56:06', 1, 'Regionalnoe_zakonodatelstvo', 1, 65, 0),
(67, 'Федеральное законодательство', '2011-12-04 11:56:18', 1, 'Federalnoe_zakonodatelstvo', 1, 65, 0),
(68, 'Публикации', '2011-12-04 11:56:28', 1, 'Publikatsii', 1, 65, 0),
(69, 'Раздел «Вопрос-ответ»', '2011-12-04 11:56:44', 1, 'Razdel_Vopros-otvet', 1, 42, 0),
(70, 'Вопрос-ответ', '2011-12-04 11:57:01', 1, 'Vopros-otvet', 1, 69, 0),
(71, 'Верстка сайта', '2011-12-04 11:58:00', 1, 'Verstka_sayta', 1, 42, 0),
(72, 'Дизайн сайта', '2011-12-04 11:58:11', 1, 'Dizayn_sayta', 1, 42, 0),
(73, 'Задача', '2011-12-04 11:58:46', 1, 'Zadacha', 1, 43, 0),
(74, 'Документы', '2011-12-04 11:58:54', 1, 'Dokumentyi', 1, 43, 0),
(75, 'Отчеты', '2011-12-04 11:59:00', 1, 'Otchetyi', 1, 43, 0),
(76, 'Обсуждение', '2011-12-04 11:59:14', 1, 'Obsujdenie', 1, 43, 0),
(77, 'Пользователи', '2011-12-04 11:59:26', 1, 'Polzovateli', 1, 43, 0),
(78, 'Интерфейс', '2011-12-04 11:59:53', 1, 'Interfeys', 1, 43, 0),
(79, 'Стили оформления', '2011-12-04 12:00:20', 1, 'Stili_oformleniya', 1, 78, 0),
(80, 'Первая страница клиента, исполнителя', '2011-12-04 12:01:33', 1, 'Pervaya_stranitsa_klienta,_ispolnitelya', 1, 78, 0),
(81, 'Схема расположения блоков', '2011-12-04 12:02:07', 1, 'Shema_raspolojeniya_blokov', 1, 78, 0),
(82, 'Изменение название раздела \\"Отчеты\\" на \\"Аналитика\\"', '2011-12-04 12:03:46', 1, '', 1, 75, 0),
(83, 'Ошибка с кавычками в названии', '2011-12-04 12:04:49', 1, 'Oshibka_s_kavyichkami_v_nazvanii', 1, 73, 0),
(84, 'Изменение название раздела Отчеты на Аналитика', '2011-12-04 12:05:33', 1, 'Izmenenie_nazvanie_razdela_Otchetyi_na_Analitika', 1, 75, 0),
(85, 'Конструктор отчетов', '2011-12-04 12:06:30', 1, 'Konstruktor_otchetov', 1, 75, 0),
(86, 'Исправить ошибки', '2011-12-04 12:07:33', 1, 'Ispravit_oshibki', 1, 75, 0),
(87, 'Исполнитель русским языком', '2011-12-04 12:08:01', 1, 'Ispolnitel_russkim_yazyikom', 1, 75, 0),
(88, 'Должность исполнителя', '2011-12-04 12:08:19', 1, 'Doljnost_ispolnitelya', 1, 75, 0),
(89, 'Цвета колонок как статус выполнения', '2011-12-04 12:08:49', 1, 'TSveta_kolonok_kak_status_vyipolneniya', 1, 75, 0),
(90, 'Добавить колонку Ответственный', '2011-12-04 12:09:32', 1, 'Dobavit_kolonku_Otvetstvennyiy', 1, 75, 0),
(91, 'Русские названия для ролей, пользователей и ресурсов', '2011-12-04 12:11:03', 1, 'Russkie_nazvaniya_dlya_roley,_polzovateley_i_resursov', 1, 77, 0),
(92, 'Дополнительный свойства, куда вывести атрибуты, роли и ресурсы', '2011-12-04 12:13:31', 1, 'Dopolnitelnyiy_svoystva,_kuda_vyivesti_atributyi,_roli_i_resursyi', 1, 78, 0),
(93, 'Личные сообщения пользователей', '2011-12-04 12:19:11', 1, 'Lichnyie_soobscheniya_polzovateley', 1, 76, 0),
(94, 'Аттрибуты: ФИО, Организация, Должность, Роль', '2011-12-04 12:20:50', 1, 'Attributyi:_FIO,_Organizatsiya,_Doljnost,_Rol', 1, 77, 0),
(95, 'Активность', '2011-12-04 12:23:59', 1, 'Aktivnost', 1, 43, 0),
(96, 'Добавить функционал для логирования действий пользователей', '2011-12-04 12:29:18', 1, 'Dobavit_funktsional_dlya_logirovaniya_deystviy_polzovateley', 1, 95, 0),
(97, 'Добавить вывод для каждого пользователя', '2011-12-04 12:30:52', 1, 'Dobavit_vyivod_dlya_kajdogo_polzovatelya', 1, 95, 0),
(98, 'Ссылка на редактирование документа из обсуждения', '2011-12-04 12:33:02', 1, 'Ssyilka_na_redaktirovanie_dokumenta_iz_obsujdeniya', 1, 74, 0),
(99, 'Информация о документе', '2011-12-04 12:33:48', 1, 'Informatsiya_o_dokumente', 1, 74, 0),
(100, 'Заменить срок на Выполнить до, добавить всего, Затрачено, Осталось', '2011-12-04 12:36:52', 1, 'Zamenit_srok_na_Vyipolnit_do,_dobavit_vsego,_Zatracheno,_Ostalos', 1, 75, 0),
(101, 'Исправить ошибку', '2011-12-04 12:37:56', 1, 'Ispravit_oshibku', 1, 76, 0),
(102, 'Добавить Принято', '2011-12-04 12:38:34', 1, 'Dobavit_Prinyato', 1, 75, 0),
(103, 'Убрать права для комментария', '2011-12-04 12:43:26', 1, 'Ubrat_prava_dlya_kommentariya', 1, 76, 0),
(104, 'Добавить атрибут приоритет', '2011-12-04 12:44:17', 1, 'Dobavit_atribut_prioritet', 1, 73, 0),
(105, 'Технологическая дорожная карта', '2011-12-04 13:41:23', 7, 'Tehnologicheskaya_dorojnaya_karta', 1, 43, 0),
(106, 'Установить календарь везде, где есть дата', '2011-12-04 13:41:45', 7, 'Ustanovit_kalendar_vezde,_gde_est_data', 1, 78, 0),
(107, 'Кем поставлена задача?', '2011-12-04 13:42:39', 7, 'Kem_postavlena_zadacha?', 1, 73, 0),
(108, 'Кем поставлена задача?', '2011-12-04 13:44:24', 7, 'Kem_postavlena_zadacha?', 1, 75, 0),
(109, 'У задачи выставить время: часы, минуты', '2011-12-04 13:45:07', 7, 'U_zadachi_vyistavit_vremya:_chasyi,_minutyi', 1, 75, 0),
(110, 'Вехи', '2011-12-04 13:49:20', 7, 'Vehi', 1, 105, 0),
(111, 'Пути прохождения принятия задачи', '2011-12-04 13:49:51', 7, 'Puti_prohojdeniya_prinyatiya_zadachi', 1, 105, 0),
(112, 'Паттерны настроек глобального проекта', '2011-12-04 13:50:28', 7, 'Patternyi_nastroek_globalnogo_proekta', 1, 105, 0),
(113, 'Справочная система', '2011-12-04 13:50:40', 7, 'Spravochnaya_sistema', 1, 105, 0),
(114, 'При добавлении атрибутов - списка, поставить по умолчанию *', '2011-12-04 13:53:13', 7, 'Pri_dobavlenii_atributov_-_spiska,_postavit_po_umolchaniyu_*', 1, 73, 0),
(115, 'Добавить сверху справа, где пользователь - редактировать профиль', '2011-12-04 14:05:00', 7, 'Dobavit_sverhu_sprava,_gde_polzovatel_-_redaktirovat_profil', 1, 77, 0),
(117, 'Поиск', '2011-12-04 14:11:53', 7, 'Poisk', 1, 105, 0),
(118, 'В сети', '2011-12-04 14:50:02', 7, 'V_seti', 1, 105, 0),
(119, 'Чат', '2011-12-04 14:50:10', 7, 'CHat', 1, 105, 0),
(120, 'Группы пользователей', '2011-12-04 14:59:03', 7, 'Gruppyi_polzovateley', 1, 105, 0),
(121, 'Техническая поддержка', '2011-12-04 14:59:19', 7, 'Tehnicheskaya_podderjka', 1, 105, 0),
(122, 'Добавить фильтр', '2011-12-04 15:02:17', 7, 'Dobavit_filtr', 1, 75, 0),
(123, 'Сбор рекомендаций по улучшению', '2011-12-04 15:30:37', 7, 'Sbor_rekomendatsiy_po_uluchsheniyu', 1, 105, 0),
(124, 'Проверил - есть замечания. Принял. - Стадии принятия.', '2011-12-04 15:40:25', 7, 'Proveril_-_est_zamechaniya_Prinyal_-_Stadii_prinyatiya', 1, 105, 0),
(125, 'Цепочка выполнения задач', '2011-12-04 15:57:13', 7, 'TSepochka_vyipolneniya_zadach', 1, 105, 0),
(126, 'Статус выполнено верхней по иерархии задачи ставится при выполнении всех составляющих', '2011-12-04 16:09:31', 7, 'Status_vyipolneno_verhney_po_ierarhii_zadachi_stavitsya_pri_vyipolnenii_vseh_sostavlyayuschih', 1, 73, 0),
(127, 'Оповещения. Напоминания.', '2011-12-04 17:19:42', 7, 'Opovescheniya_Napominaniya', 1, 105, 0),
(128, 'Интеграция с google.apps', '2011-12-04 17:19:53', 7, 'Integratsiya_s_googleapps', 1, 105, 0),
(129, 'Добавить вопрос от клиента', '2011-12-04 17:35:09', 1, 'Dobavit_vopros_ot_klienta', 1, 69, 0),
(130, 'Интеграция выпадающего меню', '2011-12-04 17:36:09', 1, 'Integratsiya_vyipadayuschego_menyu', 1, 71, 0),
(131, 'Изменить название самой верхней задачи на проекты', '2011-12-04 17:36:22', 7, 'Izmenit_nazvanie_samoy_verhney_zadachi_na_proektyi', 1, 73, 0),
(132, 'Изменить название в меню задачи - проекты.', '2011-12-04 17:36:46', 7, 'Izmenit_nazvanie_v_menyu_zadachi_-_proektyi', 1, 73, 0),
(133, 'Добавить поле Выводить клиента на первую страницу', '2011-12-04 17:37:14', 1, 'Dobavit_pole_Vyivodit_klienta_na_pervuyu_stranitsu', 1, 59, 0),
(134, 'Добавить поле Выводить партнера на первую страницу', '2011-12-04 17:37:39', 1, 'Dobavit_pole_Vyivodit_partnera_na_pervuyu_stranitsu', 1, 63, 0),
(135, 'Иерархия услуг', '2011-12-04 17:38:39', 1, 'Ierarhiya_uslug', 1, 56, 0),
(136, 'При переводе ветки задач - нет отступов в выпадающем списке', '2011-12-04 17:40:21', 7, 'Pri_perevode_vetki_zadach_-_net_otstupov_v_vyipadayuschem_spiske', 1, 73, 0),
(137, 'Планирование при разборе ', '2011-12-04 17:45:09', 7, 'Planirovanie_pri_razbore_', 1, 105, 0),
(138, 'Исправить меню - убрать меню там где один пункт. Изменить цвет менюшки.', '2011-12-05 12:59:22', 7, 'Ispravit_menyu_-_ubrat_menyu_tam_gde_odin_punkt_Izmenit_tsvet_menyushki', 1, 71, 0),
(139, 'Ссылки на сайте сделать синим цветом под цвет дизайна', '2011-12-06 10:16:47', 7, 'Ssyilki_na_sayte_sdelat_sinim_tsvetom_pod_tsvet_dizayna', 1, 71, 0),
(140, 'Изменить картинку на первой странице, консалтинговые услуги на экспертные услуги', '2011-12-06 10:24:52', 7, 'Izmenit_kartinku_na_pervoy_stranitse,_konsaltingovyie_uslugi_na_ekspertnyie_uslugi', 1, 72, 0),
(141, 'Затрачено и осталось поставить даты, а не время в формате \\"5 дней\\"', '2011-12-06 10:31:14', 7, '', 1, 75, 0),
(142, 'Затрачено и осталось поставить даты, а не время в формате 5 дней', '2011-12-06 10:31:33', 7, 'Zatracheno_i_ostalos_postavit_datyi,_a_ne_vremya_v_formate_5_dney', 1, 75, 0),
(143, 'Добавить статус - Задача ждет уточнения', '2011-12-06 10:44:28', 7, 'Dobavit_status_-_Zadacha_jdet_utochneniya', 1, 73, 0),
(144, 'Конструктор отчетов', '2011-12-06 12:06:11', 7, 'Konstruktor_otchetov', 1, 105, 0),
(145, 'Активность пользователей. Логирование действий.', '2011-12-06 12:06:44', 7, 'Aktivnost_polzovateley_Logirovanie_deystviy', 1, 105, 0),
(146, 'Некорректный перенос ветки задач.', '2011-12-06 12:08:57', 7, 'Nekorrektnyiy_perenos_vetki_zadach', 1, 73, 0),
(147, 'Форма заказа - цвет серый, изменить на черный, больше шрифт', '2011-12-07 16:38:01', 7, 'Forma_zakaza_-_tsvet_seryiy,_izmenit_na_chernyiy,_bolshe_shrift', 1, 56, 0),
(148, 'Спасибо за заказ. В ближайшее время с Вами свяжется специалист.', '2011-12-07 16:39:53', 7, 'Spasibo_za_zakaz_V_blijayshee_vremya_s_Vami_svyajetsya_spetsialist', 1, 56, 0),
(149, 'Авторизация', '2011-12-07 16:40:46', 7, 'Avtorizatsiya', 1, 42, 0),
(150, 'Цвет текста и размер больше', '2011-12-07 16:42:42', 7, 'TSvet_teksta_i_razmer_bolshe', 1, 149, 0),
(151, 'Авторизация с сайта в систему задач', '2011-12-07 16:42:56', 7, 'Avtorizatsiya_s_sayta_v_sistemu_zadach', 1, 149, 0),
(152, 'Заказы с сайта добавить проект и скидывать туда все заказы с сайта', '2011-12-07 16:43:51', 7, 'Zakazyi_s_sayta_dobavit_proekt_i_skidyivat_tuda_vse_zakazyi_s_sayta', 1, 73, 0),
(153, 'Группа задач', '2011-12-07 16:45:30', 7, 'Gruppa_zadach', 1, 73, 0),
(154, 'Перевести експлорер задач на Ajax', '2011-12-07 16:48:57', 7, 'Perevesti_eksplorer_zadach_na_Ajax', 1, 73, 0),
(155, 'Раскрасить цветами', '2011-12-07 16:50:26', 7, 'Raskrasit_tsvetami', 1, 73, 0),
(156, 'Обязательные поля в атрибутах', '2011-12-07 16:50:45', 7, 'Obyazatelnyie_polya_v_atributah', 1, 73, 0),
(157, 'Сортировка в атрибутах', '2011-12-07 16:50:55', 7, 'Sortirovka_v_atributah', 1, 73, 0),
(158, 'Дата в формате 4 декабря 2011', '2011-12-07 16:51:16', 7, 'Data_v_formate_4_dekabrya_2011', 1, 73, 0),
(159, 'Иконки в важности', '2011-12-07 16:52:15', 7, 'Ikonki_v_vajnosti', 1, 73, 0),
(160, 'Добавление задачи, модальным окном', '2011-12-07 16:52:35', 7, 'Dobavlenie_zadachi,_modalnyim_oknom', 1, 73, 0),
(161, 'Принял - desabled при несовпадении пользователей', '2011-12-07 16:53:16', 7, 'Prinyal_-_desabled_pri_nesovpadenii_polzovateley', 1, 73, 0),
(162, 'Убрать - принято/непринято', '2011-12-07 16:53:28', 7, 'Ubrat_-_prinyato_neprinyato', 1, 73, 0),
(163, 'Добавить обмен задачами между клиентами и исполнителями', '2011-12-07 16:54:06', 7, 'Dobavit_obmen_zadachami_mejdu_klientami_i_ispolnitelyami', 1, 73, 0),
(164, 'Печать', '2011-12-07 16:54:46', 7, 'Pechat', 1, 75, 0),
(165, 'Переделать на Ajax', '2011-12-07 16:55:09', 7, 'Peredelat_na_Ajax', 1, 75, 0),
(166, 'При удалении - название задачи', '2011-12-07 16:55:30', 7, 'Pri_udalenii_-_nazvanie_zadachi', 1, 73, 0),
(167, 'Первая страница', '2011-12-07 16:55:50', 7, 'Pervaya_stranitsa', 1, 43, 0),
(168, 'Личные сообщения', '2011-12-07 16:56:08', 7, 'Lichnyie_soobscheniya', 1, 167, 0),
(169, 'Мои задачи', '2011-12-07 16:56:48', 7, 'Moi_zadachi', 1, 167, 0),
(170, 'Отчет', '2011-12-07 16:56:58', 7, 'Otchet', 1, 167, 0),
(171, 'Настраивание ресурсов первой страницы для ролей', '2011-12-07 16:57:21', 7, 'Nastraivanie_resursov_pervoy_stranitsyi_dlya_roley', 1, 167, 0),
(172, 'Меню сверху', '2011-12-07 16:58:52', 7, 'Menyu_sverhu', 1, 78, 0),
(173, 'Атрибуты справа сверху', '2011-12-07 16:59:14', 7, 'Atributyi_sprava_sverhu', 1, 78, 0),
(174, 'Типы задач - Период, Безвременные, На дату - галочкой.', '2011-12-07 17:00:38', 7, 'Tipyi_zadach_-_Period,_Bezvremennyie,_Na_datu_-_galochkoy', 1, 73, 0),
(184, 'Тест формы', '2011-12-11 19:21:53', 1, 'file_11-12-2011-19-21-53.png', 0, 43, 0),
(191, 'Материалы - Сотрудники', '2011-12-19 11:04:54', 9, 'Maeial__Sodniki', 1, 42, 0),
(192, 'Сотрудники', '2011-12-19 11:29:00', 9, 'Sodniki', 1, 191, 0),
(199, 'Сайт РЭК', '2011-12-19 16:55:14', 1, 'Say_REK', 1, NULL, 0),
(200, 'Отредактировать вывод новостей', '2011-12-19 17:12:39', 1, 'Oedakiova_vvod_novoey', 1, 199, 0),
(215, 'Заказы с сайта', '2011-12-22 21:08:41', 1, 'Zakaz__aya', 1, NULL, 0),
(219, 'Тестовый док', '2011-12-23 12:14:53', 1, 'file_23-12-2011-12-14-53.sql', 0, 215, 0),
(220, 'Еще док', '2011-12-23 12:16:36', 1, 'file_23-12-2011-12-16-36.sql', 0, 215, 0),
(221, 'Проверка', '2011-12-23 12:20:44', 1, 'file_23-12-2011-12-20-44.sql', 0, 42, 0),
(222, 'Архив', '2011-12-24 11:58:08', 1, 'Aiv', 1, 43, 0);

-- --------------------------------------------------------

--
-- Структура таблицы `tm_document_attribute`
--

DROP TABLE IF EXISTS `tm_document_attribute`;
CREATE TABLE IF NOT EXISTS `tm_document_attribute` (
  `document_id` int(10) unsigned NOT NULL,
  `attribute_key` varchar(255) NOT NULL,
  `type_id` int(10) unsigned NOT NULL,
  `attribute_value` text NOT NULL,
  `is_fill` tinyint(1) NOT NULL DEFAULT '0',
  PRIMARY KEY (`document_id`,`attribute_key`),
  KEY `fk_tm_task_attribute_tm_task1` (`document_id`),
  KEY `fk_tm_document_attribute_tm_document_attribute_type1` (`type_id`)
) ENGINE=InnoDB DEFAULT CHARSET=utf8;

--
-- Дамп данных таблицы `tm_document_attribute`
--

INSERT INTO `tm_document_attribute` (`document_id`, `attribute_key`, `type_id`, `attribute_value`, `is_fill`) VALUES
(42, 'description', 2, '', 1),
(220, 'description', 2, 'порапоаптпатпата', 0),
(221, 'description', 2, 'втпатаптаптпата', 0);

-- --------------------------------------------------------

--
-- Структура таблицы `tm_document_attribute_type`
--

DROP TABLE IF EXISTS `tm_document_attribute_type`;
CREATE TABLE IF NOT EXISTS `tm_document_attribute_type` (
  `id` int(10) unsigned NOT NULL AUTO_INCREMENT,
  `title` varchar(50) NOT NULL,
  `handler` varchar(100) NOT NULL,
  `description` varchar(255) NOT NULL,
  PRIMARY KEY (`id`),
  UNIQUE KEY `title_UNIQUE` (`title`)
) ENGINE=InnoDB  DEFAULT CHARSET=utf8 AUTO_INCREMENT=4 ;

--
-- Дамп данных таблицы `tm_document_attribute_type`
--

INSERT INTO `tm_document_attribute_type` (`id`, `title`, `handler`, `description`) VALUES
(1, 'Строка', 'TM_Attribute_AttributeType', 'Любое строковое значение'),
(2, 'Текст', 'TM_Attribute_AttributeTypeText', 'Многострочный  текст'),
(3, 'Список', 'TM_Attribute_AttributeTypeList', 'Список из возможных вариантов');

-- --------------------------------------------------------

--
-- Структура таблицы `tm_document_hash`
--

DROP TABLE IF EXISTS `tm_document_hash`;
CREATE TABLE IF NOT EXISTS `tm_document_hash` (
  `document_id` int(10) unsigned DEFAULT NULL,
  `attribute_key` varchar(255) NOT NULL,
  `title` varchar(255) NOT NULL,
  `type_id` int(10) unsigned NOT NULL,
  `list_value` text,
  PRIMARY KEY (`attribute_key`),
  KEY `fk_tm_document_hash_tm_task_attribute_type1` (`type_id`),
  KEY `fk_tm_document_hash_tm_task1` (`document_id`)
) ENGINE=InnoDB DEFAULT CHARSET=utf8;

--
-- Дамп данных таблицы `tm_document_hash`
--

INSERT INTO `tm_document_hash` (`document_id`, `attribute_key`, `title`, `type_id`, `list_value`) VALUES
(NULL, 'description', 'Описание документа', 2, ' ');

-- --------------------------------------------------------

--
-- Структура таблицы `tm_task`
--

DROP TABLE IF EXISTS `tm_task`;
CREATE TABLE IF NOT EXISTS `tm_task` (
  `id` int(10) unsigned NOT NULL AUTO_INCREMENT,
  `title` varchar(255) NOT NULL,
  `user_id` int(10) unsigned NOT NULL,
  `date_create` datetime NOT NULL,
  `type` int(10) unsigned NOT NULL DEFAULT '1',
  `is_archive` tinyint(1) NOT NULL DEFAULT '0',
  PRIMARY KEY (`id`),
  KEY `fk_tm_task_tm_user1` (`user_id`)
) ENGINE=InnoDB  DEFAULT CHARSET=utf8 AUTO_INCREMENT=186 ;

--
-- Дамп данных таблицы `tm_task`
--

INSERT INTO `tm_task` (`id`, `title`, `user_id`, `date_create`, `type`, `is_archive`) VALUES
(24, 'Сайт gpkoaee.ru', 1, '2011-12-04 11:17:53', 1, 0),
(25, 'Веб-офис', 1, '2011-12-12 03:00:00', 1, 0),
(27, 'Раздел «Компания»', 1, '2011-12-04 11:22:10', 1, 0),
(31, 'Обращение руководителя', 1, '2011-12-04 11:37:51', 1, 0),
(32, 'Сотрудники', 1, '2011-12-04 11:40:34', 1, 0),
(33, 'Лицензии', 1, '2011-12-04 11:45:25', 1, 0),
(34, 'Новости  и события компании ', 1, '2011-12-04 11:45:50', 1, 0),
(35, 'СМИ о компании', 1, '2011-12-04 11:46:02', 1, 0),
(36, 'Вакансии', 1, '2011-12-04 11:46:16', 1, 0),
(37, 'Контактная информация', 1, '2011-12-04 11:46:30', 1, 0),
(38, 'Раздел «Услуги»', 1, '2011-12-04 18:53:08', 1, 0),
(39, 'Услуги', 1, '2011-12-04 11:53:49', 1, 0),
(40, 'Заказ услуг', 1, '2011-12-04 11:54:01', 1, 0),
(41, 'Раздел «Клиенты»', 1, '2011-12-04 11:54:22', 1, 0),
(42, 'Выполненные работы', 1, '2011-12-04 11:54:34', 1, 0),
(43, 'Информация о клиентах', 1, '2011-12-04 11:54:45', 1, 0),
(44, 'Отзывы о работе', 1, '2011-12-04 11:54:59', 1, 0),
(45, 'Раздел «Партнеры»', 1, '2011-12-04 11:55:06', 1, 0),
(46, 'Партнеры', 1, '2011-12-04 11:55:28', 1, 0),
(47, 'Раздел «Документы»', 1, '2011-12-04 11:55:39', 1, 0),
(48, 'Региональное законодательство', 1, '2011-12-04 11:55:57', 1, 0),
(49, 'Федеральное законодательство', 1, '2011-12-04 11:56:07', 1, 0),
(50, 'Публикации', 1, '2011-12-04 11:56:21', 1, 0),
(51, 'Раздел «Вопрос-ответ»', 1, '2011-12-04 11:56:37', 1, 0),
(52, 'Вопрос-ответ', 1, '2011-12-04 11:56:57', 1, 0),
(53, 'Верстка сайта', 1, '2011-12-04 11:57:32', 1, 0),
(54, 'Дизайн сайта', 1, '2011-12-04 11:58:03', 1, 0),
(55, 'Задачи', 1, '2011-12-04 11:58:28', 1, 0),
(56, 'Документы', 1, '2011-12-04 11:58:48', 1, 0),
(57, 'Отчеты', 1, '2011-12-04 11:58:56', 1, 0),
(58, 'Обсуждение', 1, '2011-12-04 11:59:06', 1, 0),
(59, 'Пользователи', 1, '2011-12-04 11:59:18', 1, 0),
(60, 'Интерфейс', 1, '2011-12-04 11:59:36', 1, 0),
(61, 'Стили оформления', 1, '2011-12-04 12:00:10', 1, 0),
(62, 'Первая страница клиента, исполнителя', 1, '2011-12-04 12:00:40', 1, 0),
(63, 'Схема расположения блоков', 1, '2011-12-04 12:01:48', 1, 0),
(65, 'Ошибка с кавычками в названии', 1, '2011-12-04 12:04:34', 1, 0),
(66, 'Изменение название раздела Отчеты на Аналитика', 1, '2011-12-04 12:05:17', 1, 0),
(69, 'Исполнитель русским языком', 1, '2011-12-04 12:07:48', 1, 0),
(70, 'Должность исполнителя', 1, '2011-12-04 12:08:07', 1, 0),
(71, 'Цвета колонок как статус выполнения', 1, '2011-12-04 12:08:31', 1, 0),
(72, 'Добавить колонку Ответственный', 1, '2011-12-04 12:09:17', 1, 0),
(73, 'Русские названия для ролей, пользователей и ресурсов', 1, '2011-12-04 12:10:41', 1, 0),
(74, 'Дополнительный свойства, куда вывести атрибуты, роли и ресурсы', 1, '2011-12-04 12:11:37', 1, 0),
(75, 'Личные сообщения пользователей', 1, '2011-12-04 12:18:48', 1, 0),
(76, 'Аттрибуты: ФИО, Организация, Должность, Роль', 1, '2011-12-04 12:20:05', 1, 0),
(80, 'Ссылка на редактирование документа из обсуждения', 1, '2011-12-04 12:32:35', 1, 0),
(81, 'Информация о документе', 1, '2011-12-04 12:33:35', 1, 0),
(82, 'Заменить срок на Выполнить до, добавить всего, Затрачено, Осталось', 1, '2011-12-04 12:34:59', 1, 0),
(83, 'Исправить ошибку', 1, '2011-12-04 12:37:41', 1, 0),
(84, 'Добавить Принято', 1, '2011-12-04 12:38:13', 1, 0),
(85, 'Убрать права для комментария', 1, '2011-12-04 12:41:50', 1, 0),
(86, 'Добавить атрибут приоритет', 1, '2011-12-04 12:43:57', 1, 0),
(87, 'Технологическая дорожная карта', 7, '2011-12-04 13:40:48', 1, 0),
(88, 'Установить календарь везде, где есть дата', 7, '2011-12-04 13:41:32', 1, 0),
(89, 'Кем поставлена? Кому поставлена? Кто ответственный?', 7, '2011-12-04 13:42:23', 1, 0),
(90, 'Кем поставлена задача?', 7, '2011-12-04 13:43:19', 1, 0),
(91, 'У задачи выставить время: часы, минуты', 7, '2011-12-04 13:44:50', 1, 0),
(92, 'Вехи', 7, '2011-12-04 13:49:11', 1, 0),
(93, 'Пути прохождения принятия задачи', 7, '2011-12-04 13:49:24', 1, 0),
(94, 'Паттерны настроек глобального проекта', 7, '2011-12-04 13:49:56', 1, 0),
(95, 'Справочная система', 7, '2011-12-04 13:50:33', 1, 0),
(96, 'При добавлении атрибутов - списка, поставить по умолчанию *', 7, '2011-12-04 13:52:41', 1, 0),
(97, 'Добавить сверху справа, где пользователь - редактировать профиль', 7, '2011-12-04 14:04:37', 1, 0),
(99, 'Поиск', 7, '2011-12-04 14:11:39', 1, 0),
(100, 'В сети', 7, '2011-12-04 14:49:53', 1, 0),
(101, 'Чат', 7, '2011-12-04 14:50:05', 1, 0),
(102, 'Группы пользователей', 7, '2011-12-04 14:58:55', 1, 0),
(103, 'Техническая поддержка', 7, '2011-12-04 14:59:05', 1, 0),
(104, 'Добавить фильтр', 7, '2011-12-04 15:02:08', 1, 0),
(105, 'Сбор рекомендаций по улучшению', 7, '2011-12-04 15:29:57', 1, 0),
(106, 'Проверил - есть замечания. Принял. - Стадии принятия.', 7, '2011-12-04 15:39:38', 1, 0),
(107, 'Цепочка выполнения задач', 7, '2011-12-04 15:57:04', 1, 0),
(108, 'Статус выполнено верхней по иерархии задачи ставится при выполнении всех составляющих', 7, '2011-12-04 16:08:23', 1, 0),
(109, 'Оповещения. Напоминания.', 7, '2011-12-04 17:19:09', 1, 0),
(110, 'Интеграция с google.apps', 7, '2011-12-04 17:19:43', 1, 0),
(112, 'Интеграция выпадающего меню', 1, '2011-12-04 17:35:54', 1, 0),
(113, 'Изменить название самой верхней задачи на проекты', 7, '2011-12-04 17:35:39', 1, 0),
(115, 'Добавить поле Выводить клиента на первую страницу', 1, '2011-12-04 17:36:28', 1, 0),
(116, 'Добавить поле Выводить партнера на первую страницу', 1, '2011-12-04 17:37:28', 1, 0),
(117, 'Иерархия услуг', 1, '2011-12-04 17:38:29', 1, 0),
(118, 'При переводе ветки задач - нет отступов в выпадающем списке', 7, '2011-12-04 17:37:57', 1, 0),
(119, 'Подкрепление процесса содержания, структуры, сроков - человекочесы и человекосодержание, календарного нанесения, материалы.', 7, '2011-12-04 17:40:45', 1, 0),
(120, 'Исправить меню - убрать меню там где один пункт. Изменить цвет менюшки.', 7, '2011-12-05 12:55:48', 1, 0),
(121, 'Ссылки на сайте сделать синим цветом под цвет дизайна', 7, '2011-12-06 10:16:11', 1, 0),
(122, 'Изменить картинку на первой странице, консалтинговые услуги на экспертные услуги', 7, '2011-12-06 10:24:16', 1, 0),
(124, 'Затрачено и осталось поставить даты, а не время в формате 5 дней', 7, '2011-12-06 10:30:21', 1, 0),
(125, 'Добавить статус - Возникли вопросы', 7, '2011-12-06 10:44:02', 1, 0),
(126, 'Конструктор отчетов', 7, '2011-12-06 12:06:05', 1, 0),
(127, 'Активность пользователей. Логирование действий.', 7, '2011-12-06 12:06:13', 1, 0),
(128, 'Некорректный перенос ветки задач', 7, '2011-12-06 12:08:40', 1, 0),
(129, 'Форма заказа - цвет серый, изменить на черный, больше шрифт', 7, '2011-12-07 16:37:15', 1, 0),
(130, 'Спасибо за заказ. В ближайшее время с Вами свяжется специалист.', 7, '2011-12-07 16:38:34', 1, 0),
(131, 'Авторизация', 7, '2011-12-07 16:40:41', 1, 0),
(132, 'Цвет текста и размер больше', 7, '2011-12-07 16:41:48', 1, 0),
(133, 'Авторизация с сайта в систему задач', 7, '2011-12-07 16:42:45', 1, 0),
(134, 'Заказы с сайта добавить проект и скидывать туда все заказы с сайта', 7, '2011-12-07 16:43:14', 1, 0),
(135, 'Группа задач', 7, '2011-12-07 16:45:20', 1, 0),
(136, 'Перевести експлорер задач на Ajax', 7, '2011-12-07 16:48:39', 1, 0),
(137, 'Раскрасить цветами', 7, '2011-12-07 16:48:58', 1, 0),
(138, 'Обязательные поля в атрибутах', 7, '2011-12-07 16:50:27', 1, 0),
(139, 'Сортировка в атрибутах', 7, '2011-12-07 16:50:47', 1, 0),
(140, 'Дата в формате 4 декабря 2011', 7, '2011-12-07 16:50:57', 1, 0),
(141, 'Иконки в важности', 7, '2011-12-07 16:51:17', 1, 0),
(142, 'Добавление задачи, модальным окном', 7, '2011-12-07 16:52:16', 1, 0),
(143, 'Принял - desabled при несовпадении пользователей', 7, '2011-12-07 16:52:36', 1, 0),
(144, 'Убрать - принято/непринято', 7, '2011-12-07 16:53:17', 1, 0),
(145, 'Добавить обмен задачами между клиентами и исполнителями', 7, '2011-12-07 16:53:38', 1, 0),
(146, 'Печать', 7, '2011-12-07 16:54:42', 1, 0),
(147, 'Переделать на Ajax', 7, '2011-12-07 16:54:59', 1, 0),
(148, 'При удалении - название задачи', 7, '2011-12-07 16:55:19', 1, 0),
(149, 'Первая страница', 7, '2011-12-07 16:55:42', 1, 0),
(150, 'Личные сообщения', 7, '2011-12-07 16:55:54', 1, 0),
(151, 'Мои задачи', 7, '2011-12-07 16:56:11', 1, 0),
(152, 'Отчет', 7, '2011-12-07 16:56:49', 1, 0),
(153, 'Настраивание ресурсов первой страницы для ролей', 7, '2011-12-07 16:57:00', 1, 0),
(154, 'Меню сверху', 7, '2011-12-07 16:58:43', 1, 0),
(155, 'Атрибуты справа сверху', 7, '2011-12-07 16:58:53', 1, 0),
(156, 'Типы задач - Период, Безвременные, На дату - галочкой.', 7, '2011-12-07 16:59:41', 1, 0),
(163, 'Материалы - Сотрудники', 9, '2011-12-19 11:04:20', 1, 0),
(164, 'Сотрудники', 9, '2011-12-19 11:28:43', 1, 0),
(165, 'Сайт РЭК', 1, '2011-12-19 16:54:41', 1, 0),
(166, 'Отредактировать вывод новостей', 1, '2011-12-19 17:11:50', 1, 0),
(181, 'Заказы с сайта', 1, '2011-12-22 21:08:02', 2, 0),
(184, 'Проверка заказа', 1, '2011-12-23 00:00:00', 1, 0),
(185, 'Архив', 1, '2011-12-24 11:57:33', 1, 0);

-- --------------------------------------------------------

--
-- Структура таблицы `tm_task_attribute`
--

DROP TABLE IF EXISTS `tm_task_attribute`;
CREATE TABLE IF NOT EXISTS `tm_task_attribute` (
  `task_id` int(10) unsigned NOT NULL,
  `attribute_key` varchar(255) NOT NULL,
  `type_id` int(10) unsigned NOT NULL,
  `attribute_value` text NOT NULL,
  `is_fill` tinyint(1) NOT NULL DEFAULT '0',
  PRIMARY KEY (`task_id`,`attribute_key`),
  KEY `fk_tm_task_attribute_tm_task_attribute_type1` (`type_id`),
  KEY `fk_tm_task_attribute_tm_task1` (`task_id`)
) ENGINE=InnoDB DEFAULT CHARSET=utf8;

--
-- Дамп данных таблицы `tm_task_attribute`
--

INSERT INTO `tm_task_attribute` (`task_id`, `attribute_key`, `type_id`, `attribute_value`, `is_fill`) VALUES
(24, 'deadline', 4, '12.12.2011 11:18:13', 0),
(24, 'description', 2, '', 0),
(24, 'state', 3, 'Не выполнена  ', 0),
(25, 'adopted', 3, 'Не принята', 0),
(25, 'deadline', 4, '12.12.2011 10:45:40', 0),
(25, 'description', 2, '', 0),
(25, 'prior', 3, 'Средний', 0),
(25, 'state', 3, 'Не выполнена', 0),
(25, 'who_responsible', 5, '-', 0),
(25, 'who_set', 5, '-', 0),
(27, 'adopted', 3, 'Не принята  ', 0),
(27, 'deadline', 4, '06.12.2011 10:22:43', 0),
(27, 'description', 2, '', 0),
(27, 'prior', 3, 'Средний', 0),
(27, 'state', 3, 'Выполнена', 0),
(27, 'who_adopted', 6, 'dima ', 0),
(27, 'who_responsible', 5, '7', 0),
(27, 'who_set', 5, '7', 0),
(31, 'deadline', 4, '04.12.2011 11:52:08', 0),
(31, 'description', 2, 'просмотр обращения руководителя', 0),
(31, 'state', 3, 'Выполнена', 0),
(32, 'adopted', 3, 'Не принята  ', 0),
(32, 'deadline', 4, '06.12.2011 10:27:46', 0),
(32, 'description', 2, '', 0),
(32, 'prior', 3, 'Средний', 0),
(32, 'state', 3, 'Выполнена', 0),
(32, 'who_responsible', 5, '-', 0),
(32, 'who_set', 5, '-', 0),
(33, 'adopted', 3, 'Не принята  ', 0),
(33, 'deadline', 4, '06.12.2011 10:28:06', 0),
(33, 'description', 2, '', 0),
(33, 'prior', 3, 'Средний', 0),
(33, 'state', 3, 'Выполнена', 0),
(33, 'who_responsible', 5, '-', 0),
(33, 'who_set', 5, '-', 0),
(34, 'adopted', 3, 'Не принята  ', 0),
(34, 'deadline', 4, '06.12.2011 10:28:20', 0),
(34, 'description', 2, '', 0),
(34, 'prior', 3, 'Средний', 0),
(34, 'state', 3, 'Выполнена', 0),
(34, 'who_responsible', 5, '-', 0),
(34, 'who_set', 5, '-', 0),
(35, 'adopted', 3, 'Не принята  ', 0),
(35, 'deadline', 4, '06.12.2011 10:28:31', 0),
(35, 'description', 2, '', 0),
(35, 'prior', 3, 'Средний', 0),
(35, 'state', 3, 'Выполнена', 0),
(35, 'who_responsible', 5, '-', 0),
(35, 'who_set', 5, '-', 0),
(36, 'adopted', 3, 'Не принята  ', 0),
(36, 'deadline', 4, '06.12.2011 10:28:39', 0),
(36, 'description', 2, '', 0),
(36, 'prior', 3, 'Средний', 0),
(36, 'state', 3, 'Выполнена', 0),
(36, 'who_responsible', 5, '-', 0),
(36, 'who_set', 5, '-', 0),
(37, 'adopted', 3, 'Не принята  ', 0),
(37, 'deadline', 4, '06.12.2011 10:28:46', 0),
(37, 'description', 2, '', 0),
(37, 'prior', 3, 'Средний', 0),
(37, 'state', 3, 'Выполнена', 0),
(37, 'who_responsible', 5, '-', 0),
(37, 'who_set', 5, '-', 0),
(38, 'adopted', 3, 'Не принята  ', 0),
(38, 'deadline', 4, '06.12.2011 18:32:55', 0),
(38, 'description', 2, '', 0),
(38, 'prior', 3, 'Средний', 0),
(38, 'state', 3, 'Выполнена', 0),
(38, 'who_responsible', 5, '7', 0),
(38, 'who_set', 5, '7', 0),
(39, 'adopted', 3, 'Не принята  ', 0),
(39, 'deadline', 4, '06.12.2011 10:32:07', 0),
(39, 'description', 2, '', 0),
(39, 'prior', 3, 'Средний', 0),
(39, 'state', 3, 'Выполнена', 0),
(39, 'who_responsible', 5, '-', 0),
(39, 'who_set', 5, '-', 0),
(40, 'adopted', 3, 'Не принята  ', 0),
(40, 'deadline', 4, '06.12.2011 10:32:26', 0),
(40, 'description', 2, '', 0),
(40, 'prior', 3, 'Средний', 0),
(40, 'state', 3, 'Выполнена', 0),
(40, 'who_responsible', 5, '-', 0),
(40, 'who_set', 5, '-', 0),
(41, 'adopted', 3, 'Не принята  ', 0),
(41, 'deadline', 4, '06.12.2011 18:53:49', 0),
(41, 'description', 2, '', 0),
(41, 'prior', 3, 'Средний', 0),
(41, 'state', 3, 'Выполнена', 0),
(41, 'who_responsible', 5, '7', 0),
(41, 'who_set', 5, '7', 0),
(42, 'adopted', 3, 'Не принята  ', 0),
(42, 'deadline', 4, '06.12.2011 10:25:19', 0),
(42, 'description', 2, '', 0),
(42, 'prior', 3, 'Средний', 0),
(42, 'state', 3, 'Выполнена', 0),
(42, 'who_responsible', 5, '-', 0),
(42, 'who_set', 5, '-', 0),
(43, 'adopted', 3, 'Не принята  ', 0),
(43, 'deadline', 4, '06.12.2011 10:57:04', 0),
(43, 'description', 2, '', 0),
(43, 'prior', 3, 'Средний', 0),
(43, 'state', 3, 'Выполнена', 0),
(43, 'who_responsible', 5, '-', 0),
(43, 'who_set', 5, '-', 0),
(44, 'adopted', 3, 'Не принята  ', 0),
(44, 'deadline', 4, '06.12.2011 10:57:14', 0),
(44, 'description', 2, '', 0),
(44, 'prior', 3, 'Средний', 0),
(44, 'state', 3, 'Выполнена', 0),
(44, 'who_responsible', 5, '-', 0),
(44, 'who_set', 5, '-', 0),
(45, 'adopted', 3, 'Не принята  ', 0),
(45, 'deadline', 4, '06.12.2011 10:57:54', 0),
(45, 'description', 2, '', 0),
(45, 'prior', 3, 'Средний', 0),
(45, 'state', 3, 'Выполнена', 0),
(45, 'who_responsible', 5, '-', 0),
(45, 'who_set', 5, '-', 0),
(46, 'adopted', 3, 'Не принята  ', 0),
(46, 'deadline', 4, '06.12.2011 10:57:40', 0),
(46, 'description', 2, '', 0),
(46, 'prior', 3, 'Средний', 0),
(46, 'state', 3, 'Выполнена', 0),
(46, 'who_responsible', 5, '-', 0),
(46, 'who_set', 5, '-', 0),
(47, 'adopted', 3, 'Не принята  ', 0),
(47, 'deadline', 4, '08.12.2011 10:26:12', 0),
(47, 'description', 2, '', 0),
(47, 'prior', 3, 'Средний', 0),
(47, 'state', 3, 'Выполнена', 0),
(47, 'who_responsible', 5, '-', 0),
(47, 'who_set', 5, '-', 0),
(48, 'adopted', 3, 'Не принята  ', 0),
(48, 'deadline', 4, '06.12.2011 11:00:30', 0),
(48, 'description', 2, '', 0),
(48, 'prior', 3, 'Средний', 0),
(48, 'state', 3, 'Выполнена', 0),
(48, 'who_responsible', 5, '-', 0),
(48, 'who_set', 5, '-', 0),
(49, 'adopted', 3, 'Не принята  ', 0),
(49, 'deadline', 4, '06.12.2011 11:00:36', 0),
(49, 'description', 2, '', 0),
(49, 'prior', 3, 'Средний', 0),
(49, 'state', 3, 'Выполнена', 0),
(49, 'who_responsible', 5, '-', 0),
(49, 'who_set', 5, '-', 0),
(50, 'adopted', 3, 'Не принята  ', 0),
(50, 'deadline', 4, '08.12.2011 18:00:54', 0),
(50, 'description', 2, '', 0),
(50, 'prior', 3, 'Средний', 0),
(50, 'state', 3, 'Выполнена', 0),
(50, 'who_responsible', 5, '-', 0),
(50, 'who_set', 5, '-', 0),
(51, 'adopted', 3, 'Не принята  ', 0),
(51, 'deadline', 4, '08.12.2011 18:26:20', 0),
(51, 'description', 2, '', 0),
(51, 'prior', 3, 'Средний', 0),
(51, 'state', 3, 'Выполнена', 0),
(51, 'who_responsible', 5, '-', 0),
(51, 'who_set', 5, '-', 0),
(52, 'adopted', 3, 'Не принята  ', 0),
(52, 'deadline', 4, '06.12.2011 11:05:15', 0),
(52, 'description', 2, '', 0),
(52, 'prior', 3, 'Средний', 0),
(52, 'state', 3, 'Выполнена', 0),
(52, 'who_responsible', 5, '-', 0),
(52, 'who_set', 5, '-', 0),
(53, 'adopted', 3, 'Не принята  ', 0),
(53, 'deadline', 4, '06.12.2011 18:08:59', 0),
(53, 'description', 2, '', 0),
(53, 'prior', 3, 'Средний', 0),
(53, 'state', 3, 'Выполнена', 0),
(53, 'who_responsible', 5, '7', 0),
(53, 'who_set', 5, '7', 0),
(54, 'adopted', 3, 'Не принята  ', 0),
(54, 'deadline', 4, '12.12.2011 11:11:10', 0),
(54, 'description', 2, '', 0),
(54, 'prior', 3, 'Средний', 0),
(54, 'state', 3, 'Не выполнена  ', 0),
(54, 'who_responsible', 5, '-', 0),
(54, 'who_set', 5, '-', 0),
(55, 'deadline', 4, '12.12.2011 12:02:50', 0),
(55, 'description', 2, '', 0),
(55, 'state', 3, 'Не выполнена  ', 0),
(56, 'adopted', 3, 'Не принята', 0),
(56, 'deadline', 4, '09.12.2011 18:25:45', 0),
(56, 'description', 2, '', 0),
(56, 'prior', 3, 'Средний', 0),
(56, 'state', 3, 'Выполнена', 0),
(56, 'who_responsible', 5, '7', 0),
(56, 'who_set', 5, '7', 0),
(57, 'adopted', 3, 'Не принята', 0),
(57, 'deadline', 4, '23.12.2011 09:00', 0),
(57, 'description', 2, '', 0),
(57, 'prior', 3, 'Средний', 0),
(57, 'state', 3, 'Выполнена', 0),
(57, 'who_responsible', 5, '-', 0),
(57, 'who_set', 5, '-', 0),
(58, 'adopted', 3, 'Не принята', 0),
(58, 'deadline', 4, '13.12.2011 00:00:00', 0),
(58, 'description', 2, '', 0),
(58, 'prior', 3, 'Средний', 0),
(58, 'state', 3, 'Выполнена', 0),
(58, 'who_responsible', 5, '-', 0),
(58, 'who_set', 5, '-', 0),
(59, 'adopted', 3, 'Не принята', 0),
(59, 'deadline', 4, '13.12.2011', 0),
(59, 'description', 2, '', 0),
(59, 'prior', 3, 'Средний', 0),
(59, 'state', 3, 'Не выполнена', 0),
(59, 'who_responsible', 5, '-', 0),
(59, 'who_set', 5, '-', 0),
(60, 'adopted', 3, 'Не принята', 0),
(60, 'deadline', 4, '13.12.2011', 0),
(60, 'description', 2, '', 0),
(60, 'prior', 3, 'Средний', 0),
(60, 'state', 3, 'Не выполнена', 0),
(60, 'who_responsible', 5, '-', 0),
(60, 'who_set', 5, '-', 0),
(61, 'adopted', 3, 'Не принята  ', 0),
(61, 'deadline', 4, '10.12.2011 11:33:54', 0),
(61, 'description', 2, '', 0),
(61, 'prior', 3, 'Средний', 0),
(61, 'state', 3, 'Не выполнена  ', 0),
(61, 'who_responsible', 5, '-', 0),
(61, 'who_set', 5, '-', 0),
(62, 'adopted', 3, 'Не принята  ', 0),
(62, 'deadline', 4, '10.12.2011 11:34:45', 0),
(62, 'description', 2, '', 0),
(62, 'prior', 3, 'Средний', 0),
(62, 'state', 3, 'Не выполнена  ', 0),
(62, 'who_responsible', 5, '-', 0),
(62, 'who_set', 5, '-', 0),
(63, 'adopted', 3, 'Не принята  ', 0),
(63, 'deadline', 4, '10.12.2011 11:34:59', 0),
(63, 'description', 2, '', 0),
(63, 'prior', 3, 'Средний', 0),
(63, 'state', 3, 'Не выполнена  ', 0),
(63, 'who_responsible', 5, '-', 0),
(63, 'who_set', 5, '-', 0),
(65, 'adopted', 3, 'Не принята  ', 0),
(65, 'deadline', 4, '08.12.2011 16:15:41', 0),
(65, 'description', 2, '', 0),
(65, 'prior', 3, 'Очень высокий', 0),
(65, 'state', 3, 'Выполнена', 0),
(65, 'who_responsible', 5, '-', 0),
(65, 'who_set', 5, '7', 0),
(66, 'adopted', 3, 'Не принята', 0),
(66, 'deadline', 4, '08.12.2011 11:28:29', 0),
(66, 'description', 2, '', 0),
(66, 'prior', 3, 'Средний', 0),
(66, 'state', 3, 'Выполнена', 0),
(66, 'who_responsible', 5, '7', 0),
(66, 'who_set', 5, '7', 0),
(69, 'adopted', 3, 'Не принята', 0),
(69, 'deadline', 4, '13.12.2011 00:00:00', 0),
(69, 'description', 2, '', 0),
(69, 'prior', 3, 'Средний', 0),
(69, 'state', 3, 'Выполнена', 0),
(69, 'who_responsible', 5, '7', 0),
(69, 'who_set', 5, '7', 0),
(70, 'adopted', 3, 'Не принята', 0),
(70, 'deadline', 4, '13.12.2011 00:00:00', 0),
(70, 'description', 2, '', 0),
(70, 'prior', 3, 'Средний', 0),
(70, 'state', 3, 'Выполнена', 0),
(70, 'who_responsible', 5, '7', 0),
(70, 'who_set', 5, '7', 0),
(71, 'adopted', 3, 'Не принята  ', 0),
(71, 'deadline', 4, '04.12.2011 17:56:04', 0),
(71, 'description', 2, '', 0),
(71, 'prior', 3, 'Средний', 0),
(71, 'state', 3, 'Выполнена', 0),
(71, 'who_responsible', 5, '7', 0),
(71, 'who_set', 5, '7', 0),
(72, 'adopted', 3, 'Не принята  ', 0),
(72, 'deadline', 4, '04.12.2011 17:56:25', 0),
(72, 'description', 2, '', 0),
(72, 'prior', 3, 'Средний', 0),
(72, 'state', 3, 'Выполнена', 0),
(72, 'who_responsible', 5, '7', 0),
(72, 'who_set', 5, '7', 0),
(73, 'adopted', 3, 'Не принята', 0),
(73, 'deadline', 4, '13.12.2011', 0),
(73, 'description', 2, '', 0),
(73, 'prior', 3, 'Средний', 0),
(73, 'state', 3, 'Выполнена', 0),
(73, 'who_responsible', 5, '7', 0),
(73, 'who_set', 5, '7', 0),
(74, 'adopted', 3, 'Не принята', 0),
(74, 'deadline', 4, '10.12.2011 11:35:10', 0),
(74, 'description', 2, '', 0),
(74, 'prior', 3, 'Средний', 0),
(74, 'state', 3, 'Выполнена', 0),
(74, 'who_responsible', 5, '-', 0),
(74, 'who_set', 5, '-', 0),
(75, 'deadline', 4, '13.12.2011 00:00:00', 0),
(75, 'description', 2, 'Возможность отправит сообщение конкретному пользователю', 0),
(75, 'prior', 3, 'Средний', 0),
(75, 'state', 3, 'Выполнена', 0),
(75, 'who_responsible', 5, '7', 0),
(75, 'who_set', 5, '7', 0),
(76, 'adopted', 3, 'Не принята  ', 0),
(76, 'deadline', 4, '04.12.2011 17:57:47', 0),
(76, 'description', 2, '', 0),
(76, 'prior', 3, 'Средний', 0),
(76, 'state', 3, 'Выполнена', 0),
(76, 'who_responsible', 5, '7', 0),
(76, 'who_set', 5, '7', 0),
(80, 'adopted', 3, 'Не принята', 0),
(80, 'deadline', 4, '09.12.2011 18:44:08', 0),
(80, 'description', 2, '', 0),
(80, 'prior', 3, 'Очень высокий', 0),
(80, 'state', 3, 'Выполнена', 0),
(80, 'who_adopted', 6, 'admin', 0),
(80, 'who_responsible', 5, '7', 0),
(80, 'who_set', 5, '7', 0),
(81, 'adopted', 3, 'Не принята', 0),
(81, 'deadline', 4, '09.12.2011 18:25:29', 0),
(81, 'description', 2, '', 0),
(81, 'prior', 3, 'Средний', 0),
(81, 'state', 3, 'Выполнена', 0),
(81, 'who_responsible', 5, '-', 0),
(81, 'who_set', 5, '-', 0),
(82, 'adopted', 3, 'Не принята  ', 0),
(82, 'deadline', 4, '04.12.2011 17:56:40', 0),
(82, 'description', 2, '', 0),
(82, 'prior', 3, 'Средний', 0),
(82, 'state', 3, 'Выполнена', 0),
(82, 'who_responsible', 5, '7', 0),
(82, 'who_set', 5, '7', 0),
(83, 'adopted', 3, 'Не принята', 0),
(83, 'deadline', 4, '09.12.2011 12:03:18', 0),
(83, 'description', 2, '', 0),
(83, 'prior', 3, 'Средний', 0),
(83, 'state', 3, 'Выполнена', 0),
(83, 'who_responsible', 5, '7', 0),
(83, 'who_set', 5, '7', 0),
(84, 'adopted', 3, 'Не принята  ', 0),
(84, 'deadline', 4, '04.12.2011 17:56:57', 0),
(84, 'description', 2, '', 0),
(84, 'prior', 3, 'Средний', 0),
(84, 'state', 3, 'Выполнена', 0),
(84, 'who_responsible', 5, '7', 0),
(84, 'who_set', 5, '7', 0),
(85, 'adopted', 3, 'Не принята', 0),
(85, 'deadline', 4, '09.12.2011 12:03:44', 0),
(85, 'description', 2, '', 0),
(85, 'prior', 3, 'Средний', 0),
(85, 'state', 3, 'Выполнена', 0),
(85, 'who_responsible', 5, '7', 0),
(85, 'who_set', 5, '7', 0),
(86, 'adopted', 3, 'Не принята  ', 0),
(86, 'deadline', 4, '04.12.2011 17:40:38', 0),
(86, 'description', 2, '', 0),
(86, 'prior', 3, 'Средний', 0),
(86, 'state', 3, 'Выполнена', 0),
(86, 'who_responsible', 5, '-', 0),
(86, 'who_set', 5, '7', 0),
(87, 'deadline', 4, '31.12.2011', 0),
(87, 'description', 2, '', 0),
(87, 'prior', 3, 'Средний', 0),
(87, 'state', 3, 'Не выполнена', 0),
(87, 'who_responsible', 5, '-', 0),
(87, 'who_set', 5, '-', 0),
(88, 'adopted', 3, 'Не принята', 0),
(88, 'deadline', 4, '09.12.2011 11:35:27', 0),
(88, 'description', 2, '', 0),
(88, 'prior', 3, 'Средний', 0),
(88, 'state', 3, 'Выполнена', 0),
(88, 'who_responsible', 5, '7', 0),
(88, 'who_set', 5, '7', 0),
(89, 'adopted', 3, 'Принята', 0),
(89, 'deadline', 4, '04.12.2011 13:47:01', 0),
(89, 'description', 2, '', 0),
(89, 'prior', 3, 'Очень высокий', 0),
(89, 'state', 3, 'Выполнена', 0),
(90, 'adopted', 3, 'Не принята', 0),
(90, 'deadline', 4, '09.12.2011 11:49:04', 0),
(90, 'description', 2, '', 0),
(90, 'prior', 3, 'Средний', 0),
(90, 'state', 3, 'Выполнена', 0),
(90, 'who_responsible', 5, '7', 0),
(90, 'who_set', 5, '7', 0),
(91, 'adopted', 3, 'Не принята  ', 0),
(91, 'deadline', 4, '04.12.2011 17:57:20', 0),
(91, 'description', 2, '', 0),
(91, 'prior', 3, 'Средний', 0),
(91, 'state', 3, 'Выполнена', 0),
(91, 'who_responsible', 5, '7', 0),
(91, 'who_set', 5, '7', 0),
(92, 'adopted', 3, 'Не принята  ', 0),
(92, 'deadline', 4, '04.12.2011 17:45:13', 0),
(92, 'description', 2, 'принятие важного, ключевого решения, способного изменить весь ход проекта.', 0),
(92, 'prior', 3, 'Средний', 0),
(92, 'state', 3, 'Не выполнена  ', 0),
(92, 'who_responsible', 5, '-', 0),
(92, 'who_set', 5, '-', 0),
(96, 'adopted', 3, 'Не принята  ', 0),
(96, 'deadline', 4, '04.12.2011 16:02:27', 0),
(96, 'description', 2, '', 0),
(96, 'prior', 3, 'Очень высокий', 0),
(96, 'state', 3, 'Выполнена', 0),
(96, 'who_responsible', 5, '7', 0),
(96, 'who_set', 5, '7', 0),
(97, 'adopted', 3, 'Не принята', 0),
(97, 'deadline', 4, '13.12.2011', 0),
(97, 'description', 2, '', 0),
(97, 'prior', 3, 'Средний', 0),
(97, 'state', 3, 'Не выполнена', 0),
(97, 'who_responsible', 5, '-', 0),
(97, 'who_set', 5, '-', 0),
(104, 'adopted', 3, 'Не принята', 0),
(104, 'deadline', 4, '23.12.2011 09:00', 0),
(104, 'description', 2, '', 0),
(104, 'prior', 3, 'Средний', 0),
(104, 'state', 3, 'Выполнена', 0),
(104, 'who_responsible', 5, '-', 0),
(104, 'who_set', 5, '-', 0),
(108, 'adopted', 3, 'Не принята', 0),
(108, 'deadline', 4, '12.12.2011 11:20:07', 0),
(108, 'description', 2, '', 0),
(108, 'prior', 3, 'Средний', 0),
(108, 'state', 3, 'Не выполнена', 0),
(108, 'who_adopted', 6, 'admin', 0),
(108, 'who_responsible', 5, '-', 0),
(108, 'who_set', 5, '-', 0),
(112, 'adopted', 3, 'Не принята  ', 0),
(112, 'deadline', 4, '05.12.2011 10:26:38', 0),
(112, 'description', 2, '', 0),
(112, 'prior', 3, 'Средний', 0),
(112, 'state', 3, 'Выполнена', 0),
(112, 'who_responsible', 5, '-', 0),
(112, 'who_set', 5, '-', 0),
(113, 'adopted', 3, 'Не принята  ', 0),
(113, 'deadline', 4, '08.12.2011 11:21:21', 0),
(113, 'description', 2, '', 0),
(113, 'prior', 3, 'Средний', 0),
(113, 'state', 3, 'Выполнена', 0),
(113, 'who_responsible', 5, '7', 0),
(113, 'who_set', 5, '7', 0),
(115, 'adopted', 3, 'Не принята  ', 0),
(115, 'deadline', 4, '05.12.2011 18:32:07', 0),
(115, 'description', 2, '', 0),
(115, 'prior', 3, 'Средний', 0),
(115, 'state', 3, 'Выполнена', 0),
(115, 'who_responsible', 5, '7', 0),
(115, 'who_set', 5, '7', 0),
(116, 'adopted', 3, 'Не принята  ', 0),
(116, 'deadline', 4, '05.12.2011 18:32:26', 0),
(116, 'description', 2, '', 0),
(116, 'prior', 3, 'Средний', 0),
(116, 'state', 3, 'Выполнена', 0),
(116, 'who_responsible', 5, '7', 0),
(116, 'who_set', 5, '7', 0),
(117, 'adopted', 3, 'Не принята  ', 0),
(117, 'deadline', 4, '06.12.2011 13:08:25', 0),
(117, 'description', 2, '', 0),
(117, 'prior', 3, 'Средний', 0),
(117, 'state', 3, 'Выполнена', 0),
(117, 'who_responsible', 5, '7', 0),
(117, 'who_set', 5, '7', 0),
(118, 'adopted', 3, 'Не принята  ', 0),
(118, 'deadline', 4, '10.12.2011 09:00:00', 0),
(118, 'description', 2, '', 0),
(118, 'prior', 3, 'Средний', 0),
(118, 'state', 3, 'Выполнена', 0),
(118, 'who_responsible', 5, '-', 0),
(118, 'who_set', 5, '-', 0),
(119, 'adopted', 3, 'Не принята  ', 0),
(119, 'deadline', 4, '04.12.2011 18:18:12', 0),
(119, 'description', 2, '', 0),
(119, 'prior', 3, 'Средний', 0),
(119, 'state', 3, 'Не выполнена  ', 0),
(119, 'who_responsible', 5, '-', 0),
(119, 'who_set', 5, '-', 0),
(120, 'adopted', 3, 'Не принята  ', 0),
(120, 'deadline', 4, '05.12.2011 19:05:03', 0),
(120, 'description', 2, '', 0),
(120, 'prior', 3, 'Средний', 0),
(120, 'state', 3, 'Выполнена', 0),
(120, 'who_responsible', 5, '7', 0),
(120, 'who_set', 5, '7', 0),
(121, 'adopted', 3, 'Не принята  ', 0),
(121, 'deadline', 4, '06.12.2011 18:10:52', 0),
(121, 'description', 2, '', 0),
(121, 'prior', 3, 'Средний', 0),
(121, 'state', 3, 'Выполнена', 0),
(121, 'who_responsible', 5, '7', 0),
(121, 'who_set', 5, '7', 0),
(122, 'adopted', 3, 'Не принята  ', 0),
(122, 'deadline', 4, '12.12.2011 11:12:03', 0),
(122, 'description', 2, '', 0),
(122, 'prior', 3, 'Средний', 0),
(122, 'state', 3, 'Не выполнена  ', 0),
(122, 'who_responsible', 5, '-', 0),
(122, 'who_set', 5, '-', 0),
(124, 'adopted', 3, 'Не принята', 0),
(124, 'deadline', 4, '09.12.2011 11:49:41', 0),
(124, 'description', 2, '', 0),
(124, 'prior', 3, 'Средний', 0),
(124, 'state', 3, 'Выполнена', 0),
(124, 'who_responsible', 5, '7', 0),
(124, 'who_set', 5, '7', 0),
(125, 'adopted', 3, 'Не принята  ', 0),
(125, 'deadline', 4, '08.12.2011 10:44:38', 0),
(125, 'description', 2, '', 0),
(125, 'prior', 3, 'Средний', 0),
(125, 'state', 3, 'Выполнена', 0),
(125, 'who_responsible', 5, '-', 0),
(125, 'who_set', 5, '-', 0),
(126, 'deadline', 4, '19.12.2011 09:00', 0),
(126, 'description', 2, '', 0),
(126, 'prior', 3, 'Средний', 0),
(126, 'state', 3, 'Не выполнена', 0),
(126, 'who_responsible', 5, '-', 0),
(126, 'who_set', 5, '-', 0),
(128, 'adopted', 3, 'Не принята  ', 0),
(128, 'deadline', 4, '12.12.2011 12:09:41', 0),
(128, 'description', 2, '', 0),
(128, 'prior', 3, 'Средний', 0),
(128, 'state', 3, 'Не выполнена  ', 0),
(128, 'who_responsible', 5, '-', 0),
(128, 'who_set', 5, '-', 0),
(129, 'adopted', 3, 'Не принята  ', 0),
(129, 'deadline', 4, '08.12.2011 09:38:09', 0),
(129, 'description', 2, '', 0),
(129, 'prior', 3, 'Средний', 0),
(129, 'state', 3, 'Выполнена', 0),
(129, 'who_responsible', 5, '-', 0),
(129, 'who_set', 5, '-', 0),
(130, 'adopted', 3, 'Не принята  ', 0),
(130, 'deadline', 4, '08.12.2011 09:39:58', 0),
(130, 'description', 2, '', 0),
(130, 'prior', 3, 'Средний', 0),
(130, 'state', 3, 'Выполнена', 0),
(130, 'who_responsible', 5, '-', 0),
(130, 'who_set', 5, '-', 0),
(131, 'adopted', 3, 'Не принята  ', 0),
(131, 'deadline', 4, '12.12.2011 09:00:00', 0),
(131, 'description', 2, '', 0),
(131, 'prior', 3, 'Средний', 0),
(131, 'state', 3, 'Не выполнена  ', 0),
(131, 'who_responsible', 5, '-', 0),
(131, 'who_set', 5, '-', 0),
(132, 'adopted', 3, 'Не принята  ', 0),
(132, 'deadline', 4, '07.12.2011 19:28:17', 0),
(132, 'description', 2, '', 0),
(132, 'prior', 3, 'Средний', 0),
(132, 'state', 3, 'Выполнена', 0),
(132, 'who_responsible', 5, '7', 0),
(132, 'who_set', 5, '7', 0),
(133, 'adopted', 3, 'Не принята  ', 0),
(133, 'deadline', 4, '12.12.2011 09:00:00', 0),
(133, 'description', 2, '', 0),
(133, 'prior', 3, 'Средний', 0),
(133, 'state', 3, 'Не выполнена  ', 0),
(133, 'who_responsible', 5, '-', 0),
(133, 'who_set', 5, '-', 0),
(134, 'deadline', 4, '12.12.2011 17:54:00', 0),
(134, 'description', 2, '', 0),
(134, 'prior', 3, 'Средний', 0),
(134, 'state', 3, 'Не выполнена', 0),
(134, 'who_responsible', 5, '-', 0),
(134, 'who_set', 5, '-', 0),
(135, 'adopted', 3, 'Не принята', 0),
(135, 'deadline', 4, '07.12.2011 16:45:33', 0),
(135, 'description', 2, '- У групп задач дата выполнения ставится автоматически, вычисляется из включающих в нее задач\n- Добавить поля справа:\n- Выполненных\n- Не выполненных\n- Просроченных\n- Проблемные\n- Кол-во комментариев\n- Кол-во документов', 0),
(135, 'prior', 3, 'Средний', 0),
(135, 'state', 3, 'Выполнена', 0),
(135, 'who_responsible', 5, '-', 0),
(135, 'who_set', 5, '-', 0),
(136, 'deadline', 4, '11.12.2011 15:43:09', 0),
(136, 'description', 2, '', 0),
(136, 'prior', 3, 'Средний', 0),
(136, 'state', 3, 'Выполнена', 0),
(136, 'who_adopted', 6, 'admin', 0),
(136, 'who_responsible', 5, '7', 0),
(136, 'who_set', 5, '7', 0),
(137, 'deadline', 4, '08.12.2011 23:55:42', 0),
(137, 'description', 2, '', 0),
(137, 'prior', 3, 'Средний', 0),
(137, 'state', 3, 'Выполнена', 0),
(137, 'who_responsible', 5, '7', 0),
(137, 'who_set', 5, '7', 0),
(138, 'deadline', 4, '08.12.2011 18:51:16', 0),
(138, 'description', 2, '', 0),
(138, 'prior', 3, 'Средний', 0),
(138, 'state', 3, 'Выполнена', 0),
(138, 'who_responsible', 5, '-', 0),
(138, 'who_set', 5, '-', 0),
(139, 'deadline', 4, '08.12.2011 18:51:29', 0),
(139, 'description', 2, '', 0),
(139, 'prior', 3, 'Средний', 0),
(139, 'state', 3, 'Выполнена', 0),
(139, 'who_responsible', 5, '-', 0),
(139, 'who_set', 5, '-', 0),
(140, 'deadline', 4, '08.12.2011 14:28:30', 0),
(140, 'description', 2, '', 0),
(140, 'prior', 3, 'Средний', 0),
(140, 'state', 3, 'Выполнена', 0),
(140, 'who_responsible', 5, '7', 0),
(140, 'who_set', 5, '7', 0),
(141, 'deadline', 4, '11.12.2011 17:45:25', 0),
(141, 'description', 2, '', 0),
(141, 'prior', 3, 'Средний', 0),
(141, 'state', 3, 'Выполнена', 0),
(141, 'who_adopted', 6, 'admin', 0),
(141, 'who_responsible', 5, '7', 0),
(141, 'who_set', 5, '7', 0),
(142, 'deadline', 4, '11.12.2011 15:43:49', 0),
(142, 'description', 2, '', 0),
(142, 'prior', 3, 'Средний', 0),
(142, 'state', 3, 'Выполнена', 0),
(142, 'who_adopted', 6, 'admin', 0),
(142, 'who_responsible', 5, '7', 0),
(142, 'who_set', 5, '7', 0),
(143, 'deadline', 4, '09.12.2011 23:53:49', 0),
(143, 'description', 2, '', 0),
(143, 'prior', 3, 'Средний', 0),
(143, 'state', 3, 'Выполнена', 0),
(143, 'who_adopted', 6, 'admin ', 0),
(143, 'who_responsible', 5, '-', 0),
(143, 'who_set', 5, '-', 0),
(144, 'deadline', 4, '08.12.2011 14:03:28', 0),
(144, 'description', 2, '', 0),
(144, 'prior', 3, 'Средний', 0),
(144, 'state', 3, 'Выполнена', 0),
(144, 'who_responsible', 5, '7', 0),
(144, 'who_set', 5, '7', 0),
(145, 'deadline', 4, '12.12.2011 09:00:00', 0),
(145, 'description', 2, '', 0),
(145, 'prior', 3, 'Средний', 0),
(145, 'state', 3, 'Не выполнена', 0),
(145, 'who_responsible', 5, '7', 0),
(145, 'who_set', 5, '7', 0),
(146, 'deadline', 4, '13.12.2011 00:00:00', 0),
(146, 'description', 2, '', 0),
(146, 'prior', 3, 'Средний', 0),
(146, 'state', 3, 'Выполнена', 0),
(146, 'who_responsible', 5, '7', 0),
(146, 'who_set', 5, '7', 0),
(147, 'deadline', 4, '13.12.2011 00:00:00', 0),
(147, 'description', 2, '', 0),
(147, 'prior', 3, 'Средний', 0),
(147, 'state', 3, 'Выполнена', 0),
(147, 'who_responsible', 5, '7', 0),
(147, 'who_set', 5, '7', 0),
(148, 'deadline', 4, '08.12.2011 23:00:00', 0),
(148, 'description', 2, '', 0),
(148, 'prior', 3, 'Средний', 0),
(148, 'state', 3, 'Выполнена', 0),
(148, 'who_responsible', 5, '7', 0),
(148, 'who_set', 5, '7', 0),
(149, 'deadline', 4, '13.12.2011 00:00:00', 0),
(149, 'description', 2, '', 0),
(149, 'prior', 3, 'Средний', 0),
(149, 'state', 3, 'Выполнена', 0),
(149, 'who_responsible', 5, '-', 0),
(149, 'who_set', 5, '-', 0),
(150, 'deadline', 4, '13.12.2011 00:00:00', 0),
(150, 'description', 2, '', 0),
(150, 'prior', 3, 'Средний', 0),
(150, 'state', 3, 'Выполнена', 0),
(150, 'who_responsible', 5, '7', 0),
(150, 'who_set', 5, '7', 0),
(151, 'deadline', 4, '13.12.2011 00:00:00', 0),
(151, 'description', 2, '', 0),
(151, 'prior', 3, 'Средний', 0),
(151, 'state', 3, 'Выполнена', 0),
(151, 'who_responsible', 5, '-', 0),
(151, 'who_set', 5, '-', 0),
(152, 'deadline', 4, '13.12.2011 00:00:00', 0),
(152, 'description', 2, '', 0),
(152, 'prior', 3, 'Средний', 0),
(152, 'state', 3, 'Выполнена', 0),
(152, 'who_responsible', 5, '7', 0),
(152, 'who_set', 5, '7', 0),
(153, 'deadline', 4, '13.12.2011 00:00:00', 0),
(153, 'description', 2, '', 0),
(153, 'prior', 3, 'Средний', 0),
(153, 'state', 3, 'Выполнена', 0),
(153, 'who_responsible', 5, '-', 0),
(153, 'who_set', 5, '-', 0),
(154, 'deadline', 4, '11.12.2011 20:43:00', 0),
(154, 'description', 2, '', 0),
(154, 'prior', 3, 'Средний', 0),
(154, 'state', 3, 'Выполнена', 0),
(154, 'who_responsible', 5, '7', 0),
(154, 'who_set', 5, '7', 0),
(155, 'deadline', 4, '14.12.2011 09:00:00', 0),
(155, 'description', 2, '', 0),
(155, 'prior', 3, 'Средний', 0),
(155, 'state', 3, 'Выполнена', 0),
(155, 'who_responsible', 5, '-', 0),
(155, 'who_set', 5, '-', 0),
(156, 'deadline', 4, '11.12.2011 15:44:10', 0),
(156, 'description', 2, '', 0),
(156, 'prior', 3, 'Средний', 0),
(156, 'state', 3, 'Выполнена', 0),
(156, 'who_adopted', 6, 'admin', 0),
(156, 'who_responsible', 5, '7', 0),
(156, 'who_set', 5, '7', 0),
(163, 'deadline', 4, '19.12.2011 11:04:20', 0),
(163, 'description', 2, '', 0),
(163, 'prior', 3, 'Средний', 0),
(163, 'state', 3, 'Не выполнена', 0),
(163, 'who_adopted', 6, 'sergey', 0),
(163, 'who_responsible', 5, '-', 0),
(163, 'who_set', 5, '-', 0),
(164, 'deadline', 4, '19.12.2011 11:28:44', 0),
(164, 'description', 2, '', 0),
(164, 'prior', 3, 'Средний', 0),
(164, 'state', 3, 'Не выполнена', 0),
(164, 'who_adopted', 6, 'sergey', 0),
(164, 'who_responsible', 5, '7', 0),
(164, 'who_set', 5, '7', 0),
(165, 'deadline', 4, '31.12.2011 09:00', 0),
(165, 'description', 2, '', 0),
(165, 'prior', 3, 'Средний', 0),
(165, 'state', 3, 'Не выполнена', 0),
(165, 'who_adopted', 6, 'admin', 0),
(165, 'who_responsible', 5, '-', 0),
(165, 'who_set', 5, '-', 0),
(166, 'deadline', 4, '26.12.2011 00:00:00', 0),
(166, 'description', 2, '', 0),
(166, 'prior', 3, 'Средний', 0),
(166, 'state', 3, 'Не выполнена', 0),
(166, 'who_adopted', 6, 'admin', 0),
(166, 'who_responsible', 5, '7', 0),
(166, 'who_set', 5, '7', 0),
(181, 'deadline', 4, '31.12.2011 09:00:00', 0),
(181, 'description', 2, '', 0),
(181, 'prior', 3, 'Средний', 0),
(181, 'reason_for_idle', 2, '', 0),
(181, 'state', 3, 'Не выполнена', 0),
(181, 'who_adopted', 6, 'admin', 0),
(181, 'who_responsible', 5, '-', 0),
(181, 'who_set', 7, '1', 0),
(184, 'deadline', 4, '2011-12-23', 0),
(184, 'description', 2, 'Поступил новый заказ: \r\nДата: 2011-12-23\r\nКомпания: Заказчик\r\nФИО: Иван\r\nТелефон: 4646696\r\nE-mail: adc@gg.com\r\nЧто желаете заказать?Проверка заказа', 0),
(185, 'deadline', 4, '26.12.2011 09:00', 0),
(185, 'description', 2, '', 0),
(185, 'prior', 3, 'Средний', 0),
(185, 'reason_for_idle', 2, '', 0),
(185, 'state', 3, 'Не выполнена', 0),
(185, 'who_responsible', 5, '-', 0),
(185, 'who_set', 7, '1', 0);

-- --------------------------------------------------------

--
-- Структура таблицы `tm_task_attribute_type`
--

DROP TABLE IF EXISTS `tm_task_attribute_type`;
CREATE TABLE IF NOT EXISTS `tm_task_attribute_type` (
  `id` int(10) unsigned NOT NULL AUTO_INCREMENT,
  `title` varchar(50) NOT NULL,
  `handler` varchar(100) NOT NULL,
  `description` varchar(255) NOT NULL,
  PRIMARY KEY (`id`),
  UNIQUE KEY `title_UNIQUE` (`title`)
) ENGINE=InnoDB  DEFAULT CHARSET=utf8 AUTO_INCREMENT=8 ;

--
-- Дамп данных таблицы `tm_task_attribute_type`
--

INSERT INTO `tm_task_attribute_type` (`id`, `title`, `handler`, `description`) VALUES
(1, 'Строка', 'TM_Attribute_AttributeType', 'Любое строковое значение'),
(2, 'Текст', 'TM_Attribute_AttributeTypeText', 'Многострочный  текст'),
(3, 'Список', 'TM_Attribute_AttributeTypeList', 'Список из возможных вариантов'),
(4, 'Дата', 'TM_Attribute_AttributeTypeDate', ''),
(5, 'Список пользователей', 'TM_Attribute_AttributeTypeUserList', 'Список пользователей'),
(6, 'Условие с активным пользователем', 'TM_Attribute_AttributeTypeActiveUser', 'Условие с активным пользователем'),
(7, 'Список пользователей с активным пользователем', 'TM_Attribute_AttributeTypeActiveUserList', 'Список пользователей с активным пользователем');

-- --------------------------------------------------------

--
-- Структура таблицы `tm_task_discussion`
--

DROP TABLE IF EXISTS `tm_task_discussion`;
CREATE TABLE IF NOT EXISTS `tm_task_discussion` (
  `task_id` int(10) unsigned NOT NULL,
  `discussion_id` int(10) unsigned NOT NULL,
  PRIMARY KEY (`task_id`,`discussion_id`),
  KEY `fk_tm_task_discussion_tm_discussion1` (`discussion_id`)
) ENGINE=InnoDB DEFAULT CHARSET=utf8;

--
-- Дамп данных таблицы `tm_task_discussion`
--

INSERT INTO `tm_task_discussion` (`task_id`, `discussion_id`) VALUES
(24, 35),
(25, 36),
(27, 37),
(31, 38),
(32, 39),
(33, 40),
(34, 41),
(35, 42),
(36, 43),
(37, 44),
(38, 45),
(39, 46),
(40, 47),
(41, 48),
(42, 49),
(43, 50),
(44, 51),
(45, 52),
(46, 53),
(47, 54),
(48, 55),
(49, 56),
(50, 57),
(51, 58),
(52, 59),
(53, 60),
(54, 61),
(55, 62),
(56, 63),
(57, 64),
(58, 65),
(59, 66),
(60, 67),
(61, 68),
(62, 69),
(63, 70),
(65, 71),
(66, 72),
(69, 75),
(70, 76),
(71, 77),
(72, 78),
(73, 79),
(74, 80),
(75, 81),
(76, 82),
(80, 86),
(81, 87),
(82, 88),
(83, 89),
(84, 90),
(85, 92),
(86, 93),
(87, 94),
(88, 95),
(89, 96),
(90, 97),
(91, 98),
(92, 99),
(93, 100),
(94, 101),
(95, 102),
(96, 103),
(87, 104),
(87, 105),
(97, 106),
(99, 108),
(100, 109),
(101, 110),
(102, 111),
(103, 112),
(104, 113),
(105, 114),
(106, 115),
(107, 116),
(108, 117),
(109, 118),
(110, 119),
(112, 121),
(113, 122),
(115, 124),
(116, 125),
(117, 126),
(118, 127),
(119, 128),
(120, 129),
(121, 130),
(122, 131),
(124, 132),
(125, 133),
(126, 134),
(127, 135),
(128, 136),
(129, 137),
(130, 138),
(131, 139),
(132, 140),
(133, 141),
(134, 142),
(135, 143),
(136, 144),
(137, 145),
(138, 146),
(139, 147),
(140, 148),
(141, 149),
(142, 150),
(143, 151),
(144, 152),
(145, 153),
(146, 154),
(147, 155),
(148, 156),
(149, 157),
(150, 158),
(151, 159),
(152, 160),
(153, 161),
(154, 162),
(155, 163),
(156, 164),
(24, 165),
(24, 166),
(24, 167),
(163, 171),
(164, 172),
(25, 176),
(25, 177),
(165, 188),
(181, 191),
(24, 194),
(185, 195);

-- --------------------------------------------------------

--
-- Структура таблицы `tm_task_document`
--

DROP TABLE IF EXISTS `tm_task_document`;
CREATE TABLE IF NOT EXISTS `tm_task_document` (
  `task_id` int(10) unsigned NOT NULL,
  `document_id` int(10) unsigned NOT NULL,
  PRIMARY KEY (`task_id`,`document_id`),
  KEY `fk_tm_task_document_tm_task1` (`task_id`),
  KEY `fk_tm_task_document_tm_document1` (`document_id`)
) ENGINE=InnoDB DEFAULT CHARSET=utf8;

--
-- Дамп данных таблицы `tm_task_document`
--

INSERT INTO `tm_task_document` (`task_id`, `document_id`) VALUES
(24, 42),
(25, 43),
(27, 45),
(31, 49),
(32, 50),
(33, 51),
(34, 52),
(35, 53),
(36, 54),
(37, 55),
(38, 56),
(39, 57),
(40, 58),
(41, 59),
(42, 60),
(43, 61),
(44, 62),
(45, 63),
(46, 64),
(47, 65),
(48, 66),
(49, 67),
(50, 68),
(51, 69),
(52, 70),
(53, 71),
(54, 72),
(55, 73),
(56, 74),
(57, 75),
(58, 76),
(59, 77),
(60, 78),
(61, 79),
(62, 80),
(63, 81),
(65, 83),
(66, 84),
(69, 87),
(70, 88),
(71, 89),
(72, 90),
(73, 91),
(74, 92),
(75, 93),
(76, 94),
(80, 98),
(81, 99),
(82, 100),
(83, 101),
(84, 102),
(85, 103),
(86, 104),
(87, 105),
(88, 106),
(89, 107),
(90, 108),
(91, 109),
(92, 110),
(93, 111),
(94, 112),
(95, 113),
(96, 114),
(97, 115),
(99, 117),
(100, 118),
(101, 119),
(102, 120),
(103, 121),
(104, 122),
(105, 123),
(106, 124),
(107, 125),
(108, 126),
(109, 127),
(110, 128),
(112, 130),
(113, 131),
(115, 133),
(116, 134),
(117, 135),
(118, 136),
(119, 137),
(120, 138),
(121, 139),
(122, 140),
(124, 142),
(125, 143),
(126, 144),
(127, 145),
(128, 146),
(129, 147),
(130, 148),
(131, 149),
(132, 150),
(133, 151),
(134, 152),
(135, 153),
(136, 154),
(137, 155),
(138, 156),
(139, 157),
(140, 158),
(141, 159),
(142, 160),
(143, 161),
(144, 162),
(145, 163),
(146, 164),
(147, 165),
(148, 166),
(149, 167),
(150, 168),
(151, 169),
(152, 170),
(153, 171),
(154, 172),
(155, 173),
(156, 174),
(163, 191),
(164, 192),
(165, 199),
(166, 200),
(181, 215),
(181, 219),
(185, 222);

-- --------------------------------------------------------

--
-- Структура таблицы `tm_task_hash`
--

DROP TABLE IF EXISTS `tm_task_hash`;
CREATE TABLE IF NOT EXISTS `tm_task_hash` (
  `task_id` int(10) unsigned DEFAULT NULL,
  `attribute_key` varchar(255) NOT NULL,
  `title` varchar(255) NOT NULL,
  `type_id` int(10) unsigned NOT NULL,
  `list_value` text,
  `required` tinyint(1) NOT NULL DEFAULT '0',
  `sort_order` int(11) NOT NULL DEFAULT '1000',
  PRIMARY KEY (`attribute_key`),
  KEY `fk_tm_task_hash_tm_task_attribute_type1` (`type_id`),
  KEY `fk_tm_task_hash_tm_task1` (`task_id`)
) ENGINE=InnoDB DEFAULT CHARSET=utf8;

--
-- Дамп данных таблицы `tm_task_hash`
--

INSERT INTO `tm_task_hash` (`task_id`, `attribute_key`, `title`, `type_id`, `list_value`, `required`, `sort_order`) VALUES
(NULL, 'deadline', 'Срок выполнения задачи', 4, '  ', 1, 1),
(NULL, 'description', 'Описание задачи', 2, '  ', 0, 7),
(NULL, 'prior', 'Приоритет', 3, 'Очень высокий||Высоки||*Средний||Низкий||Очень низкий    ', 0, 6),
(NULL, 'reason_for_idle', 'Причина простоя', 2, '  ', 0, 3),
(NULL, 'state', 'Статус выполения задачи', 3, 'Выполнена||*Не выполнена||Возникли вопросы ', 1, 2),
(NULL, 'who_adopted', 'Кто принял?', 6, '    ', 0, 5),
(NULL, 'who_responsible', 'Кто ответственный?', 5, '  ', 0, 4),
(NULL, 'who_set', 'Кем поставлена?', 7, '    ', 0, 4);

-- --------------------------------------------------------

--
-- Структура таблицы `tm_task_relation`
--

DROP TABLE IF EXISTS `tm_task_relation`;
CREATE TABLE IF NOT EXISTS `tm_task_relation` (
  `parent_id` int(10) unsigned NOT NULL,
  `child_id` int(10) unsigned NOT NULL,
  PRIMARY KEY (`parent_id`,`child_id`),
  KEY `fk_tm_task_relation_tm_task2` (`child_id`)
) ENGINE=InnoDB DEFAULT CHARSET=utf8;

--
-- Дамп данных таблицы `tm_task_relation`
--

INSERT INTO `tm_task_relation` (`parent_id`, `child_id`) VALUES
(24, 27),
(27, 31),
(27, 32),
(27, 33),
(27, 34),
(27, 35),
(27, 36),
(27, 37),
(24, 38),
(38, 39),
(38, 40),
(24, 41),
(41, 42),
(41, 43),
(41, 44),
(24, 45),
(45, 46),
(24, 47),
(47, 48),
(47, 49),
(47, 50),
(24, 51),
(51, 52),
(24, 53),
(24, 54),
(25, 55),
(25, 56),
(25, 57),
(25, 58),
(25, 59),
(25, 60),
(60, 61),
(60, 62),
(60, 63),
(55, 65),
(57, 66),
(57, 69),
(57, 70),
(57, 71),
(57, 72),
(59, 73),
(60, 74),
(58, 75),
(59, 76),
(56, 80),
(56, 81),
(57, 82),
(58, 83),
(57, 84),
(58, 85),
(55, 86),
(25, 87),
(60, 88),
(55, 89),
(57, 90),
(57, 91),
(87, 92),
(87, 93),
(87, 94),
(87, 95),
(55, 96),
(59, 97),
(87, 99),
(87, 100),
(87, 101),
(87, 102),
(87, 103),
(57, 104),
(87, 105),
(87, 106),
(87, 107),
(55, 108),
(87, 109),
(87, 110),
(53, 112),
(55, 113),
(41, 115),
(45, 116),
(38, 117),
(55, 118),
(87, 119),
(53, 120),
(53, 121),
(54, 122),
(57, 124),
(55, 125),
(87, 126),
(87, 127),
(55, 128),
(38, 129),
(38, 130),
(24, 131),
(131, 132),
(131, 133),
(55, 134),
(55, 135),
(55, 136),
(55, 137),
(55, 138),
(55, 139),
(55, 140),
(55, 141),
(55, 142),
(55, 143),
(55, 144),
(55, 145),
(57, 146),
(57, 147),
(55, 148),
(25, 149),
(149, 150),
(149, 151),
(149, 152),
(149, 153),
(60, 154),
(60, 155),
(55, 156),
(24, 163),
(163, 164),
(165, 166),
(181, 184),
(25, 185);

-- --------------------------------------------------------

--
-- Структура таблицы `tm_user`
--

DROP TABLE IF EXISTS `tm_user`;
CREATE TABLE IF NOT EXISTS `tm_user` (
  `id` int(10) unsigned NOT NULL AUTO_INCREMENT,
  `login` varchar(32) NOT NULL,
  `password` varchar(32) NOT NULL,
  `role_id` int(10) unsigned NOT NULL,
  `date_create` datetime NOT NULL,
  PRIMARY KEY (`id`),
  UNIQUE KEY `login_UNIQUE` (`login`),
  KEY `fk_tm_user_tm_user_role1` (`role_id`)
) ENGINE=InnoDB  DEFAULT CHARSET=utf8 AUTO_INCREMENT=11 ;

--
-- Дамп данных таблицы `tm_user`
--

INSERT INTO `tm_user` (`id`, `login`, `password`, `role_id`, `date_create`) VALUES
(1, 'admin', '123', 1, '2011-11-16 16:26:11'),
(5, 'boss', '654', 3, '2011-11-25 21:50:00'),
(7, 'dima', '321', 1, '2011-12-04 11:19:06'),
(8, 'ivan', '321', 4, '2011-12-04 11:19:47'),
(9, 'sergey', '321', 1, '2011-12-04 11:20:00'),
(10, 'varakin.s', '321', 1, '2011-12-19 16:35:00');

-- --------------------------------------------------------

--
-- Структура таблицы `tm_user_attribute`
--

DROP TABLE IF EXISTS `tm_user_attribute`;
CREATE TABLE IF NOT EXISTS `tm_user_attribute` (
  `user_id` int(10) unsigned NOT NULL,
  `attribute_key` varchar(255) NOT NULL,
  `type_id` int(10) unsigned NOT NULL,
  `attribute_value` text NOT NULL,
  `is_fill` tinyint(1) NOT NULL DEFAULT '0',
  PRIMARY KEY (`user_id`,`attribute_key`),
  KEY `fk_tm_task_attribute_tm_task1` (`user_id`),
  KEY `fk_tm_document_attribute_tm_document_attribute_type1` (`type_id`)
) ENGINE=InnoDB DEFAULT CHARSET=utf8;

--
-- Дамп данных таблицы `tm_user_attribute`
--

INSERT INTO `tm_user_attribute` (`user_id`, `attribute_key`, `type_id`, `attribute_value`, `is_fill`) VALUES
(1, 'name', 1, 'Администратор', 1),
(1, 'organization', 1, '', 1),
(1, 'position', 1, '', 1),
(5, 'name', 1, 'Руководитель', 1),
(5, 'organization', 1, '', 1),
(5, 'position', 1, '', 1),
(7, 'name', 1, 'Кудрявцев Дмитрий', 1),
(7, 'organization', 1, '', 1),
(7, 'position', 1, '', 1),
(8, 'name', 1, 'Харлампенков Иван', 1),
(8, 'organization', 1, '', 1),
(8, 'position', 1, '', 1),
(9, 'name', 1, 'Щеглов Сергей', 1),
(9, 'organization', 1, '', 1),
(9, 'position', 1, '', 1),
(10, 'name', 1, 'Варакин Сергей Анатольевич', 1),
(10, 'organization', 1, 'АЭЭ', 1),
(10, 'position', 1, '', 1);

-- --------------------------------------------------------

--
-- Структура таблицы `tm_user_attribute_type`
--

DROP TABLE IF EXISTS `tm_user_attribute_type`;
CREATE TABLE IF NOT EXISTS `tm_user_attribute_type` (
  `id` int(10) unsigned NOT NULL AUTO_INCREMENT,
  `title` varchar(50) NOT NULL,
  `handler` varchar(100) NOT NULL,
  `description` varchar(255) NOT NULL,
  PRIMARY KEY (`id`),
  UNIQUE KEY `title_UNIQUE` (`title`)
) ENGINE=InnoDB  DEFAULT CHARSET=utf8 AUTO_INCREMENT=4 ;

--
-- Дамп данных таблицы `tm_user_attribute_type`
--

INSERT INTO `tm_user_attribute_type` (`id`, `title`, `handler`, `description`) VALUES
(1, 'Строка', 'TM_Attribute_AttributeType', 'Любое строковое значение'),
(2, 'Текст', 'TM_Attribute_AttributeTypeText', 'Многострочный  текст'),
(3, 'Список', 'TM_Attribute_AttributeTypeList', 'Список из возможных вариантов');

-- --------------------------------------------------------

--
-- Структура таблицы `tm_user_hash`
--

DROP TABLE IF EXISTS `tm_user_hash`;
CREATE TABLE IF NOT EXISTS `tm_user_hash` (
  `user_id` int(10) unsigned DEFAULT NULL,
  `attribute_key` varchar(255) NOT NULL,
  `title` varchar(255) NOT NULL,
  `type_id` int(10) unsigned NOT NULL,
  `list_value` text,
  PRIMARY KEY (`attribute_key`),
  KEY `fk_tm_document_hash_tm_task_attribute_type1` (`type_id`),
  KEY `fk_tm_document_hash_tm_task1` (`user_id`)
) ENGINE=InnoDB DEFAULT CHARSET=utf8;

--
-- Дамп данных таблицы `tm_user_hash`
--

INSERT INTO `tm_user_hash` (`user_id`, `attribute_key`, `title`, `type_id`, `list_value`) VALUES
(NULL, 'name', 'ФИО', 1, ' '),
(NULL, 'organization', 'Организация', 1, ' '),
(NULL, 'position', 'Должность', 1, ' ');

-- --------------------------------------------------------

--
-- Структура таблицы `tm_user_profile`
--

DROP TABLE IF EXISTS `tm_user_profile`;
CREATE TABLE IF NOT EXISTS `tm_user_profile` (
  `user_id` int(10) unsigned NOT NULL AUTO_INCREMENT,
  `profile_key` varchar(255) NOT NULL,
  `profile_value` text NOT NULL,
  PRIMARY KEY (`user_id`,`profile_key`),
  KEY `fk_tm_user_profile_tm_user1` (`user_id`)
) ENGINE=InnoDB DEFAULT CHARSET=utf8 AUTO_INCREMENT=1 ;

-- --------------------------------------------------------

--
-- Структура таблицы `tm_user_resource`
--

DROP TABLE IF EXISTS `tm_user_resource`;
CREATE TABLE IF NOT EXISTS `tm_user_resource` (
  `id` int(10) unsigned NOT NULL AUTO_INCREMENT,
  `title` varchar(45) DEFAULT NULL,
  `rtitle` varchar(255) NOT NULL,
  PRIMARY KEY (`id`),
  UNIQUE KEY `title` (`title`)
) ENGINE=InnoDB  DEFAULT CHARSET=utf8 AUTO_INCREMENT=92 ;

--
-- Дамп данных таблицы `tm_user_resource`
--

INSERT INTO `tm_user_resource` (`id`, `title`, `rtitle`) VALUES
(1, 'login', 'Страница для входа в систему'),
(2, 'login/index', 'Вход в систему'),
(3, 'login/logout', 'Выход из системы'),
(4, 'index/index', 'Главная страница'),
(5, 'user', 'Пользователи'),
(6, 'user/add', 'Добавить пользователя'),
(7, 'user/edit', ''),
(8, 'user/delete', ''),
(15, 'user/index', ''),
(19, 'user/addRole', ''),
(20, 'user/editRole', ''),
(21, 'user/deleteRole', ''),
(22, 'user/addResource', ''),
(23, 'user/editResource', ''),
(24, 'user/deleteResource', ''),
(25, 'user/fillResource', ''),
(26, 'task/index', 'Задачи'),
(27, 'task/add', ''),
(28, 'task/edit', ''),
(29, 'task/delete', ''),
(30, 'task/addAttributeType', ''),
(31, 'task/editAttributeType', ''),
(32, 'task/deleteAttributeType', ''),
(33, 'task/addAttributeHash', ''),
(34, 'task/editAttributeHash', ''),
(35, 'task/deleteAttributeHash', ''),
(36, 'task/deleteLinkToDoc', ''),
(37, 'document/index', 'Документы'),
(38, 'document/add', 'Документ/Добавить документ'),
(39, 'document/edit', 'Редактировать документ'),
(40, 'document/delete', 'Документ/Удалить документ'),
(41, 'document/addFolder', 'Документ/Добавить папку'),
(42, 'document/editFolder', ''),
(43, 'document/deleteFolder', 'Удалить папку'),
(44, 'document/addAttributeType', 'Документ/Добавить тип атрибута для документов'),
(45, 'document/editAttributeType', ''),
(46, 'document/deleteAttributeType', ''),
(47, 'document/addAttributeHash', 'Документ/Добавить атрибут к документу'),
(48, 'document/editAttributeHash', ''),
(49, 'document/deleteAttributeHash', ''),
(50, 'discussion/index', 'Обсуждение/Обсуждения'),
(51, 'discussion/add', 'Обсуждения/Добавить комментарий'),
(52, 'discussion/edit', 'Обсуждение/Редактировать комментарий'),
(53, 'discussion/delete', 'Обсуждение/Удалить комментарий'),
(54, 'discussion/addTopic', 'Обсуждение/Добавить тему'),
(55, 'discussion/editTopic', 'Обсуждение/Редактировать тему'),
(56, 'discussion/deleteTopic', 'Обсуждение/Удалить тему'),
(57, 'files/', ''),
(58, 'reposrts', 'Отчеты'),
(59, 'user/showRoleAcl', ''),
(60, 'reports/index', ''),
(61, 'task/showAcl', ''),
(62, 'document/showAcl', ''),
(63, 'discussion/showAcl', 'Обсуждение/Назначить права на обсуждения'),
(64, 'reports/generateReport', ''),
(65, 'reports/showDesigner', ''),
(66, 'task/showDiscussion', ''),
(67, 'user/addAttributeType', ''),
(68, 'user/editAttributeType', ''),
(69, 'user/deleteAttributeType', ''),
(70, 'user/addAttributeHash', ''),
(71, 'user/editAttributeHash', ''),
(72, 'user/deleteAttributeHash', ''),
(73, 'task/view', ''),
(74, 'document/view', ''),
(75, 'document/showDiscussion', ''),
(76, 'task/showTaskBlock', 'Проекты/Показать список задач'),
(77, 'reports/showTaskBlock', 'Аналитика/Показать блок задач'),
(78, 'reports/print', 'Аналитика/Печать'),
(79, 'task/viewHash', 'Проекты/Показать список атрибутов'),
(80, 'task/viewAttributeType', 'Проекты/Показать типы атрибутов'),
(81, 'document/viewAttributeType', 'Документы/Показать типы атрибутов'),
(82, 'user/viewAttributeType', 'Пользователи/Показать типы атрибутов'),
(83, 'document/viewHash', 'Документы/Показать список атрибутов'),
(84, 'user/viewHash', 'Пользователи/Показать список атрибутов'),
(85, 'user/viewResource', 'Пользователи/Показать ресурсы'),
(86, 'index/showTaskBlock', 'Главная/Показать блок задач'),
(87, 'task/archive', 'Проекты/Архив'),
(88, 'task/toArchive', 'Проекты/В архив'),
(89, 'task/fromArchive', 'Проекты/Из архива'),
(90, 'task/showArchiveBlock', 'Проекты/Просмотреть архив'),
(91, 'task/info', 'Проекты/Показать информацию о задаче');

-- --------------------------------------------------------

--
-- Структура таблицы `tm_user_role`
--

DROP TABLE IF EXISTS `tm_user_role`;
CREATE TABLE IF NOT EXISTS `tm_user_role` (
  `id` int(10) unsigned NOT NULL AUTO_INCREMENT,
  `title` varchar(32) NOT NULL,
  `rtitle` varchar(255) NOT NULL,
  PRIMARY KEY (`id`)
) ENGINE=InnoDB  DEFAULT CHARSET=utf8 AUTO_INCREMENT=11 ;

--
-- Дамп данных таблицы `tm_user_role`
--

INSERT INTO `tm_user_role` (`id`, `title`, `rtitle`) VALUES
(1, 'admin', 'Администратор'),
(3, 'chief', 'Руководитель'),
(4, 'manager', 'Исполнитель'),
(5, 'guest', 'Гость'),
(7, 'client', 'Клиент'),
(8, 'subcontractor', 'Субподрядчик'),
(9, 'responsible', 'Ответственный'),
(10, 'operator', 'Оператор');

--
-- Ограничения внешнего ключа сохраненных таблиц
--

--
-- Ограничения внешнего ключа таблицы `tm_acl_discussion`
--
ALTER TABLE `tm_acl_discussion`
  ADD CONSTRAINT `tm_acl_discussion_ibfk_1` FOREIGN KEY (`user_id`) REFERENCES `tm_user` (`id`) ON DELETE CASCADE ON UPDATE CASCADE,
  ADD CONSTRAINT `tm_acl_discussion_ibfk_2` FOREIGN KEY (`discussion_id`) REFERENCES `tm_discussion` (`id`) ON DELETE CASCADE ON UPDATE CASCADE;

--
-- Ограничения внешнего ключа таблицы `tm_acl_document`
--
ALTER TABLE `tm_acl_document`
  ADD CONSTRAINT `tm_acl_document_ibfk_1` FOREIGN KEY (`user_id`) REFERENCES `tm_user` (`id`) ON DELETE CASCADE ON UPDATE CASCADE,
  ADD CONSTRAINT `tm_acl_document_ibfk_2` FOREIGN KEY (`document_id`) REFERENCES `tm_document` (`id`) ON DELETE CASCADE ON UPDATE CASCADE;

--
-- Ограничения внешнего ключа таблицы `tm_acl_role`
--
ALTER TABLE `tm_acl_role`
  ADD CONSTRAINT `tm_acl_role_ibfk_1` FOREIGN KEY (`tm_user_role_id`) REFERENCES `tm_user_role` (`id`) ON DELETE CASCADE ON UPDATE CASCADE,
  ADD CONSTRAINT `tm_acl_role_ibfk_2` FOREIGN KEY (`tm_user_resource_id`) REFERENCES `tm_user_resource` (`id`) ON DELETE CASCADE ON UPDATE CASCADE;

--
-- Ограничения внешнего ключа таблицы `tm_acl_task`
--
ALTER TABLE `tm_acl_task`
  ADD CONSTRAINT `tm_acl_task_ibfk_1` FOREIGN KEY (`user_id`) REFERENCES `tm_user` (`id`) ON DELETE CASCADE ON UPDATE CASCADE,
  ADD CONSTRAINT `tm_acl_task_ibfk_2` FOREIGN KEY (`task_id`) REFERENCES `tm_task` (`id`) ON DELETE CASCADE ON UPDATE CASCADE;

--
-- Ограничения внешнего ключа таблицы `tm_discussion`
--
ALTER TABLE `tm_discussion`
  ADD CONSTRAINT `tm_discussion_ibfk_1` FOREIGN KEY (`parent_id`) REFERENCES `tm_discussion` (`id`) ON DELETE CASCADE ON UPDATE CASCADE,
  ADD CONSTRAINT `tm_discussion_ibfk_2` FOREIGN KEY (`user_id`) REFERENCES `tm_user` (`id`) ON DELETE CASCADE ON UPDATE CASCADE,
  ADD CONSTRAINT `tm_discussion_ibfk_3` FOREIGN KEY (`topic_id`) REFERENCES `tm_discussion` (`id`) ON DELETE CASCADE ON UPDATE CASCADE,
  ADD CONSTRAINT `tm_discussion_ibfk_4` FOREIGN KEY (`to_user_id`) REFERENCES `tm_user` (`id`) ON DELETE CASCADE ON UPDATE CASCADE;

--
-- Ограничения внешнего ключа таблицы `tm_discussion_document`
--
ALTER TABLE `tm_discussion_document`
  ADD CONSTRAINT `tm_discussion_document_ibfk_1` FOREIGN KEY (`document_id`) REFERENCES `tm_document` (`id`) ON DELETE CASCADE ON UPDATE CASCADE,
  ADD CONSTRAINT `tm_discussion_document_ibfk_2` FOREIGN KEY (`discussion_id`) REFERENCES `tm_discussion` (`id`) ON DELETE CASCADE ON UPDATE CASCADE;

--
-- Ограничения внешнего ключа таблицы `tm_document`
--
ALTER TABLE `tm_document`
  ADD CONSTRAINT `tm_document_ibfk_1` FOREIGN KEY (`user_id`) REFERENCES `tm_user` (`id`) ON DELETE CASCADE ON UPDATE CASCADE,
  ADD CONSTRAINT `tm_document_ibfk_2` FOREIGN KEY (`parent_id`) REFERENCES `tm_document` (`id`) ON DELETE CASCADE ON UPDATE CASCADE;

--
-- Ограничения внешнего ключа таблицы `tm_document_attribute`
--
ALTER TABLE `tm_document_attribute`
  ADD CONSTRAINT `tm_document_attribute_ibfk_1` FOREIGN KEY (`document_id`) REFERENCES `tm_document` (`id`) ON DELETE CASCADE ON UPDATE CASCADE,
  ADD CONSTRAINT `tm_document_attribute_ibfk_2` FOREIGN KEY (`type_id`) REFERENCES `tm_document_attribute_type` (`id`) ON DELETE CASCADE ON UPDATE CASCADE;

--
-- Ограничения внешнего ключа таблицы `tm_document_hash`
--
ALTER TABLE `tm_document_hash`
  ADD CONSTRAINT `fk_tm_document_hash_tm_document1` FOREIGN KEY (`document_id`) REFERENCES `tm_document` (`id`) ON DELETE NO ACTION ON UPDATE NO ACTION,
  ADD CONSTRAINT `fk_tm_document_hash_tm_document_attribute_type1` FOREIGN KEY (`type_id`) REFERENCES `tm_document_attribute_type` (`id`) ON DELETE NO ACTION ON UPDATE NO ACTION;

--
-- Ограничения внешнего ключа таблицы `tm_task`
--
ALTER TABLE `tm_task`
  ADD CONSTRAINT `fk_tm_task_tm_user1` FOREIGN KEY (`user_id`) REFERENCES `tm_user` (`id`) ON DELETE NO ACTION ON UPDATE NO ACTION;

--
-- Ограничения внешнего ключа таблицы `tm_task_attribute`
--
ALTER TABLE `tm_task_attribute`
  ADD CONSTRAINT `tm_task_attribute_ibfk_1` FOREIGN KEY (`task_id`) REFERENCES `tm_task` (`id`) ON DELETE CASCADE ON UPDATE CASCADE,
  ADD CONSTRAINT `tm_task_attribute_ibfk_2` FOREIGN KEY (`type_id`) REFERENCES `tm_task_attribute_type` (`id`) ON DELETE CASCADE ON UPDATE CASCADE;

--
-- Ограничения внешнего ключа таблицы `tm_task_discussion`
--
ALTER TABLE `tm_task_discussion`
  ADD CONSTRAINT `tm_task_discussion_ibfk_1` FOREIGN KEY (`task_id`) REFERENCES `tm_task` (`id`) ON DELETE CASCADE ON UPDATE CASCADE,
  ADD CONSTRAINT `tm_task_discussion_ibfk_2` FOREIGN KEY (`discussion_id`) REFERENCES `tm_discussion` (`id`) ON DELETE CASCADE ON UPDATE CASCADE;

--
-- Ограничения внешнего ключа таблицы `tm_task_document`
--
ALTER TABLE `tm_task_document`
  ADD CONSTRAINT `tm_task_document_ibfk_1` FOREIGN KEY (`task_id`) REFERENCES `tm_task` (`id`) ON DELETE CASCADE ON UPDATE CASCADE,
  ADD CONSTRAINT `tm_task_document_ibfk_2` FOREIGN KEY (`document_id`) REFERENCES `tm_document` (`id`) ON DELETE CASCADE ON UPDATE CASCADE;

--
-- Ограничения внешнего ключа таблицы `tm_task_hash`
--
ALTER TABLE `tm_task_hash`
  ADD CONSTRAINT `fk_tm_task_hash_tm_task1` FOREIGN KEY (`task_id`) REFERENCES `tm_task` (`id`) ON DELETE NO ACTION ON UPDATE NO ACTION,
  ADD CONSTRAINT `fk_tm_task_hash_tm_task_attribute_type1` FOREIGN KEY (`type_id`) REFERENCES `tm_task_attribute_type` (`id`) ON DELETE NO ACTION ON UPDATE NO ACTION;

--
-- Ограничения внешнего ключа таблицы `tm_task_relation`
--
ALTER TABLE `tm_task_relation`
  ADD CONSTRAINT `tm_task_relation_ibfk_1` FOREIGN KEY (`parent_id`) REFERENCES `tm_task` (`id`) ON DELETE CASCADE ON UPDATE CASCADE,
  ADD CONSTRAINT `tm_task_relation_ibfk_2` FOREIGN KEY (`child_id`) REFERENCES `tm_task` (`id`) ON DELETE CASCADE ON UPDATE CASCADE;

--
-- Ограничения внешнего ключа таблицы `tm_user`
--
ALTER TABLE `tm_user`
  ADD CONSTRAINT `tm_user_ibfk_1` FOREIGN KEY (`role_id`) REFERENCES `tm_user_role` (`id`);

--
-- Ограничения внешнего ключа таблицы `tm_user_attribute`
--
ALTER TABLE `tm_user_attribute`
  ADD CONSTRAINT `tm_user_attribute_ibfk_1` FOREIGN KEY (`user_id`) REFERENCES `tm_user` (`id`) ON DELETE CASCADE ON UPDATE CASCADE,
  ADD CONSTRAINT `tm_user_attribute_ibfk_2` FOREIGN KEY (`type_id`) REFERENCES `tm_user_attribute_type` (`id`) ON DELETE CASCADE ON UPDATE CASCADE;

--
-- Ограничения внешнего ключа таблицы `tm_user_hash`
--
ALTER TABLE `tm_user_hash`
  ADD CONSTRAINT `tm_user_hash_ibfk_1` FOREIGN KEY (`type_id`) REFERENCES `tm_user_attribute_type` (`id`) ON DELETE CASCADE ON UPDATE CASCADE;

--
-- Ограничения внешнего ключа таблицы `tm_user_profile`
--
ALTER TABLE `tm_user_profile`
  ADD CONSTRAINT `fk_tm_user_profile_tm_user1` FOREIGN KEY (`user_id`) REFERENCES `tm_user` (`id`) ON DELETE NO ACTION ON UPDATE NO ACTION;
SET FOREIGN_KEY_CHECKS=1;
COMMIT;

/*!40101 SET CHARACTER_SET_CLIENT=@OLD_CHARACTER_SET_CLIENT */;
/*!40101 SET CHARACTER_SET_RESULTS=@OLD_CHARACTER_SET_RESULTS */;
/*!40101 SET COLLATION_CONNECTION=@OLD_COLLATION_CONNECTION */;
