-- phpMyAdmin SQL Dump
-- version 3.5.5
-- http://www.phpmyadmin.net
--
-- Хост: localhost
-- Время создания: Окт 02 2013 г., 17:44
-- Версия сервера: 5.1.58
-- Версия PHP: 5.3.18

SET FOREIGN_KEY_CHECKS=0;
SET SQL_MODE="NO_AUTO_VALUE_ON_ZERO";
SET AUTOCOMMIT=0;
START TRANSACTION;
SET time_zone = "+00:00";


/*!40101 SET @OLD_CHARACTER_SET_CLIENT=@@CHARACTER_SET_CLIENT */;
/*!40101 SET @OLD_CHARACTER_SET_RESULTS=@@CHARACTER_SET_RESULTS */;
/*!40101 SET @OLD_COLLATION_CONNECTION=@@COLLATION_CONNECTION */;
/*!40101 SET NAMES utf8 */;

--
-- База данных: `cl71252_tm`
--

-- --------------------------------------------------------

--
-- Структура таблицы `tm_acl_discussion`
--

DROP TABLE IF EXISTS `tm_acl_discussion`;
CREATE TABLE IF NOT EXISTS `tm_acl_discussion` (
  `user_id` int(10) unsigned NOT NULL,
  `discussion_id` int(10) unsigned NOT NULL,
  `is_read` tinyint(1) NOT NULL DEFAULT '0',
  `is_write` tinyint(1) NOT NULL DEFAULT '0',
  PRIMARY KEY (`user_id`,`discussion_id`),
  KEY `fk_tm_acl_discussion_tm_discussion1` (`discussion_id`),
  KEY `fk_tm_acl_discussion_tm_user1` (`user_id`)
) ENGINE=InnoDB DEFAULT CHARSET=utf8;

--
-- Дамп данных таблицы `tm_acl_discussion`
--

INSERT INTO `tm_acl_discussion` (`user_id`, `discussion_id`, `is_read`, `is_write`) VALUES
(1, 191, 1, 1),
(1, 200, 1, 1),
(1, 201, 1, 1),
(1, 208, 1, 1),
(1, 210, 1, 1),
(1, 211, 1, 1),
(1, 212, 1, 1),
(1, 213, 1, 1),
(1, 214, 1, 1),
(1, 215, 1, 1),
(1, 217, 1, 1),
(1, 218, 1, 1),
(1, 219, 1, 1),
(1, 220, 1, 1),
(1, 221, 1, 1),
(1, 222, 1, 1),
(1, 223, 1, 1),
(1, 224, 1, 1),
(1, 225, 1, 1),
(1, 226, 1, 1),
(1, 227, 1, 1),
(1, 228, 1, 1),
(1, 229, 1, 1),
(1, 230, 1, 1),
(1, 231, 1, 1),
(1, 232, 1, 1),
(1, 233, 1, 1),
(1, 234, 1, 1),
(1, 235, 1, 1),
(1, 236, 1, 1),
(1, 237, 1, 1),
(1, 238, 1, 1),
(1, 239, 1, 1),
(1, 240, 1, 1),
(1, 241, 1, 1),
(1, 242, 1, 1),
(1, 243, 1, 1),
(1, 244, 1, 1),
(1, 245, 1, 1),
(1, 246, 1, 1),
(1, 247, 1, 1),
(1, 248, 1, 1),
(1, 249, 1, 1),
(1, 250, 1, 1),
(1, 251, 1, 1),
(1, 252, 1, 1),
(1, 253, 1, 1),
(1, 254, 1, 1),
(1, 255, 1, 1),
(1, 256, 1, 1),
(1, 257, 1, 1),
(1, 258, 1, 1),
(1, 259, 1, 1),
(1, 260, 1, 1),
(1, 261, 1, 1),
(1, 262, 1, 1),
(1, 263, 1, 1),
(1, 264, 1, 1),
(1, 265, 1, 1),
(1, 266, 1, 1),
(1, 267, 0, 0),
(1, 268, 0, 0),
(1, 269, 0, 0),
(1, 270, 0, 0),
(1, 271, 0, 0),
(1, 272, 0, 0),
(1, 273, 0, 0),
(1, 274, 1, 1),
(1, 275, 1, 1),
(1, 276, 1, 1),
(1, 278, 1, 1),
(1, 279, 0, 0),
(1, 280, 0, 0),
(1, 281, 0, 0),
(1, 282, 0, 0),
(1, 283, 0, 0),
(1, 284, 0, 0),
(1, 285, 0, 0),
(1, 286, 0, 0),
(1, 287, 0, 0),
(1, 288, 0, 0),
(1, 289, 0, 0),
(1, 290, 0, 0),
(1, 291, 0, 0),
(1, 292, 0, 0),
(1, 293, 0, 0),
(1, 294, 0, 0),
(1, 295, 0, 0),
(1, 296, 1, 1),
(1, 297, 0, 0),
(1, 298, 0, 0),
(1, 299, 0, 0),
(1, 300, 0, 0),
(1, 301, 0, 0),
(1, 302, 0, 0),
(1, 303, 0, 0),
(1, 304, 0, 0),
(1, 305, 0, 0),
(1, 306, 0, 0),
(1, 307, 0, 0),
(1, 308, 0, 0),
(1, 309, 0, 0),
(1, 310, 0, 0),
(1, 311, 0, 0),
(1, 312, 0, 0),
(1, 313, 0, 0),
(1, 314, 1, 1),
(1, 315, 1, 1),
(1, 316, 0, 0),
(1, 317, 0, 0),
(1, 319, 1, 1),
(1, 320, 1, 1),
(1, 321, 0, 0),
(1, 322, 0, 0),
(1, 323, 0, 0),
(1, 324, 0, 0),
(1, 325, 0, 0),
(1, 326, 0, 0),
(1, 327, 0, 0),
(1, 328, 0, 0),
(1, 329, 0, 0),
(1, 330, 0, 0),
(1, 331, 0, 0),
(1, 332, 0, 0),
(1, 333, 1, 1),
(1, 334, 0, 0),
(1, 335, 0, 0),
(1, 336, 0, 0),
(1, 337, 0, 0),
(1, 338, 0, 0),
(1, 339, 0, 0),
(1, 340, 0, 0),
(1, 341, 0, 0),
(1, 342, 0, 0),
(1, 343, 0, 0),
(1, 344, 0, 0),
(1, 345, 0, 0),
(1, 346, 1, 1),
(1, 347, 1, 1),
(1, 348, 1, 1),
(1, 349, 1, 1),
(1, 350, 1, 1),
(1, 351, 1, 1),
(1, 352, 0, 0),
(1, 353, 0, 0),
(1, 354, 0, 0),
(1, 355, 1, 1),
(1, 356, 0, 0),
(1, 357, 0, 0),
(5, 191, 1, 1),
(5, 200, 1, 1),
(5, 201, 1, 1),
(5, 208, 1, 1),
(5, 210, 1, 1),
(5, 211, 1, 1),
(5, 212, 1, 1),
(5, 213, 1, 1),
(5, 214, 1, 1),
(5, 215, 1, 1),
(5, 217, 1, 1),
(5, 218, 1, 1),
(5, 219, 1, 1),
(5, 220, 1, 1),
(5, 221, 1, 1),
(5, 222, 1, 1),
(5, 223, 1, 1),
(5, 224, 1, 1),
(5, 225, 1, 1),
(5, 226, 1, 1),
(5, 227, 1, 1),
(5, 228, 1, 1),
(5, 229, 1, 1),
(5, 230, 1, 1),
(5, 231, 1, 1),
(5, 232, 1, 1),
(5, 233, 1, 1),
(5, 234, 1, 1),
(5, 235, 1, 1),
(5, 236, 1, 1),
(5, 237, 1, 1),
(5, 238, 1, 1),
(5, 239, 1, 1),
(5, 240, 1, 1),
(5, 241, 1, 1),
(5, 242, 1, 1),
(5, 243, 1, 1),
(5, 244, 1, 1),
(5, 245, 1, 1),
(5, 246, 1, 1),
(5, 247, 1, 1),
(5, 248, 1, 1),
(5, 249, 1, 1),
(5, 250, 1, 1),
(5, 251, 1, 1),
(5, 252, 1, 1),
(5, 253, 1, 1),
(5, 254, 1, 1),
(5, 255, 1, 1),
(5, 256, 1, 1),
(5, 257, 1, 1),
(5, 258, 1, 1),
(5, 259, 1, 1),
(5, 260, 1, 1),
(5, 261, 1, 1),
(5, 262, 1, 1),
(5, 263, 1, 1),
(5, 264, 1, 1),
(5, 265, 1, 1),
(5, 266, 0, 0),
(5, 267, 0, 0),
(5, 268, 0, 0),
(5, 269, 0, 0),
(5, 270, 0, 0),
(5, 271, 0, 0),
(5, 272, 0, 0),
(5, 273, 0, 0),
(5, 274, 1, 1),
(5, 275, 1, 1),
(5, 276, 1, 1),
(5, 278, 1, 1),
(5, 279, 0, 0),
(5, 280, 0, 0),
(5, 281, 0, 0),
(5, 282, 0, 0),
(5, 283, 0, 0),
(5, 284, 0, 0),
(5, 285, 0, 0),
(5, 286, 0, 0),
(5, 287, 0, 0),
(5, 288, 0, 0),
(5, 289, 0, 0),
(5, 290, 0, 0),
(5, 291, 0, 0),
(5, 292, 0, 0),
(5, 293, 0, 0),
(5, 294, 0, 0),
(5, 295, 0, 0),
(5, 296, 1, 1),
(5, 297, 0, 0),
(5, 298, 0, 0),
(5, 299, 0, 0),
(5, 300, 0, 0),
(5, 301, 0, 0),
(5, 302, 0, 0),
(5, 303, 0, 0),
(5, 304, 0, 0),
(5, 305, 0, 0),
(5, 306, 0, 0),
(5, 307, 0, 0),
(5, 308, 0, 0),
(5, 309, 0, 0),
(5, 310, 0, 0),
(5, 311, 0, 0),
(5, 312, 0, 0),
(5, 313, 0, 0),
(5, 314, 1, 1),
(5, 315, 1, 1),
(5, 316, 0, 0),
(5, 317, 0, 0),
(5, 319, 1, 1),
(5, 320, 1, 1),
(5, 321, 0, 0),
(5, 322, 0, 0),
(5, 323, 0, 0),
(5, 324, 0, 0),
(5, 325, 0, 0),
(5, 326, 0, 0),
(5, 327, 0, 0),
(5, 328, 0, 0),
(5, 329, 0, 0),
(5, 330, 0, 0),
(5, 331, 0, 0),
(5, 332, 0, 0),
(5, 333, 0, 0),
(5, 334, 0, 0),
(5, 335, 0, 0),
(5, 336, 0, 0),
(5, 337, 0, 0),
(5, 338, 0, 0),
(5, 339, 0, 0),
(5, 340, 0, 0),
(5, 341, 0, 0),
(5, 342, 0, 0),
(5, 343, 0, 0),
(5, 344, 0, 0),
(5, 345, 0, 0),
(5, 346, 1, 1),
(5, 347, 1, 1),
(5, 348, 1, 1),
(5, 349, 1, 1),
(5, 350, 0, 0),
(5, 351, 1, 1),
(5, 352, 0, 0),
(5, 353, 0, 0),
(5, 354, 0, 0),
(5, 355, 0, 0),
(5, 356, 0, 0),
(5, 357, 0, 0),
(7, 191, 1, 1),
(7, 200, 1, 1),
(7, 201, 1, 1),
(7, 208, 1, 1),
(7, 210, 1, 1),
(7, 211, 1, 1),
(7, 212, 1, 1),
(7, 213, 1, 1),
(7, 214, 1, 1),
(7, 215, 1, 1),
(7, 217, 1, 1),
(7, 218, 1, 1),
(7, 219, 1, 1),
(7, 220, 1, 1),
(7, 221, 1, 1),
(7, 222, 1, 1),
(7, 223, 1, 1),
(7, 224, 1, 1),
(7, 225, 1, 1),
(7, 226, 1, 1),
(7, 227, 1, 1),
(7, 228, 1, 1),
(7, 229, 1, 1),
(7, 230, 1, 1),
(7, 231, 1, 1),
(7, 232, 1, 1),
(7, 233, 1, 1),
(7, 234, 1, 1),
(7, 235, 1, 1),
(7, 236, 1, 1),
(7, 237, 1, 1),
(7, 238, 1, 1),
(7, 239, 1, 1),
(7, 240, 1, 1),
(7, 241, 1, 1),
(7, 242, 1, 1),
(7, 243, 1, 1),
(7, 244, 1, 1),
(7, 245, 1, 1),
(7, 246, 1, 1),
(7, 247, 1, 1),
(7, 248, 1, 1),
(7, 249, 1, 1),
(7, 250, 1, 1),
(7, 251, 1, 1),
(7, 252, 1, 1),
(7, 253, 1, 1),
(7, 254, 1, 1),
(7, 255, 1, 1),
(7, 256, 1, 1),
(7, 257, 1, 1),
(7, 258, 1, 1),
(7, 259, 1, 1),
(7, 260, 1, 1),
(7, 261, 1, 1),
(7, 262, 1, 1),
(7, 263, 1, 1),
(7, 264, 1, 1),
(7, 265, 1, 1),
(7, 266, 0, 0),
(7, 267, 0, 0),
(7, 268, 0, 0),
(7, 269, 0, 0),
(7, 270, 0, 0),
(7, 271, 0, 0),
(7, 272, 0, 0),
(7, 273, 0, 0),
(7, 274, 1, 1),
(7, 275, 1, 1),
(7, 276, 1, 1),
(7, 278, 1, 1),
(7, 279, 0, 0),
(7, 280, 0, 0),
(7, 281, 0, 0),
(7, 282, 0, 0),
(7, 283, 0, 0),
(7, 284, 0, 0),
(7, 285, 0, 0),
(7, 286, 0, 0),
(7, 287, 0, 0),
(7, 288, 0, 0),
(7, 289, 0, 0),
(7, 290, 0, 0),
(7, 291, 0, 0),
(7, 292, 0, 0),
(7, 293, 0, 0),
(7, 294, 0, 0),
(7, 295, 0, 0),
(7, 296, 1, 1),
(7, 297, 0, 0),
(7, 298, 0, 0),
(7, 299, 0, 0),
(7, 300, 0, 0),
(7, 301, 0, 0),
(7, 302, 0, 0),
(7, 303, 0, 0),
(7, 304, 0, 0),
(7, 305, 0, 0),
(7, 306, 0, 0),
(7, 307, 0, 0),
(7, 308, 0, 0),
(7, 309, 0, 0),
(7, 310, 0, 0),
(7, 311, 0, 0),
(7, 312, 0, 0),
(7, 313, 0, 0),
(7, 314, 1, 1),
(7, 315, 1, 1),
(7, 316, 0, 0),
(7, 317, 0, 0),
(7, 319, 1, 1),
(7, 320, 1, 1),
(7, 321, 0, 0),
(7, 322, 0, 0),
(7, 323, 0, 0),
(7, 324, 0, 0),
(7, 325, 0, 0),
(7, 326, 0, 0),
(7, 327, 0, 0),
(7, 328, 0, 0),
(7, 329, 0, 0),
(7, 330, 0, 0),
(7, 331, 0, 0),
(7, 332, 0, 0),
(7, 333, 0, 0),
(7, 334, 0, 0),
(7, 335, 0, 0),
(7, 336, 0, 0),
(7, 337, 0, 0),
(7, 338, 0, 0),
(7, 339, 0, 0),
(7, 340, 0, 0),
(7, 341, 0, 0),
(7, 342, 0, 0),
(7, 343, 0, 0),
(7, 344, 0, 0),
(7, 345, 0, 0),
(7, 346, 0, 0),
(7, 347, 0, 0),
(7, 348, 0, 0),
(7, 349, 0, 0),
(7, 350, 0, 0),
(7, 351, 0, 0),
(7, 352, 0, 0),
(7, 353, 0, 0),
(7, 354, 0, 0),
(7, 355, 0, 0),
(7, 356, 0, 0),
(7, 357, 0, 0),
(8, 191, 1, 1),
(8, 200, 1, 1),
(8, 201, 1, 1),
(8, 208, 1, 1),
(8, 210, 1, 1),
(8, 211, 1, 1),
(8, 212, 1, 1),
(8, 213, 1, 1),
(8, 214, 1, 1),
(8, 215, 1, 1),
(8, 217, 1, 1),
(8, 218, 1, 1),
(8, 219, 1, 1),
(8, 220, 1, 1),
(8, 221, 1, 1),
(8, 222, 1, 1),
(8, 223, 1, 1),
(8, 224, 1, 1),
(8, 225, 1, 1),
(8, 226, 1, 1),
(8, 227, 1, 1),
(8, 228, 1, 1),
(8, 229, 1, 1),
(8, 230, 1, 1),
(8, 231, 1, 1),
(8, 232, 1, 1),
(8, 233, 1, 1),
(8, 234, 1, 1),
(8, 235, 1, 1),
(8, 236, 1, 1),
(8, 237, 1, 1),
(8, 238, 1, 1),
(8, 239, 1, 1),
(8, 240, 1, 1),
(8, 241, 1, 1),
(8, 242, 1, 1),
(8, 243, 1, 1),
(8, 244, 1, 1),
(8, 245, 1, 1),
(8, 246, 1, 1),
(8, 247, 1, 1),
(8, 248, 1, 1),
(8, 249, 1, 1),
(8, 250, 1, 1),
(8, 251, 1, 1),
(8, 252, 1, 1),
(8, 253, 1, 1),
(8, 254, 1, 1),
(8, 255, 1, 1),
(8, 256, 1, 1),
(8, 257, 1, 1),
(8, 258, 1, 1),
(8, 259, 1, 1),
(8, 260, 1, 1),
(8, 261, 1, 1),
(8, 262, 1, 1),
(8, 263, 1, 1),
(8, 264, 1, 1),
(8, 265, 1, 1),
(8, 266, 0, 0),
(8, 267, 0, 0),
(8, 268, 0, 0),
(8, 269, 0, 0),
(8, 270, 0, 0),
(8, 271, 0, 0),
(8, 272, 0, 0),
(8, 273, 0, 0),
(8, 274, 1, 1),
(8, 275, 1, 1),
(8, 276, 1, 1),
(8, 278, 1, 1),
(8, 279, 0, 0),
(8, 280, 0, 0),
(8, 281, 0, 0),
(8, 282, 0, 0),
(8, 283, 0, 0),
(8, 284, 0, 0),
(8, 285, 0, 0),
(8, 286, 0, 0),
(8, 287, 0, 0),
(8, 288, 0, 0),
(8, 289, 0, 0),
(8, 290, 0, 0),
(8, 291, 0, 0),
(8, 292, 0, 0),
(8, 293, 0, 0),
(8, 294, 0, 0),
(8, 295, 0, 0),
(8, 296, 1, 1),
(8, 297, 0, 0),
(8, 298, 0, 0),
(8, 299, 0, 0),
(8, 300, 0, 0),
(8, 301, 0, 0),
(8, 302, 0, 0),
(8, 303, 0, 0),
(8, 304, 0, 0),
(8, 305, 0, 0),
(8, 306, 0, 0),
(8, 307, 0, 0),
(8, 308, 0, 0),
(8, 309, 0, 0),
(8, 310, 0, 0),
(8, 311, 0, 0),
(8, 312, 0, 0),
(8, 313, 0, 0),
(8, 314, 1, 1),
(8, 315, 1, 1),
(8, 316, 0, 0),
(8, 317, 0, 0),
(8, 319, 1, 1),
(8, 320, 1, 1),
(8, 321, 0, 0),
(8, 322, 0, 0),
(8, 323, 0, 0),
(8, 324, 0, 0),
(8, 325, 0, 0),
(8, 326, 0, 0),
(8, 327, 0, 0),
(8, 328, 0, 0),
(8, 329, 0, 0),
(8, 330, 0, 0),
(8, 331, 0, 0),
(8, 332, 0, 0),
(8, 333, 0, 0),
(8, 334, 0, 0),
(8, 335, 0, 0),
(8, 336, 0, 0),
(8, 337, 0, 0),
(8, 338, 0, 0),
(8, 339, 0, 0),
(8, 340, 0, 0),
(8, 341, 0, 0),
(8, 342, 0, 0),
(8, 343, 0, 0),
(8, 344, 0, 0),
(8, 345, 0, 0),
(8, 346, 0, 0),
(8, 347, 0, 0),
(8, 348, 0, 0),
(8, 349, 0, 0),
(8, 350, 0, 0),
(8, 351, 0, 0),
(8, 352, 0, 0),
(8, 353, 0, 0),
(8, 354, 0, 0),
(8, 355, 0, 0),
(8, 356, 0, 0),
(8, 357, 0, 0),
(9, 191, 1, 1),
(9, 200, 1, 1),
(9, 201, 1, 1),
(9, 208, 1, 1),
(9, 210, 1, 1),
(9, 211, 1, 1),
(9, 212, 1, 1),
(9, 213, 1, 1),
(9, 214, 1, 1),
(9, 215, 1, 1),
(9, 217, 1, 1),
(9, 218, 1, 1),
(9, 219, 1, 1),
(9, 220, 1, 1),
(9, 221, 1, 1),
(9, 222, 1, 1),
(9, 223, 1, 1),
(9, 224, 1, 1),
(9, 225, 1, 1),
(9, 226, 1, 1),
(9, 227, 1, 1),
(9, 228, 1, 1),
(9, 229, 1, 1),
(9, 230, 1, 1),
(9, 231, 1, 1),
(9, 232, 1, 1),
(9, 233, 1, 1),
(9, 234, 1, 1),
(9, 235, 1, 1),
(9, 236, 1, 1),
(9, 237, 1, 1),
(9, 238, 1, 1),
(9, 239, 1, 1),
(9, 240, 1, 1),
(9, 241, 1, 1),
(9, 242, 1, 1),
(9, 243, 1, 1),
(9, 244, 1, 1),
(9, 245, 1, 1),
(9, 246, 1, 1),
(9, 247, 1, 1),
(9, 248, 1, 1),
(9, 249, 1, 1),
(9, 250, 1, 1),
(9, 251, 1, 1),
(9, 252, 1, 1),
(9, 253, 1, 1),
(9, 254, 1, 1),
(9, 255, 1, 1),
(9, 256, 1, 1),
(9, 257, 1, 1),
(9, 258, 1, 1),
(9, 259, 1, 1),
(9, 260, 1, 1),
(9, 261, 1, 1),
(9, 262, 1, 1),
(9, 263, 1, 1),
(9, 264, 1, 1),
(9, 265, 1, 1),
(9, 266, 0, 0),
(9, 267, 0, 0),
(9, 268, 0, 0),
(9, 269, 0, 0),
(9, 270, 0, 0),
(9, 271, 0, 0),
(9, 272, 0, 0),
(9, 273, 0, 0),
(9, 274, 1, 1),
(9, 275, 1, 1),
(9, 276, 1, 1),
(9, 278, 1, 1),
(9, 279, 0, 0),
(9, 280, 0, 0),
(9, 281, 0, 0),
(9, 282, 0, 0),
(9, 283, 0, 0),
(9, 284, 0, 0),
(9, 285, 0, 0),
(9, 286, 0, 0),
(9, 287, 0, 0),
(9, 288, 0, 0),
(9, 289, 0, 0),
(9, 290, 0, 0),
(9, 291, 0, 0),
(9, 292, 0, 0),
(9, 293, 0, 0),
(9, 294, 0, 0),
(9, 295, 0, 0),
(9, 296, 1, 1),
(9, 297, 0, 0),
(9, 298, 0, 0),
(9, 299, 0, 0),
(9, 300, 0, 0),
(9, 301, 0, 0),
(9, 302, 0, 0),
(9, 303, 0, 0),
(9, 304, 0, 0),
(9, 305, 0, 0),
(9, 306, 0, 0),
(9, 307, 0, 0),
(9, 308, 0, 0),
(9, 309, 0, 0),
(9, 310, 0, 0),
(9, 311, 0, 0),
(9, 312, 0, 0),
(9, 313, 0, 0),
(9, 314, 1, 1),
(9, 315, 1, 1),
(9, 316, 0, 0),
(9, 317, 0, 0),
(9, 319, 1, 1),
(9, 320, 1, 1),
(9, 321, 0, 0),
(9, 322, 0, 0),
(9, 323, 0, 0),
(9, 324, 0, 0),
(9, 325, 0, 0),
(9, 326, 0, 0),
(9, 327, 0, 0),
(9, 328, 0, 0),
(9, 329, 0, 0),
(9, 330, 0, 0),
(9, 331, 0, 0),
(9, 332, 0, 0),
(9, 333, 1, 1),
(9, 334, 0, 0),
(9, 335, 0, 0),
(9, 336, 0, 0),
(9, 337, 0, 0),
(9, 338, 0, 0),
(9, 339, 0, 0),
(9, 340, 0, 0),
(9, 341, 0, 0),
(9, 342, 0, 0),
(9, 343, 0, 0),
(9, 344, 0, 0),
(9, 345, 0, 0),
(9, 346, 1, 1),
(9, 347, 1, 1),
(9, 348, 1, 1),
(9, 349, 1, 1),
(9, 350, 1, 1),
(9, 351, 1, 1),
(9, 352, 1, 0),
(9, 353, 1, 1),
(9, 354, 1, 1),
(9, 355, 1, 1),
(9, 356, 0, 0),
(9, 357, 0, 0),
(10, 191, 1, 1),
(10, 200, 1, 1),
(10, 201, 1, 1),
(10, 208, 1, 1),
(10, 210, 1, 1),
(10, 211, 1, 1),
(10, 212, 1, 1),
(10, 213, 1, 1),
(10, 214, 1, 1),
(10, 215, 1, 1),
(10, 217, 1, 1),
(10, 218, 1, 1),
(10, 219, 1, 1),
(10, 220, 1, 1),
(10, 221, 1, 1),
(10, 222, 1, 1),
(10, 223, 1, 1),
(10, 224, 1, 1),
(10, 225, 1, 1),
(10, 226, 1, 1),
(10, 227, 1, 1),
(10, 228, 1, 1),
(10, 229, 1, 1),
(10, 230, 1, 1),
(10, 231, 1, 1),
(10, 232, 1, 1),
(10, 233, 1, 1),
(10, 234, 1, 1),
(10, 235, 1, 1),
(10, 236, 1, 1),
(10, 237, 1, 1),
(10, 238, 1, 1),
(10, 239, 1, 1),
(10, 240, 1, 1),
(10, 241, 1, 1),
(10, 242, 1, 1),
(10, 243, 1, 1),
(10, 244, 1, 1),
(10, 245, 1, 1),
(10, 246, 1, 1),
(10, 247, 1, 1),
(10, 248, 1, 1),
(10, 249, 1, 1),
(10, 250, 1, 1),
(10, 251, 1, 1),
(10, 252, 1, 1),
(10, 253, 1, 1),
(10, 254, 1, 1),
(10, 255, 1, 1),
(10, 256, 1, 1),
(10, 257, 1, 1),
(10, 258, 1, 1),
(10, 259, 1, 1),
(10, 260, 1, 1),
(10, 261, 1, 1),
(10, 262, 1, 1),
(10, 263, 1, 1),
(10, 264, 1, 1),
(10, 265, 1, 1),
(10, 266, 1, 1),
(10, 267, 0, 0),
(10, 268, 0, 0),
(10, 269, 0, 0),
(10, 270, 0, 0),
(10, 271, 0, 0),
(10, 272, 0, 0),
(10, 273, 0, 0),
(10, 274, 1, 1),
(10, 275, 1, 1),
(10, 276, 1, 1),
(10, 278, 1, 1),
(10, 279, 0, 0),
(10, 280, 0, 0),
(10, 281, 0, 0),
(10, 282, 0, 0),
(10, 283, 0, 0),
(10, 284, 0, 0),
(10, 285, 1, 1),
(10, 286, 0, 0),
(10, 287, 0, 0),
(10, 288, 0, 0),
(10, 289, 0, 0),
(10, 290, 0, 0),
(10, 291, 0, 0),
(10, 292, 0, 0),
(10, 293, 0, 0),
(10, 294, 0, 0),
(10, 295, 1, 1),
(10, 296, 1, 1),
(10, 297, 0, 0),
(10, 298, 0, 0),
(10, 299, 0, 0),
(10, 300, 0, 0),
(10, 301, 0, 0),
(10, 302, 0, 0),
(10, 303, 0, 0),
(10, 304, 0, 0),
(10, 305, 0, 0),
(10, 306, 0, 0),
(10, 307, 0, 0),
(10, 308, 0, 0),
(10, 309, 0, 0),
(10, 310, 0, 0),
(10, 311, 0, 0),
(10, 312, 0, 0),
(10, 313, 0, 0),
(10, 314, 1, 1),
(10, 315, 1, 1),
(10, 316, 0, 0),
(10, 317, 0, 0),
(10, 319, 1, 1),
(10, 320, 1, 1),
(10, 321, 0, 0),
(10, 322, 0, 0),
(10, 323, 0, 0),
(10, 324, 0, 0),
(10, 325, 0, 0),
(10, 326, 0, 0),
(10, 327, 0, 0),
(10, 328, 0, 0),
(10, 329, 0, 0),
(10, 330, 0, 0),
(10, 331, 1, 1),
(10, 332, 0, 0),
(10, 333, 1, 1),
(10, 334, 0, 0),
(10, 335, 0, 0),
(10, 336, 0, 0),
(10, 337, 0, 0),
(10, 338, 0, 0),
(10, 339, 1, 1),
(10, 340, 0, 0),
(10, 341, 1, 1),
(10, 342, 1, 1),
(10, 343, 0, 0),
(10, 344, 1, 1),
(10, 345, 1, 1),
(10, 346, 1, 1),
(10, 347, 1, 1),
(10, 348, 1, 1),
(10, 349, 1, 1),
(10, 350, 1, 1),
(10, 351, 1, 1),
(10, 352, 1, 1),
(10, 353, 1, 1),
(10, 354, 1, 1),
(10, 355, 1, 1),
(10, 356, 0, 0),
(10, 357, 0, 0),
(12, 191, 0, 0),
(12, 208, 1, 1),
(12, 210, 1, 1),
(12, 211, 1, 1),
(12, 212, 1, 1),
(12, 213, 1, 1),
(12, 214, 1, 1),
(12, 215, 1, 1),
(12, 217, 1, 1),
(12, 218, 1, 1),
(12, 219, 1, 1),
(12, 220, 1, 1),
(12, 221, 1, 1),
(12, 222, 1, 1),
(12, 223, 1, 1),
(12, 224, 1, 1),
(12, 225, 1, 1),
(12, 226, 1, 1),
(12, 227, 1, 1),
(12, 228, 1, 1),
(12, 229, 1, 1),
(12, 230, 1, 1),
(12, 231, 1, 1),
(12, 232, 1, 1),
(12, 233, 1, 1),
(12, 234, 1, 1),
(12, 235, 1, 1),
(12, 236, 1, 1),
(12, 237, 1, 1),
(12, 238, 1, 1),
(12, 239, 1, 1),
(12, 240, 1, 1),
(12, 241, 1, 1),
(12, 242, 1, 1),
(12, 243, 1, 1),
(12, 244, 1, 1),
(12, 245, 1, 1),
(12, 246, 1, 1),
(12, 247, 1, 1),
(12, 248, 1, 1),
(12, 249, 1, 1),
(12, 250, 1, 1),
(12, 251, 1, 1),
(12, 252, 1, 1),
(12, 253, 1, 1),
(12, 254, 1, 1),
(12, 255, 1, 1),
(12, 256, 1, 1),
(12, 257, 1, 1),
(12, 258, 1, 1),
(12, 259, 1, 1),
(12, 260, 1, 1),
(12, 261, 1, 1),
(12, 262, 1, 1),
(12, 263, 1, 1),
(12, 264, 1, 1),
(12, 265, 1, 1),
(12, 266, 1, 1),
(12, 267, 1, 1),
(12, 268, 0, 0),
(12, 269, 0, 0),
(12, 270, 0, 0),
(12, 271, 1, 1),
(12, 272, 0, 0),
(12, 273, 0, 0),
(12, 274, 1, 1),
(12, 275, 1, 1),
(12, 276, 1, 1),
(12, 278, 1, 1),
(12, 279, 0, 0),
(12, 280, 0, 0),
(12, 281, 1, 1),
(12, 282, 1, 1),
(12, 283, 1, 1),
(12, 284, 1, 1),
(12, 285, 1, 1),
(12, 286, 1, 1),
(12, 287, 1, 1),
(12, 288, 1, 1),
(12, 289, 1, 1),
(12, 290, 1, 1),
(12, 291, 1, 1),
(12, 292, 1, 1),
(12, 293, 1, 1),
(12, 294, 0, 0),
(12, 295, 1, 1),
(12, 296, 1, 1),
(12, 297, 0, 0),
(12, 298, 0, 0),
(12, 299, 1, 1),
(12, 300, 0, 0),
(12, 301, 0, 0),
(12, 302, 0, 0),
(12, 303, 1, 1),
(12, 304, 0, 0),
(12, 305, 0, 0),
(12, 306, 0, 0),
(12, 307, 0, 0),
(12, 308, 0, 0),
(12, 309, 0, 0),
(12, 310, 0, 0),
(12, 311, 0, 0),
(12, 312, 0, 0),
(12, 313, 0, 0),
(12, 314, 1, 1),
(12, 315, 1, 1),
(12, 316, 0, 0),
(12, 317, 0, 0),
(12, 319, 1, 1),
(12, 321, 0, 0),
(12, 322, 1, 1),
(12, 323, 1, 1),
(12, 324, 1, 1),
(12, 325, 0, 0),
(12, 326, 1, 1),
(12, 327, 1, 1),
(12, 328, 1, 1),
(12, 329, 1, 1),
(12, 330, 1, 1),
(12, 331, 1, 1),
(12, 332, 1, 1),
(12, 333, 1, 1),
(12, 334, 1, 1),
(12, 335, 1, 1),
(12, 336, 0, 0),
(12, 337, 1, 1),
(12, 338, 1, 1),
(12, 339, 1, 1),
(12, 340, 1, 1),
(12, 341, 1, 1),
(12, 342, 1, 1),
(12, 343, 0, 0),
(12, 344, 1, 1),
(12, 345, 1, 1),
(12, 346, 1, 1),
(12, 347, 1, 1),
(12, 348, 1, 1),
(12, 349, 1, 1),
(12, 350, 1, 1),
(12, 351, 1, 1),
(12, 352, 1, 1),
(12, 353, 1, 1),
(12, 354, 1, 1),
(12, 355, 1, 1),
(12, 356, 1, 1),
(12, 357, 1, 1),
(13, 208, 1, 1),
(13, 210, 1, 1),
(13, 211, 1, 1),
(13, 212, 1, 1),
(13, 213, 1, 1),
(13, 214, 1, 1),
(13, 215, 1, 1),
(13, 217, 1, 1),
(13, 218, 1, 1),
(13, 219, 1, 1),
(13, 220, 1, 1),
(13, 221, 1, 1),
(13, 222, 1, 1),
(13, 223, 1, 1),
(13, 224, 1, 1),
(13, 225, 1, 1),
(13, 226, 1, 1),
(13, 227, 1, 1),
(13, 228, 1, 1),
(13, 229, 1, 1),
(13, 230, 1, 1),
(13, 231, 1, 1),
(13, 232, 1, 1),
(13, 233, 1, 1),
(13, 234, 1, 1),
(13, 235, 1, 1),
(13, 236, 1, 1),
(13, 237, 1, 1),
(13, 238, 1, 1),
(13, 239, 1, 1),
(13, 240, 1, 1),
(13, 241, 1, 1),
(13, 242, 1, 1),
(13, 243, 1, 1),
(13, 244, 1, 1),
(13, 245, 1, 1),
(13, 246, 1, 1),
(13, 247, 1, 1),
(13, 248, 1, 1),
(13, 249, 1, 1),
(13, 250, 1, 1),
(13, 251, 1, 1),
(13, 252, 1, 1),
(13, 253, 1, 1),
(13, 254, 1, 1),
(13, 255, 1, 1),
(13, 256, 1, 1),
(13, 257, 1, 1),
(13, 258, 1, 1),
(13, 259, 1, 1),
(13, 260, 1, 1),
(13, 261, 1, 1),
(13, 262, 1, 1),
(13, 263, 1, 1),
(13, 264, 1, 1),
(13, 265, 1, 1),
(13, 266, 0, 0),
(13, 267, 0, 0),
(13, 268, 0, 0),
(13, 269, 0, 0),
(13, 270, 0, 0),
(13, 271, 0, 0),
(13, 272, 0, 0),
(13, 273, 0, 0),
(13, 274, 1, 1),
(13, 275, 1, 1),
(13, 276, 1, 1),
(13, 278, 1, 1),
(13, 279, 0, 0),
(13, 280, 0, 0),
(13, 281, 0, 0),
(13, 282, 0, 0),
(13, 283, 0, 0),
(13, 284, 0, 0),
(13, 285, 0, 0),
(13, 286, 0, 0),
(13, 287, 0, 0),
(13, 288, 0, 0),
(13, 289, 0, 0),
(13, 290, 0, 0),
(13, 291, 0, 0),
(13, 292, 0, 0),
(13, 293, 0, 0),
(13, 294, 0, 0),
(13, 295, 0, 0),
(13, 296, 1, 1),
(13, 297, 0, 0),
(13, 298, 0, 0),
(13, 299, 0, 0),
(13, 300, 0, 0),
(13, 301, 0, 0),
(13, 302, 0, 0),
(13, 303, 0, 0),
(13, 304, 0, 0),
(13, 305, 0, 0),
(13, 306, 0, 0),
(13, 307, 0, 0),
(13, 308, 0, 0),
(13, 309, 0, 0),
(13, 310, 0, 0),
(13, 311, 0, 0),
(13, 312, 0, 0),
(13, 313, 0, 0),
(13, 314, 1, 1),
(13, 315, 1, 1),
(13, 316, 0, 0),
(13, 317, 0, 0),
(13, 319, 1, 1),
(13, 321, 0, 0),
(13, 322, 0, 0),
(13, 323, 0, 0),
(13, 324, 0, 0),
(13, 325, 0, 0),
(13, 326, 0, 0),
(13, 327, 0, 0),
(13, 328, 0, 0),
(13, 329, 0, 0),
(13, 330, 0, 0),
(13, 331, 0, 0),
(13, 332, 0, 0),
(13, 333, 0, 0),
(13, 334, 0, 0),
(13, 335, 0, 0),
(13, 336, 0, 0),
(13, 337, 0, 0),
(13, 338, 0, 0),
(13, 339, 0, 0),
(13, 340, 0, 0),
(13, 341, 0, 0),
(13, 342, 0, 0),
(13, 343, 0, 0),
(13, 344, 0, 0),
(13, 345, 0, 0),
(13, 346, 0, 0),
(13, 347, 0, 0),
(13, 348, 0, 0),
(13, 349, 0, 0),
(13, 350, 0, 0),
(13, 351, 0, 0),
(13, 352, 0, 0),
(13, 353, 0, 0),
(13, 354, 0, 0),
(13, 355, 0, 0),
(13, 356, 0, 0),
(13, 357, 0, 0),
(14, 208, 1, 1),
(14, 210, 1, 1),
(14, 211, 1, 1),
(14, 212, 1, 1),
(14, 213, 1, 1),
(14, 214, 1, 1),
(14, 215, 1, 1),
(14, 217, 1, 1),
(14, 218, 1, 1),
(14, 219, 1, 1),
(14, 220, 1, 1),
(14, 221, 1, 1),
(14, 222, 1, 1),
(14, 223, 1, 1),
(14, 224, 1, 1),
(14, 225, 1, 1),
(14, 226, 1, 1),
(14, 227, 1, 1),
(14, 228, 1, 1),
(14, 229, 1, 1),
(14, 230, 1, 1),
(14, 231, 1, 1),
(14, 232, 1, 1),
(14, 233, 1, 1),
(14, 234, 1, 1),
(14, 235, 1, 1),
(14, 236, 1, 1),
(14, 237, 1, 1),
(14, 238, 1, 1),
(14, 239, 1, 1),
(14, 240, 1, 1),
(14, 241, 1, 1),
(14, 242, 1, 1),
(14, 243, 1, 1),
(14, 244, 1, 1),
(14, 245, 1, 1),
(14, 246, 1, 1),
(14, 247, 1, 1),
(14, 248, 1, 1),
(14, 249, 1, 1),
(14, 250, 1, 1),
(14, 251, 1, 1),
(14, 252, 1, 1),
(14, 253, 1, 1),
(14, 254, 1, 1),
(14, 255, 1, 1),
(14, 256, 1, 1),
(14, 257, 1, 1),
(14, 258, 1, 1),
(14, 259, 1, 1),
(14, 260, 1, 1),
(14, 261, 1, 1),
(14, 262, 1, 1),
(14, 263, 1, 1),
(14, 264, 1, 1),
(14, 265, 1, 1),
(14, 266, 0, 0),
(14, 267, 0, 0),
(14, 268, 0, 0),
(14, 269, 0, 0),
(14, 270, 0, 0),
(14, 271, 0, 0),
(14, 272, 0, 0),
(14, 273, 0, 0),
(14, 274, 1, 1),
(14, 275, 1, 1),
(14, 276, 1, 1),
(14, 278, 1, 1),
(14, 279, 0, 0),
(14, 280, 0, 0),
(14, 281, 0, 0),
(14, 282, 0, 0),
(14, 283, 0, 0),
(14, 284, 0, 0),
(14, 285, 0, 0),
(14, 286, 0, 0),
(14, 287, 0, 0),
(14, 288, 0, 0),
(14, 289, 0, 0),
(14, 290, 0, 0),
(14, 291, 0, 0),
(14, 292, 0, 0),
(14, 293, 0, 0),
(14, 294, 0, 0),
(14, 295, 0, 0),
(14, 296, 1, 1),
(14, 297, 0, 0),
(14, 298, 0, 0),
(14, 299, 0, 0),
(14, 300, 0, 0),
(14, 301, 0, 0),
(14, 302, 0, 0),
(14, 303, 0, 0),
(14, 304, 0, 0),
(14, 305, 0, 0),
(14, 306, 0, 0),
(14, 307, 0, 0),
(14, 308, 0, 0),
(14, 309, 0, 0),
(14, 310, 0, 0),
(14, 311, 0, 0),
(14, 312, 0, 0),
(14, 313, 0, 0),
(14, 314, 1, 1),
(14, 315, 1, 1),
(14, 316, 0, 0),
(14, 317, 0, 0),
(14, 319, 1, 1),
(14, 321, 0, 0),
(14, 322, 0, 0),
(14, 323, 0, 0),
(14, 324, 0, 0),
(14, 325, 0, 0),
(14, 326, 0, 0),
(14, 327, 0, 0),
(14, 328, 0, 0),
(14, 329, 0, 0),
(14, 330, 0, 0),
(14, 331, 0, 0),
(14, 332, 0, 0),
(14, 333, 0, 0),
(14, 334, 0, 0),
(14, 335, 0, 0),
(14, 336, 0, 0),
(14, 337, 0, 0),
(14, 338, 0, 0),
(14, 339, 0, 0),
(14, 340, 0, 0),
(14, 341, 0, 0),
(14, 342, 0, 0),
(14, 343, 0, 0),
(14, 344, 0, 0),
(14, 345, 0, 0),
(14, 346, 0, 0),
(14, 347, 0, 0),
(14, 348, 0, 0),
(14, 349, 0, 0),
(14, 350, 1, 1),
(14, 351, 0, 0),
(14, 352, 0, 0),
(14, 353, 0, 0),
(14, 354, 0, 0),
(14, 355, 0, 0),
(14, 356, 0, 0),
(14, 357, 0, 0),
(15, 208, 1, 1),
(15, 210, 1, 1),
(15, 211, 1, 1),
(15, 212, 1, 1),
(15, 213, 1, 1),
(15, 214, 1, 1),
(15, 215, 1, 1),
(15, 217, 1, 1),
(15, 218, 1, 1),
(15, 219, 1, 1),
(15, 220, 1, 1),
(15, 221, 1, 1),
(15, 222, 1, 1),
(15, 223, 1, 1),
(15, 224, 1, 1),
(15, 225, 1, 1),
(15, 226, 1, 1),
(15, 227, 1, 1),
(15, 228, 1, 1),
(15, 229, 1, 1),
(15, 230, 1, 1),
(15, 231, 1, 1),
(15, 232, 1, 1),
(15, 233, 1, 1),
(15, 234, 1, 1),
(15, 235, 1, 1),
(15, 236, 1, 1),
(15, 237, 1, 1),
(15, 238, 1, 1),
(15, 239, 1, 1),
(15, 240, 1, 1),
(15, 241, 1, 1),
(15, 242, 1, 1),
(15, 243, 1, 1),
(15, 244, 1, 1),
(15, 245, 1, 1),
(15, 246, 1, 1),
(15, 247, 1, 1),
(15, 248, 1, 1),
(15, 249, 1, 1),
(15, 250, 1, 1),
(15, 251, 1, 1),
(15, 252, 1, 1),
(15, 253, 1, 1),
(15, 254, 1, 1),
(15, 255, 1, 1),
(15, 256, 1, 1),
(15, 257, 1, 1),
(15, 258, 1, 1),
(15, 259, 1, 1),
(15, 260, 1, 1),
(15, 261, 1, 1),
(15, 262, 1, 1),
(15, 263, 1, 1),
(15, 264, 1, 1),
(15, 265, 1, 1),
(15, 266, 0, 0),
(15, 267, 0, 0),
(15, 268, 0, 0),
(15, 269, 0, 0),
(15, 270, 0, 0),
(15, 271, 0, 0),
(15, 272, 0, 0),
(15, 273, 0, 0),
(15, 274, 1, 1),
(15, 275, 1, 1),
(15, 276, 1, 1),
(15, 278, 1, 1),
(15, 279, 0, 0),
(15, 280, 0, 0),
(15, 281, 0, 0),
(15, 282, 0, 0),
(15, 283, 0, 0),
(15, 284, 0, 0),
(15, 285, 0, 0),
(15, 286, 0, 0),
(15, 287, 0, 0),
(15, 288, 0, 0),
(15, 289, 0, 0),
(15, 290, 0, 0),
(15, 291, 0, 0),
(15, 292, 0, 0),
(15, 293, 0, 0),
(15, 294, 0, 0),
(15, 295, 0, 0),
(15, 296, 1, 1),
(15, 297, 0, 0),
(15, 298, 0, 0),
(15, 299, 0, 0),
(15, 300, 0, 0),
(15, 301, 0, 0),
(15, 302, 0, 0),
(15, 303, 0, 0),
(15, 304, 0, 0),
(15, 305, 0, 0),
(15, 306, 0, 0),
(15, 307, 0, 0),
(15, 308, 0, 0),
(15, 309, 0, 0),
(15, 310, 0, 0),
(15, 311, 0, 0),
(15, 312, 0, 0),
(15, 313, 0, 0),
(15, 314, 1, 1),
(15, 315, 1, 1),
(15, 316, 0, 0),
(15, 317, 0, 0),
(15, 319, 1, 1),
(15, 321, 0, 0),
(15, 322, 0, 0),
(15, 323, 0, 0),
(15, 324, 0, 0),
(15, 325, 0, 0),
(15, 326, 0, 0),
(15, 327, 0, 0),
(15, 328, 0, 0),
(15, 329, 0, 0),
(15, 330, 0, 0),
(15, 331, 0, 0),
(15, 332, 0, 0),
(15, 333, 1, 1),
(15, 334, 0, 0),
(15, 335, 0, 0),
(15, 336, 0, 0),
(15, 337, 0, 0),
(15, 338, 0, 0),
(15, 339, 0, 0),
(15, 340, 0, 0),
(15, 341, 0, 0),
(15, 342, 0, 0),
(15, 343, 0, 0),
(15, 344, 0, 0),
(15, 345, 0, 0),
(15, 346, 0, 0),
(15, 347, 0, 0),
(15, 348, 0, 0),
(15, 349, 0, 0),
(15, 350, 0, 0),
(15, 351, 0, 0),
(15, 352, 0, 0),
(15, 353, 0, 0),
(15, 354, 0, 0),
(15, 355, 0, 0),
(15, 356, 0, 0),
(15, 357, 0, 0),
(16, 208, 1, 1),
(16, 210, 1, 1),
(16, 211, 1, 1),
(16, 212, 1, 1),
(16, 213, 1, 1),
(16, 214, 1, 1),
(16, 215, 1, 1),
(16, 217, 1, 1),
(16, 218, 1, 1),
(16, 219, 1, 1),
(16, 220, 1, 1),
(16, 221, 1, 1),
(16, 222, 1, 1),
(16, 223, 1, 1),
(16, 224, 1, 1),
(16, 225, 1, 1),
(16, 226, 1, 1),
(16, 227, 1, 1),
(16, 228, 1, 1),
(16, 229, 1, 1),
(16, 230, 1, 1),
(16, 231, 1, 1),
(16, 232, 1, 1),
(16, 233, 1, 1),
(16, 234, 1, 1),
(16, 235, 1, 1),
(16, 236, 1, 1),
(16, 237, 1, 1),
(16, 238, 1, 1),
(16, 239, 1, 1),
(16, 240, 1, 1),
(16, 241, 1, 1),
(16, 242, 1, 1),
(16, 243, 1, 1),
(16, 244, 1, 1),
(16, 245, 1, 1),
(16, 246, 1, 1),
(16, 247, 1, 1),
(16, 248, 1, 1),
(16, 249, 1, 1),
(16, 250, 1, 1),
(16, 251, 1, 1),
(16, 252, 1, 1),
(16, 253, 1, 1),
(16, 254, 1, 1),
(16, 255, 1, 1),
(16, 256, 1, 1),
(16, 257, 1, 1),
(16, 258, 1, 1),
(16, 259, 1, 1),
(16, 260, 1, 1),
(16, 261, 1, 1),
(16, 262, 1, 1),
(16, 263, 1, 1),
(16, 264, 1, 1),
(16, 265, 1, 1),
(16, 266, 0, 0),
(16, 267, 0, 0),
(16, 268, 0, 0),
(16, 269, 0, 0),
(16, 270, 0, 0),
(16, 271, 0, 0),
(16, 272, 0, 0),
(16, 273, 0, 0),
(16, 274, 1, 1),
(16, 275, 1, 1),
(16, 276, 1, 1),
(16, 278, 1, 1),
(16, 279, 0, 0),
(16, 280, 0, 0),
(16, 281, 0, 0),
(16, 282, 0, 0),
(16, 283, 0, 0),
(16, 284, 0, 0),
(16, 285, 0, 0),
(16, 286, 0, 0),
(16, 287, 0, 0),
(16, 288, 0, 0),
(16, 289, 0, 0),
(16, 290, 0, 0),
(16, 291, 0, 0),
(16, 292, 0, 0),
(16, 293, 0, 0),
(16, 294, 0, 0),
(16, 295, 0, 0),
(16, 296, 1, 1),
(16, 297, 0, 0),
(16, 298, 0, 0),
(16, 299, 0, 0),
(16, 300, 0, 0),
(16, 301, 0, 0),
(16, 302, 0, 0),
(16, 303, 0, 0),
(16, 304, 0, 0),
(16, 305, 0, 0),
(16, 306, 0, 0),
(16, 307, 0, 0),
(16, 308, 0, 0),
(16, 309, 0, 0),
(16, 310, 0, 0),
(16, 311, 0, 0),
(16, 312, 0, 0),
(16, 313, 0, 0),
(16, 314, 1, 1),
(16, 315, 1, 1),
(16, 316, 0, 0),
(16, 317, 0, 0),
(16, 319, 1, 1),
(16, 321, 0, 0),
(16, 322, 0, 0),
(16, 323, 0, 0),
(16, 324, 0, 0),
(16, 325, 0, 0),
(16, 326, 0, 0),
(16, 327, 0, 0),
(16, 328, 0, 0),
(16, 329, 0, 0),
(16, 330, 0, 0),
(16, 331, 0, 0),
(16, 332, 0, 0),
(16, 333, 1, 1),
(16, 334, 0, 0),
(16, 335, 0, 0),
(16, 336, 0, 0),
(16, 337, 0, 0),
(16, 338, 0, 0),
(16, 339, 0, 0),
(16, 340, 0, 0),
(16, 341, 0, 0),
(16, 342, 0, 0),
(16, 343, 0, 0),
(16, 344, 0, 0),
(16, 345, 0, 0),
(16, 346, 0, 0),
(16, 347, 0, 0),
(16, 348, 0, 0),
(16, 349, 0, 0),
(16, 350, 0, 0),
(16, 351, 0, 0),
(16, 352, 0, 0),
(16, 353, 0, 0),
(16, 354, 0, 0),
(16, 355, 0, 0),
(16, 356, 0, 0),
(16, 357, 0, 0),
(17, 208, 1, 1),
(17, 210, 1, 1),
(17, 211, 1, 1),
(17, 212, 1, 1),
(17, 213, 1, 1),
(17, 214, 1, 1),
(17, 215, 1, 1),
(17, 217, 1, 1),
(17, 218, 1, 1),
(17, 219, 1, 1),
(17, 220, 1, 1),
(17, 221, 1, 1),
(17, 222, 1, 1),
(17, 223, 1, 1),
(17, 224, 1, 1),
(17, 225, 1, 1),
(17, 226, 1, 1),
(17, 227, 1, 1),
(17, 228, 1, 1),
(17, 229, 1, 1),
(17, 230, 1, 1),
(17, 231, 1, 1),
(17, 232, 1, 1),
(17, 233, 1, 1),
(17, 234, 1, 1),
(17, 235, 1, 1),
(17, 236, 1, 1),
(17, 237, 1, 1),
(17, 238, 1, 1),
(17, 239, 1, 1),
(17, 240, 1, 1),
(17, 241, 1, 1),
(17, 242, 1, 1),
(17, 243, 1, 1),
(17, 244, 1, 1),
(17, 245, 1, 1),
(17, 246, 1, 1),
(17, 247, 1, 1),
(17, 248, 1, 1),
(17, 249, 1, 1),
(17, 250, 1, 1),
(17, 251, 1, 1),
(17, 252, 1, 1),
(17, 253, 1, 1),
(17, 254, 1, 1),
(17, 255, 1, 1),
(17, 256, 1, 1),
(17, 257, 1, 1),
(17, 258, 1, 1),
(17, 259, 1, 1),
(17, 260, 1, 1),
(17, 261, 1, 1),
(17, 262, 1, 1),
(17, 263, 1, 1),
(17, 264, 1, 1),
(17, 265, 1, 1),
(17, 266, 0, 0),
(17, 267, 0, 0),
(17, 268, 0, 0),
(17, 269, 0, 0),
(17, 270, 0, 0),
(17, 271, 0, 0),
(17, 272, 0, 0),
(17, 273, 0, 0),
(17, 274, 1, 1),
(17, 275, 1, 1),
(17, 276, 1, 1),
(17, 278, 1, 1),
(17, 279, 0, 0),
(17, 280, 0, 0),
(17, 281, 0, 0),
(17, 282, 0, 0),
(17, 283, 0, 0),
(17, 284, 0, 0),
(17, 285, 0, 0),
(17, 286, 0, 0),
(17, 287, 0, 0),
(17, 288, 0, 0),
(17, 289, 0, 0),
(17, 290, 0, 0),
(17, 291, 0, 0),
(17, 292, 0, 0),
(17, 293, 0, 0),
(17, 294, 0, 0),
(17, 295, 0, 0),
(17, 296, 1, 1),
(17, 297, 0, 0),
(17, 298, 0, 0),
(17, 299, 0, 0),
(17, 300, 0, 0),
(17, 301, 0, 0),
(17, 302, 0, 0),
(17, 303, 0, 0),
(17, 304, 0, 0),
(17, 305, 0, 0),
(17, 306, 0, 0),
(17, 307, 0, 0),
(17, 308, 0, 0),
(17, 309, 0, 0),
(17, 310, 0, 0),
(17, 311, 0, 0),
(17, 312, 0, 0),
(17, 313, 0, 0),
(17, 314, 1, 1),
(17, 315, 1, 1),
(17, 316, 0, 0),
(17, 317, 0, 0),
(17, 319, 1, 1),
(17, 321, 0, 0),
(17, 322, 0, 0),
(17, 323, 0, 0),
(17, 324, 0, 0),
(17, 325, 0, 0),
(17, 326, 0, 0),
(17, 327, 0, 0),
(17, 328, 0, 0),
(17, 329, 0, 0),
(17, 330, 0, 0),
(17, 331, 0, 0),
(17, 332, 0, 0),
(17, 333, 0, 0),
(17, 334, 0, 0),
(17, 335, 0, 0),
(17, 336, 0, 0),
(17, 337, 0, 0),
(17, 338, 0, 0),
(17, 339, 0, 0),
(17, 340, 0, 0),
(17, 341, 0, 0),
(17, 342, 0, 0),
(17, 343, 0, 0),
(17, 344, 0, 0),
(17, 345, 0, 0),
(17, 346, 0, 0),
(17, 347, 0, 0),
(17, 348, 0, 0),
(17, 349, 0, 0),
(17, 350, 0, 0),
(17, 351, 0, 0),
(17, 352, 0, 0),
(17, 353, 0, 0),
(17, 354, 0, 0),
(17, 355, 0, 0),
(17, 356, 0, 0),
(17, 357, 0, 0),
(18, 191, 0, 0),
(18, 208, 1, 1),
(18, 210, 1, 1),
(18, 211, 1, 1),
(18, 212, 1, 1),
(18, 213, 1, 1),
(18, 214, 1, 1),
(18, 215, 1, 1),
(18, 217, 1, 1),
(18, 218, 1, 1),
(18, 219, 1, 1),
(18, 220, 1, 1),
(18, 221, 1, 1),
(18, 222, 1, 1),
(18, 223, 1, 1),
(18, 224, 1, 1),
(18, 225, 1, 1),
(18, 226, 1, 1),
(18, 227, 1, 1),
(18, 228, 1, 1),
(18, 229, 1, 1),
(18, 230, 1, 1),
(18, 231, 1, 1),
(18, 232, 1, 1),
(18, 233, 1, 1),
(18, 234, 1, 1),
(18, 235, 1, 1),
(18, 236, 1, 1),
(18, 237, 1, 1),
(18, 238, 1, 1),
(18, 239, 1, 1),
(18, 240, 1, 1),
(18, 241, 1, 1),
(18, 242, 1, 1),
(18, 243, 1, 1),
(18, 244, 1, 1),
(18, 245, 1, 1),
(18, 246, 1, 1),
(18, 247, 1, 1),
(18, 248, 1, 1),
(18, 249, 1, 1),
(18, 250, 1, 1),
(18, 251, 1, 1),
(18, 252, 1, 1),
(18, 253, 1, 1),
(18, 254, 1, 1),
(18, 255, 1, 1),
(18, 256, 1, 1),
(18, 257, 1, 1),
(18, 258, 1, 1),
(18, 259, 1, 1),
(18, 260, 1, 1),
(18, 261, 1, 1),
(18, 262, 1, 1),
(18, 263, 1, 1),
(18, 264, 1, 1),
(18, 265, 1, 1),
(18, 266, 1, 1),
(18, 267, 1, 1),
(18, 268, 0, 0),
(18, 269, 0, 0),
(18, 270, 0, 0),
(18, 271, 1, 1),
(18, 272, 0, 0),
(18, 273, 0, 0),
(18, 274, 1, 1),
(18, 275, 1, 1),
(18, 276, 1, 1),
(18, 278, 1, 1),
(18, 279, 0, 0),
(18, 280, 0, 0),
(18, 281, 1, 1),
(18, 282, 1, 1),
(18, 283, 1, 1),
(18, 284, 1, 1),
(18, 285, 1, 1),
(18, 286, 1, 1),
(18, 287, 1, 1),
(18, 288, 1, 1),
(18, 289, 1, 1),
(18, 290, 1, 1),
(18, 291, 1, 1),
(18, 292, 1, 1),
(18, 293, 1, 1),
(18, 294, 0, 0),
(18, 295, 1, 1),
(18, 296, 1, 1),
(18, 297, 0, 0),
(18, 298, 0, 0),
(18, 299, 1, 1),
(18, 300, 0, 0),
(18, 301, 0, 0),
(18, 302, 0, 0),
(18, 303, 1, 1),
(18, 304, 0, 0),
(18, 305, 0, 0),
(18, 306, 0, 0),
(18, 307, 0, 0),
(18, 308, 0, 0),
(18, 309, 0, 0),
(18, 310, 0, 0),
(18, 311, 0, 0),
(18, 312, 0, 0),
(18, 313, 0, 0),
(18, 314, 1, 1),
(18, 315, 1, 1),
(18, 316, 0, 0),
(18, 317, 0, 0),
(18, 319, 1, 1),
(18, 321, 0, 0),
(18, 322, 1, 1),
(18, 323, 1, 1),
(18, 324, 1, 1),
(18, 325, 0, 0),
(18, 326, 1, 1),
(18, 327, 1, 1),
(18, 328, 1, 1),
(18, 329, 1, 1),
(18, 330, 1, 1),
(18, 331, 1, 1),
(18, 332, 1, 1),
(18, 333, 1, 1),
(18, 334, 1, 1),
(18, 335, 1, 1),
(18, 336, 0, 0),
(18, 337, 1, 1),
(18, 338, 1, 1),
(18, 339, 1, 1),
(18, 340, 1, 1),
(18, 341, 1, 1),
(18, 342, 1, 1),
(18, 343, 0, 0),
(18, 344, 1, 1),
(18, 345, 1, 1),
(18, 346, 1, 1),
(18, 347, 1, 1),
(18, 348, 1, 1),
(18, 349, 1, 1),
(18, 350, 1, 1),
(18, 351, 1, 1),
(18, 352, 1, 1),
(18, 353, 1, 1),
(18, 354, 1, 1),
(18, 355, 1, 1),
(18, 356, 1, 1),
(18, 357, 1, 1),
(19, 191, 0, 0),
(19, 208, 1, 1),
(19, 210, 1, 1),
(19, 211, 1, 1),
(19, 212, 1, 1),
(19, 213, 1, 1),
(19, 214, 1, 1),
(19, 215, 1, 1),
(19, 217, 1, 1),
(19, 218, 1, 1),
(19, 219, 1, 1),
(19, 220, 1, 1),
(19, 221, 1, 1),
(19, 222, 1, 1),
(19, 223, 1, 1),
(19, 224, 1, 1),
(19, 225, 1, 1),
(19, 226, 1, 1),
(19, 227, 1, 1),
(19, 228, 1, 1),
(19, 229, 1, 1),
(19, 230, 1, 1),
(19, 231, 1, 1),
(19, 232, 1, 1),
(19, 233, 1, 1),
(19, 234, 1, 1),
(19, 235, 1, 1),
(19, 236, 1, 1),
(19, 237, 1, 1),
(19, 238, 1, 1),
(19, 239, 1, 1),
(19, 240, 1, 1),
(19, 241, 1, 1),
(19, 242, 1, 1),
(19, 243, 1, 1),
(19, 244, 1, 1),
(19, 245, 1, 1),
(19, 246, 1, 1),
(19, 247, 1, 1),
(19, 248, 1, 1),
(19, 249, 1, 1),
(19, 250, 1, 1),
(19, 251, 1, 1),
(19, 252, 1, 1),
(19, 253, 1, 1),
(19, 254, 1, 1),
(19, 255, 1, 1),
(19, 256, 1, 1),
(19, 257, 1, 1),
(19, 258, 1, 1),
(19, 259, 1, 1),
(19, 260, 1, 1),
(19, 261, 1, 1),
(19, 262, 1, 1),
(19, 263, 1, 1),
(19, 264, 1, 1),
(19, 265, 1, 1),
(19, 266, 1, 1),
(19, 267, 1, 1),
(19, 268, 0, 0),
(19, 269, 0, 0),
(19, 270, 0, 0),
(19, 271, 1, 1),
(19, 272, 0, 0),
(19, 273, 0, 0),
(19, 274, 1, 1),
(19, 275, 1, 1),
(19, 276, 1, 1),
(19, 278, 1, 1),
(19, 279, 0, 0),
(19, 280, 0, 0),
(19, 281, 1, 1),
(19, 282, 1, 1),
(19, 283, 1, 1),
(19, 284, 1, 1),
(19, 285, 1, 1),
(19, 286, 1, 1),
(19, 287, 1, 1),
(19, 288, 1, 1),
(19, 289, 1, 1),
(19, 290, 1, 1),
(19, 291, 1, 1),
(19, 292, 1, 1),
(19, 293, 1, 1),
(19, 294, 0, 0),
(19, 295, 1, 1),
(19, 296, 1, 1),
(19, 297, 0, 0),
(19, 298, 0, 0),
(19, 299, 1, 1),
(19, 300, 0, 0),
(19, 301, 0, 0),
(19, 302, 0, 0),
(19, 303, 1, 1),
(19, 304, 0, 0),
(19, 305, 0, 0),
(19, 306, 0, 0),
(19, 307, 0, 0),
(19, 308, 0, 0),
(19, 309, 0, 0),
(19, 310, 0, 0),
(19, 311, 0, 0),
(19, 312, 0, 0),
(19, 313, 0, 0),
(19, 314, 1, 1),
(19, 315, 1, 1),
(19, 316, 0, 0),
(19, 317, 0, 0),
(19, 319, 1, 1),
(19, 321, 0, 0),
(19, 322, 1, 1),
(19, 323, 1, 1),
(19, 324, 1, 1),
(19, 325, 0, 0),
(19, 326, 1, 1),
(19, 327, 1, 1),
(19, 328, 1, 1),
(19, 329, 1, 1),
(19, 330, 1, 1),
(19, 331, 1, 1),
(19, 332, 1, 1),
(19, 333, 1, 1),
(19, 334, 1, 1),
(19, 335, 1, 1),
(19, 336, 0, 0),
(19, 337, 1, 1),
(19, 338, 1, 1),
(19, 339, 1, 1),
(19, 340, 1, 1),
(19, 341, 1, 1),
(19, 342, 1, 1),
(19, 343, 0, 0),
(19, 344, 1, 1),
(19, 345, 1, 1),
(19, 346, 1, 1),
(19, 347, 1, 1),
(19, 348, 1, 1),
(19, 349, 1, 1),
(19, 350, 1, 1),
(19, 351, 1, 1),
(19, 352, 1, 1),
(19, 353, 1, 1),
(19, 354, 1, 1),
(19, 355, 1, 1),
(19, 356, 1, 1),
(19, 357, 1, 1),
(20, 191, 0, 0),
(20, 208, 1, 1),
(20, 210, 1, 1),
(20, 211, 1, 1),
(20, 212, 1, 1),
(20, 213, 1, 1),
(20, 214, 1, 1),
(20, 215, 1, 1),
(20, 217, 1, 1),
(20, 218, 1, 1),
(20, 219, 1, 1),
(20, 220, 1, 1),
(20, 221, 1, 1),
(20, 222, 1, 1),
(20, 223, 1, 1),
(20, 224, 1, 1),
(20, 225, 1, 1),
(20, 226, 1, 1),
(20, 227, 1, 1),
(20, 228, 1, 1),
(20, 229, 1, 1),
(20, 230, 1, 1),
(20, 231, 1, 1),
(20, 232, 1, 1),
(20, 233, 1, 1),
(20, 234, 1, 1),
(20, 235, 1, 1),
(20, 236, 1, 1),
(20, 237, 1, 1),
(20, 238, 1, 1),
(20, 239, 1, 1),
(20, 240, 1, 1),
(20, 241, 1, 1),
(20, 242, 1, 1),
(20, 243, 1, 1),
(20, 244, 1, 1),
(20, 245, 1, 1),
(20, 246, 1, 1),
(20, 247, 1, 1),
(20, 248, 1, 1),
(20, 249, 1, 1),
(20, 250, 1, 1),
(20, 251, 1, 1),
(20, 252, 1, 1),
(20, 253, 1, 1),
(20, 254, 1, 1),
(20, 255, 1, 1),
(20, 256, 1, 1),
(20, 257, 1, 1),
(20, 258, 1, 1),
(20, 259, 1, 1),
(20, 260, 1, 1),
(20, 261, 1, 1),
(20, 262, 1, 1),
(20, 263, 1, 1),
(20, 264, 1, 1),
(20, 265, 1, 1),
(20, 266, 1, 1),
(20, 267, 1, 1),
(20, 268, 0, 0),
(20, 269, 0, 0),
(20, 270, 0, 0),
(20, 271, 1, 1),
(20, 272, 0, 0),
(20, 273, 0, 0),
(20, 274, 1, 1),
(20, 275, 1, 1),
(20, 276, 1, 1),
(20, 278, 1, 1),
(20, 279, 0, 0),
(20, 280, 0, 0),
(20, 281, 1, 1),
(20, 282, 1, 1),
(20, 283, 1, 1),
(20, 284, 1, 1),
(20, 285, 1, 1),
(20, 286, 1, 1),
(20, 287, 1, 1),
(20, 288, 1, 1),
(20, 289, 1, 1),
(20, 290, 1, 1),
(20, 291, 1, 1),
(20, 292, 1, 1),
(20, 293, 1, 1),
(20, 294, 0, 0),
(20, 295, 1, 1),
(20, 296, 1, 1),
(20, 297, 0, 0),
(20, 298, 0, 0),
(20, 299, 1, 1),
(20, 300, 0, 0),
(20, 301, 0, 0),
(20, 302, 0, 0),
(20, 303, 1, 1),
(20, 304, 0, 0),
(20, 305, 0, 0),
(20, 306, 0, 0),
(20, 307, 0, 0),
(20, 308, 0, 0),
(20, 309, 0, 0),
(20, 310, 0, 0),
(20, 311, 0, 0),
(20, 312, 0, 0),
(20, 313, 0, 0),
(20, 314, 1, 1),
(20, 315, 1, 1),
(20, 316, 0, 0),
(20, 317, 0, 0),
(20, 319, 1, 1),
(20, 321, 0, 0),
(20, 322, 1, 1),
(20, 323, 1, 1),
(20, 324, 1, 1),
(20, 325, 0, 0),
(20, 326, 1, 1),
(20, 327, 1, 1),
(20, 328, 1, 1),
(20, 329, 1, 1),
(20, 330, 1, 1),
(20, 331, 1, 1),
(20, 332, 1, 1),
(20, 333, 1, 1),
(20, 334, 1, 1),
(20, 335, 1, 1),
(20, 336, 0, 0),
(20, 337, 1, 1),
(20, 338, 1, 1),
(20, 339, 1, 1),
(20, 340, 1, 1),
(20, 341, 1, 1),
(20, 342, 1, 1),
(20, 343, 0, 0),
(20, 344, 1, 1),
(20, 345, 1, 1),
(20, 346, 1, 1),
(20, 347, 1, 1),
(20, 348, 1, 1),
(20, 349, 1, 1),
(20, 350, 1, 1),
(20, 351, 1, 1),
(20, 352, 1, 1),
(20, 353, 1, 1),
(20, 354, 1, 1),
(20, 355, 1, 1),
(20, 356, 1, 1),
(20, 357, 1, 1),
(21, 191, 0, 0),
(21, 208, 1, 1),
(21, 210, 1, 1),
(21, 211, 1, 1),
(21, 212, 1, 1),
(21, 213, 1, 1),
(21, 214, 1, 1),
(21, 215, 1, 1),
(21, 217, 1, 1),
(21, 218, 1, 1),
(21, 219, 1, 1),
(21, 220, 1, 1),
(21, 221, 1, 1),
(21, 222, 1, 1),
(21, 223, 1, 1),
(21, 224, 1, 1),
(21, 225, 1, 1),
(21, 226, 1, 1),
(21, 227, 1, 1),
(21, 228, 1, 1),
(21, 229, 1, 1),
(21, 230, 1, 1),
(21, 231, 1, 1),
(21, 232, 1, 1),
(21, 233, 1, 1),
(21, 234, 1, 1),
(21, 235, 1, 1),
(21, 236, 1, 1),
(21, 237, 1, 1),
(21, 238, 1, 1),
(21, 239, 1, 1),
(21, 240, 1, 1),
(21, 241, 1, 1),
(21, 242, 1, 1),
(21, 243, 1, 1),
(21, 244, 1, 1),
(21, 245, 1, 1),
(21, 246, 1, 1),
(21, 247, 1, 1),
(21, 248, 1, 1),
(21, 249, 1, 1),
(21, 250, 1, 1),
(21, 251, 1, 1),
(21, 252, 1, 1),
(21, 253, 1, 1),
(21, 254, 1, 1),
(21, 255, 1, 1),
(21, 256, 1, 1),
(21, 257, 1, 1),
(21, 258, 1, 1),
(21, 259, 1, 1),
(21, 260, 1, 1),
(21, 261, 1, 1),
(21, 262, 1, 1),
(21, 263, 1, 1),
(21, 264, 1, 1),
(21, 265, 1, 1),
(21, 266, 1, 1),
(21, 267, 1, 1),
(21, 268, 0, 0),
(21, 269, 0, 0),
(21, 270, 0, 0),
(21, 271, 1, 1),
(21, 272, 0, 0),
(21, 273, 0, 0),
(21, 274, 1, 1),
(21, 275, 1, 1),
(21, 276, 1, 1),
(21, 278, 1, 1),
(21, 279, 0, 0),
(21, 280, 0, 0),
(21, 281, 1, 1),
(21, 282, 1, 1),
(21, 283, 1, 1),
(21, 284, 1, 1),
(21, 285, 1, 1),
(21, 286, 1, 1),
(21, 287, 1, 1),
(21, 288, 1, 1),
(21, 289, 1, 1),
(21, 290, 1, 1),
(21, 291, 1, 1),
(21, 292, 1, 1),
(21, 293, 1, 1),
(21, 294, 0, 0),
(21, 295, 1, 1),
(21, 296, 1, 1),
(21, 297, 0, 0),
(21, 298, 0, 0),
(21, 299, 1, 1),
(21, 300, 0, 0),
(21, 301, 0, 0),
(21, 302, 0, 0),
(21, 303, 1, 1),
(21, 304, 0, 0),
(21, 305, 0, 0),
(21, 306, 0, 0),
(21, 307, 0, 0),
(21, 308, 0, 0),
(21, 309, 0, 0),
(21, 310, 0, 0),
(21, 311, 0, 0),
(21, 312, 0, 0),
(21, 313, 0, 0),
(21, 314, 1, 1),
(21, 315, 1, 1),
(21, 316, 0, 0),
(21, 317, 0, 0),
(21, 319, 1, 1),
(21, 321, 0, 0),
(21, 322, 1, 1),
(21, 323, 1, 1),
(21, 324, 1, 1),
(21, 325, 0, 0),
(21, 326, 1, 1),
(21, 327, 1, 1),
(21, 328, 1, 1),
(21, 329, 1, 1),
(21, 330, 1, 1),
(21, 331, 1, 1),
(21, 332, 1, 1),
(21, 333, 1, 1),
(21, 334, 1, 1),
(21, 335, 1, 1),
(21, 336, 0, 0),
(21, 337, 1, 1),
(21, 338, 1, 1),
(21, 339, 1, 1),
(21, 340, 1, 1),
(21, 341, 1, 1),
(21, 342, 1, 1),
(21, 343, 0, 0),
(21, 344, 1, 1),
(21, 345, 1, 1),
(21, 346, 1, 1),
(21, 347, 1, 1),
(21, 348, 1, 1),
(21, 349, 1, 1),
(21, 350, 1, 1),
(21, 351, 1, 1),
(21, 352, 1, 1),
(21, 353, 0, 0),
(21, 354, 0, 0),
(21, 355, 1, 1),
(21, 356, 1, 1),
(21, 357, 1, 1),
(22, 208, 1, 1),
(22, 210, 1, 1),
(22, 211, 1, 1),
(22, 212, 1, 1),
(22, 213, 1, 1),
(22, 214, 1, 1),
(22, 215, 1, 1),
(22, 217, 1, 1),
(22, 218, 1, 1),
(22, 219, 1, 1),
(22, 220, 1, 1),
(22, 221, 1, 1),
(22, 222, 1, 1),
(22, 223, 1, 1),
(22, 224, 1, 1),
(22, 225, 1, 1),
(22, 226, 1, 1),
(22, 227, 1, 1),
(22, 228, 1, 1),
(22, 229, 1, 1),
(22, 230, 1, 1),
(22, 231, 1, 1),
(22, 232, 1, 1),
(22, 233, 1, 1),
(22, 234, 1, 1),
(22, 235, 1, 1),
(22, 236, 1, 1),
(22, 237, 1, 1),
(22, 238, 1, 1),
(22, 239, 1, 1),
(22, 240, 1, 1),
(22, 241, 1, 1),
(22, 242, 1, 1),
(22, 243, 1, 1),
(22, 244, 1, 1),
(22, 245, 1, 1),
(22, 246, 1, 1),
(22, 247, 1, 1),
(22, 248, 1, 1),
(22, 249, 1, 1),
(22, 250, 1, 1),
(22, 251, 1, 1),
(22, 252, 1, 1),
(22, 253, 1, 1),
(22, 254, 1, 1),
(22, 255, 1, 1),
(22, 256, 1, 1),
(22, 257, 1, 1),
(22, 258, 1, 1),
(22, 259, 1, 1),
(22, 260, 1, 1),
(22, 261, 1, 1),
(22, 262, 1, 1),
(22, 263, 1, 1),
(22, 264, 1, 1),
(22, 265, 1, 1),
(22, 266, 0, 0),
(22, 267, 0, 0),
(22, 268, 0, 0),
(22, 269, 0, 0),
(22, 270, 0, 0),
(22, 271, 0, 0),
(22, 272, 0, 0),
(22, 273, 0, 0),
(22, 274, 1, 1),
(22, 275, 1, 1),
(22, 276, 1, 1),
(22, 278, 1, 1),
(22, 279, 0, 0),
(22, 280, 0, 0),
(22, 281, 0, 0),
(22, 282, 0, 0),
(22, 283, 0, 0),
(22, 284, 0, 0),
(22, 285, 0, 0),
(22, 286, 0, 0),
(22, 287, 0, 0),
(22, 288, 0, 0),
(22, 289, 0, 0),
(22, 290, 0, 0),
(22, 291, 0, 0),
(22, 292, 0, 0),
(22, 293, 0, 0),
(22, 294, 0, 0),
(22, 295, 0, 0),
(22, 296, 1, 1),
(22, 297, 0, 0),
(22, 298, 0, 0),
(22, 299, 0, 0),
(22, 300, 0, 0),
(22, 301, 0, 0),
(22, 302, 0, 0),
(22, 303, 0, 0),
(22, 304, 0, 0),
(22, 305, 0, 0),
(22, 306, 0, 0),
(22, 307, 0, 0),
(22, 308, 0, 0),
(22, 309, 0, 0),
(22, 310, 0, 0),
(22, 311, 0, 0),
(22, 312, 0, 0),
(22, 313, 0, 0),
(22, 314, 1, 1),
(22, 315, 1, 1),
(22, 316, 0, 0),
(22, 317, 0, 0),
(22, 319, 1, 1),
(22, 321, 0, 0),
(22, 322, 0, 0),
(22, 323, 0, 0),
(22, 324, 0, 0),
(22, 325, 0, 0),
(22, 326, 0, 0),
(22, 327, 0, 0),
(22, 328, 0, 0),
(22, 329, 0, 0),
(22, 330, 0, 0),
(22, 331, 0, 0),
(22, 332, 0, 0),
(22, 333, 0, 0),
(22, 334, 0, 0),
(22, 335, 0, 0),
(22, 336, 0, 0),
(22, 337, 0, 0),
(22, 338, 0, 0),
(22, 339, 0, 0),
(22, 340, 0, 0),
(22, 341, 0, 0),
(22, 342, 0, 0),
(22, 343, 0, 0),
(22, 344, 0, 0),
(22, 345, 0, 0),
(22, 346, 0, 0),
(22, 347, 0, 0),
(22, 348, 0, 0),
(22, 349, 0, 0),
(22, 350, 0, 0),
(22, 351, 0, 0),
(22, 352, 0, 0),
(22, 353, 0, 0),
(22, 354, 0, 0),
(22, 355, 0, 0),
(22, 356, 0, 0),
(22, 357, 0, 0),
(23, 208, 1, 1),
(23, 210, 1, 1),
(23, 211, 1, 1),
(23, 212, 1, 1),
(23, 213, 1, 1),
(23, 214, 1, 1),
(23, 215, 1, 1),
(23, 217, 1, 1),
(23, 218, 1, 1),
(23, 219, 1, 1),
(23, 220, 1, 1),
(23, 221, 1, 1),
(23, 222, 1, 1),
(23, 223, 1, 1),
(23, 224, 1, 1),
(23, 225, 1, 1),
(23, 226, 1, 1),
(23, 227, 1, 1),
(23, 228, 1, 1),
(23, 229, 1, 1),
(23, 230, 1, 1),
(23, 231, 1, 1),
(23, 232, 1, 1),
(23, 233, 1, 1),
(23, 234, 1, 1),
(23, 235, 1, 1),
(23, 236, 1, 1),
(23, 237, 1, 1),
(23, 238, 1, 1),
(23, 239, 1, 1),
(23, 240, 1, 1),
(23, 241, 1, 1),
(23, 242, 1, 1),
(23, 243, 1, 1),
(23, 244, 1, 1),
(23, 245, 1, 1),
(23, 246, 1, 1),
(23, 247, 1, 1),
(23, 248, 1, 1),
(23, 249, 1, 1),
(23, 250, 1, 1),
(23, 251, 1, 1),
(23, 252, 1, 1),
(23, 253, 1, 1),
(23, 254, 1, 1),
(23, 255, 1, 1),
(23, 256, 1, 1),
(23, 257, 1, 1),
(23, 258, 1, 1),
(23, 259, 1, 1),
(23, 260, 1, 1),
(23, 261, 1, 1),
(23, 262, 1, 1),
(23, 263, 1, 1),
(23, 264, 1, 1),
(23, 265, 1, 1),
(23, 266, 0, 0),
(23, 267, 0, 0),
(23, 268, 0, 0),
(23, 269, 0, 0),
(23, 270, 0, 0),
(23, 271, 0, 0),
(23, 272, 0, 0),
(23, 273, 0, 0),
(23, 274, 1, 1),
(23, 275, 1, 1),
(23, 276, 1, 1),
(23, 278, 1, 1),
(23, 279, 0, 0),
(23, 280, 0, 0),
(23, 281, 0, 0),
(23, 282, 0, 0),
(23, 283, 0, 0),
(23, 284, 0, 0),
(23, 285, 0, 0),
(23, 286, 0, 0),
(23, 287, 0, 0),
(23, 288, 0, 0),
(23, 289, 0, 0),
(23, 290, 0, 0),
(23, 291, 0, 0),
(23, 292, 0, 0),
(23, 293, 0, 0),
(23, 294, 0, 0),
(23, 295, 0, 0),
(23, 296, 1, 1),
(23, 297, 0, 0),
(23, 298, 0, 0),
(23, 299, 0, 0),
(23, 300, 0, 0),
(23, 301, 0, 0),
(23, 302, 0, 0),
(23, 303, 0, 0),
(23, 304, 0, 0),
(23, 305, 0, 0),
(23, 306, 0, 0),
(23, 307, 0, 0),
(23, 308, 0, 0),
(23, 309, 0, 0),
(23, 310, 0, 0),
(23, 311, 0, 0),
(23, 312, 0, 0),
(23, 313, 0, 0),
(23, 314, 1, 1),
(23, 315, 1, 1),
(23, 316, 0, 0),
(23, 317, 0, 0),
(23, 319, 1, 1),
(23, 321, 0, 0),
(23, 322, 0, 0),
(23, 323, 0, 0),
(23, 324, 0, 0),
(23, 325, 0, 0),
(23, 326, 0, 0),
(23, 327, 0, 0),
(23, 328, 0, 0),
(23, 329, 0, 0),
(23, 330, 0, 0),
(23, 331, 0, 0),
(23, 332, 0, 0),
(23, 333, 0, 0),
(23, 334, 0, 0),
(23, 335, 0, 0),
(23, 336, 0, 0),
(23, 337, 0, 0),
(23, 338, 0, 0),
(23, 339, 0, 0),
(23, 340, 0, 0),
(23, 341, 0, 0),
(23, 342, 0, 0),
(23, 343, 0, 0),
(23, 344, 0, 0),
(23, 345, 0, 0),
(23, 346, 0, 0),
(23, 347, 0, 0),
(23, 348, 0, 0),
(23, 349, 0, 0),
(23, 350, 0, 0),
(23, 351, 0, 0),
(23, 352, 0, 0),
(23, 353, 0, 0),
(23, 354, 0, 0),
(23, 355, 0, 0),
(23, 356, 0, 0),
(23, 357, 0, 0),
(24, 191, 0, 0),
(24, 208, 1, 1),
(24, 210, 1, 1),
(24, 211, 1, 1),
(24, 212, 1, 1),
(24, 213, 1, 1),
(24, 214, 1, 1),
(24, 215, 1, 1),
(24, 217, 1, 1),
(24, 218, 1, 1),
(24, 219, 1, 1),
(24, 220, 1, 1),
(24, 221, 1, 1),
(24, 222, 1, 1),
(24, 223, 1, 1),
(24, 224, 1, 1),
(24, 225, 1, 1),
(24, 226, 1, 1),
(24, 227, 1, 1),
(24, 228, 1, 1),
(24, 229, 1, 1),
(24, 230, 1, 1),
(24, 231, 1, 1),
(24, 232, 1, 1),
(24, 233, 1, 1),
(24, 234, 1, 1),
(24, 235, 1, 1),
(24, 236, 1, 1),
(24, 237, 1, 1),
(24, 238, 1, 1),
(24, 239, 1, 1),
(24, 240, 1, 1),
(24, 241, 1, 1),
(24, 242, 1, 1),
(24, 243, 1, 1),
(24, 244, 1, 1),
(24, 245, 1, 1),
(24, 246, 1, 1),
(24, 247, 1, 1),
(24, 248, 1, 1),
(24, 249, 1, 1),
(24, 250, 1, 1),
(24, 251, 1, 1),
(24, 252, 1, 1),
(24, 253, 1, 1),
(24, 254, 1, 1),
(24, 255, 1, 1),
(24, 256, 1, 1),
(24, 257, 1, 1),
(24, 258, 1, 1),
(24, 259, 1, 1),
(24, 260, 1, 1),
(24, 261, 1, 1),
(24, 262, 1, 1),
(24, 263, 1, 1),
(24, 264, 1, 1),
(24, 265, 1, 1),
(24, 266, 0, 0),
(24, 267, 0, 0),
(24, 268, 0, 0),
(24, 269, 0, 0),
(24, 270, 0, 0),
(24, 271, 0, 0),
(24, 272, 0, 0),
(24, 273, 0, 0),
(24, 274, 1, 1),
(24, 275, 1, 1),
(24, 276, 1, 1),
(24, 278, 1, 1),
(24, 279, 0, 0),
(24, 280, 0, 0),
(24, 281, 0, 0),
(24, 282, 0, 0),
(24, 283, 0, 0),
(24, 284, 0, 0),
(24, 285, 0, 0),
(24, 286, 0, 0),
(24, 287, 0, 0),
(24, 288, 0, 0),
(24, 289, 0, 0),
(24, 290, 0, 0),
(24, 291, 0, 0),
(24, 292, 0, 0),
(24, 293, 0, 0),
(24, 294, 0, 0),
(24, 295, 0, 0),
(24, 296, 1, 1),
(24, 297, 0, 0),
(24, 298, 0, 0),
(24, 299, 0, 0),
(24, 300, 0, 0),
(24, 301, 0, 0),
(24, 302, 0, 0),
(24, 303, 0, 0),
(24, 304, 0, 0),
(24, 305, 0, 0),
(24, 306, 0, 0),
(24, 307, 0, 0),
(24, 308, 0, 0),
(24, 309, 0, 0),
(24, 310, 0, 0),
(24, 311, 0, 0),
(24, 312, 0, 0),
(24, 313, 0, 0),
(24, 314, 1, 1),
(24, 315, 1, 1),
(24, 316, 0, 0),
(24, 317, 0, 0),
(24, 319, 1, 1),
(24, 321, 0, 0),
(24, 322, 0, 0),
(24, 323, 0, 0),
(24, 324, 0, 0),
(24, 325, 0, 0),
(24, 326, 0, 0),
(24, 327, 0, 0),
(24, 328, 0, 0),
(24, 329, 0, 0),
(24, 330, 0, 0),
(24, 331, 0, 0),
(24, 332, 0, 0),
(24, 333, 0, 0),
(24, 334, 0, 0),
(24, 335, 0, 0),
(24, 336, 0, 0),
(24, 337, 0, 0),
(24, 338, 0, 0),
(24, 339, 0, 0),
(24, 340, 0, 0),
(24, 341, 0, 0),
(24, 342, 0, 0),
(24, 343, 0, 0),
(24, 344, 0, 0),
(24, 345, 0, 0),
(24, 346, 0, 0),
(24, 347, 0, 0),
(24, 348, 0, 0),
(24, 349, 0, 0),
(24, 350, 0, 0),
(24, 351, 0, 0),
(24, 352, 1, 1),
(24, 353, 0, 0),
(24, 354, 0, 0),
(24, 355, 0, 0),
(24, 356, 0, 0),
(24, 357, 0, 0),
(25, 208, 1, 1),
(25, 210, 1, 1),
(25, 211, 1, 1),
(25, 212, 1, 1),
(25, 213, 1, 1),
(25, 214, 1, 1),
(25, 215, 1, 1),
(25, 217, 1, 1),
(25, 218, 1, 1),
(25, 219, 1, 1),
(25, 220, 1, 1),
(25, 221, 1, 1),
(25, 222, 1, 1),
(25, 223, 1, 1),
(25, 224, 1, 1),
(25, 225, 1, 1),
(25, 226, 1, 1),
(25, 227, 1, 1),
(25, 228, 1, 1),
(25, 229, 1, 1),
(25, 230, 1, 1),
(25, 231, 1, 1),
(25, 232, 1, 1),
(25, 233, 1, 1),
(25, 234, 1, 1),
(25, 235, 1, 1),
(25, 236, 1, 1),
(25, 237, 1, 1),
(25, 238, 1, 1),
(25, 239, 1, 1),
(25, 240, 1, 1),
(25, 241, 1, 1),
(25, 242, 1, 1),
(25, 243, 1, 1),
(25, 244, 1, 1),
(25, 245, 1, 1),
(25, 246, 1, 1),
(25, 247, 1, 1),
(25, 248, 1, 1),
(25, 249, 1, 1),
(25, 250, 1, 1),
(25, 251, 1, 1),
(25, 252, 1, 1),
(25, 253, 1, 1),
(25, 254, 1, 1),
(25, 255, 1, 1),
(25, 256, 1, 1),
(25, 257, 1, 1),
(25, 258, 1, 1),
(25, 259, 1, 1),
(25, 260, 1, 1),
(25, 261, 1, 1),
(25, 262, 1, 1),
(25, 263, 1, 1),
(25, 264, 1, 1),
(25, 265, 1, 1),
(25, 266, 0, 0),
(25, 267, 0, 0),
(25, 268, 0, 0),
(25, 269, 0, 0),
(25, 270, 0, 0),
(25, 271, 0, 0),
(25, 272, 0, 0),
(25, 273, 0, 0),
(25, 274, 1, 1),
(25, 275, 1, 1),
(25, 276, 1, 1),
(25, 278, 1, 1),
(25, 279, 0, 0),
(25, 280, 0, 0),
(25, 281, 0, 0),
(25, 282, 0, 0),
(25, 283, 0, 0),
(25, 284, 0, 0),
(25, 285, 0, 0),
(25, 286, 0, 0),
(25, 287, 0, 0),
(25, 288, 0, 0),
(25, 289, 0, 0),
(25, 290, 0, 0),
(25, 291, 0, 0),
(25, 292, 0, 0),
(25, 293, 0, 0),
(25, 294, 0, 0),
(25, 295, 0, 0),
(25, 296, 1, 1),
(25, 297, 0, 0),
(25, 298, 0, 0),
(25, 299, 0, 0),
(25, 300, 0, 0),
(25, 301, 0, 0),
(25, 302, 0, 0),
(25, 303, 0, 0),
(25, 304, 0, 0),
(25, 305, 0, 0),
(25, 306, 0, 0),
(25, 307, 0, 0),
(25, 308, 0, 0),
(25, 309, 0, 0),
(25, 310, 0, 0),
(25, 311, 0, 0),
(25, 312, 0, 0),
(25, 313, 0, 0),
(25, 314, 1, 1),
(25, 315, 1, 1),
(25, 316, 0, 0),
(25, 317, 0, 0),
(25, 319, 1, 1),
(25, 321, 0, 0),
(25, 322, 0, 0),
(25, 323, 0, 0),
(25, 324, 0, 0),
(25, 325, 0, 0),
(25, 326, 0, 0),
(25, 327, 0, 0),
(25, 328, 0, 0),
(25, 329, 0, 0),
(25, 330, 0, 0),
(25, 331, 0, 0),
(25, 332, 0, 0),
(25, 333, 0, 0),
(25, 334, 0, 0),
(25, 335, 0, 0),
(25, 336, 0, 0),
(25, 337, 0, 0),
(25, 338, 0, 0),
(25, 339, 0, 0),
(25, 340, 0, 0),
(25, 341, 0, 0),
(25, 342, 0, 0),
(25, 343, 0, 0),
(25, 344, 0, 0),
(25, 345, 0, 0),
(25, 346, 0, 0),
(25, 347, 0, 0),
(25, 348, 0, 0),
(25, 349, 0, 0),
(25, 350, 0, 0),
(25, 351, 0, 0),
(25, 352, 0, 0),
(25, 353, 0, 0),
(25, 354, 0, 0),
(25, 355, 0, 0),
(25, 356, 0, 0),
(25, 357, 0, 0),
(26, 208, 1, 1),
(26, 210, 1, 1),
(26, 211, 1, 1),
(26, 212, 1, 1),
(26, 213, 1, 1),
(26, 214, 1, 1),
(26, 215, 1, 1),
(26, 217, 1, 1),
(26, 218, 1, 1),
(26, 219, 1, 1),
(26, 220, 1, 1),
(26, 221, 1, 1),
(26, 222, 1, 1),
(26, 223, 1, 1),
(26, 224, 1, 1),
(26, 225, 1, 1),
(26, 226, 1, 1),
(26, 227, 1, 1),
(26, 228, 1, 1),
(26, 229, 1, 1),
(26, 230, 1, 1),
(26, 231, 1, 1),
(26, 232, 1, 1),
(26, 233, 1, 1),
(26, 234, 1, 1),
(26, 235, 1, 1),
(26, 236, 1, 1),
(26, 237, 1, 1),
(26, 238, 1, 1),
(26, 239, 1, 1),
(26, 240, 1, 1),
(26, 241, 1, 1),
(26, 242, 1, 1),
(26, 243, 1, 1),
(26, 244, 1, 1),
(26, 245, 1, 1),
(26, 246, 1, 1),
(26, 247, 1, 1),
(26, 248, 1, 1),
(26, 249, 1, 1),
(26, 250, 1, 1),
(26, 251, 1, 1),
(26, 252, 1, 1),
(26, 253, 1, 1),
(26, 254, 1, 1),
(26, 255, 1, 1),
(26, 256, 1, 1),
(26, 257, 1, 1),
(26, 258, 1, 1),
(26, 259, 1, 1),
(26, 260, 1, 1),
(26, 261, 1, 1),
(26, 262, 1, 1),
(26, 263, 1, 1),
(26, 264, 1, 1),
(26, 265, 1, 1),
(26, 266, 0, 0),
(26, 267, 0, 0),
(26, 268, 0, 0),
(26, 269, 0, 0),
(26, 270, 0, 0),
(26, 271, 0, 0),
(26, 272, 0, 0),
(26, 273, 0, 0),
(26, 274, 1, 1),
(26, 275, 1, 1),
(26, 276, 1, 1),
(26, 278, 1, 1),
(26, 279, 0, 0),
(26, 280, 0, 0),
(26, 281, 0, 0),
(26, 282, 0, 0),
(26, 283, 0, 0),
(26, 284, 0, 0),
(26, 285, 0, 0),
(26, 286, 0, 0),
(26, 287, 0, 0),
(26, 288, 0, 0),
(26, 289, 0, 0),
(26, 290, 0, 0),
(26, 291, 0, 0),
(26, 292, 0, 0),
(26, 293, 0, 0),
(26, 294, 0, 0),
(26, 295, 0, 0),
(26, 296, 1, 1),
(26, 297, 0, 0),
(26, 298, 0, 0),
(26, 299, 0, 0),
(26, 300, 0, 0),
(26, 301, 0, 0),
(26, 302, 0, 0),
(26, 303, 0, 0),
(26, 304, 0, 0),
(26, 305, 0, 0),
(26, 306, 0, 0),
(26, 307, 0, 0),
(26, 308, 0, 0),
(26, 309, 0, 0),
(26, 310, 0, 0),
(26, 311, 0, 0),
(26, 312, 0, 0),
(26, 313, 0, 0),
(26, 314, 1, 1),
(26, 315, 1, 1),
(26, 316, 0, 0),
(26, 317, 0, 0),
(26, 319, 1, 1),
(26, 321, 0, 0),
(26, 322, 0, 0),
(26, 323, 0, 0),
(26, 324, 0, 0),
(26, 325, 0, 0),
(26, 326, 0, 0),
(26, 327, 0, 0),
(26, 328, 0, 0),
(26, 329, 0, 0),
(26, 330, 0, 0),
(26, 331, 0, 0),
(26, 332, 0, 0),
(26, 333, 0, 0),
(26, 334, 0, 0),
(26, 335, 0, 0),
(26, 336, 0, 0),
(26, 337, 0, 0),
(26, 338, 0, 0),
(26, 339, 0, 0),
(26, 340, 0, 0),
(26, 341, 0, 0),
(26, 342, 0, 0),
(26, 343, 0, 0),
(26, 344, 0, 0),
(26, 345, 0, 0),
(26, 346, 0, 0),
(26, 347, 0, 0),
(26, 348, 0, 0),
(26, 349, 0, 0),
(26, 350, 1, 1),
(26, 351, 0, 0),
(26, 352, 0, 0),
(26, 353, 0, 0),
(26, 354, 0, 0),
(26, 355, 0, 0),
(26, 356, 0, 0),
(26, 357, 0, 0),
(27, 208, 1, 1),
(27, 210, 1, 1),
(27, 211, 1, 1),
(27, 212, 1, 1),
(27, 213, 1, 1),
(27, 214, 1, 1),
(27, 215, 1, 1),
(27, 217, 1, 1),
(27, 218, 1, 1),
(27, 219, 1, 1),
(27, 220, 1, 1),
(27, 221, 1, 1),
(27, 222, 1, 1),
(27, 223, 1, 1),
(27, 224, 1, 1),
(27, 225, 1, 1),
(27, 226, 1, 1),
(27, 227, 1, 1),
(27, 228, 1, 1),
(27, 229, 1, 1),
(27, 230, 1, 1),
(27, 231, 1, 1),
(27, 232, 1, 1),
(27, 233, 1, 1),
(27, 234, 1, 1),
(27, 235, 1, 1),
(27, 236, 1, 1),
(27, 237, 1, 1),
(27, 238, 1, 1),
(27, 239, 1, 1),
(27, 240, 1, 1),
(27, 241, 1, 1),
(27, 242, 1, 1),
(27, 243, 1, 1),
(27, 244, 1, 1),
(27, 245, 1, 1),
(27, 246, 1, 1),
(27, 247, 1, 1),
(27, 248, 1, 1),
(27, 249, 1, 1),
(27, 250, 1, 1),
(27, 251, 1, 1),
(27, 252, 1, 1),
(27, 253, 1, 1),
(27, 254, 1, 1),
(27, 255, 1, 1),
(27, 256, 1, 1),
(27, 257, 1, 1),
(27, 258, 1, 1),
(27, 259, 1, 1),
(27, 260, 1, 1),
(27, 261, 1, 1),
(27, 262, 1, 1),
(27, 263, 1, 1),
(27, 264, 1, 1),
(27, 265, 1, 1),
(27, 266, 0, 0),
(27, 267, 0, 0),
(27, 268, 0, 0),
(27, 269, 0, 0),
(27, 270, 0, 0),
(27, 271, 0, 0),
(27, 272, 0, 0),
(27, 273, 0, 0),
(27, 274, 1, 1),
(27, 275, 1, 1),
(27, 276, 1, 1),
(27, 278, 1, 1),
(27, 279, 0, 0),
(27, 280, 0, 0),
(27, 281, 0, 0),
(27, 282, 0, 0),
(27, 283, 0, 0),
(27, 284, 0, 0),
(27, 285, 0, 0),
(27, 286, 0, 0),
(27, 287, 0, 0),
(27, 288, 0, 0),
(27, 289, 0, 0),
(27, 290, 0, 0),
(27, 291, 0, 0),
(27, 292, 0, 0),
(27, 293, 0, 0),
(27, 294, 0, 0),
(27, 295, 0, 0),
(27, 296, 1, 1),
(27, 297, 0, 0),
(27, 298, 0, 0),
(27, 299, 0, 0),
(27, 300, 0, 0),
(27, 301, 0, 0),
(27, 302, 0, 0),
(27, 303, 0, 0),
(27, 304, 0, 0),
(27, 305, 0, 0),
(27, 306, 0, 0),
(27, 307, 0, 0),
(27, 308, 0, 0),
(27, 309, 0, 0),
(27, 310, 0, 0),
(27, 311, 0, 0),
(27, 312, 0, 0),
(27, 313, 0, 0),
(27, 314, 1, 1),
(27, 315, 1, 1),
(27, 316, 0, 0),
(27, 317, 0, 0),
(27, 319, 1, 1),
(27, 321, 0, 0),
(27, 322, 0, 0),
(27, 323, 0, 0),
(27, 324, 0, 0),
(27, 325, 0, 0),
(27, 326, 0, 0),
(27, 327, 0, 0),
(27, 328, 0, 0),
(27, 329, 0, 0),
(27, 330, 0, 0),
(27, 331, 0, 0),
(27, 332, 0, 0),
(27, 333, 0, 0),
(27, 334, 0, 0),
(27, 335, 0, 0),
(27, 336, 0, 0),
(27, 337, 0, 0),
(27, 338, 0, 0),
(27, 339, 0, 0),
(27, 340, 0, 0),
(27, 341, 0, 0),
(27, 342, 0, 0),
(27, 343, 0, 0),
(27, 344, 0, 0),
(27, 345, 0, 0),
(27, 346, 0, 0),
(27, 347, 0, 0),
(27, 348, 0, 0),
(27, 349, 0, 0),
(27, 350, 1, 1),
(27, 351, 0, 0),
(27, 352, 0, 0),
(27, 353, 0, 0),
(27, 354, 0, 0),
(27, 355, 0, 0),
(27, 356, 0, 0),
(27, 357, 0, 0),
(29, 208, 1, 1),
(29, 210, 1, 1),
(29, 211, 1, 1),
(29, 212, 1, 1),
(29, 213, 1, 1),
(29, 214, 1, 1),
(29, 215, 1, 1),
(29, 217, 1, 1),
(29, 218, 1, 1),
(29, 219, 1, 1),
(29, 220, 1, 1),
(29, 221, 1, 1),
(29, 222, 1, 1),
(29, 223, 1, 1),
(29, 224, 1, 1),
(29, 225, 1, 1),
(29, 226, 1, 1),
(29, 227, 1, 1),
(29, 228, 1, 1),
(29, 229, 1, 1),
(29, 230, 1, 1),
(29, 231, 1, 1),
(29, 232, 1, 1),
(29, 233, 1, 1),
(29, 234, 1, 1),
(29, 235, 1, 1),
(29, 236, 1, 1),
(29, 237, 1, 1),
(29, 238, 1, 1),
(29, 239, 1, 1),
(29, 240, 1, 1),
(29, 241, 1, 1),
(29, 242, 1, 1),
(29, 243, 1, 1),
(29, 244, 1, 1),
(29, 245, 1, 1),
(29, 246, 1, 1),
(29, 247, 1, 1),
(29, 248, 1, 1),
(29, 249, 1, 1),
(29, 250, 1, 1),
(29, 251, 1, 1),
(29, 252, 1, 1),
(29, 253, 1, 1),
(29, 254, 1, 1),
(29, 255, 1, 1),
(29, 256, 1, 1),
(29, 257, 1, 1),
(29, 258, 1, 1),
(29, 259, 1, 1),
(29, 260, 1, 1),
(29, 261, 1, 1),
(29, 262, 1, 1),
(29, 263, 1, 1),
(29, 264, 1, 1),
(29, 265, 1, 1),
(29, 266, 0, 0),
(29, 267, 0, 0),
(29, 268, 0, 0),
(29, 269, 0, 0),
(29, 270, 0, 0),
(29, 271, 0, 0),
(29, 272, 0, 0),
(29, 273, 0, 0),
(29, 274, 1, 1),
(29, 275, 1, 1),
(29, 276, 1, 1),
(29, 278, 1, 1),
(29, 279, 0, 0),
(29, 280, 0, 0),
(29, 281, 0, 0),
(29, 282, 0, 0),
(29, 283, 0, 0),
(29, 284, 0, 0),
(29, 285, 0, 0),
(29, 286, 0, 0),
(29, 287, 0, 0),
(29, 288, 0, 0),
(29, 289, 0, 0),
(29, 290, 0, 0),
(29, 291, 0, 0),
(29, 292, 0, 0),
(29, 293, 0, 0),
(29, 294, 0, 0),
(29, 295, 0, 0),
(29, 296, 1, 1),
(29, 297, 0, 0),
(29, 298, 0, 0),
(29, 299, 0, 0),
(29, 300, 0, 0),
(29, 301, 0, 0),
(29, 302, 0, 0),
(29, 303, 0, 0),
(29, 304, 0, 0),
(29, 305, 0, 0),
(29, 306, 0, 0),
(29, 307, 0, 0),
(29, 308, 0, 0),
(29, 309, 0, 0),
(29, 310, 0, 0),
(29, 311, 0, 0),
(29, 312, 0, 0),
(29, 313, 0, 0),
(29, 314, 1, 1),
(29, 315, 1, 1),
(29, 316, 0, 0),
(29, 317, 0, 0),
(29, 319, 1, 1),
(29, 321, 0, 0),
(29, 322, 0, 0),
(29, 323, 0, 0),
(29, 324, 0, 0),
(29, 325, 0, 0),
(29, 326, 0, 0),
(29, 327, 0, 0),
(29, 328, 0, 0),
(29, 329, 0, 0),
(29, 330, 0, 0),
(29, 331, 0, 0),
(29, 332, 0, 0),
(29, 333, 0, 0),
(29, 334, 0, 0),
(29, 335, 0, 0),
(29, 336, 0, 0),
(29, 337, 0, 0),
(29, 338, 0, 0),
(29, 339, 0, 0),
(29, 340, 0, 0),
(29, 341, 0, 0),
(29, 342, 0, 0),
(29, 343, 0, 0),
(29, 344, 0, 0),
(29, 345, 0, 0),
(29, 346, 0, 0),
(29, 347, 0, 0),
(29, 348, 0, 0),
(29, 349, 0, 0),
(29, 350, 0, 0),
(29, 351, 0, 0),
(29, 352, 0, 0),
(29, 353, 0, 0),
(29, 354, 0, 0),
(29, 355, 0, 0),
(29, 356, 0, 0),
(29, 357, 0, 0),
(30, 208, 1, 1),
(30, 210, 1, 1),
(30, 211, 1, 1),
(30, 212, 1, 1),
(30, 213, 1, 1),
(30, 214, 1, 1),
(30, 215, 1, 1),
(30, 217, 1, 1),
(30, 218, 1, 1),
(30, 219, 1, 1),
(30, 220, 1, 1);
INSERT INTO `tm_acl_discussion` (`user_id`, `discussion_id`, `is_read`, `is_write`) VALUES
(30, 221, 1, 1),
(30, 222, 1, 1),
(30, 223, 1, 1),
(30, 224, 1, 1),
(30, 225, 1, 1),
(30, 226, 1, 1),
(30, 227, 1, 1),
(30, 228, 1, 1),
(30, 229, 1, 1),
(30, 230, 1, 1),
(30, 231, 1, 1),
(30, 232, 1, 1),
(30, 233, 1, 1),
(30, 234, 1, 1),
(30, 235, 1, 1),
(30, 236, 1, 1),
(30, 237, 1, 1),
(30, 238, 1, 1),
(30, 239, 1, 1),
(30, 240, 1, 1),
(30, 241, 1, 1),
(30, 242, 1, 1),
(30, 243, 1, 1),
(30, 244, 1, 1),
(30, 245, 1, 1),
(30, 246, 1, 1),
(30, 247, 1, 1),
(30, 248, 1, 1),
(30, 249, 1, 1),
(30, 250, 1, 1),
(30, 251, 1, 1),
(30, 252, 1, 1),
(30, 253, 1, 1),
(30, 254, 1, 1),
(30, 255, 1, 1),
(30, 256, 1, 1),
(30, 257, 1, 1),
(30, 258, 1, 1),
(30, 259, 1, 1),
(30, 260, 1, 1),
(30, 261, 1, 1),
(30, 262, 1, 1),
(30, 263, 1, 1),
(30, 264, 1, 1),
(30, 265, 1, 1),
(30, 266, 0, 0),
(30, 267, 0, 0),
(30, 268, 0, 0),
(30, 269, 0, 0),
(30, 270, 0, 0),
(30, 271, 0, 0),
(30, 272, 0, 0),
(30, 273, 0, 0),
(30, 274, 1, 1),
(30, 275, 1, 1),
(30, 276, 1, 1),
(30, 278, 1, 1),
(30, 279, 0, 0),
(30, 280, 0, 0),
(30, 281, 0, 0),
(30, 282, 0, 0),
(30, 283, 0, 0),
(30, 284, 0, 0),
(30, 285, 0, 0),
(30, 286, 0, 0),
(30, 287, 0, 0),
(30, 288, 0, 0),
(30, 289, 0, 0),
(30, 290, 0, 0),
(30, 291, 0, 0),
(30, 292, 0, 0),
(30, 293, 0, 0),
(30, 294, 0, 0),
(30, 295, 0, 0),
(30, 296, 1, 1),
(30, 297, 0, 0),
(30, 298, 0, 0),
(30, 299, 0, 0),
(30, 300, 0, 0),
(30, 301, 0, 0),
(30, 302, 0, 0),
(30, 303, 0, 0),
(30, 304, 0, 0),
(30, 305, 0, 0),
(30, 306, 0, 0),
(30, 307, 0, 0),
(30, 308, 0, 0),
(30, 309, 0, 0),
(30, 310, 0, 0),
(30, 311, 0, 0),
(30, 312, 0, 0),
(30, 313, 0, 0),
(30, 314, 1, 1),
(30, 315, 1, 1),
(30, 316, 0, 0),
(30, 317, 0, 0),
(30, 319, 1, 1),
(30, 321, 0, 0),
(30, 322, 0, 0),
(30, 323, 0, 0),
(30, 324, 0, 0),
(30, 325, 0, 0),
(30, 326, 0, 0),
(30, 327, 0, 0),
(30, 328, 0, 0),
(30, 329, 0, 0),
(30, 330, 0, 0),
(30, 331, 0, 0),
(30, 332, 0, 0),
(30, 333, 0, 0),
(30, 334, 0, 0),
(30, 335, 0, 0),
(30, 336, 0, 0),
(30, 337, 0, 0),
(30, 338, 0, 0),
(30, 339, 0, 0),
(30, 340, 0, 0),
(30, 341, 0, 0),
(30, 342, 0, 0),
(30, 343, 0, 0),
(30, 344, 0, 0),
(30, 345, 0, 0),
(30, 346, 0, 0),
(30, 347, 0, 0),
(30, 348, 0, 0),
(30, 349, 0, 0),
(30, 350, 0, 0),
(30, 351, 0, 0),
(30, 352, 0, 0),
(30, 353, 0, 0),
(30, 354, 0, 0),
(30, 355, 0, 0),
(30, 356, 0, 0),
(30, 357, 0, 0),
(31, 208, 1, 1),
(31, 210, 1, 1),
(31, 211, 1, 1),
(31, 212, 1, 1),
(31, 213, 1, 1),
(31, 214, 1, 1),
(31, 215, 1, 1),
(31, 217, 1, 1),
(31, 218, 1, 1),
(31, 219, 1, 1),
(31, 220, 1, 1),
(31, 221, 1, 1),
(31, 222, 1, 1),
(31, 223, 1, 1),
(31, 224, 1, 1),
(31, 225, 1, 1),
(31, 226, 1, 1),
(31, 227, 1, 1),
(31, 228, 1, 1),
(31, 229, 1, 1),
(31, 230, 1, 1),
(31, 231, 1, 1),
(31, 232, 1, 1),
(31, 233, 1, 1),
(31, 234, 1, 1),
(31, 235, 1, 1),
(31, 236, 1, 1),
(31, 237, 1, 1),
(31, 238, 1, 1),
(31, 239, 1, 1),
(31, 240, 1, 1),
(31, 241, 1, 1),
(31, 242, 1, 1),
(31, 243, 1, 1),
(31, 244, 1, 1),
(31, 245, 1, 1),
(31, 246, 1, 1),
(31, 247, 1, 1),
(31, 248, 1, 1),
(31, 249, 1, 1),
(31, 250, 1, 1),
(31, 251, 1, 1),
(31, 252, 1, 1),
(31, 253, 1, 1),
(31, 254, 1, 1),
(31, 255, 1, 1),
(31, 256, 1, 1),
(31, 257, 1, 1),
(31, 258, 1, 1),
(31, 259, 1, 1),
(31, 260, 1, 1),
(31, 261, 1, 1),
(31, 262, 1, 1),
(31, 263, 1, 1),
(31, 264, 1, 1),
(31, 265, 1, 1),
(31, 266, 0, 0),
(31, 267, 0, 0),
(31, 268, 0, 0),
(31, 269, 0, 0),
(31, 270, 0, 0),
(31, 271, 0, 0),
(31, 272, 0, 0),
(31, 273, 0, 0),
(31, 274, 1, 1),
(31, 275, 1, 1),
(31, 276, 1, 1),
(31, 278, 1, 1),
(31, 279, 0, 0),
(31, 280, 0, 0),
(31, 281, 0, 0),
(31, 282, 0, 0),
(31, 283, 0, 0),
(31, 284, 0, 0),
(31, 285, 0, 0),
(31, 286, 0, 0),
(31, 287, 0, 0),
(31, 288, 0, 0),
(31, 289, 0, 0),
(31, 290, 0, 0),
(31, 291, 0, 0),
(31, 292, 0, 0),
(31, 293, 0, 0),
(31, 294, 0, 0),
(31, 295, 0, 0),
(31, 296, 1, 1),
(31, 297, 0, 0),
(31, 298, 0, 0),
(31, 299, 0, 0),
(31, 300, 0, 0),
(31, 301, 0, 0),
(31, 302, 0, 0),
(31, 303, 0, 0),
(31, 304, 0, 0),
(31, 305, 0, 0),
(31, 306, 0, 0),
(31, 307, 0, 0),
(31, 308, 0, 0),
(31, 309, 0, 0),
(31, 310, 0, 0),
(31, 311, 0, 0),
(31, 312, 0, 0),
(31, 313, 0, 0),
(31, 314, 1, 1),
(31, 315, 1, 1),
(31, 316, 0, 0),
(31, 317, 0, 0),
(31, 319, 1, 1),
(31, 321, 0, 0),
(31, 322, 0, 0),
(31, 323, 0, 0),
(31, 324, 0, 0),
(31, 325, 0, 0),
(31, 326, 0, 0),
(31, 327, 0, 0),
(31, 328, 0, 0),
(31, 329, 0, 0),
(31, 330, 0, 0),
(31, 331, 0, 0),
(31, 332, 0, 0),
(31, 333, 0, 0),
(31, 334, 0, 0),
(31, 335, 0, 0),
(31, 336, 0, 0),
(31, 337, 0, 0),
(31, 338, 0, 0),
(31, 339, 0, 0),
(31, 340, 0, 0),
(31, 341, 0, 0),
(31, 342, 0, 0),
(31, 343, 0, 0),
(31, 344, 0, 0),
(31, 345, 0, 0),
(31, 346, 1, 1),
(31, 347, 0, 0),
(31, 348, 0, 0),
(31, 349, 0, 0),
(31, 350, 0, 0),
(31, 351, 0, 0),
(31, 352, 0, 0),
(31, 353, 0, 0),
(31, 354, 0, 0),
(31, 355, 0, 0),
(31, 356, 0, 0),
(31, 357, 0, 0),
(32, 208, 1, 1),
(32, 210, 1, 1),
(32, 211, 1, 1),
(32, 212, 1, 1),
(32, 213, 1, 1),
(32, 214, 1, 1),
(32, 215, 1, 1),
(32, 217, 1, 1),
(32, 218, 1, 1),
(32, 219, 1, 1),
(32, 220, 1, 1),
(32, 221, 1, 1),
(32, 222, 1, 1),
(32, 223, 1, 1),
(32, 224, 1, 1),
(32, 225, 1, 1),
(32, 226, 1, 1),
(32, 227, 1, 1),
(32, 228, 1, 1),
(32, 229, 1, 1),
(32, 230, 1, 1),
(32, 231, 1, 1),
(32, 232, 1, 1),
(32, 233, 1, 1),
(32, 234, 1, 1),
(32, 235, 1, 1),
(32, 236, 1, 1),
(32, 237, 1, 1),
(32, 238, 1, 1),
(32, 239, 1, 1),
(32, 240, 1, 1),
(32, 241, 1, 1),
(32, 242, 1, 1),
(32, 243, 1, 1),
(32, 244, 1, 1),
(32, 245, 1, 1),
(32, 246, 1, 1),
(32, 247, 1, 1),
(32, 248, 1, 1),
(32, 249, 1, 1),
(32, 250, 1, 1),
(32, 251, 1, 1),
(32, 252, 1, 1),
(32, 253, 1, 1),
(32, 254, 1, 1),
(32, 255, 1, 1),
(32, 256, 1, 1),
(32, 257, 1, 1),
(32, 258, 1, 1),
(32, 259, 1, 1),
(32, 260, 1, 1),
(32, 261, 1, 1),
(32, 262, 1, 1),
(32, 263, 1, 1),
(32, 264, 1, 1),
(32, 265, 1, 1),
(32, 266, 0, 0),
(32, 267, 0, 0),
(32, 268, 0, 0),
(32, 269, 0, 0),
(32, 270, 0, 0),
(32, 271, 0, 0),
(32, 272, 0, 0),
(32, 273, 0, 0),
(32, 274, 1, 1),
(32, 275, 1, 1),
(32, 276, 1, 1),
(32, 278, 1, 1),
(32, 279, 0, 0),
(32, 280, 0, 0),
(32, 281, 0, 0),
(32, 282, 0, 0),
(32, 283, 0, 0),
(32, 284, 0, 0),
(32, 285, 0, 0),
(32, 286, 0, 0),
(32, 287, 0, 0),
(32, 288, 0, 0),
(32, 289, 0, 0),
(32, 290, 0, 0),
(32, 291, 0, 0),
(32, 292, 0, 0),
(32, 293, 0, 0),
(32, 294, 0, 0),
(32, 295, 0, 0),
(32, 296, 1, 1),
(32, 297, 0, 0),
(32, 298, 0, 0),
(32, 299, 0, 0),
(32, 300, 0, 0),
(32, 301, 0, 0),
(32, 302, 0, 0),
(32, 303, 0, 0),
(32, 304, 0, 0),
(32, 305, 0, 0),
(32, 306, 0, 0),
(32, 307, 0, 0),
(32, 308, 0, 0),
(32, 309, 0, 0),
(32, 310, 0, 0),
(32, 311, 0, 0),
(32, 312, 0, 0),
(32, 313, 0, 0),
(32, 314, 1, 1),
(32, 315, 1, 1),
(32, 316, 0, 0),
(32, 317, 0, 0),
(32, 319, 1, 1),
(32, 321, 0, 0),
(32, 322, 0, 0),
(32, 323, 0, 0),
(32, 324, 0, 0),
(32, 325, 0, 0),
(32, 326, 0, 0),
(32, 327, 0, 0),
(32, 328, 0, 0),
(32, 329, 0, 0),
(32, 330, 0, 0),
(32, 331, 0, 0),
(32, 332, 0, 0),
(32, 333, 0, 0),
(32, 334, 0, 0),
(32, 335, 0, 0),
(32, 336, 0, 0),
(32, 337, 0, 0),
(32, 338, 0, 0),
(32, 339, 0, 0),
(32, 340, 0, 0),
(32, 341, 0, 0),
(32, 342, 0, 0),
(32, 343, 0, 0),
(32, 344, 0, 0),
(32, 345, 0, 0),
(32, 346, 1, 1),
(32, 347, 0, 0),
(32, 348, 0, 0),
(32, 349, 0, 0),
(32, 350, 0, 0),
(32, 351, 0, 0),
(32, 352, 0, 0),
(32, 353, 0, 0),
(32, 354, 0, 0),
(32, 355, 0, 0),
(32, 356, 0, 0),
(32, 357, 0, 0),
(33, 208, 1, 1),
(33, 210, 1, 1),
(33, 211, 1, 1),
(33, 212, 1, 1),
(33, 213, 1, 1),
(33, 214, 1, 1),
(33, 215, 1, 1),
(33, 217, 1, 1),
(33, 218, 1, 1),
(33, 219, 1, 1),
(33, 220, 1, 1),
(33, 221, 1, 1),
(33, 222, 1, 1),
(33, 223, 1, 1),
(33, 224, 1, 1),
(33, 225, 1, 1),
(33, 226, 1, 1),
(33, 227, 1, 1),
(33, 228, 1, 1),
(33, 229, 1, 1),
(33, 230, 1, 1),
(33, 231, 1, 1),
(33, 232, 1, 1),
(33, 233, 1, 1),
(33, 234, 1, 1),
(33, 235, 1, 1),
(33, 236, 1, 1),
(33, 237, 1, 1),
(33, 238, 1, 1),
(33, 239, 1, 1),
(33, 240, 1, 1),
(33, 241, 1, 1),
(33, 242, 1, 1),
(33, 243, 1, 1),
(33, 244, 1, 1),
(33, 245, 1, 1),
(33, 246, 1, 1),
(33, 247, 1, 1),
(33, 248, 1, 1),
(33, 249, 1, 1),
(33, 250, 1, 1),
(33, 251, 1, 1),
(33, 252, 1, 1),
(33, 253, 1, 1),
(33, 254, 1, 1),
(33, 255, 1, 1),
(33, 256, 1, 1),
(33, 257, 1, 1),
(33, 258, 1, 1),
(33, 259, 1, 1),
(33, 260, 1, 1),
(33, 261, 1, 1),
(33, 262, 1, 1),
(33, 263, 1, 1),
(33, 264, 1, 1),
(33, 265, 1, 1),
(33, 266, 0, 0),
(33, 267, 0, 0),
(33, 268, 0, 0),
(33, 269, 0, 0),
(33, 270, 0, 0),
(33, 271, 0, 0),
(33, 272, 0, 0),
(33, 273, 0, 0),
(33, 274, 1, 1),
(33, 275, 1, 1),
(33, 276, 1, 1),
(33, 278, 1, 1),
(33, 279, 0, 0),
(33, 280, 0, 0),
(33, 281, 0, 0),
(33, 282, 0, 0),
(33, 283, 0, 0),
(33, 284, 0, 0),
(33, 285, 0, 0),
(33, 286, 0, 0),
(33, 287, 0, 0),
(33, 288, 0, 0),
(33, 289, 0, 0),
(33, 290, 0, 0),
(33, 291, 0, 0),
(33, 292, 0, 0),
(33, 293, 0, 0),
(33, 294, 0, 0),
(33, 295, 0, 0),
(33, 296, 1, 1),
(33, 297, 0, 0),
(33, 298, 0, 0),
(33, 299, 0, 0),
(33, 300, 0, 0),
(33, 301, 0, 0),
(33, 302, 0, 0),
(33, 303, 0, 0),
(33, 304, 0, 0),
(33, 305, 0, 0),
(33, 306, 0, 0),
(33, 307, 0, 0),
(33, 308, 0, 0),
(33, 309, 0, 0),
(33, 310, 0, 0),
(33, 311, 0, 0),
(33, 312, 0, 0),
(33, 313, 0, 0),
(33, 314, 1, 1),
(33, 315, 1, 1),
(33, 316, 0, 0),
(33, 317, 0, 0),
(33, 319, 1, 1),
(33, 321, 0, 0),
(33, 322, 0, 0),
(33, 323, 0, 0),
(33, 324, 0, 0),
(33, 325, 0, 0),
(33, 326, 0, 0),
(33, 327, 0, 0),
(33, 328, 0, 0),
(33, 329, 0, 0),
(33, 330, 0, 0),
(33, 331, 0, 0),
(33, 332, 0, 0),
(33, 333, 0, 0),
(33, 334, 0, 0),
(33, 335, 0, 0),
(33, 336, 0, 0),
(33, 337, 0, 0),
(33, 338, 0, 0),
(33, 339, 0, 0),
(33, 340, 0, 0),
(33, 341, 0, 0),
(33, 342, 0, 0),
(33, 343, 0, 0),
(33, 344, 0, 0),
(33, 345, 0, 0),
(33, 346, 1, 1),
(33, 347, 0, 0),
(33, 348, 0, 0),
(33, 349, 0, 0),
(33, 350, 0, 0),
(33, 351, 0, 0),
(33, 352, 0, 0),
(33, 353, 0, 0),
(33, 354, 0, 0),
(33, 355, 0, 0),
(33, 356, 0, 0),
(33, 357, 0, 0),
(34, 208, 1, 1),
(34, 210, 1, 1),
(34, 211, 1, 1),
(34, 212, 1, 1),
(34, 213, 1, 1),
(34, 214, 1, 1),
(34, 215, 1, 1),
(34, 217, 1, 1),
(34, 218, 1, 1),
(34, 219, 1, 1),
(34, 220, 1, 1),
(34, 221, 1, 1),
(34, 222, 1, 1),
(34, 223, 1, 1),
(34, 224, 1, 1),
(34, 225, 1, 1),
(34, 226, 1, 1),
(34, 227, 1, 1),
(34, 228, 1, 1),
(34, 229, 1, 1),
(34, 230, 1, 1),
(34, 231, 1, 1),
(34, 232, 1, 1),
(34, 233, 1, 1),
(34, 234, 1, 1),
(34, 235, 1, 1),
(34, 236, 1, 1),
(34, 237, 1, 1),
(34, 238, 1, 1),
(34, 239, 1, 1),
(34, 240, 1, 1),
(34, 241, 1, 1),
(34, 242, 1, 1),
(34, 243, 1, 1),
(34, 244, 1, 1),
(34, 245, 1, 1),
(34, 246, 1, 1),
(34, 247, 1, 1),
(34, 248, 1, 1),
(34, 249, 1, 1),
(34, 250, 1, 1),
(34, 251, 1, 1),
(34, 252, 1, 1),
(34, 253, 1, 1),
(34, 254, 1, 1),
(34, 255, 1, 1),
(34, 256, 1, 1),
(34, 257, 1, 1),
(34, 258, 1, 1),
(34, 259, 1, 1),
(34, 260, 1, 1),
(34, 261, 1, 1),
(34, 262, 1, 1),
(34, 263, 1, 1),
(34, 264, 1, 1),
(34, 265, 1, 1),
(34, 266, 0, 0),
(34, 267, 0, 0),
(34, 268, 0, 0),
(34, 269, 0, 0),
(34, 270, 0, 0),
(34, 271, 0, 0),
(34, 272, 0, 0),
(34, 273, 0, 0),
(34, 274, 1, 1),
(34, 275, 1, 1),
(34, 276, 1, 1),
(34, 278, 1, 1),
(34, 279, 0, 0),
(34, 280, 0, 0),
(34, 281, 0, 0),
(34, 282, 0, 0),
(34, 283, 0, 0),
(34, 284, 0, 0),
(34, 285, 0, 0),
(34, 286, 0, 0),
(34, 287, 0, 0),
(34, 288, 0, 0),
(34, 289, 0, 0),
(34, 290, 0, 0),
(34, 291, 0, 0),
(34, 292, 0, 0),
(34, 293, 0, 0),
(34, 294, 0, 0),
(34, 295, 0, 0),
(34, 296, 1, 1),
(34, 297, 0, 0),
(34, 298, 0, 0),
(34, 299, 0, 0),
(34, 300, 0, 0),
(34, 301, 0, 0),
(34, 302, 0, 0),
(34, 303, 0, 0),
(34, 304, 0, 0),
(34, 305, 0, 0),
(34, 306, 0, 0),
(34, 307, 0, 0),
(34, 308, 0, 0),
(34, 309, 0, 0),
(34, 310, 0, 0),
(34, 311, 0, 0),
(34, 312, 0, 0),
(34, 313, 0, 0),
(34, 314, 1, 1),
(34, 315, 1, 1),
(34, 316, 0, 0),
(34, 317, 0, 0),
(34, 319, 1, 1),
(34, 321, 0, 0),
(34, 322, 0, 0),
(34, 323, 0, 0),
(34, 324, 0, 0),
(34, 325, 0, 0),
(34, 326, 0, 0),
(34, 327, 0, 0),
(34, 328, 0, 0),
(34, 329, 0, 0),
(34, 330, 0, 0),
(34, 331, 0, 0),
(34, 332, 0, 0),
(34, 333, 0, 0),
(34, 334, 0, 0),
(34, 335, 0, 0),
(34, 336, 0, 0),
(34, 337, 0, 0),
(34, 338, 0, 0),
(34, 339, 0, 0),
(34, 340, 0, 0),
(34, 341, 0, 0),
(34, 342, 0, 0),
(34, 343, 0, 0),
(34, 344, 0, 0),
(34, 345, 0, 0),
(34, 346, 1, 1),
(34, 347, 0, 0),
(34, 348, 0, 0),
(34, 349, 0, 0),
(34, 350, 0, 0),
(34, 351, 0, 0),
(34, 352, 0, 0),
(34, 353, 0, 0),
(34, 354, 0, 0),
(34, 355, 0, 0),
(34, 356, 0, 0),
(34, 357, 0, 0),
(35, 208, 1, 1),
(35, 210, 1, 1),
(35, 211, 1, 1),
(35, 212, 1, 1),
(35, 213, 1, 1),
(35, 214, 1, 1),
(35, 215, 1, 1),
(35, 217, 1, 1),
(35, 218, 1, 1),
(35, 219, 1, 1),
(35, 220, 1, 1),
(35, 221, 1, 1),
(35, 222, 1, 1),
(35, 223, 1, 1),
(35, 224, 1, 1),
(35, 225, 1, 1),
(35, 226, 1, 1),
(35, 227, 1, 1),
(35, 228, 1, 1),
(35, 229, 1, 1),
(35, 230, 1, 1),
(35, 231, 1, 1),
(35, 232, 1, 1),
(35, 233, 1, 1),
(35, 234, 1, 1),
(35, 235, 1, 1),
(35, 236, 1, 1),
(35, 237, 1, 1),
(35, 238, 1, 1),
(35, 239, 1, 1),
(35, 240, 1, 1),
(35, 241, 1, 1),
(35, 242, 1, 1),
(35, 243, 1, 1),
(35, 244, 1, 1),
(35, 245, 1, 1),
(35, 246, 1, 1),
(35, 247, 1, 1),
(35, 248, 1, 1),
(35, 249, 1, 1),
(35, 250, 1, 1),
(35, 251, 1, 1),
(35, 252, 1, 1),
(35, 253, 1, 1),
(35, 254, 1, 1),
(35, 255, 1, 1),
(35, 256, 1, 1),
(35, 257, 1, 1),
(35, 258, 1, 1),
(35, 259, 1, 1),
(35, 260, 1, 1),
(35, 261, 1, 1),
(35, 262, 1, 1),
(35, 263, 1, 1),
(35, 264, 1, 1),
(35, 265, 1, 1),
(35, 266, 0, 0),
(35, 267, 0, 0),
(35, 268, 0, 0),
(35, 269, 0, 0),
(35, 270, 0, 0),
(35, 271, 0, 0),
(35, 272, 0, 0),
(35, 273, 0, 0),
(35, 274, 1, 1),
(35, 275, 1, 1),
(35, 276, 1, 1),
(35, 278, 1, 1),
(35, 279, 0, 0),
(35, 280, 0, 0),
(35, 281, 0, 0),
(35, 282, 0, 0),
(35, 283, 0, 0),
(35, 284, 0, 0),
(35, 285, 0, 0),
(35, 286, 0, 0),
(35, 287, 0, 0),
(35, 288, 0, 0),
(35, 289, 0, 0),
(35, 290, 0, 0),
(35, 291, 0, 0),
(35, 292, 0, 0),
(35, 293, 0, 0),
(35, 294, 0, 0),
(35, 295, 0, 0),
(35, 296, 1, 1),
(35, 297, 0, 0),
(35, 298, 0, 0),
(35, 299, 0, 0),
(35, 300, 0, 0),
(35, 301, 0, 0),
(35, 302, 0, 0),
(35, 303, 0, 0),
(35, 304, 0, 0),
(35, 305, 0, 0),
(35, 306, 0, 0),
(35, 307, 0, 0),
(35, 308, 0, 0),
(35, 309, 0, 0),
(35, 310, 0, 0),
(35, 311, 0, 0),
(35, 312, 0, 0),
(35, 313, 0, 0),
(35, 314, 1, 1),
(35, 315, 1, 1),
(35, 316, 0, 0),
(35, 317, 0, 0),
(35, 319, 1, 1),
(35, 321, 0, 0),
(35, 322, 0, 0),
(35, 323, 0, 0),
(35, 324, 0, 0),
(35, 325, 0, 0),
(35, 326, 0, 0),
(35, 327, 0, 0),
(35, 328, 0, 0),
(35, 329, 0, 0),
(35, 330, 0, 0),
(35, 331, 0, 0),
(35, 332, 0, 0),
(35, 333, 0, 0),
(35, 334, 0, 0),
(35, 335, 0, 0),
(35, 336, 0, 0),
(35, 337, 0, 0),
(35, 338, 0, 0),
(35, 339, 0, 0),
(35, 340, 0, 0),
(35, 341, 0, 0),
(35, 342, 0, 0),
(35, 343, 0, 0),
(35, 344, 0, 0),
(35, 345, 0, 0),
(35, 346, 1, 1),
(35, 347, 0, 0),
(35, 348, 0, 0),
(35, 349, 0, 0),
(35, 350, 0, 0),
(35, 351, 0, 0),
(35, 352, 0, 0),
(35, 353, 0, 0),
(35, 354, 0, 0),
(35, 355, 0, 0),
(35, 356, 0, 0),
(35, 357, 0, 0),
(36, 208, 1, 1),
(36, 210, 1, 1),
(36, 211, 1, 1),
(36, 212, 1, 1),
(36, 213, 1, 1),
(36, 214, 1, 1),
(36, 215, 1, 1),
(36, 217, 1, 1),
(36, 218, 1, 1),
(36, 219, 1, 1),
(36, 220, 1, 1),
(36, 221, 1, 1),
(36, 222, 1, 1),
(36, 223, 1, 1),
(36, 224, 1, 1),
(36, 225, 1, 1),
(36, 226, 1, 1),
(36, 227, 1, 1),
(36, 228, 1, 1),
(36, 229, 1, 1),
(36, 230, 1, 1),
(36, 231, 1, 1),
(36, 232, 1, 1),
(36, 233, 1, 1),
(36, 234, 1, 1),
(36, 235, 1, 1),
(36, 236, 1, 1),
(36, 237, 1, 1),
(36, 238, 1, 1),
(36, 239, 1, 1),
(36, 240, 1, 1),
(36, 241, 1, 1),
(36, 242, 1, 1),
(36, 243, 1, 1),
(36, 244, 1, 1),
(36, 245, 1, 1),
(36, 246, 1, 1),
(36, 247, 1, 1),
(36, 248, 1, 1),
(36, 249, 1, 1),
(36, 250, 1, 1),
(36, 251, 1, 1),
(36, 252, 1, 1),
(36, 253, 1, 1),
(36, 254, 1, 1),
(36, 255, 1, 1),
(36, 256, 1, 1),
(36, 257, 1, 1),
(36, 258, 1, 1),
(36, 259, 1, 1),
(36, 260, 1, 1),
(36, 261, 1, 1),
(36, 262, 1, 1),
(36, 263, 1, 1),
(36, 264, 1, 1),
(36, 265, 1, 1),
(36, 266, 0, 0),
(36, 267, 0, 0),
(36, 268, 0, 0),
(36, 269, 0, 0),
(36, 270, 0, 0),
(36, 271, 0, 0),
(36, 272, 0, 0),
(36, 273, 0, 0),
(36, 274, 1, 1),
(36, 275, 1, 1),
(36, 276, 1, 1),
(36, 278, 1, 1),
(36, 279, 0, 0),
(36, 280, 0, 0),
(36, 281, 0, 0),
(36, 282, 0, 0),
(36, 283, 0, 0),
(36, 284, 0, 0),
(36, 285, 0, 0),
(36, 286, 0, 0),
(36, 287, 0, 0),
(36, 288, 0, 0),
(36, 289, 0, 0),
(36, 290, 0, 0),
(36, 291, 0, 0),
(36, 292, 0, 0),
(36, 293, 0, 0),
(36, 294, 0, 0),
(36, 295, 0, 0),
(36, 296, 1, 1),
(36, 297, 0, 0),
(36, 298, 0, 0),
(36, 299, 0, 0),
(36, 300, 0, 0),
(36, 301, 0, 0),
(36, 302, 0, 0),
(36, 303, 0, 0),
(36, 304, 0, 0),
(36, 305, 0, 0),
(36, 306, 0, 0),
(36, 307, 0, 0),
(36, 308, 0, 0),
(36, 309, 0, 0),
(36, 310, 0, 0),
(36, 311, 0, 0),
(36, 312, 0, 0),
(36, 313, 0, 0),
(36, 314, 1, 1),
(36, 315, 1, 1),
(36, 316, 0, 0),
(36, 317, 0, 0),
(36, 319, 1, 1),
(36, 321, 0, 0),
(36, 322, 0, 0),
(36, 323, 0, 0),
(36, 324, 0, 0),
(36, 325, 0, 0),
(36, 326, 0, 0),
(36, 327, 0, 0),
(36, 328, 0, 0),
(36, 329, 0, 0),
(36, 330, 0, 0),
(36, 331, 0, 0),
(36, 332, 0, 0),
(36, 333, 0, 0),
(36, 334, 0, 0),
(36, 335, 0, 0),
(36, 336, 0, 0),
(36, 337, 0, 0),
(36, 338, 0, 0),
(36, 339, 0, 0),
(36, 340, 0, 0),
(36, 341, 0, 0),
(36, 342, 0, 0),
(36, 343, 0, 0),
(36, 344, 0, 0),
(36, 345, 0, 0),
(36, 346, 0, 0),
(36, 347, 0, 0),
(36, 348, 0, 0),
(36, 349, 0, 0),
(36, 350, 0, 0),
(36, 351, 0, 0),
(36, 352, 0, 0),
(36, 353, 0, 0),
(36, 354, 0, 0),
(36, 355, 0, 0),
(36, 356, 0, 0),
(36, 357, 0, 0),
(41, 213, 1, 1),
(41, 214, 1, 1),
(41, 215, 1, 1),
(41, 217, 1, 1),
(41, 218, 1, 1),
(41, 219, 1, 1),
(41, 220, 1, 1),
(41, 221, 1, 1),
(41, 222, 1, 1),
(41, 223, 1, 1),
(41, 224, 1, 1),
(41, 225, 1, 1),
(41, 226, 1, 1),
(41, 227, 1, 1),
(41, 228, 1, 1),
(41, 229, 1, 1),
(41, 230, 1, 1),
(41, 231, 1, 1),
(41, 232, 1, 1),
(41, 233, 1, 1),
(41, 234, 1, 1),
(41, 235, 1, 1),
(41, 236, 1, 1),
(41, 237, 1, 1),
(41, 238, 1, 1),
(41, 239, 1, 1),
(41, 240, 1, 1),
(41, 241, 1, 1),
(41, 242, 1, 1),
(41, 243, 1, 1),
(41, 244, 1, 1),
(41, 245, 1, 1),
(41, 246, 1, 1),
(41, 247, 1, 1),
(41, 248, 1, 1),
(41, 249, 1, 1),
(41, 250, 1, 1),
(41, 251, 1, 1),
(41, 252, 1, 1),
(41, 253, 1, 1),
(41, 254, 1, 1),
(41, 255, 1, 1),
(41, 256, 1, 1),
(41, 257, 1, 1),
(41, 258, 1, 1),
(41, 259, 1, 1),
(41, 260, 1, 1),
(41, 261, 1, 1),
(41, 262, 1, 1),
(41, 263, 1, 1),
(41, 264, 1, 1),
(41, 265, 1, 1),
(41, 266, 0, 0),
(41, 267, 0, 0),
(41, 268, 0, 0),
(41, 269, 0, 0),
(41, 270, 0, 0),
(41, 271, 0, 0),
(41, 272, 0, 0),
(41, 273, 0, 0),
(41, 274, 1, 1),
(41, 275, 1, 1),
(41, 276, 1, 1),
(41, 278, 1, 1),
(41, 279, 0, 0),
(41, 280, 0, 0),
(41, 281, 0, 0),
(41, 282, 0, 0),
(41, 283, 0, 0),
(41, 284, 0, 0),
(41, 285, 0, 0),
(41, 286, 0, 0),
(41, 287, 0, 0),
(41, 288, 0, 0),
(41, 289, 0, 0),
(41, 290, 0, 0),
(41, 291, 0, 0),
(41, 292, 0, 0),
(41, 293, 0, 0),
(41, 294, 0, 0),
(41, 295, 0, 0),
(41, 296, 1, 1),
(41, 297, 0, 0),
(41, 298, 0, 0),
(41, 299, 0, 0),
(41, 300, 0, 0),
(41, 301, 0, 0),
(41, 302, 0, 0),
(41, 303, 0, 0),
(41, 304, 0, 0),
(41, 305, 0, 0),
(41, 306, 0, 0),
(41, 307, 0, 0),
(41, 308, 0, 0),
(41, 309, 0, 0),
(41, 310, 0, 0),
(41, 311, 0, 0),
(41, 312, 0, 0),
(41, 313, 0, 0),
(41, 314, 1, 1),
(41, 315, 1, 1),
(41, 316, 0, 0),
(41, 317, 0, 0),
(41, 321, 0, 0),
(41, 322, 0, 0),
(41, 323, 0, 0),
(41, 324, 0, 0),
(41, 325, 0, 0),
(41, 326, 0, 0),
(41, 327, 0, 0),
(41, 328, 0, 0),
(41, 329, 0, 0),
(41, 330, 0, 0),
(41, 331, 0, 0),
(41, 332, 0, 0),
(41, 333, 0, 0),
(41, 334, 0, 0),
(41, 335, 0, 0),
(41, 336, 0, 0),
(41, 337, 0, 0),
(41, 338, 0, 0),
(41, 339, 0, 0),
(41, 340, 0, 0),
(41, 341, 0, 0),
(41, 342, 0, 0),
(41, 343, 0, 0),
(41, 344, 0, 0),
(41, 345, 0, 0),
(41, 346, 0, 0),
(41, 347, 0, 0),
(41, 348, 0, 0),
(41, 349, 0, 0),
(41, 350, 0, 0),
(41, 351, 0, 0),
(41, 352, 0, 0),
(41, 353, 0, 0),
(41, 354, 0, 0),
(41, 355, 0, 0),
(41, 356, 0, 0),
(41, 357, 0, 0),
(42, 267, 0, 0),
(42, 268, 0, 0),
(42, 269, 0, 0),
(42, 270, 0, 0),
(42, 271, 0, 0),
(42, 272, 0, 0),
(42, 273, 0, 0),
(42, 274, 0, 0),
(42, 275, 0, 0),
(42, 276, 0, 0),
(42, 279, 0, 0),
(42, 280, 0, 0),
(42, 281, 0, 0),
(42, 282, 0, 0),
(42, 283, 0, 0),
(42, 284, 0, 0),
(42, 285, 0, 0),
(42, 286, 0, 0),
(42, 287, 0, 0),
(42, 288, 0, 0),
(42, 289, 0, 0),
(42, 290, 0, 0),
(42, 291, 0, 0),
(42, 292, 0, 0),
(42, 293, 0, 0),
(42, 294, 0, 0),
(42, 295, 0, 0),
(42, 297, 0, 0),
(42, 298, 0, 0),
(42, 299, 0, 0),
(42, 300, 0, 0),
(42, 301, 0, 0),
(42, 302, 0, 0),
(42, 303, 0, 0),
(42, 304, 0, 0),
(42, 305, 0, 0),
(42, 306, 0, 0),
(42, 307, 0, 0),
(42, 308, 0, 0),
(42, 309, 0, 0),
(42, 310, 0, 0),
(42, 311, 0, 0),
(42, 312, 0, 0),
(42, 313, 0, 0),
(42, 316, 0, 0),
(42, 317, 0, 0),
(42, 321, 0, 0),
(42, 322, 0, 0),
(42, 323, 0, 0),
(42, 324, 0, 0),
(42, 325, 0, 0),
(42, 326, 0, 0),
(42, 327, 0, 0),
(42, 328, 0, 0),
(42, 329, 0, 0),
(42, 330, 0, 0),
(42, 331, 0, 0),
(42, 332, 0, 0),
(42, 333, 0, 0),
(42, 334, 0, 0),
(42, 335, 0, 0),
(42, 336, 0, 0),
(42, 337, 0, 0),
(42, 338, 0, 0),
(42, 339, 0, 0),
(42, 340, 0, 0),
(42, 341, 0, 0),
(42, 342, 0, 0),
(42, 343, 0, 0),
(42, 344, 0, 0),
(42, 345, 0, 0),
(42, 346, 0, 0),
(42, 347, 0, 0),
(42, 348, 0, 0),
(42, 349, 0, 0),
(42, 350, 0, 0),
(42, 351, 0, 0),
(42, 352, 0, 0),
(42, 353, 0, 0),
(42, 354, 0, 0),
(42, 355, 0, 0),
(42, 356, 0, 0),
(42, 357, 0, 0),
(43, 267, 0, 0),
(43, 268, 0, 0),
(43, 269, 0, 0),
(43, 270, 0, 0),
(43, 271, 0, 0),
(43, 272, 0, 0),
(43, 273, 0, 0),
(43, 274, 0, 0),
(43, 275, 0, 0),
(43, 276, 0, 0),
(43, 279, 0, 0),
(43, 280, 0, 0),
(43, 281, 0, 0),
(43, 282, 0, 0),
(43, 283, 0, 0),
(43, 284, 0, 0),
(43, 285, 0, 0),
(43, 286, 0, 0),
(43, 287, 0, 0),
(43, 288, 0, 0),
(43, 289, 0, 0),
(43, 290, 0, 0),
(43, 291, 0, 0),
(43, 292, 0, 0),
(43, 293, 0, 0),
(43, 294, 0, 0),
(43, 295, 0, 0),
(43, 297, 0, 0),
(43, 298, 0, 0),
(43, 299, 0, 0),
(43, 300, 0, 0),
(43, 301, 0, 0),
(43, 302, 0, 0),
(43, 303, 0, 0),
(43, 304, 0, 0),
(43, 305, 0, 0),
(43, 306, 0, 0),
(43, 307, 0, 0),
(43, 308, 0, 0),
(43, 309, 0, 0),
(43, 310, 0, 0),
(43, 311, 0, 0),
(43, 312, 0, 0),
(43, 313, 0, 0),
(43, 316, 0, 0),
(43, 317, 0, 0),
(43, 321, 0, 0),
(43, 322, 0, 0),
(43, 323, 0, 0),
(43, 324, 0, 0),
(43, 325, 0, 0),
(43, 326, 0, 0),
(43, 327, 0, 0),
(43, 328, 0, 0),
(43, 329, 0, 0),
(43, 330, 0, 0),
(43, 331, 0, 0),
(43, 332, 0, 0),
(43, 333, 0, 0),
(43, 334, 0, 0),
(43, 335, 0, 0),
(43, 336, 0, 0),
(43, 337, 0, 0),
(43, 338, 0, 0),
(43, 339, 0, 0),
(43, 340, 0, 0),
(43, 341, 0, 0),
(43, 342, 0, 0),
(43, 343, 0, 0),
(43, 344, 0, 0),
(43, 345, 0, 0),
(43, 346, 0, 0),
(43, 347, 0, 0),
(43, 348, 0, 0),
(43, 349, 0, 0),
(43, 350, 0, 0),
(43, 351, 0, 0),
(43, 352, 0, 0),
(43, 353, 0, 0),
(43, 354, 0, 0),
(43, 355, 0, 0),
(43, 356, 0, 0),
(43, 357, 0, 0),
(44, 267, 0, 0),
(44, 268, 0, 0),
(44, 269, 0, 0),
(44, 270, 0, 0),
(44, 271, 0, 0),
(44, 272, 0, 0),
(44, 273, 0, 0),
(44, 274, 0, 0),
(44, 275, 0, 0),
(44, 276, 0, 0),
(44, 279, 0, 0),
(44, 280, 0, 0),
(44, 281, 0, 0),
(44, 282, 0, 0),
(44, 283, 0, 0),
(44, 284, 0, 0),
(44, 285, 0, 0),
(44, 286, 0, 0),
(44, 287, 0, 0),
(44, 288, 0, 0),
(44, 289, 0, 0),
(44, 290, 0, 0),
(44, 291, 0, 0),
(44, 292, 0, 0),
(44, 293, 0, 0),
(44, 294, 0, 0),
(44, 295, 0, 0),
(44, 297, 0, 0),
(44, 298, 0, 0),
(44, 299, 0, 0),
(44, 300, 0, 0),
(44, 301, 0, 0),
(44, 302, 0, 0),
(44, 303, 0, 0),
(44, 304, 0, 0),
(44, 305, 0, 0),
(44, 306, 0, 0),
(44, 307, 0, 0),
(44, 308, 0, 0),
(44, 309, 0, 0),
(44, 310, 0, 0),
(44, 311, 0, 0),
(44, 312, 0, 0),
(44, 313, 0, 0),
(44, 316, 0, 0),
(44, 317, 0, 0),
(44, 321, 0, 0),
(44, 322, 0, 0),
(44, 323, 0, 0),
(44, 324, 0, 0),
(44, 325, 0, 0),
(44, 326, 0, 0),
(44, 327, 0, 0),
(44, 328, 0, 0),
(44, 329, 0, 0),
(44, 330, 0, 0),
(44, 331, 0, 0),
(44, 332, 0, 0),
(44, 333, 0, 0),
(44, 334, 0, 0),
(44, 335, 0, 0),
(44, 336, 0, 0),
(44, 337, 0, 0),
(44, 338, 0, 0),
(44, 339, 0, 0),
(44, 340, 0, 0),
(44, 341, 0, 0),
(44, 342, 0, 0),
(44, 343, 0, 0),
(44, 344, 0, 0),
(44, 345, 0, 0),
(44, 346, 0, 0),
(44, 347, 0, 0),
(44, 348, 0, 0),
(44, 349, 0, 0),
(44, 350, 0, 0),
(44, 351, 0, 0),
(44, 352, 0, 0),
(44, 353, 0, 0),
(44, 354, 0, 0),
(44, 355, 0, 0),
(44, 356, 0, 0),
(44, 357, 0, 0),
(45, 267, 0, 0),
(45, 268, 0, 0),
(45, 269, 0, 0),
(45, 270, 0, 0),
(45, 271, 0, 0),
(45, 272, 0, 0),
(45, 273, 0, 0),
(45, 274, 0, 0),
(45, 275, 0, 0),
(45, 276, 0, 0),
(45, 279, 0, 0),
(45, 280, 0, 0),
(45, 281, 0, 0),
(45, 282, 0, 0),
(45, 283, 0, 0),
(45, 284, 0, 0),
(45, 285, 0, 0),
(45, 286, 0, 0),
(45, 287, 0, 0),
(45, 288, 0, 0),
(45, 289, 0, 0),
(45, 290, 0, 0),
(45, 291, 0, 0),
(45, 292, 0, 0),
(45, 293, 0, 0),
(45, 294, 0, 0),
(45, 295, 0, 0),
(45, 297, 0, 0),
(45, 298, 0, 0),
(45, 299, 0, 0),
(45, 300, 0, 0),
(45, 301, 0, 0),
(45, 302, 0, 0),
(45, 303, 0, 0),
(45, 304, 0, 0),
(45, 305, 0, 0),
(45, 306, 0, 0),
(45, 307, 0, 0),
(45, 308, 0, 0),
(45, 309, 0, 0),
(45, 310, 0, 0),
(45, 311, 0, 0),
(45, 312, 0, 0),
(45, 313, 0, 0),
(45, 316, 0, 0),
(45, 317, 0, 0),
(45, 321, 0, 0),
(45, 322, 0, 0),
(45, 323, 0, 0),
(45, 324, 0, 0),
(45, 325, 0, 0),
(45, 326, 0, 0),
(45, 327, 0, 0),
(45, 328, 0, 0),
(45, 329, 0, 0),
(45, 330, 0, 0),
(45, 331, 0, 0),
(45, 332, 0, 0),
(45, 333, 0, 0),
(45, 334, 0, 0),
(45, 335, 0, 0),
(45, 336, 0, 0),
(45, 337, 0, 0),
(45, 338, 0, 0),
(45, 339, 0, 0),
(45, 340, 0, 0),
(45, 341, 0, 0),
(45, 342, 0, 0),
(45, 343, 0, 0),
(45, 344, 0, 0),
(45, 345, 0, 0),
(45, 346, 0, 0),
(45, 347, 0, 0),
(45, 348, 0, 0),
(45, 349, 0, 0),
(45, 350, 0, 0),
(45, 351, 0, 0),
(45, 352, 0, 0),
(45, 353, 0, 0),
(45, 354, 0, 0),
(45, 355, 0, 0),
(45, 356, 0, 0),
(45, 357, 0, 0),
(46, 267, 0, 0),
(46, 268, 0, 0),
(46, 269, 0, 0),
(46, 270, 0, 0),
(46, 271, 0, 0),
(46, 272, 0, 0),
(46, 273, 0, 0),
(46, 274, 0, 0),
(46, 275, 0, 0),
(46, 276, 0, 0),
(46, 279, 0, 0),
(46, 280, 0, 0),
(46, 281, 0, 0),
(46, 282, 0, 0),
(46, 283, 0, 0),
(46, 284, 0, 0),
(46, 285, 0, 0),
(46, 286, 0, 0),
(46, 287, 0, 0),
(46, 288, 0, 0),
(46, 289, 0, 0),
(46, 290, 0, 0),
(46, 291, 0, 0),
(46, 292, 0, 0),
(46, 293, 0, 0),
(46, 294, 0, 0),
(46, 295, 0, 0),
(46, 297, 0, 0),
(46, 298, 0, 0),
(46, 299, 0, 0),
(46, 300, 0, 0),
(46, 301, 0, 0),
(46, 302, 0, 0),
(46, 303, 0, 0),
(46, 304, 0, 0),
(46, 305, 0, 0),
(46, 306, 0, 0),
(46, 307, 0, 0),
(46, 308, 0, 0),
(46, 309, 0, 0),
(46, 310, 0, 0),
(46, 311, 0, 0),
(46, 312, 0, 0),
(46, 313, 0, 0),
(46, 316, 0, 0),
(46, 317, 0, 0),
(46, 321, 0, 0),
(46, 322, 0, 0),
(46, 323, 0, 0),
(46, 324, 0, 0),
(46, 325, 0, 0),
(46, 326, 0, 0),
(46, 327, 0, 0),
(46, 328, 0, 0),
(46, 329, 0, 0),
(46, 330, 0, 0),
(46, 331, 0, 0),
(46, 332, 0, 0),
(46, 333, 0, 0),
(46, 334, 0, 0),
(46, 335, 0, 0),
(46, 336, 0, 0),
(46, 337, 0, 0),
(46, 338, 0, 0),
(46, 339, 0, 0),
(46, 340, 0, 0),
(46, 341, 0, 0),
(46, 342, 0, 0),
(46, 343, 0, 0),
(46, 344, 0, 0),
(46, 345, 0, 0),
(46, 346, 0, 0),
(46, 347, 0, 0),
(46, 348, 0, 0),
(46, 349, 0, 0),
(46, 350, 0, 0),
(46, 351, 0, 0),
(46, 352, 0, 0),
(46, 353, 0, 0),
(46, 354, 0, 0),
(46, 355, 0, 0),
(46, 356, 0, 0),
(46, 357, 0, 0),
(48, 267, 0, 0),
(48, 268, 0, 0),
(48, 269, 0, 0),
(48, 270, 0, 0),
(48, 271, 0, 0),
(48, 272, 0, 0),
(48, 273, 0, 0),
(48, 274, 0, 0),
(48, 275, 0, 0),
(48, 276, 0, 0),
(48, 279, 0, 0),
(48, 280, 0, 0),
(48, 281, 0, 0),
(48, 282, 0, 0),
(48, 283, 0, 0),
(48, 284, 0, 0),
(48, 285, 0, 0),
(48, 286, 0, 0),
(48, 287, 0, 0),
(48, 288, 0, 0),
(48, 289, 0, 0),
(48, 290, 0, 0),
(48, 291, 0, 0),
(48, 292, 0, 0),
(48, 293, 0, 0),
(48, 294, 0, 0),
(48, 295, 0, 0),
(48, 297, 0, 0),
(48, 298, 0, 0),
(48, 299, 0, 0),
(48, 300, 0, 0),
(48, 301, 0, 0),
(48, 302, 0, 0),
(48, 303, 0, 0),
(48, 304, 0, 0),
(48, 305, 0, 0),
(48, 306, 0, 0),
(48, 307, 0, 0),
(48, 308, 0, 0),
(48, 309, 0, 0),
(48, 310, 0, 0),
(48, 311, 0, 0),
(48, 312, 0, 0),
(48, 313, 0, 0),
(48, 316, 0, 0),
(48, 317, 0, 0),
(48, 321, 0, 0),
(48, 322, 0, 0),
(48, 323, 0, 0),
(48, 324, 0, 0),
(48, 325, 0, 0),
(48, 326, 0, 0),
(48, 327, 0, 0),
(48, 328, 0, 0),
(48, 329, 0, 0),
(48, 330, 0, 0),
(48, 331, 0, 0),
(48, 332, 0, 0),
(48, 333, 0, 0),
(48, 334, 0, 0),
(48, 335, 0, 0),
(48, 336, 0, 0),
(48, 337, 0, 0),
(48, 338, 0, 0),
(48, 339, 0, 0),
(48, 340, 0, 0),
(48, 341, 0, 0),
(48, 342, 0, 0),
(48, 343, 0, 0),
(48, 344, 0, 0),
(48, 345, 0, 0),
(48, 346, 0, 0),
(48, 347, 0, 0),
(48, 348, 0, 0),
(48, 349, 0, 0),
(48, 350, 0, 0),
(48, 351, 0, 0),
(48, 352, 0, 0),
(48, 353, 0, 0),
(48, 354, 0, 0),
(48, 355, 0, 0),
(48, 356, 0, 0),
(48, 357, 0, 0),
(49, 267, 0, 0),
(49, 268, 0, 0),
(49, 269, 0, 0),
(49, 270, 0, 0),
(49, 271, 0, 0),
(49, 272, 0, 0),
(49, 273, 0, 0),
(49, 274, 0, 0),
(49, 275, 0, 0),
(49, 276, 0, 0),
(49, 279, 0, 0),
(49, 280, 0, 0),
(49, 281, 0, 0),
(49, 282, 0, 0),
(49, 283, 0, 0),
(49, 284, 0, 0),
(49, 285, 0, 0),
(49, 286, 0, 0),
(49, 287, 0, 0),
(49, 288, 0, 0),
(49, 289, 0, 0),
(49, 290, 0, 0),
(49, 291, 0, 0),
(49, 292, 0, 0),
(49, 293, 0, 0),
(49, 294, 0, 0),
(49, 295, 0, 0),
(49, 297, 0, 0),
(49, 298, 0, 0),
(49, 299, 0, 0),
(49, 300, 0, 0),
(49, 301, 0, 0),
(49, 302, 0, 0),
(49, 303, 0, 0),
(49, 304, 0, 0),
(49, 305, 0, 0),
(49, 306, 0, 0),
(49, 307, 0, 0),
(49, 308, 0, 0),
(49, 309, 0, 0),
(49, 310, 0, 0),
(49, 311, 0, 0),
(49, 312, 0, 0),
(49, 313, 0, 0),
(49, 316, 0, 0),
(49, 317, 0, 0),
(49, 321, 0, 0),
(49, 322, 0, 0),
(49, 323, 0, 0),
(49, 324, 0, 0),
(49, 325, 0, 0),
(49, 326, 0, 0),
(49, 327, 0, 0),
(49, 328, 0, 0),
(49, 329, 0, 0),
(49, 330, 0, 0),
(49, 331, 0, 0),
(49, 332, 0, 0),
(49, 333, 0, 0),
(49, 334, 0, 0),
(49, 335, 0, 0),
(49, 336, 0, 0),
(49, 337, 0, 0),
(49, 338, 0, 0),
(49, 339, 0, 0),
(49, 340, 0, 0),
(49, 341, 0, 0),
(49, 342, 0, 0),
(49, 343, 0, 0),
(49, 344, 0, 0),
(49, 345, 0, 0),
(49, 346, 0, 0),
(49, 347, 0, 0),
(49, 348, 0, 0),
(49, 349, 0, 0),
(49, 350, 0, 0),
(49, 351, 0, 0),
(49, 352, 0, 0),
(49, 353, 0, 0),
(49, 354, 0, 0),
(49, 355, 0, 0),
(49, 356, 0, 0),
(49, 357, 0, 0),
(50, 267, 0, 0),
(50, 268, 0, 0),
(50, 269, 0, 0),
(50, 270, 0, 0),
(50, 271, 0, 0),
(50, 272, 0, 0),
(50, 273, 0, 0),
(50, 274, 0, 0),
(50, 275, 0, 0),
(50, 276, 0, 0),
(50, 279, 0, 0),
(50, 280, 0, 0),
(50, 281, 0, 0),
(50, 282, 0, 0),
(50, 283, 0, 0),
(50, 284, 0, 0),
(50, 285, 0, 0),
(50, 286, 0, 0),
(50, 287, 0, 0),
(50, 288, 0, 0),
(50, 289, 0, 0),
(50, 290, 0, 0),
(50, 291, 0, 0),
(50, 292, 0, 0),
(50, 293, 0, 0),
(50, 294, 0, 0),
(50, 295, 0, 0),
(50, 297, 0, 0),
(50, 298, 0, 0),
(50, 299, 0, 0),
(50, 300, 0, 0),
(50, 301, 0, 0),
(50, 302, 0, 0),
(50, 303, 0, 0),
(50, 304, 0, 0),
(50, 305, 0, 0),
(50, 306, 0, 0),
(50, 307, 0, 0),
(50, 308, 0, 0),
(50, 309, 0, 0),
(50, 310, 0, 0),
(50, 311, 0, 0),
(50, 312, 0, 0),
(50, 313, 0, 0),
(50, 316, 0, 0),
(50, 317, 0, 0),
(50, 321, 0, 0),
(50, 322, 0, 0),
(50, 323, 0, 0),
(50, 324, 0, 0),
(50, 325, 0, 0),
(50, 326, 0, 0),
(50, 327, 0, 0),
(50, 328, 0, 0),
(50, 329, 0, 0),
(50, 330, 0, 0),
(50, 331, 0, 0),
(50, 332, 0, 0),
(50, 333, 0, 0),
(50, 334, 0, 0),
(50, 335, 0, 0),
(50, 336, 0, 0),
(50, 337, 0, 0),
(50, 338, 0, 0),
(50, 339, 0, 0),
(50, 340, 0, 0),
(50, 341, 0, 0),
(50, 342, 0, 0),
(50, 343, 0, 0),
(50, 344, 0, 0),
(50, 345, 0, 0),
(50, 346, 0, 0),
(50, 347, 0, 0),
(50, 348, 0, 0),
(50, 349, 0, 0),
(50, 350, 0, 0),
(50, 351, 0, 0),
(50, 352, 0, 0),
(50, 353, 0, 0),
(50, 354, 0, 0),
(50, 355, 0, 0),
(50, 356, 0, 0),
(50, 357, 0, 0),
(51, 267, 0, 0),
(51, 268, 0, 0),
(51, 269, 0, 0),
(51, 270, 0, 0),
(51, 271, 0, 0),
(51, 272, 0, 0),
(51, 273, 0, 0),
(51, 274, 0, 0),
(51, 275, 0, 0),
(51, 276, 0, 0),
(51, 279, 0, 0),
(51, 280, 0, 0),
(51, 281, 0, 0),
(51, 282, 0, 0),
(51, 283, 0, 0),
(51, 284, 0, 0),
(51, 285, 0, 0),
(51, 286, 0, 0),
(51, 287, 0, 0),
(51, 288, 0, 0),
(51, 289, 0, 0),
(51, 290, 0, 0),
(51, 291, 0, 0),
(51, 292, 0, 0),
(51, 293, 0, 0),
(51, 294, 0, 0),
(51, 295, 0, 0),
(51, 297, 0, 0),
(51, 298, 0, 0),
(51, 299, 0, 0),
(51, 300, 0, 0),
(51, 301, 0, 0),
(51, 302, 0, 0),
(51, 303, 0, 0),
(51, 304, 0, 0),
(51, 305, 0, 0),
(51, 306, 0, 0),
(51, 307, 0, 0),
(51, 308, 0, 0),
(51, 309, 0, 0),
(51, 310, 0, 0),
(51, 311, 0, 0),
(51, 312, 0, 0),
(51, 313, 0, 0),
(51, 316, 0, 0),
(51, 317, 0, 0),
(51, 321, 0, 0),
(51, 322, 0, 0),
(51, 323, 0, 0),
(51, 324, 0, 0),
(51, 325, 0, 0),
(51, 326, 0, 0),
(51, 327, 0, 0),
(51, 328, 0, 0),
(51, 329, 0, 0),
(51, 330, 0, 0),
(51, 331, 0, 0),
(51, 332, 0, 0),
(51, 333, 0, 0),
(51, 334, 0, 0),
(51, 335, 0, 0),
(51, 336, 0, 0),
(51, 337, 0, 0),
(51, 338, 0, 0),
(51, 339, 0, 0),
(51, 340, 0, 0),
(51, 341, 0, 0),
(51, 342, 0, 0),
(51, 343, 0, 0),
(51, 344, 0, 0),
(51, 345, 0, 0),
(51, 346, 0, 0),
(51, 347, 0, 0),
(51, 348, 0, 0),
(51, 349, 0, 0),
(51, 350, 0, 0),
(51, 351, 0, 0),
(51, 352, 0, 0),
(51, 353, 0, 0),
(51, 354, 0, 0),
(51, 355, 0, 0),
(51, 356, 0, 0),
(51, 357, 0, 0),
(52, 267, 0, 0),
(52, 268, 0, 0),
(52, 269, 0, 0),
(52, 270, 0, 0),
(52, 271, 0, 0),
(52, 272, 0, 0),
(52, 273, 0, 0),
(52, 274, 0, 0),
(52, 275, 0, 0),
(52, 276, 0, 0),
(52, 279, 0, 0),
(52, 280, 0, 0),
(52, 281, 0, 0),
(52, 282, 0, 0),
(52, 283, 0, 0),
(52, 284, 0, 0),
(52, 285, 0, 0),
(52, 286, 0, 0),
(52, 287, 0, 0),
(52, 288, 0, 0),
(52, 289, 0, 0),
(52, 290, 0, 0),
(52, 291, 0, 0),
(52, 292, 0, 0),
(52, 293, 0, 0),
(52, 294, 0, 0),
(52, 295, 0, 0),
(52, 297, 0, 0),
(52, 298, 0, 0),
(52, 299, 0, 0),
(52, 300, 0, 0),
(52, 301, 0, 0),
(52, 302, 0, 0),
(52, 303, 0, 0),
(52, 304, 0, 0),
(52, 305, 0, 0),
(52, 306, 0, 0),
(52, 307, 0, 0),
(52, 308, 0, 0),
(52, 309, 0, 0),
(52, 310, 0, 0),
(52, 311, 0, 0),
(52, 312, 0, 0),
(52, 313, 0, 0),
(52, 316, 0, 0),
(52, 317, 0, 0),
(52, 321, 0, 0),
(52, 322, 0, 0),
(52, 323, 0, 0),
(52, 324, 0, 0),
(52, 325, 0, 0),
(52, 326, 0, 0),
(52, 327, 0, 0),
(52, 328, 0, 0),
(52, 329, 0, 0),
(52, 330, 0, 0),
(52, 331, 0, 0),
(52, 332, 0, 0),
(52, 333, 0, 0),
(52, 334, 0, 0),
(52, 335, 0, 0),
(52, 336, 0, 0),
(52, 337, 0, 0),
(52, 338, 0, 0),
(52, 339, 0, 0),
(52, 340, 0, 0),
(52, 341, 0, 0),
(52, 342, 0, 0),
(52, 343, 0, 0),
(52, 344, 0, 0),
(52, 345, 0, 0),
(52, 346, 0, 0),
(52, 347, 0, 0),
(52, 348, 0, 0),
(52, 349, 0, 0),
(52, 350, 0, 0),
(52, 351, 0, 0),
(52, 352, 0, 0),
(52, 353, 0, 0),
(52, 354, 0, 0),
(52, 355, 0, 0),
(52, 356, 0, 0),
(52, 357, 0, 0),
(53, 267, 0, 0),
(53, 268, 0, 0),
(53, 269, 0, 0),
(53, 270, 0, 0),
(53, 271, 0, 0),
(53, 272, 0, 0),
(53, 273, 0, 0),
(53, 274, 0, 0),
(53, 275, 1, 1),
(53, 276, 0, 0),
(53, 279, 0, 0),
(53, 280, 0, 0),
(53, 281, 0, 0),
(53, 282, 0, 0),
(53, 283, 0, 0),
(53, 284, 0, 0),
(53, 285, 0, 0),
(53, 286, 0, 0),
(53, 287, 0, 0),
(53, 288, 0, 0),
(53, 289, 0, 0),
(53, 290, 0, 0),
(53, 291, 0, 0),
(53, 292, 0, 0),
(53, 293, 0, 0),
(53, 294, 0, 0),
(53, 295, 0, 0),
(53, 297, 0, 0),
(53, 298, 0, 0),
(53, 299, 0, 0),
(53, 300, 0, 0),
(53, 301, 0, 0),
(53, 302, 0, 0),
(53, 303, 0, 0),
(53, 304, 0, 0),
(53, 305, 0, 0),
(53, 306, 0, 0),
(53, 307, 0, 0),
(53, 308, 0, 0),
(53, 309, 0, 0),
(53, 310, 0, 0),
(53, 311, 0, 0),
(53, 312, 0, 0),
(53, 313, 0, 0),
(53, 316, 0, 0),
(53, 317, 0, 0),
(53, 321, 0, 0),
(53, 322, 0, 0),
(53, 323, 0, 0),
(53, 324, 0, 0),
(53, 325, 0, 0),
(53, 326, 0, 0),
(53, 327, 0, 0),
(53, 328, 0, 0),
(53, 329, 0, 0),
(53, 330, 0, 0),
(53, 331, 0, 0),
(53, 332, 0, 0),
(53, 333, 0, 0),
(53, 334, 0, 0),
(53, 335, 0, 0),
(53, 336, 0, 0),
(53, 337, 0, 0),
(53, 338, 0, 0),
(53, 339, 0, 0),
(53, 340, 0, 0),
(53, 341, 0, 0),
(53, 342, 0, 0),
(53, 343, 0, 0),
(53, 344, 0, 0),
(53, 345, 0, 0),
(53, 346, 0, 0),
(53, 347, 0, 0),
(53, 348, 0, 0),
(53, 349, 0, 0),
(53, 350, 0, 0),
(53, 351, 0, 0),
(53, 352, 0, 0),
(53, 353, 0, 0),
(53, 354, 0, 0),
(53, 355, 0, 0),
(53, 356, 0, 0),
(53, 357, 0, 0),
(54, 267, 0, 0),
(54, 268, 0, 0),
(54, 269, 0, 0),
(54, 270, 0, 0),
(54, 271, 0, 0),
(54, 272, 0, 0),
(54, 273, 0, 0),
(54, 274, 0, 0),
(54, 275, 0, 0),
(54, 276, 0, 0),
(54, 279, 0, 0),
(54, 280, 0, 0),
(54, 281, 0, 0),
(54, 282, 0, 0),
(54, 283, 0, 0),
(54, 284, 0, 0),
(54, 285, 0, 0),
(54, 286, 0, 0),
(54, 287, 0, 0),
(54, 288, 0, 0),
(54, 289, 0, 0),
(54, 290, 0, 0),
(54, 291, 0, 0),
(54, 292, 0, 0),
(54, 293, 0, 0),
(54, 294, 0, 0),
(54, 295, 0, 0),
(54, 297, 0, 0),
(54, 298, 0, 0),
(54, 299, 0, 0),
(54, 300, 0, 0),
(54, 301, 0, 0),
(54, 302, 0, 0),
(54, 303, 0, 0),
(54, 304, 0, 0),
(54, 305, 0, 0),
(54, 306, 0, 0),
(54, 307, 0, 0),
(54, 308, 0, 0),
(54, 309, 0, 0),
(54, 310, 0, 0),
(54, 311, 0, 0),
(54, 312, 0, 0),
(54, 313, 0, 0),
(54, 316, 0, 0),
(54, 317, 0, 0),
(54, 321, 0, 0),
(54, 322, 0, 0),
(54, 323, 0, 0),
(54, 324, 0, 0),
(54, 325, 0, 0),
(54, 326, 0, 0),
(54, 327, 0, 0),
(54, 328, 0, 0),
(54, 329, 0, 0),
(54, 330, 0, 0),
(54, 331, 0, 0),
(54, 332, 0, 0),
(54, 333, 0, 0),
(54, 334, 0, 0),
(54, 335, 0, 0),
(54, 336, 0, 0),
(54, 337, 0, 0),
(54, 338, 0, 0),
(54, 339, 0, 0),
(54, 340, 0, 0),
(54, 341, 0, 0),
(54, 342, 0, 0),
(54, 343, 0, 0),
(54, 344, 0, 0),
(54, 345, 0, 0),
(54, 346, 0, 0),
(54, 347, 0, 0),
(54, 348, 0, 0),
(54, 349, 0, 0),
(54, 350, 0, 0),
(54, 351, 0, 0),
(54, 352, 0, 0),
(54, 353, 0, 0),
(54, 354, 0, 0),
(54, 355, 0, 0),
(54, 356, 0, 0),
(54, 357, 0, 0),
(55, 267, 0, 0),
(55, 268, 0, 0),
(55, 269, 0, 0),
(55, 270, 0, 0),
(55, 271, 0, 0),
(55, 272, 0, 0),
(55, 273, 0, 0),
(55, 274, 0, 0),
(55, 275, 0, 0),
(55, 276, 0, 0),
(55, 279, 0, 0),
(55, 280, 0, 0),
(55, 281, 0, 0),
(55, 282, 0, 0),
(55, 283, 0, 0),
(55, 284, 0, 0),
(55, 285, 0, 0),
(55, 286, 0, 0),
(55, 287, 0, 0),
(55, 288, 0, 0),
(55, 289, 0, 0),
(55, 290, 0, 0),
(55, 291, 0, 0),
(55, 292, 0, 0),
(55, 293, 0, 0),
(55, 294, 0, 0),
(55, 295, 0, 0),
(55, 297, 0, 0),
(55, 298, 0, 0),
(55, 299, 0, 0),
(55, 300, 0, 0),
(55, 301, 0, 0),
(55, 302, 0, 0),
(55, 303, 0, 0),
(55, 304, 0, 0),
(55, 305, 0, 0),
(55, 306, 0, 0),
(55, 307, 0, 0),
(55, 308, 0, 0),
(55, 309, 0, 0),
(55, 310, 0, 0),
(55, 311, 0, 0),
(55, 312, 0, 0),
(55, 313, 0, 0),
(55, 316, 0, 0),
(55, 317, 0, 0),
(55, 321, 0, 0),
(55, 322, 0, 0),
(55, 323, 0, 0),
(55, 324, 0, 0),
(55, 325, 0, 0),
(55, 326, 0, 0),
(55, 327, 0, 0),
(55, 328, 0, 0),
(55, 329, 0, 0),
(55, 330, 0, 0),
(55, 331, 0, 0),
(55, 332, 0, 0),
(55, 333, 0, 0),
(55, 334, 0, 0),
(55, 335, 0, 0),
(55, 336, 0, 0),
(55, 337, 0, 0),
(55, 338, 0, 0),
(55, 339, 0, 0),
(55, 340, 0, 0),
(55, 341, 0, 0),
(55, 342, 0, 0),
(55, 343, 0, 0),
(55, 344, 0, 0),
(55, 345, 0, 0),
(55, 346, 0, 0),
(55, 347, 0, 0),
(55, 348, 0, 0),
(55, 349, 0, 0),
(55, 350, 0, 0),
(55, 351, 0, 0),
(55, 352, 0, 0),
(55, 353, 0, 0),
(55, 354, 0, 0),
(55, 355, 0, 0),
(55, 356, 0, 0),
(55, 357, 0, 0),
(56, 271, 0, 0),
(56, 272, 0, 0),
(56, 273, 0, 0),
(56, 274, 0, 0),
(56, 275, 0, 0),
(56, 276, 0, 0),
(56, 280, 0, 0),
(56, 281, 0, 0),
(56, 282, 0, 0),
(56, 283, 0, 0),
(56, 284, 0, 0),
(56, 285, 0, 0),
(56, 286, 0, 0),
(56, 287, 0, 0),
(56, 288, 0, 0),
(56, 289, 0, 0),
(56, 290, 0, 0),
(56, 291, 0, 0),
(56, 292, 0, 0),
(56, 293, 0, 0),
(56, 294, 0, 0),
(56, 295, 0, 0),
(56, 297, 0, 0),
(56, 298, 0, 0),
(56, 299, 0, 0),
(56, 300, 0, 0),
(56, 301, 0, 0),
(56, 302, 0, 0),
(56, 303, 0, 0),
(56, 304, 0, 0),
(56, 305, 0, 0),
(56, 306, 0, 0),
(56, 307, 0, 0),
(56, 308, 0, 0),
(56, 309, 0, 0),
(56, 310, 0, 0),
(56, 311, 0, 0),
(56, 312, 0, 0),
(56, 313, 0, 0),
(56, 316, 0, 0),
(56, 317, 0, 0),
(56, 321, 0, 0),
(56, 322, 0, 0),
(56, 323, 0, 0),
(56, 324, 0, 0),
(56, 325, 0, 0),
(56, 326, 0, 0),
(56, 327, 0, 0),
(56, 328, 0, 0),
(56, 329, 0, 0),
(56, 330, 0, 0),
(56, 331, 0, 0),
(56, 332, 0, 0),
(56, 333, 0, 0),
(56, 334, 0, 0),
(56, 335, 0, 0),
(56, 336, 0, 0),
(56, 337, 0, 0),
(56, 338, 0, 0),
(56, 339, 0, 0),
(56, 340, 0, 0),
(56, 341, 0, 0),
(56, 342, 0, 0),
(56, 343, 0, 0),
(56, 344, 0, 0),
(56, 345, 0, 0),
(56, 346, 0, 0),
(56, 347, 0, 0),
(56, 348, 0, 0),
(56, 349, 0, 0),
(56, 350, 0, 0),
(56, 351, 0, 0),
(56, 352, 0, 0),
(56, 353, 0, 0),
(56, 354, 0, 0),
(56, 355, 0, 0),
(56, 356, 0, 0),
(56, 357, 0, 0),
(58, 271, 0, 0),
(58, 272, 0, 0),
(58, 273, 0, 0),
(58, 274, 0, 0),
(58, 275, 0, 0),
(58, 276, 0, 0),
(58, 280, 0, 0),
(58, 281, 0, 0),
(58, 282, 0, 0),
(58, 283, 0, 0),
(58, 284, 0, 0),
(58, 285, 0, 0),
(58, 286, 0, 0),
(58, 287, 0, 0),
(58, 288, 0, 0),
(58, 289, 0, 0),
(58, 290, 0, 0),
(58, 291, 0, 0),
(58, 292, 0, 0),
(58, 293, 0, 0),
(58, 294, 0, 0),
(58, 295, 0, 0),
(58, 297, 0, 0),
(58, 298, 0, 0),
(58, 299, 0, 0),
(58, 300, 0, 0),
(58, 301, 0, 0),
(58, 302, 0, 0),
(58, 303, 0, 0),
(58, 304, 0, 0),
(58, 305, 0, 0),
(58, 306, 0, 0),
(58, 307, 0, 0),
(58, 308, 0, 0),
(58, 309, 0, 0),
(58, 310, 0, 0),
(58, 311, 0, 0),
(58, 312, 0, 0),
(58, 313, 0, 0),
(58, 316, 0, 0),
(58, 317, 0, 0),
(58, 321, 0, 0),
(58, 322, 0, 0),
(58, 323, 0, 0),
(58, 324, 0, 0),
(58, 325, 0, 0),
(58, 326, 0, 0),
(58, 327, 0, 0),
(58, 328, 0, 0),
(58, 329, 0, 0),
(58, 330, 0, 0),
(58, 331, 0, 0),
(58, 332, 0, 0),
(58, 333, 0, 0),
(58, 334, 0, 0),
(58, 335, 0, 0),
(58, 336, 0, 0),
(58, 337, 0, 0),
(58, 338, 0, 0),
(58, 339, 0, 0),
(58, 340, 0, 0),
(58, 341, 0, 0),
(58, 342, 0, 0),
(58, 343, 0, 0),
(58, 344, 0, 0),
(58, 345, 0, 0),
(58, 346, 0, 0),
(58, 347, 0, 0),
(58, 348, 0, 0),
(58, 349, 0, 0),
(58, 350, 0, 0),
(58, 351, 0, 0),
(58, 352, 0, 0),
(58, 353, 0, 0),
(58, 354, 0, 0),
(58, 355, 0, 0),
(58, 356, 0, 0),
(58, 357, 0, 0),
(59, 271, 0, 0),
(59, 272, 0, 0),
(59, 273, 0, 0),
(59, 274, 0, 0),
(59, 275, 0, 0),
(59, 276, 0, 0),
(59, 280, 0, 0),
(59, 281, 0, 0),
(59, 282, 0, 0),
(59, 283, 0, 0),
(59, 284, 0, 0),
(59, 285, 0, 0),
(59, 286, 0, 0),
(59, 287, 0, 0),
(59, 288, 0, 0),
(59, 289, 0, 0),
(59, 290, 0, 0),
(59, 291, 0, 0),
(59, 292, 0, 0),
(59, 293, 0, 0),
(59, 294, 0, 0),
(59, 295, 0, 0),
(59, 297, 0, 0),
(59, 298, 0, 0),
(59, 299, 0, 0),
(59, 300, 0, 0),
(59, 301, 0, 0),
(59, 302, 0, 0),
(59, 303, 0, 0),
(59, 304, 0, 0),
(59, 305, 0, 0),
(59, 306, 0, 0),
(59, 307, 0, 0),
(59, 308, 0, 0),
(59, 309, 0, 0),
(59, 310, 0, 0),
(59, 311, 0, 0),
(59, 312, 0, 0),
(59, 313, 0, 0),
(59, 316, 0, 0),
(59, 317, 0, 0),
(59, 321, 0, 0),
(59, 322, 0, 0),
(59, 323, 0, 0),
(59, 324, 0, 0),
(59, 325, 0, 0),
(59, 326, 0, 0),
(59, 327, 0, 0),
(59, 328, 0, 0),
(59, 329, 0, 0),
(59, 330, 0, 0),
(59, 331, 0, 0),
(59, 332, 0, 0),
(59, 333, 0, 0),
(59, 334, 0, 0),
(59, 335, 0, 0),
(59, 336, 0, 0),
(59, 337, 0, 0),
(59, 338, 0, 0),
(59, 339, 0, 0),
(59, 340, 0, 0),
(59, 341, 0, 0),
(59, 342, 0, 0),
(59, 343, 0, 0),
(59, 344, 0, 0),
(59, 345, 0, 0),
(59, 346, 0, 0),
(59, 347, 0, 0),
(59, 348, 0, 0),
(59, 349, 0, 0),
(59, 350, 0, 0),
(59, 351, 0, 0),
(59, 352, 0, 0),
(59, 353, 0, 0),
(59, 354, 0, 0),
(59, 355, 0, 0),
(59, 356, 0, 0),
(59, 357, 0, 0),
(60, 271, 0, 0),
(60, 272, 0, 0),
(60, 273, 0, 0),
(60, 274, 0, 0),
(60, 275, 0, 0),
(60, 276, 0, 0),
(60, 280, 0, 0),
(60, 281, 0, 0),
(60, 282, 0, 0),
(60, 283, 0, 0),
(60, 284, 0, 0),
(60, 285, 0, 0),
(60, 286, 0, 0),
(60, 287, 0, 0),
(60, 288, 0, 0),
(60, 289, 0, 0),
(60, 290, 0, 0),
(60, 291, 0, 0),
(60, 292, 0, 0),
(60, 293, 0, 0),
(60, 294, 0, 0),
(60, 295, 0, 0),
(60, 297, 0, 0),
(60, 298, 0, 0),
(60, 299, 0, 0),
(60, 300, 0, 0),
(60, 301, 0, 0),
(60, 302, 0, 0),
(60, 303, 0, 0),
(60, 304, 0, 0),
(60, 305, 0, 0),
(60, 306, 0, 0),
(60, 307, 0, 0),
(60, 308, 0, 0),
(60, 309, 0, 0),
(60, 310, 0, 0),
(60, 311, 0, 0),
(60, 312, 0, 0),
(60, 313, 0, 0),
(60, 316, 0, 0),
(60, 317, 0, 0),
(60, 321, 0, 0),
(60, 322, 0, 0),
(60, 323, 0, 0),
(60, 324, 0, 0),
(60, 325, 0, 0),
(60, 326, 0, 0),
(60, 327, 0, 0),
(60, 328, 0, 0),
(60, 329, 0, 0),
(60, 330, 0, 0),
(60, 331, 0, 0),
(60, 332, 0, 0),
(60, 333, 0, 0),
(60, 334, 0, 0),
(60, 335, 0, 0),
(60, 336, 0, 0),
(60, 337, 0, 0),
(60, 338, 0, 0),
(60, 339, 0, 0),
(60, 340, 0, 0),
(60, 341, 0, 0),
(60, 342, 0, 0),
(60, 343, 0, 0),
(60, 344, 0, 0),
(60, 345, 0, 0),
(60, 346, 0, 0),
(60, 347, 0, 0),
(60, 348, 0, 0),
(60, 349, 0, 0),
(60, 350, 0, 0),
(60, 351, 0, 0),
(60, 352, 0, 0),
(60, 353, 0, 0),
(60, 354, 0, 0),
(60, 355, 0, 0),
(60, 356, 0, 0),
(60, 357, 0, 0),
(61, 271, 0, 0),
(61, 272, 0, 0),
(61, 273, 0, 0),
(61, 274, 0, 0),
(61, 275, 0, 0),
(61, 276, 0, 0),
(61, 280, 0, 0),
(61, 281, 0, 0),
(61, 282, 0, 0),
(61, 283, 0, 0),
(61, 284, 0, 0),
(61, 285, 0, 0),
(61, 286, 0, 0),
(61, 287, 0, 0),
(61, 288, 0, 0),
(61, 289, 0, 0),
(61, 290, 0, 0),
(61, 291, 0, 0),
(61, 292, 0, 0),
(61, 293, 0, 0),
(61, 294, 0, 0),
(61, 295, 0, 0),
(61, 297, 0, 0),
(61, 298, 0, 0),
(61, 299, 0, 0),
(61, 300, 0, 0),
(61, 301, 0, 0),
(61, 302, 0, 0),
(61, 303, 0, 0),
(61, 304, 0, 0),
(61, 305, 0, 0),
(61, 306, 0, 0),
(61, 307, 0, 0),
(61, 308, 0, 0),
(61, 309, 0, 0),
(61, 310, 0, 0),
(61, 311, 0, 0),
(61, 312, 0, 0),
(61, 313, 0, 0),
(61, 316, 0, 0),
(61, 317, 0, 0),
(61, 321, 0, 0),
(61, 322, 0, 0),
(61, 323, 0, 0),
(61, 324, 0, 0),
(61, 325, 0, 0),
(61, 326, 0, 0),
(61, 327, 0, 0),
(61, 328, 0, 0),
(61, 329, 0, 0),
(61, 330, 0, 0),
(61, 331, 0, 0),
(61, 332, 0, 0),
(61, 333, 0, 0),
(61, 334, 0, 0),
(61, 335, 0, 0),
(61, 336, 0, 0),
(61, 337, 0, 0),
(61, 338, 0, 0),
(61, 339, 0, 0),
(61, 340, 0, 0),
(61, 341, 0, 0),
(61, 342, 0, 0),
(61, 343, 0, 0),
(61, 344, 0, 0),
(61, 345, 0, 0),
(61, 346, 0, 0),
(61, 347, 0, 0),
(61, 348, 0, 0),
(61, 349, 0, 0),
(61, 350, 0, 0),
(61, 351, 0, 0),
(61, 352, 0, 0),
(61, 353, 0, 0),
(61, 354, 0, 0),
(61, 355, 0, 0),
(61, 356, 0, 0),
(61, 357, 0, 0),
(62, 271, 0, 0),
(62, 272, 0, 0),
(62, 273, 0, 0),
(62, 274, 0, 0),
(62, 275, 0, 0),
(62, 276, 0, 0),
(62, 280, 0, 0),
(62, 281, 0, 0),
(62, 282, 0, 0),
(62, 283, 0, 0),
(62, 284, 0, 0),
(62, 285, 0, 0),
(62, 286, 0, 0),
(62, 287, 0, 0),
(62, 288, 0, 0),
(62, 289, 0, 0),
(62, 290, 0, 0),
(62, 291, 0, 0),
(62, 292, 0, 0),
(62, 293, 0, 0),
(62, 294, 0, 0),
(62, 295, 0, 0),
(62, 297, 0, 0),
(62, 298, 0, 0),
(62, 299, 0, 0),
(62, 300, 0, 0),
(62, 301, 0, 0),
(62, 302, 0, 0),
(62, 303, 0, 0),
(62, 304, 0, 0),
(62, 305, 0, 0),
(62, 306, 0, 0),
(62, 307, 0, 0),
(62, 308, 0, 0),
(62, 309, 0, 0),
(62, 310, 0, 0),
(62, 311, 0, 0),
(62, 312, 0, 0),
(62, 313, 0, 0),
(62, 316, 0, 0),
(62, 317, 0, 0),
(62, 321, 0, 0),
(62, 322, 0, 0),
(62, 323, 0, 0),
(62, 324, 0, 0),
(62, 325, 0, 0),
(62, 326, 0, 0),
(62, 327, 0, 0),
(62, 328, 0, 0),
(62, 329, 0, 0),
(62, 330, 0, 0),
(62, 331, 0, 0),
(62, 332, 0, 0),
(62, 333, 0, 0),
(62, 334, 0, 0),
(62, 335, 0, 0),
(62, 336, 0, 0),
(62, 337, 0, 0),
(62, 338, 0, 0),
(62, 339, 0, 0),
(62, 340, 0, 0),
(62, 341, 0, 0),
(62, 342, 0, 0),
(62, 343, 0, 0),
(62, 344, 0, 0),
(62, 345, 0, 0),
(62, 346, 0, 0),
(62, 347, 0, 0),
(62, 348, 0, 0),
(62, 349, 0, 0),
(62, 350, 0, 0),
(62, 351, 0, 0),
(62, 352, 0, 0),
(62, 353, 0, 0),
(62, 354, 0, 0),
(62, 355, 0, 0),
(62, 356, 0, 0),
(62, 357, 0, 0),
(64, 271, 0, 0),
(64, 272, 0, 0),
(64, 273, 0, 0),
(64, 274, 0, 0),
(64, 275, 0, 0),
(64, 276, 0, 0),
(64, 280, 0, 0),
(64, 281, 0, 0),
(64, 282, 0, 0),
(64, 283, 0, 0),
(64, 284, 0, 0),
(64, 285, 0, 0),
(64, 286, 0, 0),
(64, 287, 0, 0),
(64, 288, 0, 0),
(64, 289, 0, 0),
(64, 290, 0, 0),
(64, 291, 0, 0),
(64, 292, 0, 0),
(64, 293, 0, 0),
(64, 294, 0, 0),
(64, 295, 0, 0),
(64, 297, 0, 0),
(64, 298, 0, 0),
(64, 299, 0, 0),
(64, 300, 0, 0),
(64, 301, 0, 0),
(64, 302, 0, 0),
(64, 303, 0, 0),
(64, 304, 0, 0),
(64, 305, 0, 0),
(64, 306, 0, 0),
(64, 307, 0, 0),
(64, 308, 0, 0),
(64, 309, 0, 0),
(64, 310, 0, 0),
(64, 311, 0, 0),
(64, 312, 0, 0),
(64, 313, 0, 0),
(64, 316, 0, 0),
(64, 317, 0, 0),
(64, 321, 0, 0),
(64, 322, 0, 0),
(64, 323, 0, 0),
(64, 324, 0, 0),
(64, 325, 0, 0),
(64, 326, 0, 0),
(64, 327, 0, 0),
(64, 328, 0, 0),
(64, 329, 0, 0),
(64, 330, 0, 0),
(64, 331, 0, 0),
(64, 332, 0, 0),
(64, 333, 0, 0),
(64, 334, 0, 0),
(64, 335, 0, 0),
(64, 336, 0, 0),
(64, 337, 0, 0),
(64, 338, 0, 0),
(64, 339, 0, 0),
(64, 340, 0, 0),
(64, 341, 0, 0),
(64, 342, 0, 0),
(64, 343, 0, 0),
(64, 344, 0, 0),
(64, 345, 0, 0),
(64, 346, 0, 0),
(64, 347, 0, 0),
(64, 348, 0, 0),
(64, 349, 0, 0),
(64, 350, 0, 0),
(64, 351, 0, 0),
(64, 352, 0, 0),
(64, 353, 0, 0),
(64, 354, 0, 0),
(64, 355, 0, 0),
(64, 356, 0, 0),
(64, 357, 0, 0),
(65, 273, 0, 0),
(65, 274, 0, 0),
(65, 275, 0, 0),
(65, 276, 0, 0),
(65, 280, 0, 0),
(65, 281, 0, 0),
(65, 282, 0, 0),
(65, 283, 0, 0),
(65, 284, 0, 0),
(65, 285, 0, 0),
(65, 286, 0, 0),
(65, 287, 0, 0),
(65, 288, 0, 0),
(65, 289, 0, 0),
(65, 290, 0, 0),
(65, 291, 0, 0),
(65, 292, 0, 0),
(65, 293, 0, 0),
(65, 294, 0, 0),
(65, 295, 0, 0),
(65, 297, 0, 0),
(65, 298, 0, 0),
(65, 299, 0, 0),
(65, 300, 0, 0),
(65, 301, 0, 0),
(65, 302, 0, 0),
(65, 303, 1, 1),
(65, 304, 1, 1),
(65, 305, 0, 0),
(65, 306, 0, 0),
(65, 307, 0, 0),
(65, 308, 1, 1),
(65, 309, 0, 0),
(65, 310, 0, 0),
(65, 311, 0, 0),
(65, 312, 0, 0),
(65, 313, 0, 0),
(65, 316, 0, 0),
(65, 317, 0, 0),
(65, 321, 1, 1),
(65, 322, 0, 0),
(65, 323, 0, 0),
(65, 324, 0, 0),
(65, 325, 0, 0),
(65, 326, 0, 0),
(65, 327, 0, 0),
(65, 328, 0, 0),
(65, 329, 0, 0),
(65, 330, 0, 0),
(65, 331, 0, 0),
(65, 332, 0, 0),
(65, 333, 0, 0),
(65, 334, 0, 0),
(65, 335, 0, 0),
(65, 336, 0, 0),
(65, 337, 0, 0),
(65, 338, 0, 0),
(65, 339, 0, 0),
(65, 340, 0, 0),
(65, 341, 0, 0),
(65, 342, 0, 0),
(65, 343, 0, 0),
(65, 344, 0, 0),
(65, 345, 0, 0),
(65, 346, 0, 0),
(65, 347, 0, 0),
(65, 348, 0, 0),
(65, 349, 0, 0),
(65, 350, 0, 0),
(65, 351, 0, 0),
(65, 352, 0, 0),
(65, 353, 0, 0),
(65, 354, 0, 0),
(65, 355, 0, 0),
(65, 356, 0, 0),
(66, 299, 0, 0),
(66, 303, 0, 0),
(66, 304, 0, 0),
(66, 308, 0, 0),
(66, 321, 0, 0),
(66, 322, 0, 0),
(66, 323, 0, 0),
(66, 324, 0, 0),
(66, 325, 0, 0),
(66, 326, 0, 0),
(66, 327, 0, 0),
(66, 328, 0, 0),
(66, 329, 0, 0),
(66, 330, 0, 0),
(66, 331, 0, 0),
(66, 332, 0, 0),
(66, 333, 0, 0),
(66, 334, 0, 0),
(66, 335, 0, 0),
(66, 336, 0, 0),
(66, 337, 0, 0),
(66, 338, 0, 0),
(66, 339, 0, 0),
(66, 340, 0, 0),
(66, 341, 0, 0),
(66, 342, 0, 0),
(66, 343, 0, 0),
(66, 344, 0, 0),
(66, 345, 0, 0),
(66, 346, 0, 0),
(66, 347, 0, 0),
(66, 348, 0, 0),
(66, 349, 0, 0),
(66, 350, 0, 0),
(66, 351, 0, 0),
(66, 352, 0, 0),
(66, 353, 0, 0),
(66, 354, 0, 0),
(66, 355, 0, 0),
(66, 356, 0, 0),
(67, 299, 0, 0),
(67, 303, 0, 0),
(67, 304, 0, 0),
(67, 308, 0, 0),
(67, 321, 0, 0),
(67, 322, 0, 0),
(67, 323, 0, 0),
(67, 324, 0, 0),
(67, 325, 0, 0),
(67, 326, 0, 0),
(67, 327, 0, 0),
(67, 328, 0, 0),
(67, 329, 0, 0),
(67, 330, 0, 0),
(67, 331, 0, 0),
(67, 332, 0, 0),
(67, 333, 0, 0),
(67, 334, 0, 0),
(67, 335, 0, 0),
(67, 336, 0, 0),
(67, 337, 0, 0),
(67, 338, 0, 0),
(67, 339, 0, 0),
(67, 340, 0, 0),
(67, 341, 0, 0),
(67, 342, 0, 0),
(67, 343, 0, 0),
(67, 344, 0, 0),
(67, 345, 0, 0),
(67, 346, 0, 0),
(67, 347, 0, 0),
(67, 348, 0, 0),
(67, 349, 0, 0),
(67, 350, 0, 0),
(67, 351, 0, 0),
(67, 352, 0, 0),
(67, 353, 0, 0),
(67, 354, 0, 0),
(67, 355, 0, 0),
(67, 356, 0, 0),
(68, 303, 0, 0),
(68, 304, 0, 0),
(68, 308, 0, 0),
(68, 321, 0, 0),
(68, 322, 0, 0),
(68, 323, 0, 0),
(68, 324, 0, 0),
(68, 325, 0, 0),
(68, 326, 0, 0),
(68, 327, 0, 0),
(68, 328, 0, 0),
(68, 329, 0, 0),
(68, 330, 0, 0),
(68, 331, 0, 0),
(68, 332, 0, 0),
(68, 333, 0, 0),
(68, 334, 0, 0),
(68, 335, 0, 0),
(68, 336, 0, 0),
(68, 337, 0, 0),
(68, 338, 0, 0),
(68, 339, 0, 0),
(68, 340, 0, 0),
(68, 341, 0, 0),
(68, 342, 0, 0),
(68, 343, 0, 0),
(68, 344, 0, 0),
(68, 345, 0, 0),
(68, 346, 0, 0),
(68, 347, 0, 0),
(68, 348, 0, 0),
(68, 349, 0, 0),
(68, 350, 0, 0),
(68, 351, 0, 0),
(68, 352, 0, 0),
(68, 353, 0, 0),
(68, 354, 0, 0),
(68, 355, 0, 0),
(68, 356, 0, 0),
(69, 322, 0, 0),
(69, 323, 0, 0),
(69, 324, 0, 0),
(69, 325, 0, 0),
(69, 326, 0, 0),
(69, 327, 0, 0),
(69, 328, 0, 0),
(69, 329, 0, 0),
(69, 330, 0, 0),
(69, 331, 0, 0),
(69, 332, 0, 0),
(69, 333, 0, 0),
(69, 334, 0, 0),
(69, 335, 0, 0),
(69, 336, 0, 0),
(69, 337, 0, 0),
(69, 338, 0, 0),
(69, 339, 0, 0),
(69, 340, 0, 0),
(69, 341, 0, 0),
(69, 342, 0, 0),
(69, 343, 0, 0),
(69, 344, 0, 0),
(69, 345, 0, 0),
(69, 346, 0, 0),
(69, 347, 0, 0),
(69, 348, 0, 0),
(69, 349, 0, 0),
(69, 350, 0, 0),
(69, 351, 0, 0),
(69, 352, 1, 1),
(69, 353, 0, 0),
(69, 354, 0, 0),
(69, 355, 0, 0),
(69, 356, 0, 0),
(70, 322, 0, 0),
(70, 323, 0, 0),
(70, 324, 0, 0),
(70, 325, 0, 0),
(70, 326, 0, 0),
(70, 327, 0, 0),
(70, 328, 0, 0),
(70, 329, 0, 0),
(70, 330, 0, 0),
(70, 331, 0, 0),
(70, 332, 0, 0),
(70, 333, 0, 0),
(70, 334, 0, 0),
(70, 335, 0, 0),
(70, 336, 0, 0),
(70, 337, 0, 0),
(70, 338, 0, 0),
(70, 339, 0, 0),
(70, 340, 0, 0),
(70, 341, 0, 0),
(70, 342, 0, 0),
(70, 343, 0, 0),
(70, 344, 0, 0),
(70, 345, 0, 0),
(70, 346, 0, 0),
(70, 347, 0, 0),
(70, 348, 0, 0),
(70, 349, 0, 0),
(70, 350, 1, 1),
(70, 351, 0, 0),
(70, 352, 0, 0),
(70, 353, 0, 0),
(70, 354, 0, 0),
(70, 355, 0, 0),
(70, 356, 0, 0),
(71, 322, 0, 0),
(71, 323, 0, 0),
(71, 324, 0, 0),
(71, 325, 0, 0),
(71, 326, 0, 0),
(71, 327, 0, 0),
(71, 328, 0, 0),
(71, 329, 0, 0),
(71, 330, 0, 0),
(71, 331, 0, 0),
(71, 332, 0, 0),
(71, 333, 0, 0),
(71, 334, 0, 0),
(71, 335, 0, 0),
(71, 336, 0, 0),
(71, 337, 0, 0),
(71, 338, 0, 0),
(71, 339, 0, 0),
(71, 340, 0, 0),
(71, 341, 0, 0),
(71, 342, 0, 0),
(71, 343, 0, 0),
(71, 344, 0, 0),
(71, 345, 0, 0),
(71, 346, 0, 0),
(71, 347, 0, 0),
(71, 348, 0, 0),
(71, 349, 0, 0),
(71, 350, 0, 0),
(71, 351, 0, 0),
(71, 352, 0, 0),
(71, 353, 0, 0),
(71, 354, 0, 0),
(71, 355, 0, 0),
(71, 356, 0, 0),
(72, 322, 0, 0),
(72, 323, 0, 0),
(72, 324, 0, 0),
(72, 325, 0, 0),
(72, 326, 0, 0),
(72, 327, 0, 0),
(72, 328, 0, 0),
(72, 329, 0, 0),
(72, 330, 0, 0),
(72, 331, 0, 0),
(72, 332, 0, 0),
(72, 333, 0, 0),
(72, 334, 0, 0),
(72, 335, 0, 0),
(72, 336, 0, 0),
(72, 337, 0, 0),
(72, 338, 0, 0),
(72, 339, 0, 0),
(72, 340, 0, 0),
(72, 341, 0, 0),
(72, 342, 0, 0),
(72, 343, 0, 0),
(72, 344, 0, 0),
(72, 345, 0, 0),
(72, 346, 0, 0),
(72, 347, 0, 0),
(72, 348, 0, 0),
(72, 349, 0, 0),
(72, 350, 0, 0),
(72, 351, 0, 0),
(72, 352, 0, 0),
(72, 353, 0, 0),
(72, 354, 0, 0),
(72, 355, 0, 0),
(72, 356, 0, 0),
(73, 324, 0, 0),
(73, 325, 0, 0),
(73, 326, 0, 0),
(73, 327, 0, 0),
(73, 328, 0, 0),
(73, 329, 0, 0),
(73, 330, 0, 0),
(73, 331, 0, 0),
(73, 332, 0, 0),
(73, 333, 0, 0),
(73, 334, 0, 0),
(73, 335, 0, 0),
(73, 336, 0, 0),
(73, 337, 0, 0),
(73, 338, 0, 0),
(73, 339, 0, 0),
(73, 340, 0, 0),
(73, 341, 0, 0),
(73, 342, 0, 0),
(73, 343, 0, 0),
(73, 344, 0, 0),
(73, 345, 0, 0),
(73, 346, 0, 0),
(73, 347, 0, 0),
(73, 348, 0, 0),
(73, 349, 0, 0),
(73, 350, 0, 0),
(73, 351, 0, 0),
(73, 352, 0, 0),
(73, 353, 0, 0),
(73, 354, 0, 0),
(73, 355, 0, 0),
(73, 356, 0, 0),
(74, 325, 0, 0),
(74, 326, 0, 0),
(74, 327, 0, 0),
(74, 328, 0, 0),
(74, 329, 0, 0),
(74, 330, 0, 0),
(74, 331, 0, 0),
(74, 332, 0, 0),
(74, 333, 0, 0),
(74, 334, 0, 0),
(74, 335, 0, 0),
(74, 336, 0, 0),
(74, 337, 0, 0),
(74, 338, 0, 0),
(74, 339, 0, 0),
(74, 340, 0, 0),
(74, 341, 0, 0),
(74, 342, 0, 0),
(74, 343, 0, 0),
(74, 344, 0, 0),
(74, 345, 0, 0),
(74, 346, 0, 0),
(74, 347, 0, 0),
(74, 348, 0, 0),
(74, 349, 0, 0),
(74, 350, 0, 0),
(74, 351, 0, 0),
(74, 352, 0, 0),
(74, 353, 0, 0),
(74, 354, 0, 0),
(74, 355, 0, 0),
(74, 356, 0, 0),
(75, 327, 0, 0),
(75, 328, 0, 0),
(75, 329, 0, 0),
(75, 330, 0, 0),
(75, 331, 0, 0),
(75, 332, 0, 0),
(75, 333, 0, 0),
(75, 334, 0, 0),
(75, 335, 0, 0),
(75, 336, 0, 0),
(75, 337, 0, 0),
(75, 338, 0, 0),
(75, 339, 0, 0),
(75, 340, 0, 0),
(75, 341, 0, 0),
(75, 342, 0, 0),
(75, 343, 0, 0),
(75, 344, 0, 0),
(75, 345, 0, 0),
(75, 346, 0, 0),
(75, 347, 0, 0),
(75, 348, 0, 0),
(75, 349, 0, 0),
(75, 350, 0, 0),
(75, 351, 0, 0),
(75, 352, 0, 0),
(75, 353, 0, 0),
(75, 354, 0, 0),
(75, 355, 0, 0),
(75, 356, 0, 0),
(76, 328, 0, 0),
(76, 329, 0, 0),
(76, 330, 0, 0),
(76, 331, 0, 0),
(76, 332, 0, 0),
(76, 333, 0, 0),
(76, 334, 0, 0),
(76, 335, 0, 0),
(76, 336, 0, 0),
(76, 337, 0, 0),
(76, 338, 0, 0),
(76, 339, 0, 0),
(76, 340, 0, 0),
(76, 341, 0, 0),
(76, 342, 0, 0),
(76, 343, 0, 0),
(76, 344, 0, 0),
(76, 345, 0, 0),
(76, 346, 0, 0),
(76, 347, 0, 0),
(76, 348, 0, 0),
(76, 349, 0, 0),
(76, 350, 0, 0),
(76, 351, 0, 0),
(76, 352, 0, 0),
(76, 353, 0, 0),
(76, 354, 0, 0),
(76, 355, 0, 0),
(76, 356, 0, 0),
(77, 328, 0, 0),
(77, 329, 0, 0),
(77, 330, 0, 0),
(77, 331, 0, 0),
(77, 332, 0, 0),
(77, 333, 0, 0),
(77, 334, 0, 0),
(77, 335, 0, 0),
(77, 336, 0, 0),
(77, 337, 0, 0),
(77, 338, 0, 0),
(77, 339, 0, 0),
(77, 340, 0, 0),
(77, 341, 0, 0),
(77, 342, 0, 0),
(77, 343, 0, 0),
(77, 344, 0, 0),
(77, 345, 0, 0),
(77, 346, 0, 0),
(77, 347, 0, 0),
(77, 348, 0, 0),
(77, 349, 0, 0),
(77, 350, 0, 0),
(77, 351, 0, 0),
(77, 352, 0, 0),
(77, 353, 0, 0),
(77, 354, 0, 0),
(77, 355, 0, 0),
(77, 356, 0, 0),
(78, 329, 0, 0),
(78, 330, 0, 0),
(78, 331, 0, 0),
(78, 332, 0, 0),
(78, 333, 0, 0),
(78, 334, 0, 0),
(78, 335, 0, 0),
(78, 336, 0, 0),
(78, 337, 0, 0),
(78, 338, 0, 0),
(78, 339, 0, 0),
(78, 340, 0, 0),
(78, 341, 0, 0),
(78, 342, 0, 0),
(78, 343, 0, 0),
(78, 344, 0, 0),
(78, 345, 0, 0),
(78, 346, 0, 0),
(78, 347, 0, 0),
(78, 348, 0, 0),
(78, 349, 0, 0),
(78, 350, 0, 0),
(78, 351, 0, 0),
(78, 352, 0, 0),
(78, 353, 0, 0),
(78, 354, 0, 0),
(78, 355, 0, 0),
(79, 330, 0, 0),
(79, 331, 0, 0),
(79, 332, 0, 0),
(79, 333, 0, 0),
(79, 334, 0, 0),
(79, 335, 0, 0),
(79, 336, 0, 0),
(79, 337, 0, 0),
(79, 338, 0, 0),
(79, 339, 0, 0),
(79, 340, 0, 0),
(79, 341, 0, 0),
(79, 342, 0, 0),
(79, 343, 0, 0),
(79, 344, 0, 0),
(79, 345, 0, 0),
(79, 346, 0, 0),
(79, 347, 0, 0),
(79, 348, 0, 0),
(79, 349, 0, 0),
(79, 350, 0, 0),
(79, 351, 0, 0),
(79, 352, 0, 0),
(79, 353, 0, 0),
(79, 354, 0, 0),
(79, 355, 0, 0),
(80, 331, 0, 0),
(80, 332, 0, 0),
(80, 333, 0, 0),
(80, 334, 0, 0),
(80, 335, 0, 0),
(80, 336, 0, 0),
(80, 337, 0, 0),
(80, 338, 0, 0),
(80, 339, 0, 0),
(80, 340, 0, 0),
(80, 341, 0, 0),
(80, 342, 0, 0),
(80, 343, 0, 0),
(80, 344, 0, 0),
(80, 345, 0, 0),
(80, 346, 0, 0),
(80, 347, 0, 0),
(80, 348, 0, 0);
INSERT INTO `tm_acl_discussion` (`user_id`, `discussion_id`, `is_read`, `is_write`) VALUES
(80, 349, 0, 0),
(80, 350, 0, 0),
(80, 351, 0, 0),
(80, 352, 0, 0),
(80, 353, 0, 0),
(80, 354, 0, 0),
(80, 355, 0, 0),
(81, 332, 0, 0),
(81, 333, 0, 0),
(81, 334, 0, 0),
(81, 335, 0, 0),
(81, 336, 0, 0),
(81, 337, 0, 0),
(81, 338, 0, 0),
(81, 339, 0, 0),
(81, 340, 0, 0),
(81, 341, 0, 0),
(81, 342, 0, 0),
(81, 343, 0, 0),
(81, 344, 0, 0),
(81, 345, 0, 0),
(81, 346, 0, 0),
(81, 347, 0, 0),
(81, 348, 0, 0),
(81, 349, 0, 0),
(81, 350, 0, 0),
(81, 351, 0, 0),
(81, 352, 0, 0),
(81, 353, 0, 0),
(81, 354, 0, 0),
(81, 355, 0, 0),
(82, 333, 1, 1),
(82, 334, 0, 0),
(82, 335, 0, 0),
(82, 336, 0, 0),
(82, 337, 0, 0),
(82, 338, 0, 0),
(82, 339, 0, 0),
(82, 340, 0, 0),
(82, 341, 0, 0),
(82, 342, 0, 0),
(82, 343, 0, 0),
(82, 344, 0, 0),
(82, 345, 0, 0),
(82, 346, 0, 0),
(82, 347, 0, 0),
(82, 348, 0, 0),
(82, 349, 0, 0),
(82, 350, 0, 0),
(82, 351, 0, 0),
(82, 352, 0, 0),
(82, 353, 0, 0),
(82, 354, 0, 0),
(82, 355, 0, 0),
(83, 334, 0, 0),
(83, 335, 0, 0),
(83, 336, 0, 0),
(83, 337, 0, 0),
(83, 338, 0, 0),
(83, 339, 0, 0),
(83, 340, 0, 0),
(83, 341, 0, 0),
(83, 342, 0, 0),
(83, 343, 0, 0),
(83, 344, 0, 0),
(83, 345, 0, 0),
(83, 346, 0, 0),
(83, 347, 0, 0),
(83, 348, 0, 0),
(83, 349, 0, 0),
(83, 350, 0, 0),
(83, 351, 0, 0),
(83, 352, 0, 0),
(83, 353, 0, 0),
(83, 354, 0, 0),
(83, 355, 0, 0),
(84, 334, 0, 0),
(84, 335, 0, 0),
(84, 336, 0, 0),
(84, 337, 0, 0),
(84, 338, 0, 0),
(84, 339, 0, 0),
(84, 340, 0, 0),
(84, 341, 0, 0),
(84, 342, 0, 0),
(84, 343, 0, 0),
(84, 344, 0, 0),
(84, 345, 0, 0),
(84, 346, 0, 0),
(84, 347, 0, 0),
(84, 348, 0, 0),
(84, 349, 0, 0),
(84, 350, 0, 0),
(84, 351, 0, 0),
(84, 352, 0, 0),
(84, 353, 0, 0),
(84, 354, 0, 0),
(84, 355, 0, 0),
(85, 334, 0, 0),
(85, 335, 0, 0),
(85, 336, 0, 0),
(85, 337, 0, 0),
(85, 338, 0, 0),
(85, 339, 0, 0),
(85, 340, 0, 0),
(85, 341, 0, 0),
(85, 342, 0, 0),
(85, 343, 0, 0),
(85, 344, 0, 0),
(85, 345, 0, 0),
(85, 346, 0, 0),
(85, 347, 0, 0),
(85, 348, 0, 0),
(85, 349, 0, 0),
(85, 350, 0, 0),
(85, 351, 0, 0),
(85, 352, 0, 0),
(85, 353, 0, 0),
(85, 354, 0, 0),
(85, 355, 0, 0),
(86, 335, 0, 0),
(86, 336, 0, 0),
(86, 337, 0, 0),
(86, 338, 0, 0),
(86, 339, 0, 0),
(86, 340, 0, 0),
(86, 341, 0, 0),
(86, 342, 0, 0),
(86, 343, 0, 0),
(86, 344, 0, 0),
(86, 345, 0, 0),
(86, 346, 0, 0),
(86, 347, 0, 0),
(86, 348, 0, 0),
(86, 349, 0, 0),
(86, 350, 0, 0),
(86, 351, 0, 0),
(86, 352, 0, 0),
(86, 353, 0, 0),
(86, 354, 0, 0),
(86, 355, 0, 0),
(87, 337, 0, 0),
(87, 338, 0, 0),
(87, 339, 0, 0),
(87, 340, 0, 0),
(87, 341, 0, 0),
(87, 342, 0, 0),
(87, 343, 0, 0),
(87, 344, 0, 0),
(87, 345, 0, 0),
(87, 346, 0, 0),
(87, 347, 0, 0),
(87, 348, 0, 0),
(87, 349, 0, 0),
(87, 350, 0, 0),
(87, 351, 0, 0),
(87, 352, 0, 0),
(87, 353, 0, 0),
(87, 354, 0, 0),
(87, 355, 0, 0),
(88, 337, 0, 0),
(88, 338, 0, 0),
(88, 339, 0, 0),
(88, 340, 0, 0),
(88, 341, 0, 0),
(88, 342, 0, 0),
(88, 343, 0, 0),
(88, 344, 0, 0),
(88, 345, 0, 0),
(88, 346, 0, 0),
(88, 347, 0, 0),
(88, 348, 0, 0),
(88, 349, 0, 0),
(88, 350, 0, 0),
(88, 351, 0, 0),
(88, 352, 0, 0),
(88, 353, 0, 0),
(88, 354, 0, 0),
(88, 355, 0, 0),
(89, 338, 0, 0),
(89, 339, 0, 0),
(89, 340, 0, 0),
(89, 341, 0, 0),
(89, 342, 0, 0),
(89, 343, 0, 0),
(89, 344, 0, 0),
(89, 345, 0, 0),
(89, 346, 0, 0),
(89, 347, 0, 0),
(89, 348, 0, 0),
(89, 349, 0, 0),
(89, 350, 0, 0),
(89, 351, 0, 0),
(89, 352, 0, 0),
(89, 353, 0, 0),
(89, 354, 0, 0),
(89, 355, 0, 0),
(90, 339, 0, 0),
(90, 340, 0, 0),
(90, 341, 0, 0),
(90, 342, 0, 0),
(90, 343, 0, 0),
(90, 344, 0, 0),
(90, 345, 0, 0),
(90, 346, 0, 0),
(90, 347, 0, 0),
(90, 348, 1, 1),
(90, 349, 0, 0),
(90, 350, 0, 0),
(90, 351, 0, 0),
(90, 352, 0, 0),
(90, 353, 0, 0),
(90, 354, 0, 0),
(90, 355, 0, 0),
(91, 340, 0, 0),
(91, 341, 0, 0),
(91, 342, 0, 0),
(91, 343, 0, 0),
(91, 344, 0, 0),
(91, 345, 0, 0),
(91, 346, 0, 0),
(91, 347, 0, 0),
(91, 348, 0, 0),
(91, 349, 0, 0),
(91, 350, 0, 0),
(91, 351, 0, 0),
(91, 352, 0, 0),
(91, 353, 0, 0),
(91, 354, 0, 0),
(91, 355, 0, 0),
(92, 340, 0, 0),
(92, 341, 0, 0),
(92, 342, 0, 0),
(92, 343, 0, 0),
(92, 344, 0, 0),
(92, 345, 0, 0),
(92, 346, 0, 0),
(92, 347, 0, 0),
(92, 348, 0, 0),
(92, 349, 0, 0),
(92, 350, 0, 0),
(92, 351, 0, 0),
(92, 352, 0, 0),
(92, 353, 0, 0),
(92, 354, 0, 0),
(92, 355, 0, 0),
(93, 340, 0, 0),
(93, 341, 0, 0),
(93, 342, 0, 0),
(93, 343, 0, 0),
(93, 344, 0, 0),
(93, 345, 0, 0),
(93, 346, 0, 0),
(93, 347, 0, 0),
(93, 348, 0, 0),
(93, 349, 0, 0),
(93, 350, 0, 0),
(93, 351, 0, 0),
(93, 352, 0, 0),
(93, 353, 0, 0),
(93, 354, 0, 0),
(93, 355, 0, 0),
(94, 340, 0, 0),
(94, 341, 0, 0),
(94, 342, 0, 0),
(94, 343, 0, 0),
(94, 344, 0, 0),
(94, 345, 0, 0),
(94, 346, 0, 0),
(94, 347, 0, 0),
(94, 348, 0, 0),
(94, 349, 0, 0),
(94, 350, 0, 0),
(94, 351, 0, 0),
(94, 352, 0, 0),
(94, 353, 0, 0),
(94, 354, 0, 0),
(94, 355, 0, 0),
(95, 341, 0, 0),
(95, 342, 0, 0),
(95, 343, 0, 0),
(95, 344, 0, 0),
(95, 345, 0, 0),
(95, 346, 0, 0),
(95, 347, 0, 0),
(95, 348, 0, 0),
(95, 349, 0, 0),
(95, 350, 0, 0),
(95, 351, 0, 0),
(95, 352, 0, 0),
(95, 353, 0, 0),
(95, 354, 0, 0),
(95, 355, 0, 0),
(96, 342, 0, 0),
(96, 343, 0, 0),
(96, 344, 0, 0),
(96, 345, 0, 0),
(96, 346, 0, 0),
(96, 347, 0, 0),
(96, 348, 0, 0),
(96, 349, 0, 0),
(96, 350, 0, 0),
(96, 351, 0, 0),
(96, 352, 0, 0),
(96, 353, 0, 0),
(96, 354, 0, 0),
(96, 355, 0, 0),
(97, 344, 0, 0),
(97, 345, 0, 0),
(97, 346, 0, 0),
(97, 347, 0, 0),
(97, 348, 0, 0),
(97, 349, 0, 0),
(97, 350, 0, 0),
(97, 351, 0, 0),
(97, 352, 0, 0),
(97, 353, 0, 0),
(97, 354, 0, 0),
(97, 355, 0, 0),
(98, 344, 0, 0),
(98, 345, 0, 0),
(98, 346, 0, 0),
(98, 347, 0, 0),
(98, 348, 0, 0),
(98, 349, 0, 0),
(98, 350, 0, 0),
(98, 351, 0, 0),
(98, 352, 0, 0),
(98, 353, 0, 0),
(98, 354, 0, 0),
(98, 355, 0, 0),
(99, 344, 0, 0),
(99, 345, 0, 0),
(99, 346, 0, 0),
(99, 347, 0, 0),
(99, 348, 0, 0),
(99, 349, 0, 0),
(99, 350, 0, 0),
(99, 351, 0, 0),
(99, 352, 0, 0),
(99, 353, 0, 0),
(99, 354, 0, 0),
(99, 355, 0, 0),
(100, 345, 0, 0),
(100, 346, 0, 0),
(100, 347, 0, 0),
(100, 348, 0, 0),
(100, 349, 0, 0),
(100, 350, 0, 0),
(100, 351, 0, 0),
(100, 352, 0, 0),
(100, 353, 0, 0),
(100, 354, 0, 0),
(100, 355, 0, 0),
(101, 345, 0, 0),
(101, 346, 0, 0),
(101, 347, 0, 0),
(101, 348, 0, 0),
(101, 349, 0, 0),
(101, 350, 0, 0),
(101, 351, 0, 0),
(101, 352, 0, 0),
(101, 353, 0, 0),
(101, 354, 0, 0),
(101, 355, 0, 0),
(102, 346, 0, 0),
(102, 347, 0, 0),
(102, 348, 0, 0),
(102, 349, 0, 0),
(102, 350, 0, 0),
(102, 351, 0, 0),
(102, 352, 0, 0),
(102, 353, 0, 0),
(102, 354, 0, 0),
(102, 355, 0, 0),
(103, 346, 0, 0),
(103, 347, 0, 0),
(103, 348, 0, 0),
(103, 349, 0, 0),
(103, 350, 0, 0),
(103, 351, 0, 0),
(103, 352, 0, 0),
(103, 353, 0, 0),
(103, 354, 0, 0),
(103, 355, 0, 0),
(104, 346, 0, 0),
(104, 347, 0, 0),
(104, 348, 0, 0),
(104, 349, 0, 0),
(104, 350, 0, 0),
(104, 351, 0, 0),
(104, 352, 0, 0),
(104, 353, 0, 0),
(104, 354, 0, 0),
(104, 355, 0, 0),
(105, 347, 1, 1),
(105, 348, 0, 0),
(105, 349, 0, 0),
(105, 350, 0, 0),
(105, 351, 0, 0),
(105, 352, 0, 0),
(105, 353, 0, 0),
(105, 354, 0, 0),
(105, 355, 0, 0),
(106, 349, 1, 1),
(106, 350, 0, 0),
(106, 351, 0, 0),
(106, 352, 0, 0),
(106, 353, 0, 0),
(106, 354, 0, 0),
(106, 355, 0, 0),
(107, 350, 0, 0),
(107, 351, 0, 0),
(107, 352, 0, 0),
(107, 353, 0, 0),
(107, 354, 0, 0),
(107, 355, 0, 0),
(108, 350, 0, 0),
(108, 351, 0, 0),
(108, 352, 0, 0),
(108, 353, 0, 0),
(108, 354, 0, 0),
(108, 355, 0, 0),
(109, 351, 1, 1),
(109, 352, 0, 0),
(109, 353, 0, 0),
(109, 354, 0, 0),
(109, 355, 0, 0),
(110, 353, 1, 1),
(110, 354, 1, 1),
(110, 355, 0, 0),
(111, 355, 1, 1);

-- --------------------------------------------------------

--
-- Структура таблицы `tm_acl_document`
--

DROP TABLE IF EXISTS `tm_acl_document`;
CREATE TABLE IF NOT EXISTS `tm_acl_document` (
  `user_id` int(10) unsigned NOT NULL,
  `document_id` int(10) unsigned NOT NULL,
  `is_read` tinyint(1) NOT NULL DEFAULT '0',
  `is_write` tinyint(1) NOT NULL DEFAULT '0',
  PRIMARY KEY (`user_id`,`document_id`),
  KEY `fk_tm_acl_document_tm_user1` (`user_id`),
  KEY `fk_tm_acl_document_tm_document1` (`document_id`)
) ENGINE=InnoDB DEFAULT CHARSET=utf8;

--
-- Дамп данных таблицы `tm_acl_document`
--

INSERT INTO `tm_acl_document` (`user_id`, `document_id`, `is_read`, `is_write`) VALUES
(1, 215, 1, 1),
(1, 251, 1, 1),
(1, 259, 1, 1),
(1, 261, 1, 1),
(1, 265, 1, 1),
(1, 284, 1, 1),
(1, 285, 1, 1),
(1, 288, 1, 1),
(1, 293, 1, 1),
(1, 300, 1, 1),
(1, 313, 0, 0),
(1, 314, 0, 0),
(1, 319, 1, 1),
(1, 320, 0, 0),
(1, 321, 0, 0),
(1, 324, 1, 1),
(1, 326, 1, 1),
(1, 327, 1, 1),
(1, 328, 1, 1),
(1, 329, 1, 1),
(1, 330, 1, 1),
(1, 331, 1, 1),
(1, 332, 1, 1),
(1, 333, 1, 1),
(1, 339, 1, 1),
(1, 350, 1, 1),
(1, 355, 1, 1),
(1, 356, 1, 1),
(1, 358, 0, 0),
(1, 359, 1, 1),
(1, 360, 1, 1),
(1, 361, 0, 0),
(1, 363, 1, 1),
(1, 371, 1, 1),
(1, 375, 1, 1),
(1, 376, 1, 1),
(1, 377, 0, 0),
(1, 378, 0, 0),
(1, 379, 0, 0),
(1, 389, 1, 1),
(1, 393, 1, 1),
(1, 401, 1, 1),
(1, 405, 1, 1),
(1, 406, 0, 0),
(1, 407, 0, 0),
(1, 408, 0, 0),
(1, 409, 1, 1),
(1, 412, 1, 1),
(1, 418, 1, 1),
(1, 424, 1, 1),
(1, 425, 0, 0),
(1, 427, 1, 1),
(1, 428, 1, 1),
(1, 429, 1, 1),
(1, 430, 1, 1),
(1, 434, 1, 1),
(1, 435, 1, 1),
(1, 436, 1, 1),
(1, 438, 1, 1),
(1, 439, 1, 1),
(1, 440, 1, 1),
(1, 441, 1, 1),
(1, 446, 1, 1),
(1, 448, 1, 1),
(1, 449, 1, 1),
(1, 451, 1, 1),
(1, 452, 1, 1),
(1, 453, 1, 1),
(1, 454, 1, 1),
(1, 455, 1, 1),
(1, 456, 1, 1),
(1, 459, 1, 1),
(1, 460, 1, 1),
(1, 461, 1, 1),
(1, 463, 1, 1),
(1, 466, 1, 1),
(1, 467, 1, 1),
(1, 468, 1, 1),
(1, 470, 1, 1),
(1, 471, 1, 1),
(1, 472, 1, 1),
(1, 473, 1, 1),
(1, 474, 1, 1),
(1, 475, 1, 1),
(1, 476, 1, 1),
(1, 477, 1, 1),
(1, 478, 1, 1),
(1, 479, 1, 1),
(1, 481, 1, 1),
(1, 482, 1, 1),
(1, 483, 1, 1),
(1, 484, 1, 1),
(1, 485, 1, 1),
(1, 486, 1, 1),
(1, 487, 1, 1),
(1, 488, 1, 1),
(1, 489, 1, 1),
(1, 490, 1, 1),
(1, 491, 1, 1),
(1, 492, 0, 0),
(1, 493, 0, 0),
(1, 494, 0, 0),
(1, 495, 1, 1),
(1, 496, 1, 1),
(1, 497, 1, 1),
(1, 499, 1, 1),
(1, 500, 1, 1),
(1, 501, 1, 1),
(1, 502, 1, 1),
(1, 503, 1, 1),
(1, 504, 1, 1),
(1, 505, 1, 1),
(1, 506, 1, 1),
(1, 507, 1, 1),
(1, 510, 1, 1),
(1, 511, 1, 1),
(1, 512, 1, 1),
(1, 513, 1, 1),
(1, 514, 1, 1),
(1, 515, 1, 1),
(1, 516, 1, 1),
(1, 517, 1, 1),
(1, 518, 1, 1),
(1, 519, 1, 1),
(1, 520, 1, 1),
(1, 521, 1, 1),
(1, 522, 1, 1),
(1, 523, 1, 1),
(1, 524, 0, 0),
(1, 525, 0, 0),
(1, 526, 1, 1),
(1, 527, 1, 1),
(1, 528, 1, 1),
(1, 529, 1, 1),
(1, 530, 1, 1),
(1, 531, 1, 1),
(1, 532, 1, 1),
(1, 533, 1, 1),
(1, 534, 1, 1),
(1, 536, 1, 1),
(1, 537, 1, 1),
(1, 538, 1, 1),
(1, 552, 1, 1),
(1, 568, 1, 1),
(1, 590, 1, 1),
(1, 591, 1, 1),
(1, 592, 1, 1),
(1, 593, 1, 1),
(1, 594, 1, 1),
(1, 595, 1, 1),
(1, 596, 1, 1),
(1, 598, 1, 1),
(1, 599, 1, 1),
(1, 602, 1, 1),
(1, 604, 1, 1),
(1, 607, 1, 1),
(1, 609, 1, 1),
(1, 610, 1, 1),
(1, 612, 1, 1),
(1, 613, 1, 1),
(1, 614, 1, 1),
(1, 615, 1, 1),
(1, 616, 1, 1),
(1, 617, 1, 1),
(1, 618, 1, 1),
(1, 620, 1, 1),
(1, 621, 1, 1),
(1, 622, 1, 1),
(1, 623, 1, 1),
(1, 624, 1, 1),
(1, 625, 1, 1),
(1, 626, 1, 1),
(1, 627, 1, 1),
(1, 628, 1, 1),
(1, 629, 1, 1),
(1, 630, 1, 1),
(1, 631, 1, 1),
(1, 632, 1, 1),
(1, 633, 1, 1),
(1, 634, 1, 1),
(1, 635, 1, 1),
(1, 636, 1, 1),
(1, 637, 1, 1),
(1, 638, 1, 1),
(1, 639, 1, 1),
(1, 640, 1, 1),
(1, 642, 1, 1),
(1, 644, 1, 1),
(1, 645, 1, 1),
(1, 647, 1, 1),
(1, 648, 1, 1),
(1, 649, 1, 1),
(1, 655, 1, 1),
(1, 656, 1, 1),
(1, 657, 1, 1),
(1, 658, 1, 1),
(1, 659, 1, 1),
(1, 660, 1, 1),
(1, 661, 1, 1),
(1, 663, 1, 1),
(1, 665, 1, 1),
(1, 666, 1, 1),
(1, 667, 1, 1),
(1, 668, 1, 1),
(1, 669, 1, 1),
(1, 670, 1, 1),
(1, 671, 1, 1),
(1, 675, 1, 1),
(1, 676, 1, 1),
(1, 677, 1, 1),
(1, 678, 1, 1),
(1, 679, 1, 1),
(1, 685, 1, 1),
(1, 686, 1, 1),
(1, 688, 1, 1),
(1, 690, 1, 1),
(1, 691, 1, 1),
(1, 699, 1, 1),
(1, 700, 1, 1),
(1, 710, 1, 1),
(1, 711, 1, 1),
(1, 712, 1, 1),
(1, 713, 1, 1),
(1, 714, 1, 1),
(1, 720, 1, 1),
(1, 721, 1, 1),
(1, 725, 1, 1),
(1, 726, 1, 1),
(1, 730, 1, 1),
(1, 731, 1, 1),
(1, 733, 1, 1),
(1, 734, 1, 1),
(1, 748, 1, 1),
(1, 749, 1, 1),
(1, 758, 1, 1),
(1, 759, 1, 1),
(1, 760, 1, 1),
(1, 761, 1, 1),
(1, 762, 1, 1),
(1, 763, 1, 1),
(1, 764, 1, 1),
(1, 765, 1, 1),
(1, 766, 1, 1),
(1, 769, 1, 1),
(1, 770, 1, 1),
(1, 771, 1, 1),
(1, 772, 1, 1),
(1, 773, 1, 1),
(1, 774, 1, 1),
(1, 775, 1, 1),
(1, 776, 1, 1),
(1, 777, 1, 1),
(1, 778, 1, 1),
(1, 779, 1, 1),
(1, 780, 1, 1),
(1, 781, 1, 1),
(1, 782, 1, 1),
(1, 783, 1, 1),
(1, 784, 1, 1),
(1, 785, 1, 1),
(1, 786, 1, 1),
(1, 787, 1, 1),
(1, 788, 1, 1),
(1, 789, 1, 1),
(1, 790, 1, 1),
(1, 791, 1, 1),
(1, 792, 1, 1),
(1, 793, 1, 1),
(1, 794, 1, 1),
(1, 795, 1, 1),
(1, 796, 1, 1),
(1, 798, 1, 1),
(1, 800, 1, 1),
(1, 801, 1, 1),
(1, 802, 1, 1),
(5, 215, 1, 1),
(5, 251, 1, 1),
(5, 259, 1, 1),
(5, 261, 1, 1),
(5, 265, 1, 1),
(5, 284, 1, 1),
(5, 285, 1, 1),
(5, 288, 1, 1),
(5, 293, 1, 1),
(5, 300, 1, 1),
(5, 313, 0, 0),
(5, 314, 0, 0),
(5, 319, 1, 1),
(5, 320, 0, 0),
(5, 321, 0, 0),
(5, 324, 1, 1),
(5, 326, 1, 1),
(5, 327, 1, 1),
(5, 328, 1, 1),
(5, 329, 1, 1),
(5, 330, 1, 1),
(5, 331, 1, 1),
(5, 332, 1, 1),
(5, 333, 1, 1),
(5, 339, 1, 1),
(5, 355, 1, 1),
(5, 356, 1, 1),
(5, 358, 0, 0),
(5, 359, 1, 1),
(5, 360, 1, 1),
(5, 361, 0, 0),
(5, 363, 1, 1),
(5, 371, 1, 1),
(5, 375, 1, 1),
(5, 376, 1, 1),
(5, 377, 0, 0),
(5, 378, 0, 0),
(5, 379, 0, 0),
(5, 389, 1, 1),
(5, 393, 1, 1),
(5, 401, 1, 1),
(5, 405, 1, 1),
(5, 406, 0, 0),
(5, 407, 0, 0),
(5, 408, 0, 0),
(5, 409, 1, 1),
(5, 412, 1, 1),
(5, 418, 1, 1),
(5, 424, 1, 1),
(5, 425, 0, 0),
(5, 427, 1, 1),
(5, 428, 1, 1),
(5, 429, 1, 1),
(5, 430, 1, 1),
(5, 434, 1, 1),
(5, 435, 1, 1),
(5, 436, 1, 1),
(5, 438, 1, 1),
(5, 439, 1, 1),
(5, 440, 1, 1),
(5, 441, 1, 1),
(5, 446, 1, 1),
(5, 448, 1, 1),
(5, 449, 1, 1),
(5, 451, 1, 1),
(5, 452, 1, 1),
(5, 453, 1, 1),
(5, 454, 1, 1),
(5, 455, 1, 1),
(5, 456, 1, 1),
(5, 459, 1, 1),
(5, 460, 1, 1),
(5, 461, 1, 1),
(5, 463, 1, 1),
(5, 466, 1, 1),
(5, 467, 1, 1),
(5, 468, 1, 1),
(5, 470, 1, 1),
(5, 471, 1, 1),
(5, 472, 1, 1),
(5, 473, 1, 1),
(5, 474, 1, 1),
(5, 475, 1, 1),
(5, 476, 1, 1),
(5, 477, 1, 1),
(5, 478, 1, 1),
(5, 479, 1, 1),
(5, 481, 1, 1),
(5, 482, 1, 1),
(5, 483, 1, 1),
(5, 484, 1, 1),
(5, 485, 1, 1),
(5, 486, 1, 1),
(5, 487, 1, 1),
(5, 488, 1, 1),
(5, 489, 1, 1),
(5, 490, 1, 1),
(5, 491, 1, 1),
(5, 492, 0, 0),
(5, 493, 0, 0),
(5, 494, 0, 0),
(5, 495, 1, 1),
(5, 496, 1, 1),
(5, 497, 1, 1),
(5, 499, 1, 1),
(5, 500, 1, 1),
(5, 501, 1, 1),
(5, 502, 1, 1),
(5, 503, 1, 1),
(5, 504, 1, 1),
(5, 505, 1, 1),
(5, 506, 1, 1),
(5, 511, 1, 1),
(5, 512, 1, 1),
(5, 513, 1, 1),
(5, 514, 1, 1),
(5, 515, 1, 1),
(5, 516, 1, 1),
(5, 519, 1, 1),
(5, 520, 1, 1),
(5, 521, 1, 1),
(5, 522, 1, 1),
(5, 523, 1, 1),
(5, 524, 0, 0),
(5, 525, 0, 0),
(5, 526, 1, 1),
(5, 527, 1, 1),
(5, 528, 1, 1),
(5, 529, 1, 1),
(5, 530, 1, 1),
(5, 531, 1, 1),
(5, 532, 1, 1),
(5, 533, 1, 1),
(5, 534, 1, 1),
(5, 536, 1, 1),
(5, 537, 1, 1),
(5, 538, 1, 1),
(5, 552, 1, 1),
(5, 568, 1, 1),
(5, 590, 1, 1),
(5, 591, 1, 1),
(5, 592, 1, 1),
(5, 593, 1, 1),
(5, 594, 1, 1),
(5, 595, 1, 1),
(5, 596, 1, 1),
(5, 598, 1, 1),
(5, 599, 1, 1),
(5, 602, 1, 1),
(5, 604, 1, 1),
(5, 607, 1, 1),
(5, 609, 1, 1),
(5, 610, 1, 1),
(5, 612, 1, 1),
(5, 613, 1, 1),
(5, 614, 1, 1),
(5, 615, 1, 1),
(5, 616, 1, 1),
(5, 617, 1, 1),
(5, 618, 1, 1),
(5, 620, 1, 1),
(5, 621, 1, 1),
(5, 622, 1, 1),
(5, 623, 1, 1),
(5, 624, 1, 1),
(5, 625, 1, 1),
(5, 626, 1, 1),
(5, 627, 1, 1),
(5, 628, 1, 1),
(5, 629, 1, 1),
(5, 630, 1, 1),
(5, 631, 1, 1),
(5, 632, 1, 1),
(5, 633, 1, 1),
(5, 634, 1, 1),
(5, 635, 1, 1),
(5, 636, 1, 1),
(5, 637, 1, 1),
(5, 638, 1, 1),
(5, 639, 1, 1),
(5, 640, 1, 1),
(5, 642, 1, 1),
(5, 644, 1, 1),
(5, 645, 1, 1),
(5, 647, 1, 1),
(5, 648, 1, 1),
(5, 649, 1, 1),
(5, 655, 1, 1),
(5, 656, 1, 1),
(5, 657, 1, 1),
(5, 658, 1, 1),
(5, 659, 1, 1),
(5, 660, 1, 1),
(5, 661, 0, 0),
(5, 663, 1, 1),
(5, 665, 1, 1),
(5, 666, 1, 1),
(5, 667, 1, 1),
(5, 668, 1, 1),
(5, 669, 1, 1),
(5, 670, 1, 1),
(5, 671, 1, 1),
(5, 675, 0, 0),
(5, 676, 0, 0),
(5, 677, 0, 0),
(5, 678, 0, 0),
(5, 679, 0, 0),
(5, 685, 1, 1),
(5, 686, 1, 1),
(5, 688, 1, 1),
(5, 690, 1, 1),
(5, 691, 1, 1),
(5, 699, 1, 1),
(5, 700, 1, 1),
(5, 710, 1, 1),
(5, 711, 1, 1),
(5, 712, 1, 1),
(5, 713, 1, 1),
(5, 714, 1, 1),
(5, 720, 1, 1),
(5, 721, 1, 1),
(5, 725, 1, 1),
(5, 726, 1, 1),
(5, 730, 1, 1),
(5, 731, 1, 1),
(5, 733, 1, 1),
(5, 734, 1, 1),
(5, 748, 1, 1),
(5, 749, 1, 1),
(5, 758, 0, 0),
(5, 759, 1, 1),
(5, 760, 1, 1),
(5, 761, 1, 1),
(5, 762, 1, 1),
(5, 763, 1, 1),
(5, 764, 1, 1),
(5, 765, 1, 1),
(5, 766, 1, 1),
(5, 769, 1, 1),
(5, 770, 1, 1),
(5, 771, 1, 1),
(5, 772, 1, 1),
(5, 773, 1, 1),
(5, 774, 1, 1),
(5, 775, 1, 1),
(5, 776, 1, 1),
(5, 777, 1, 1),
(5, 778, 1, 1),
(5, 779, 1, 1),
(5, 780, 1, 1),
(5, 781, 1, 1),
(5, 782, 1, 1),
(5, 783, 1, 1),
(5, 784, 1, 1),
(5, 785, 1, 1),
(5, 786, 1, 1),
(5, 787, 1, 1),
(5, 788, 1, 1),
(5, 789, 1, 1),
(5, 790, 1, 1),
(5, 791, 1, 1),
(5, 792, 1, 1),
(5, 793, 1, 1),
(5, 794, 1, 1),
(5, 795, 1, 1),
(5, 796, 0, 0),
(5, 798, 1, 1),
(5, 800, 1, 1),
(5, 801, 1, 1),
(5, 802, 1, 1),
(7, 215, 1, 1),
(7, 251, 1, 1),
(7, 259, 1, 1),
(7, 261, 1, 1),
(7, 265, 1, 1),
(7, 284, 1, 1),
(7, 285, 1, 1),
(7, 288, 1, 1),
(7, 293, 1, 1),
(7, 300, 1, 1),
(7, 313, 0, 0),
(7, 314, 0, 0),
(7, 319, 1, 1),
(7, 320, 0, 0),
(7, 321, 0, 0),
(7, 324, 1, 1),
(7, 326, 1, 1),
(7, 327, 1, 1),
(7, 328, 1, 1),
(7, 329, 1, 1),
(7, 330, 1, 1),
(7, 331, 1, 1),
(7, 332, 1, 1),
(7, 333, 1, 1),
(7, 355, 1, 1),
(7, 356, 1, 1),
(7, 358, 0, 0),
(7, 359, 1, 1),
(7, 360, 1, 1),
(7, 361, 0, 0),
(7, 363, 0, 0),
(7, 371, 0, 0),
(7, 375, 0, 0),
(7, 376, 0, 0),
(7, 377, 0, 0),
(7, 378, 0, 0),
(7, 379, 0, 0),
(7, 389, 1, 1),
(7, 393, 1, 1),
(7, 401, 0, 0),
(7, 405, 0, 0),
(7, 406, 0, 0),
(7, 407, 0, 0),
(7, 408, 0, 0),
(7, 409, 0, 0),
(7, 412, 0, 0),
(7, 418, 1, 1),
(7, 424, 0, 0),
(7, 425, 0, 0),
(7, 427, 1, 1),
(7, 428, 1, 1),
(7, 429, 1, 1),
(7, 430, 1, 1),
(7, 434, 0, 0),
(7, 435, 0, 0),
(7, 436, 0, 0),
(7, 438, 1, 1),
(7, 439, 1, 1),
(7, 440, 1, 1),
(7, 441, 1, 1),
(7, 446, 0, 0),
(7, 448, 0, 0),
(7, 449, 0, 0),
(7, 451, 0, 0),
(7, 452, 0, 0),
(7, 453, 0, 0),
(7, 454, 0, 0),
(7, 455, 0, 0),
(7, 456, 0, 0),
(7, 459, 1, 1),
(7, 460, 1, 1),
(7, 461, 1, 1),
(7, 463, 1, 1),
(7, 466, 1, 1),
(7, 467, 1, 1),
(7, 468, 1, 1),
(7, 470, 1, 1),
(7, 471, 1, 1),
(7, 472, 1, 1),
(7, 476, 1, 1),
(7, 477, 1, 1),
(7, 478, 1, 1),
(7, 479, 1, 1),
(7, 481, 1, 1),
(7, 482, 1, 1),
(7, 483, 1, 1),
(7, 484, 1, 1),
(7, 485, 1, 1),
(7, 486, 1, 1),
(7, 487, 1, 1),
(7, 488, 1, 1),
(7, 489, 1, 1),
(7, 490, 1, 1),
(7, 491, 1, 1),
(7, 492, 0, 0),
(7, 493, 0, 0),
(7, 494, 0, 0),
(7, 495, 1, 1),
(7, 496, 1, 1),
(7, 497, 1, 1),
(7, 499, 0, 0),
(7, 500, 0, 0),
(7, 501, 0, 0),
(7, 502, 0, 0),
(7, 503, 1, 1),
(7, 504, 1, 1),
(7, 505, 1, 1),
(7, 506, 1, 1),
(7, 511, 1, 1),
(7, 512, 1, 1),
(7, 513, 1, 1),
(7, 514, 1, 1),
(7, 515, 0, 0),
(7, 516, 0, 0),
(7, 519, 0, 0),
(7, 520, 0, 0),
(7, 521, 0, 0),
(7, 523, 0, 0),
(7, 524, 0, 0),
(7, 525, 0, 0),
(7, 526, 0, 0),
(7, 527, 1, 1),
(7, 528, 1, 1),
(7, 529, 1, 1),
(7, 530, 1, 1),
(7, 531, 1, 1),
(7, 532, 1, 1),
(7, 533, 1, 1),
(7, 534, 1, 1),
(7, 536, 0, 0),
(7, 537, 0, 0),
(7, 538, 0, 0),
(7, 552, 0, 0),
(7, 568, 1, 1),
(7, 590, 1, 1),
(7, 591, 1, 1),
(7, 592, 1, 1),
(7, 593, 0, 0),
(7, 594, 0, 0),
(7, 595, 0, 0),
(7, 612, 0, 0),
(7, 613, 0, 0),
(7, 614, 0, 0),
(7, 615, 0, 0),
(7, 616, 0, 0),
(7, 617, 0, 0),
(7, 618, 0, 0),
(7, 620, 0, 0),
(7, 621, 0, 0),
(7, 626, 0, 0),
(7, 640, 0, 0),
(7, 642, 0, 0),
(7, 644, 0, 0),
(7, 645, 0, 0),
(7, 647, 0, 0),
(7, 648, 0, 0),
(7, 649, 0, 0),
(7, 655, 1, 1),
(7, 656, 1, 1),
(7, 657, 1, 1),
(7, 658, 1, 1),
(7, 659, 1, 1),
(7, 660, 1, 1),
(7, 661, 0, 0),
(7, 663, 0, 0),
(7, 665, 0, 0),
(7, 666, 0, 0),
(7, 667, 0, 0),
(7, 668, 0, 0),
(7, 669, 0, 0),
(7, 670, 0, 0),
(7, 671, 0, 0),
(7, 675, 0, 0),
(7, 676, 0, 0),
(7, 677, 0, 0),
(7, 678, 0, 0),
(7, 679, 0, 0),
(7, 685, 0, 0),
(7, 686, 0, 0),
(7, 688, 0, 0),
(7, 699, 1, 1),
(7, 700, 1, 1),
(7, 710, 0, 0),
(7, 711, 0, 0),
(7, 712, 1, 1),
(7, 713, 1, 1),
(7, 714, 1, 1),
(7, 720, 1, 1),
(7, 721, 1, 1),
(7, 725, 0, 0),
(7, 726, 0, 0),
(7, 730, 0, 0),
(7, 731, 0, 0),
(7, 733, 0, 0),
(7, 734, 0, 0),
(7, 748, 0, 0),
(7, 749, 0, 0),
(7, 758, 0, 0),
(7, 759, 0, 0),
(7, 760, 0, 0),
(7, 761, 1, 1),
(7, 762, 0, 0),
(7, 763, 0, 0),
(7, 764, 0, 0),
(7, 765, 1, 1),
(7, 766, 1, 1),
(7, 769, 0, 0),
(7, 770, 0, 0),
(7, 773, 1, 1),
(7, 774, 1, 1),
(7, 777, 1, 1),
(7, 778, 1, 1),
(7, 779, 0, 0),
(7, 780, 0, 0),
(7, 781, 0, 0),
(7, 782, 0, 0),
(7, 783, 0, 0),
(7, 784, 0, 0),
(7, 785, 0, 0),
(7, 786, 0, 0),
(7, 787, 0, 0),
(7, 788, 0, 0),
(7, 789, 1, 1),
(7, 790, 1, 1),
(7, 791, 1, 1),
(7, 792, 1, 1),
(7, 793, 1, 1),
(7, 794, 1, 1),
(7, 795, 1, 1),
(7, 796, 0, 0),
(8, 215, 1, 1),
(8, 251, 1, 1),
(8, 259, 1, 1),
(8, 261, 1, 1),
(8, 265, 1, 1),
(8, 284, 1, 1),
(8, 285, 1, 1),
(8, 288, 1, 1),
(8, 293, 1, 1),
(8, 300, 1, 1),
(8, 313, 0, 0),
(8, 314, 0, 0),
(8, 319, 1, 1),
(8, 320, 0, 0),
(8, 321, 0, 0),
(8, 324, 1, 1),
(8, 326, 1, 1),
(8, 327, 1, 1),
(8, 328, 1, 1),
(8, 329, 1, 1),
(8, 330, 1, 1),
(8, 331, 1, 1),
(8, 332, 1, 1),
(8, 333, 1, 1),
(8, 355, 1, 1),
(8, 356, 1, 1),
(8, 358, 0, 0),
(8, 359, 1, 1),
(8, 360, 1, 1),
(8, 361, 0, 0),
(8, 363, 0, 0),
(8, 371, 0, 0),
(8, 375, 0, 0),
(8, 376, 0, 0),
(8, 377, 0, 0),
(8, 378, 0, 0),
(8, 379, 0, 0),
(8, 389, 1, 1),
(8, 393, 1, 1),
(8, 401, 0, 0),
(8, 405, 0, 0),
(8, 406, 0, 0),
(8, 407, 0, 0),
(8, 408, 0, 0),
(8, 409, 0, 0),
(8, 412, 0, 0),
(8, 418, 1, 1),
(8, 424, 0, 0),
(8, 425, 0, 0),
(8, 427, 1, 1),
(8, 428, 1, 1),
(8, 429, 1, 1),
(8, 430, 1, 1),
(8, 434, 0, 0),
(8, 435, 0, 0),
(8, 436, 0, 0),
(8, 438, 1, 1),
(8, 439, 1, 1),
(8, 440, 1, 1),
(8, 441, 1, 1),
(8, 446, 0, 0),
(8, 448, 0, 0),
(8, 449, 0, 0),
(8, 451, 0, 0),
(8, 452, 0, 0),
(8, 453, 0, 0),
(8, 454, 0, 0),
(8, 455, 0, 0),
(8, 456, 0, 0),
(8, 459, 1, 1),
(8, 460, 1, 1),
(8, 461, 1, 1),
(8, 463, 1, 1),
(8, 466, 1, 1),
(8, 467, 1, 1),
(8, 468, 1, 1),
(8, 470, 1, 1),
(8, 471, 1, 1),
(8, 472, 1, 1),
(8, 476, 1, 1),
(8, 477, 1, 1),
(8, 478, 1, 1),
(8, 479, 1, 1),
(8, 481, 1, 1),
(8, 482, 1, 1),
(8, 483, 1, 1),
(8, 484, 1, 1),
(8, 485, 1, 1),
(8, 486, 1, 1),
(8, 487, 1, 1),
(8, 488, 1, 1),
(8, 489, 1, 1),
(8, 490, 1, 1),
(8, 491, 1, 1),
(8, 492, 0, 0),
(8, 493, 0, 0),
(8, 494, 0, 0),
(8, 495, 1, 1),
(8, 496, 1, 1),
(8, 497, 1, 1),
(8, 499, 0, 0),
(8, 500, 0, 0),
(8, 501, 0, 0),
(8, 502, 0, 0),
(8, 503, 1, 1),
(8, 504, 1, 1),
(8, 505, 1, 1),
(8, 506, 1, 1),
(8, 511, 1, 1),
(8, 512, 1, 1),
(8, 513, 1, 1),
(8, 514, 1, 1),
(8, 515, 0, 0),
(8, 516, 0, 0),
(8, 519, 0, 0),
(8, 520, 0, 0),
(8, 521, 0, 0),
(8, 523, 0, 0),
(8, 524, 0, 0),
(8, 525, 0, 0),
(8, 526, 0, 0),
(8, 527, 1, 1),
(8, 528, 1, 1),
(8, 529, 1, 1),
(8, 530, 1, 1),
(8, 531, 1, 1),
(8, 532, 1, 1),
(8, 533, 1, 1),
(8, 534, 1, 1),
(8, 536, 0, 0),
(8, 537, 0, 0),
(8, 538, 0, 0),
(8, 552, 0, 0),
(8, 568, 1, 1),
(8, 590, 1, 1),
(8, 591, 1, 1),
(8, 592, 1, 1),
(8, 593, 0, 0),
(8, 594, 0, 0),
(8, 595, 0, 0),
(8, 612, 0, 0),
(8, 613, 0, 0),
(8, 614, 0, 0),
(8, 615, 0, 0),
(8, 616, 0, 0),
(8, 617, 0, 0),
(8, 618, 0, 0),
(8, 620, 0, 0),
(8, 621, 0, 0),
(8, 626, 0, 0),
(8, 640, 0, 0),
(8, 642, 0, 0),
(8, 644, 0, 0),
(8, 645, 0, 0),
(8, 647, 0, 0),
(8, 648, 0, 0),
(8, 649, 0, 0),
(8, 655, 1, 1),
(8, 656, 1, 1),
(8, 657, 1, 1),
(8, 658, 1, 1),
(8, 659, 1, 1),
(8, 660, 1, 1),
(8, 661, 0, 0),
(8, 663, 0, 0),
(8, 665, 0, 0),
(8, 666, 0, 0),
(8, 667, 0, 0),
(8, 668, 0, 0),
(8, 669, 0, 0),
(8, 670, 0, 0),
(8, 671, 0, 0),
(8, 675, 0, 0),
(8, 676, 0, 0),
(8, 677, 0, 0),
(8, 678, 0, 0),
(8, 679, 0, 0),
(8, 685, 0, 0),
(8, 686, 0, 0),
(8, 688, 0, 0),
(8, 699, 1, 1),
(8, 700, 1, 1),
(8, 710, 0, 0),
(8, 711, 0, 0),
(8, 712, 1, 1),
(8, 713, 1, 1),
(8, 714, 1, 1),
(8, 720, 1, 1),
(8, 721, 1, 1),
(8, 725, 0, 0),
(8, 726, 0, 0),
(8, 730, 0, 0),
(8, 731, 0, 0),
(8, 733, 0, 0),
(8, 734, 0, 0),
(8, 748, 0, 0),
(8, 749, 0, 0),
(8, 758, 0, 0),
(8, 759, 0, 0),
(8, 760, 0, 0),
(8, 761, 1, 1),
(8, 762, 0, 0),
(8, 763, 0, 0),
(8, 764, 0, 0),
(8, 765, 1, 1),
(8, 766, 1, 1),
(8, 769, 0, 0),
(8, 770, 0, 0),
(8, 773, 1, 1),
(8, 774, 1, 1),
(8, 777, 1, 1),
(8, 778, 1, 1),
(8, 779, 0, 0),
(8, 780, 0, 0),
(8, 781, 0, 0),
(8, 782, 0, 0),
(8, 783, 0, 0),
(8, 784, 0, 0),
(8, 785, 0, 0),
(8, 786, 0, 0),
(8, 787, 0, 0),
(8, 788, 0, 0),
(8, 789, 1, 1),
(8, 790, 1, 1),
(8, 791, 1, 1),
(8, 792, 1, 1),
(8, 793, 1, 1),
(8, 794, 1, 1),
(8, 795, 1, 1),
(8, 796, 0, 0),
(9, 215, 1, 1),
(9, 251, 1, 1),
(9, 259, 1, 1),
(9, 261, 1, 1),
(9, 265, 1, 1),
(9, 284, 1, 1),
(9, 285, 1, 1),
(9, 288, 1, 1),
(9, 293, 1, 1),
(9, 300, 1, 1),
(9, 313, 1, 1),
(9, 314, 0, 0),
(9, 319, 1, 1),
(9, 320, 0, 0),
(9, 321, 0, 0),
(9, 324, 1, 1),
(9, 326, 1, 1),
(9, 327, 1, 1),
(9, 328, 1, 1),
(9, 329, 1, 1),
(9, 330, 1, 1),
(9, 331, 1, 1),
(9, 332, 1, 1),
(9, 333, 1, 1),
(9, 339, 1, 1),
(9, 355, 1, 1),
(9, 356, 1, 1),
(9, 358, 0, 0),
(9, 359, 1, 1),
(9, 360, 1, 1),
(9, 361, 0, 0),
(9, 363, 1, 1),
(9, 371, 1, 1),
(9, 375, 0, 0),
(9, 376, 1, 1),
(9, 377, 0, 0),
(9, 378, 0, 0),
(9, 379, 0, 0),
(9, 389, 1, 1),
(9, 393, 1, 1),
(9, 401, 1, 1),
(9, 405, 0, 0),
(9, 406, 0, 0),
(9, 407, 0, 0),
(9, 408, 0, 0),
(9, 409, 1, 1),
(9, 412, 0, 0),
(9, 418, 1, 1),
(9, 424, 1, 0),
(9, 425, 0, 0),
(9, 427, 1, 1),
(9, 428, 1, 1),
(9, 429, 1, 1),
(9, 430, 1, 1),
(9, 434, 0, 0),
(9, 435, 0, 0),
(9, 436, 0, 0),
(9, 438, 1, 1),
(9, 439, 1, 1),
(9, 440, 1, 1),
(9, 441, 1, 1),
(9, 446, 0, 0),
(9, 448, 0, 0),
(9, 449, 0, 0),
(9, 451, 0, 0),
(9, 452, 0, 0),
(9, 453, 0, 0),
(9, 454, 0, 0),
(9, 455, 0, 0),
(9, 456, 0, 0),
(9, 459, 1, 1),
(9, 460, 1, 1),
(9, 461, 1, 1),
(9, 463, 1, 1),
(9, 466, 1, 1),
(9, 467, 1, 1),
(9, 468, 1, 1),
(9, 470, 1, 1),
(9, 471, 1, 1),
(9, 472, 1, 1),
(9, 476, 1, 1),
(9, 477, 1, 1),
(9, 478, 1, 1),
(9, 479, 1, 1),
(9, 481, 1, 1),
(9, 482, 1, 1),
(9, 483, 1, 1),
(9, 484, 1, 1),
(9, 485, 1, 1),
(9, 486, 1, 1),
(9, 487, 1, 1),
(9, 488, 1, 1),
(9, 489, 1, 1),
(9, 490, 1, 1),
(9, 491, 1, 1),
(9, 492, 0, 0),
(9, 493, 0, 0),
(9, 494, 0, 0),
(9, 495, 1, 1),
(9, 496, 1, 1),
(9, 497, 1, 1),
(9, 499, 0, 0),
(9, 500, 0, 0),
(9, 501, 0, 0),
(9, 502, 0, 0),
(9, 503, 1, 1),
(9, 504, 1, 1),
(9, 505, 1, 1),
(9, 506, 1, 1),
(9, 511, 1, 1),
(9, 512, 1, 1),
(9, 513, 1, 1),
(9, 514, 1, 1),
(9, 515, 0, 0),
(9, 516, 0, 0),
(9, 519, 0, 0),
(9, 520, 0, 0),
(9, 521, 0, 0),
(9, 523, 0, 0),
(9, 524, 0, 0),
(9, 525, 0, 0),
(9, 526, 0, 0),
(9, 527, 1, 1),
(9, 528, 1, 1),
(9, 529, 1, 1),
(9, 530, 1, 1),
(9, 531, 1, 1),
(9, 532, 1, 1),
(9, 533, 1, 1),
(9, 534, 1, 1),
(9, 536, 0, 0),
(9, 537, 1, 1),
(9, 538, 1, 1),
(9, 552, 1, 1),
(9, 568, 1, 1),
(9, 590, 1, 1),
(9, 591, 1, 1),
(9, 592, 1, 1),
(9, 593, 0, 0),
(9, 594, 0, 0),
(9, 595, 0, 0),
(9, 596, 1, 1),
(9, 598, 1, 1),
(9, 599, 1, 1),
(9, 602, 1, 1),
(9, 604, 1, 1),
(9, 607, 1, 1),
(9, 609, 1, 1),
(9, 610, 1, 1),
(9, 612, 1, 1),
(9, 613, 1, 1),
(9, 614, 1, 1),
(9, 615, 1, 1),
(9, 616, 1, 1),
(9, 617, 1, 1),
(9, 618, 1, 1),
(9, 620, 1, 1),
(9, 621, 1, 1),
(9, 622, 1, 1),
(9, 623, 1, 1),
(9, 624, 1, 1),
(9, 625, 1, 1),
(9, 626, 1, 1),
(9, 627, 1, 1),
(9, 628, 1, 1),
(9, 629, 1, 1),
(9, 630, 1, 1),
(9, 631, 1, 1),
(9, 632, 1, 1),
(9, 633, 1, 1),
(9, 634, 1, 1),
(9, 635, 1, 1),
(9, 636, 1, 1),
(9, 637, 1, 1),
(9, 638, 1, 1),
(9, 639, 1, 1),
(9, 640, 1, 1),
(9, 642, 1, 1),
(9, 644, 1, 1),
(9, 645, 1, 1),
(9, 647, 1, 1),
(9, 648, 1, 1),
(9, 649, 1, 1),
(9, 655, 1, 1),
(9, 656, 1, 1),
(9, 657, 1, 1),
(9, 658, 1, 1),
(9, 659, 1, 1),
(9, 660, 1, 1),
(9, 661, 1, 1),
(9, 663, 1, 1),
(9, 665, 1, 1),
(9, 666, 1, 1),
(9, 667, 1, 1),
(9, 668, 1, 1),
(9, 669, 1, 1),
(9, 670, 1, 1),
(9, 671, 1, 1),
(9, 675, 1, 1),
(9, 676, 1, 1),
(9, 677, 1, 1),
(9, 678, 1, 1),
(9, 679, 1, 1),
(9, 685, 1, 1),
(9, 686, 1, 1),
(9, 688, 1, 1),
(9, 690, 1, 1),
(9, 691, 1, 1),
(9, 699, 1, 1),
(9, 700, 1, 1),
(9, 710, 1, 1),
(9, 711, 1, 1),
(9, 712, 1, 1),
(9, 713, 1, 1),
(9, 714, 1, 1),
(9, 720, 1, 1),
(9, 721, 1, 1),
(9, 725, 1, 1),
(9, 726, 1, 1),
(9, 730, 0, 0),
(9, 731, 0, 0),
(9, 733, 1, 1),
(9, 734, 1, 1),
(9, 748, 1, 1),
(9, 749, 1, 1),
(9, 758, 1, 1),
(9, 759, 1, 1),
(9, 760, 1, 1),
(9, 761, 1, 1),
(9, 762, 1, 1),
(9, 763, 1, 1),
(9, 764, 1, 1),
(9, 765, 1, 1),
(9, 766, 1, 1),
(9, 769, 1, 1),
(9, 770, 1, 1),
(9, 771, 1, 1),
(9, 772, 1, 1),
(9, 773, 1, 1),
(9, 774, 1, 1),
(9, 775, 1, 1),
(9, 776, 1, 1),
(9, 777, 1, 1),
(9, 778, 1, 1),
(9, 779, 1, 1),
(9, 780, 1, 1),
(9, 781, 1, 1),
(9, 782, 1, 1),
(9, 783, 1, 1),
(9, 784, 1, 1),
(9, 785, 1, 1),
(9, 786, 1, 1),
(9, 787, 1, 1),
(9, 788, 1, 1),
(9, 789, 1, 1),
(9, 790, 1, 1),
(9, 791, 1, 1),
(9, 792, 1, 1),
(9, 793, 1, 1),
(9, 794, 1, 1),
(9, 795, 1, 1),
(9, 796, 1, 1),
(9, 798, 1, 1),
(9, 800, 1, 1),
(9, 801, 1, 1),
(9, 802, 1, 1),
(10, 215, 1, 1),
(10, 251, 1, 1),
(10, 259, 1, 1),
(10, 261, 1, 1),
(10, 265, 1, 1),
(10, 284, 1, 1),
(10, 285, 1, 1),
(10, 288, 1, 1),
(10, 293, 1, 1),
(10, 300, 1, 1),
(10, 313, 0, 0),
(10, 314, 0, 0),
(10, 319, 0, 0),
(10, 320, 0, 0),
(10, 321, 0, 0),
(10, 324, 1, 1),
(10, 326, 1, 1),
(10, 327, 1, 1),
(10, 328, 1, 1),
(10, 329, 1, 1),
(10, 330, 1, 1),
(10, 331, 1, 1),
(10, 332, 1, 1),
(10, 333, 1, 1),
(10, 339, 1, 1),
(10, 350, 0, 0),
(10, 355, 1, 1),
(10, 356, 1, 1),
(10, 358, 0, 0),
(10, 359, 1, 1),
(10, 360, 1, 1),
(10, 361, 0, 0),
(10, 363, 0, 0),
(10, 371, 0, 0),
(10, 375, 0, 0),
(10, 376, 0, 0),
(10, 377, 0, 0),
(10, 378, 0, 0),
(10, 379, 0, 0),
(10, 389, 0, 0),
(10, 393, 0, 0),
(10, 401, 0, 0),
(10, 405, 0, 0),
(10, 406, 0, 0),
(10, 407, 0, 0),
(10, 408, 0, 0),
(10, 409, 0, 0),
(10, 412, 0, 0),
(10, 418, 0, 0),
(10, 424, 0, 0),
(10, 425, 0, 0),
(10, 427, 1, 1),
(10, 428, 1, 1),
(10, 429, 1, 1),
(10, 430, 1, 1),
(10, 434, 1, 1),
(10, 435, 1, 1),
(10, 436, 1, 1),
(10, 438, 1, 1),
(10, 439, 1, 1),
(10, 440, 1, 1),
(10, 441, 1, 1),
(10, 446, 1, 1),
(10, 448, 1, 1),
(10, 449, 1, 1),
(10, 451, 1, 1),
(10, 452, 1, 1),
(10, 453, 1, 1),
(10, 454, 1, 1),
(10, 455, 1, 1),
(10, 456, 1, 1),
(10, 459, 1, 1),
(10, 460, 1, 1),
(10, 461, 1, 1),
(10, 463, 1, 1),
(10, 466, 1, 1),
(10, 467, 1, 1),
(10, 468, 1, 1),
(10, 470, 1, 1),
(10, 471, 1, 1),
(10, 472, 1, 1),
(10, 473, 1, 1),
(10, 474, 1, 1),
(10, 475, 1, 1),
(10, 476, 1, 1),
(10, 477, 1, 1),
(10, 478, 1, 1),
(10, 479, 1, 1),
(10, 481, 1, 1),
(10, 482, 1, 1),
(10, 483, 1, 1),
(10, 484, 1, 1),
(10, 485, 1, 1),
(10, 486, 1, 1),
(10, 487, 1, 1),
(10, 488, 1, 1),
(10, 489, 1, 1),
(10, 490, 1, 1),
(10, 491, 1, 1),
(10, 492, 0, 0),
(10, 493, 0, 0),
(10, 494, 0, 0),
(10, 495, 1, 1),
(10, 496, 1, 1),
(10, 497, 1, 1),
(10, 499, 1, 1),
(10, 500, 1, 1),
(10, 501, 1, 1),
(10, 502, 1, 1),
(10, 503, 1, 1),
(10, 504, 1, 1),
(10, 505, 1, 1),
(10, 506, 1, 1),
(10, 507, 1, 1),
(10, 510, 1, 1),
(10, 511, 1, 1),
(10, 512, 1, 1),
(10, 513, 1, 1),
(10, 514, 1, 1),
(10, 515, 1, 1),
(10, 516, 1, 1),
(10, 517, 1, 1),
(10, 518, 1, 1),
(10, 519, 1, 1),
(10, 520, 1, 1),
(10, 521, 1, 1),
(10, 522, 1, 1),
(10, 523, 1, 1),
(10, 524, 0, 0),
(10, 525, 0, 0),
(10, 526, 1, 1),
(10, 527, 1, 1),
(10, 528, 1, 1),
(10, 529, 1, 1),
(10, 530, 1, 1),
(10, 531, 1, 1),
(10, 532, 1, 1),
(10, 533, 1, 1),
(10, 534, 1, 1),
(10, 536, 1, 1),
(10, 537, 0, 0),
(10, 538, 1, 1),
(10, 552, 0, 0),
(10, 568, 1, 1),
(10, 590, 1, 1),
(10, 591, 1, 1),
(10, 592, 1, 1),
(10, 593, 1, 1),
(10, 594, 1, 1),
(10, 595, 1, 1),
(10, 596, 1, 1),
(10, 598, 1, 1),
(10, 599, 0, 0),
(10, 602, 1, 1),
(10, 604, 0, 0),
(10, 607, 0, 0),
(10, 609, 1, 1),
(10, 610, 0, 0),
(10, 612, 0, 0),
(10, 613, 0, 0),
(10, 614, 1, 1),
(10, 615, 0, 0),
(10, 616, 1, 1),
(10, 617, 0, 0),
(10, 618, 0, 0),
(10, 620, 0, 0),
(10, 621, 0, 0),
(10, 622, 1, 1),
(10, 623, 1, 1),
(10, 624, 1, 1),
(10, 625, 1, 1),
(10, 626, 1, 1),
(10, 627, 1, 1),
(10, 628, 1, 1),
(10, 629, 1, 1),
(10, 630, 1, 1),
(10, 631, 1, 1),
(10, 632, 1, 1),
(10, 633, 1, 1),
(10, 634, 1, 1),
(10, 635, 1, 1),
(10, 636, 1, 1),
(10, 637, 1, 1),
(10, 638, 1, 1),
(10, 639, 1, 1),
(10, 640, 0, 0),
(10, 642, 1, 1),
(10, 644, 1, 1),
(10, 645, 1, 1),
(10, 647, 1, 1),
(10, 648, 1, 1),
(10, 649, 1, 1),
(10, 655, 1, 1),
(10, 656, 1, 1),
(10, 657, 1, 1),
(10, 658, 1, 1),
(10, 659, 1, 1),
(10, 660, 1, 1),
(10, 661, 1, 1),
(10, 663, 1, 1),
(10, 665, 1, 1),
(10, 666, 1, 1),
(10, 667, 1, 1),
(10, 668, 1, 1),
(10, 669, 1, 1),
(10, 670, 1, 1),
(10, 671, 1, 1),
(10, 675, 1, 1),
(10, 676, 1, 1),
(10, 677, 1, 1),
(10, 678, 1, 1),
(10, 679, 1, 1),
(10, 685, 1, 1),
(10, 686, 1, 1),
(10, 688, 1, 1),
(10, 690, 1, 1),
(10, 691, 1, 1),
(10, 699, 1, 1),
(10, 700, 1, 1),
(10, 710, 0, 0),
(10, 711, 0, 0),
(10, 712, 0, 0),
(10, 713, 0, 0),
(10, 714, 0, 0),
(10, 720, 1, 1),
(10, 721, 1, 1),
(10, 725, 0, 0),
(10, 726, 0, 0),
(10, 730, 0, 0),
(10, 731, 0, 0),
(10, 733, 1, 1),
(10, 734, 1, 1),
(10, 748, 0, 0),
(10, 749, 0, 0),
(10, 758, 1, 1),
(10, 759, 0, 0),
(10, 760, 0, 0),
(10, 761, 0, 0),
(10, 762, 0, 0),
(10, 763, 0, 0),
(10, 764, 0, 0),
(10, 765, 1, 1),
(10, 766, 1, 1),
(10, 769, 0, 0),
(10, 770, 0, 0),
(10, 771, 1, 1),
(10, 772, 1, 1),
(10, 773, 1, 1),
(10, 774, 1, 1),
(10, 775, 1, 1),
(10, 776, 1, 1),
(10, 777, 1, 1),
(10, 778, 1, 1),
(10, 779, 0, 0),
(10, 780, 0, 0),
(10, 781, 0, 0),
(10, 782, 0, 0),
(10, 783, 0, 0),
(10, 784, 0, 0),
(10, 785, 0, 0),
(10, 786, 0, 0),
(10, 787, 0, 0),
(10, 788, 0, 0),
(10, 789, 1, 1),
(10, 790, 1, 1),
(10, 791, 1, 1),
(10, 792, 1, 1),
(10, 793, 1, 1),
(10, 794, 1, 1),
(10, 795, 1, 1),
(10, 796, 1, 1),
(10, 798, 1, 1),
(10, 800, 1, 1),
(10, 801, 1, 1),
(10, 802, 1, 1),
(12, 215, 0, 0),
(12, 251, 1, 1),
(12, 259, 1, 1),
(12, 261, 1, 1),
(12, 265, 1, 1),
(12, 284, 1, 1),
(12, 285, 1, 1),
(12, 288, 1, 1),
(12, 293, 1, 1),
(12, 300, 1, 1),
(12, 313, 1, 1),
(12, 314, 0, 0),
(12, 319, 1, 1),
(12, 320, 0, 0),
(12, 321, 0, 0),
(12, 324, 1, 1),
(12, 326, 1, 1),
(12, 327, 1, 1),
(12, 328, 1, 1),
(12, 329, 1, 1),
(12, 330, 1, 1),
(12, 331, 1, 1),
(12, 332, 1, 1),
(12, 333, 1, 1),
(12, 339, 1, 1),
(12, 350, 1, 1),
(12, 355, 1, 1),
(12, 356, 1, 1),
(12, 358, 0, 0),
(12, 359, 1, 1),
(12, 360, 1, 1),
(12, 361, 0, 0),
(12, 363, 1, 1),
(12, 371, 1, 1),
(12, 375, 1, 1),
(12, 376, 1, 1),
(12, 377, 0, 0),
(12, 378, 0, 0),
(12, 379, 0, 0),
(12, 389, 1, 1),
(12, 393, 1, 1),
(12, 401, 1, 1),
(12, 405, 1, 1),
(12, 406, 0, 0),
(12, 407, 0, 0),
(12, 408, 0, 0),
(12, 409, 1, 1),
(12, 412, 1, 1),
(12, 418, 1, 1),
(12, 424, 1, 1),
(12, 425, 0, 0),
(12, 427, 1, 1),
(12, 428, 1, 1),
(12, 429, 1, 1),
(12, 430, 1, 1),
(12, 434, 1, 1),
(12, 435, 1, 1),
(12, 436, 1, 1),
(12, 438, 1, 1),
(12, 439, 1, 1),
(12, 440, 1, 1),
(12, 441, 1, 1),
(12, 446, 1, 1),
(12, 448, 1, 1),
(12, 449, 1, 1),
(12, 451, 1, 1),
(12, 452, 1, 1),
(12, 453, 1, 1),
(12, 454, 1, 1),
(12, 455, 1, 1),
(12, 456, 1, 1),
(12, 459, 1, 1),
(12, 460, 1, 1),
(12, 461, 1, 1),
(12, 463, 1, 1),
(12, 466, 1, 1),
(12, 467, 1, 1),
(12, 468, 1, 1),
(12, 470, 1, 1),
(12, 471, 1, 1),
(12, 472, 1, 1),
(12, 473, 1, 1),
(12, 474, 1, 1),
(12, 475, 1, 1),
(12, 476, 1, 1),
(12, 477, 1, 1),
(12, 478, 1, 1),
(12, 479, 1, 1),
(12, 481, 1, 1),
(12, 482, 1, 1),
(12, 483, 1, 1),
(12, 484, 1, 1),
(12, 485, 1, 1),
(12, 486, 1, 1),
(12, 487, 1, 1),
(12, 488, 1, 1),
(12, 489, 1, 1),
(12, 490, 1, 1),
(12, 491, 1, 1),
(12, 492, 0, 0),
(12, 493, 0, 0),
(12, 494, 0, 0),
(12, 495, 1, 1),
(12, 496, 1, 1),
(12, 497, 1, 1),
(12, 499, 1, 1),
(12, 500, 1, 1),
(12, 501, 1, 1),
(12, 502, 1, 1),
(12, 503, 1, 1),
(12, 504, 1, 1),
(12, 505, 1, 1),
(12, 506, 1, 1),
(12, 507, 1, 1),
(12, 510, 1, 1),
(12, 511, 1, 1),
(12, 512, 1, 1),
(12, 513, 1, 1),
(12, 514, 1, 1),
(12, 515, 1, 1),
(12, 516, 1, 1),
(12, 517, 1, 1),
(12, 518, 1, 1),
(12, 519, 1, 1),
(12, 520, 1, 1),
(12, 521, 1, 1),
(12, 522, 1, 1),
(12, 523, 1, 1),
(12, 524, 0, 0),
(12, 525, 0, 0),
(12, 526, 1, 1),
(12, 527, 1, 1),
(12, 528, 1, 1),
(12, 529, 1, 1),
(12, 530, 1, 1),
(12, 531, 1, 1),
(12, 532, 1, 1),
(12, 533, 1, 1),
(12, 534, 1, 1),
(12, 536, 1, 1),
(12, 537, 1, 1),
(12, 538, 1, 1),
(12, 552, 1, 1),
(12, 568, 1, 1),
(12, 590, 1, 1),
(12, 591, 1, 1),
(12, 592, 1, 1),
(12, 593, 1, 1),
(12, 594, 1, 1),
(12, 595, 1, 1),
(12, 596, 1, 1),
(12, 598, 1, 1),
(12, 599, 1, 1),
(12, 602, 1, 1),
(12, 604, 1, 1),
(12, 607, 1, 1),
(12, 609, 1, 1),
(12, 610, 1, 1),
(12, 612, 1, 1),
(12, 613, 1, 1),
(12, 614, 1, 1),
(12, 615, 1, 1),
(12, 616, 1, 1),
(12, 617, 1, 1),
(12, 618, 1, 1),
(12, 620, 1, 1),
(12, 621, 1, 1),
(12, 622, 1, 1),
(12, 623, 1, 1),
(12, 624, 1, 1),
(12, 625, 1, 1),
(12, 626, 1, 1),
(12, 627, 1, 1),
(12, 628, 1, 1),
(12, 629, 1, 1),
(12, 630, 1, 1),
(12, 631, 1, 1),
(12, 632, 1, 1),
(12, 633, 1, 1),
(12, 634, 1, 1),
(12, 635, 1, 1),
(12, 636, 1, 1),
(12, 637, 1, 1),
(12, 638, 1, 1),
(12, 639, 1, 1),
(12, 640, 1, 1),
(12, 642, 1, 1),
(12, 644, 1, 1),
(12, 645, 1, 1),
(12, 647, 1, 1),
(12, 648, 1, 1),
(12, 649, 1, 1),
(12, 655, 1, 1),
(12, 656, 1, 1),
(12, 657, 1, 1),
(12, 658, 1, 1),
(12, 659, 1, 1),
(12, 660, 1, 1),
(12, 661, 1, 1),
(12, 663, 1, 1),
(12, 665, 1, 1),
(12, 666, 1, 1),
(12, 667, 1, 1),
(12, 668, 1, 1),
(12, 669, 1, 1),
(12, 670, 1, 1),
(12, 671, 1, 1),
(12, 675, 1, 1),
(12, 676, 1, 1),
(12, 677, 1, 1),
(12, 678, 1, 1),
(12, 679, 1, 1),
(12, 685, 1, 1),
(12, 686, 1, 1),
(12, 688, 1, 1),
(12, 690, 1, 1),
(12, 691, 1, 1),
(12, 699, 1, 1),
(12, 700, 1, 1),
(12, 710, 1, 1),
(12, 711, 1, 1),
(12, 712, 1, 1),
(12, 713, 1, 1),
(12, 714, 1, 1),
(12, 720, 1, 1),
(12, 721, 1, 1),
(12, 725, 1, 1),
(12, 726, 1, 1),
(12, 730, 1, 1),
(12, 731, 1, 1),
(12, 733, 1, 1),
(12, 734, 1, 1),
(12, 748, 1, 1),
(12, 749, 1, 1),
(12, 758, 1, 1),
(12, 759, 1, 1),
(12, 760, 1, 1),
(12, 761, 1, 1),
(12, 762, 1, 1),
(12, 763, 1, 1),
(12, 764, 1, 1),
(12, 765, 1, 1),
(12, 766, 1, 1),
(12, 769, 1, 1),
(12, 770, 1, 1),
(12, 771, 1, 1),
(12, 772, 1, 1),
(12, 773, 1, 1),
(12, 774, 1, 1),
(12, 775, 1, 1),
(12, 776, 1, 1),
(12, 777, 1, 1),
(12, 778, 1, 1),
(12, 779, 1, 1),
(12, 780, 1, 1),
(12, 781, 1, 1),
(12, 782, 1, 1),
(12, 783, 1, 1),
(12, 784, 1, 1),
(12, 785, 1, 1),
(12, 786, 1, 1),
(12, 787, 1, 1),
(12, 788, 1, 1),
(12, 789, 1, 1),
(12, 790, 1, 1),
(12, 791, 1, 1),
(12, 792, 1, 1),
(12, 793, 1, 1),
(12, 794, 1, 1),
(12, 795, 1, 1),
(12, 796, 1, 1),
(12, 798, 1, 1),
(12, 800, 1, 1),
(12, 801, 1, 1),
(12, 802, 1, 1),
(13, 251, 1, 1),
(13, 259, 1, 1),
(13, 261, 1, 1),
(13, 265, 1, 1),
(13, 284, 1, 1),
(13, 285, 1, 1),
(13, 288, 1, 1),
(13, 293, 1, 1),
(13, 300, 1, 1),
(13, 313, 0, 0),
(13, 314, 0, 0),
(13, 319, 1, 1),
(13, 320, 0, 0),
(13, 321, 0, 0),
(13, 324, 1, 1),
(13, 326, 1, 1),
(13, 327, 1, 1),
(13, 328, 1, 1),
(13, 329, 1, 1),
(13, 330, 1, 1),
(13, 331, 1, 1),
(13, 332, 1, 1),
(13, 333, 1, 1),
(13, 355, 1, 1),
(13, 356, 1, 1),
(13, 358, 0, 0),
(13, 359, 1, 1),
(13, 360, 1, 1),
(13, 361, 0, 0),
(13, 363, 0, 0),
(13, 371, 0, 0),
(13, 375, 1, 1),
(13, 376, 0, 0),
(13, 377, 0, 0),
(13, 378, 0, 0),
(13, 379, 0, 0),
(13, 389, 1, 1),
(13, 393, 1, 1),
(13, 401, 0, 0),
(13, 405, 0, 0),
(13, 406, 0, 0),
(13, 407, 0, 0),
(13, 408, 0, 0),
(13, 409, 0, 0),
(13, 412, 0, 0),
(13, 418, 1, 1),
(13, 424, 0, 0),
(13, 425, 0, 0),
(13, 427, 1, 1),
(13, 428, 1, 1),
(13, 429, 1, 1),
(13, 430, 1, 1),
(13, 434, 0, 0),
(13, 435, 0, 0),
(13, 436, 0, 0),
(13, 438, 1, 1),
(13, 439, 1, 1),
(13, 440, 1, 1),
(13, 441, 1, 1),
(13, 446, 0, 0),
(13, 448, 0, 0),
(13, 449, 0, 0),
(13, 451, 0, 0),
(13, 452, 0, 0),
(13, 453, 0, 0),
(13, 454, 1, 1),
(13, 455, 1, 1),
(13, 456, 1, 1),
(13, 459, 1, 1),
(13, 460, 1, 1),
(13, 461, 1, 1),
(13, 463, 1, 1),
(13, 466, 1, 1),
(13, 467, 1, 1),
(13, 468, 1, 1),
(13, 470, 1, 1),
(13, 471, 1, 1),
(13, 472, 1, 1),
(13, 476, 1, 1),
(13, 477, 1, 1),
(13, 478, 1, 1),
(13, 479, 1, 1),
(13, 481, 1, 1),
(13, 482, 1, 1),
(13, 483, 1, 1),
(13, 484, 1, 1),
(13, 485, 1, 1),
(13, 486, 1, 1),
(13, 487, 1, 1),
(13, 488, 1, 1),
(13, 489, 1, 1),
(13, 490, 1, 1),
(13, 491, 1, 1),
(13, 492, 0, 0),
(13, 493, 0, 0),
(13, 494, 0, 0),
(13, 495, 1, 1),
(13, 496, 1, 1),
(13, 497, 1, 1),
(13, 499, 0, 0),
(13, 500, 0, 0),
(13, 501, 0, 0),
(13, 502, 0, 0),
(13, 503, 1, 1),
(13, 504, 1, 1),
(13, 505, 1, 1),
(13, 506, 1, 1),
(13, 511, 1, 1),
(13, 512, 1, 1),
(13, 513, 1, 1),
(13, 514, 1, 1),
(13, 515, 0, 0),
(13, 516, 0, 0),
(13, 519, 0, 0),
(13, 520, 0, 0),
(13, 521, 0, 0),
(13, 523, 0, 0),
(13, 524, 0, 0),
(13, 525, 0, 0),
(13, 526, 1, 1),
(13, 527, 1, 1),
(13, 528, 1, 1),
(13, 529, 1, 1),
(13, 530, 1, 1),
(13, 531, 1, 1),
(13, 532, 1, 1),
(13, 533, 1, 1),
(13, 534, 1, 1),
(13, 536, 0, 0),
(13, 537, 0, 0),
(13, 538, 0, 0),
(13, 552, 0, 0),
(13, 568, 1, 1),
(13, 590, 1, 1),
(13, 591, 1, 1),
(13, 592, 1, 1),
(13, 593, 0, 0),
(13, 594, 0, 0),
(13, 595, 0, 0),
(13, 612, 0, 0),
(13, 613, 0, 0),
(13, 614, 0, 0),
(13, 615, 0, 0),
(13, 616, 0, 0),
(13, 617, 0, 0),
(13, 618, 0, 0),
(13, 620, 0, 0),
(13, 621, 0, 0),
(13, 626, 0, 0),
(13, 640, 0, 0),
(13, 642, 0, 0),
(13, 644, 0, 0),
(13, 645, 0, 0),
(13, 647, 0, 0),
(13, 648, 0, 0),
(13, 649, 0, 0),
(13, 655, 1, 1),
(13, 656, 1, 1),
(13, 657, 1, 1),
(13, 658, 1, 1),
(13, 659, 1, 1),
(13, 660, 1, 1),
(13, 661, 0, 0),
(13, 663, 0, 0),
(13, 665, 0, 0),
(13, 666, 0, 0),
(13, 667, 0, 0),
(13, 668, 0, 0),
(13, 669, 0, 0),
(13, 670, 0, 0),
(13, 671, 0, 0),
(13, 675, 0, 0),
(13, 676, 0, 0),
(13, 677, 0, 0),
(13, 678, 0, 0),
(13, 679, 0, 0),
(13, 685, 0, 0),
(13, 686, 0, 0),
(13, 688, 0, 0),
(13, 699, 1, 1),
(13, 700, 1, 1),
(13, 710, 0, 0),
(13, 711, 0, 0),
(13, 712, 1, 1),
(13, 713, 1, 1),
(13, 714, 1, 1),
(13, 720, 1, 1),
(13, 721, 1, 1),
(13, 725, 0, 0),
(13, 726, 0, 0),
(13, 730, 0, 0),
(13, 731, 0, 0),
(13, 733, 0, 0),
(13, 734, 0, 0),
(13, 748, 0, 0),
(13, 749, 0, 0),
(13, 758, 0, 0),
(13, 759, 0, 0),
(13, 760, 0, 0),
(13, 761, 1, 1),
(13, 762, 0, 0),
(13, 763, 0, 0),
(13, 764, 0, 0),
(13, 765, 1, 1),
(13, 766, 1, 1),
(13, 769, 0, 0),
(13, 770, 0, 0),
(13, 773, 1, 1),
(13, 774, 1, 1),
(13, 777, 1, 1),
(13, 778, 1, 1),
(13, 779, 0, 0),
(13, 780, 0, 0),
(13, 781, 0, 0),
(13, 782, 0, 0),
(13, 783, 0, 0),
(13, 784, 0, 0),
(13, 785, 0, 0),
(13, 786, 0, 0),
(13, 787, 0, 0),
(13, 788, 0, 0),
(13, 789, 1, 1),
(13, 790, 1, 1),
(13, 791, 1, 1),
(13, 792, 1, 1),
(13, 793, 1, 1),
(13, 794, 1, 1),
(13, 795, 1, 1),
(13, 796, 0, 0),
(14, 251, 1, 1),
(14, 259, 1, 1),
(14, 261, 1, 1),
(14, 265, 1, 1),
(14, 284, 1, 1),
(14, 285, 1, 1),
(14, 288, 1, 1),
(14, 293, 1, 1),
(14, 300, 1, 1),
(14, 313, 0, 0),
(14, 314, 0, 0),
(14, 319, 1, 1),
(14, 320, 0, 0),
(14, 321, 0, 0),
(14, 324, 1, 1),
(14, 326, 1, 1),
(14, 327, 1, 1),
(14, 328, 1, 1),
(14, 329, 1, 1),
(14, 330, 1, 1),
(14, 331, 1, 1),
(14, 332, 1, 1),
(14, 333, 1, 1),
(14, 355, 1, 1),
(14, 356, 1, 1),
(14, 358, 0, 0),
(14, 359, 1, 1),
(14, 360, 1, 1),
(14, 361, 0, 0),
(14, 363, 0, 0),
(14, 371, 0, 0),
(14, 375, 1, 1),
(14, 376, 0, 0),
(14, 377, 0, 0),
(14, 378, 0, 0),
(14, 379, 0, 0),
(14, 389, 1, 1),
(14, 393, 1, 1),
(14, 401, 0, 0),
(14, 405, 0, 0),
(14, 406, 0, 0),
(14, 407, 0, 0),
(14, 408, 0, 0),
(14, 409, 0, 0),
(14, 412, 0, 0),
(14, 418, 1, 1),
(14, 424, 0, 0),
(14, 425, 0, 0),
(14, 427, 1, 1),
(14, 428, 1, 1),
(14, 429, 1, 1),
(14, 430, 1, 1),
(14, 434, 0, 0),
(14, 435, 0, 0),
(14, 436, 0, 0),
(14, 438, 1, 1),
(14, 439, 1, 1),
(14, 440, 1, 1),
(14, 441, 1, 1),
(14, 446, 0, 0),
(14, 448, 0, 0),
(14, 449, 0, 0),
(14, 451, 0, 0),
(14, 452, 0, 0),
(14, 453, 0, 0),
(14, 454, 1, 1),
(14, 455, 1, 1),
(14, 456, 1, 1),
(14, 459, 1, 1),
(14, 460, 1, 1),
(14, 461, 1, 1),
(14, 463, 1, 1),
(14, 466, 1, 1),
(14, 467, 1, 1),
(14, 468, 1, 1),
(14, 470, 1, 1),
(14, 471, 1, 1),
(14, 472, 1, 1),
(14, 476, 1, 1),
(14, 477, 1, 1),
(14, 478, 1, 1),
(14, 479, 1, 1),
(14, 481, 1, 1),
(14, 482, 1, 1),
(14, 483, 1, 1),
(14, 484, 1, 1),
(14, 485, 1, 1),
(14, 486, 1, 1),
(14, 487, 1, 1),
(14, 488, 1, 1),
(14, 489, 1, 1),
(14, 490, 1, 1),
(14, 491, 1, 1),
(14, 492, 0, 0),
(14, 493, 0, 0),
(14, 494, 0, 0),
(14, 495, 1, 1),
(14, 496, 1, 1),
(14, 497, 1, 1),
(14, 499, 0, 0),
(14, 500, 0, 0),
(14, 501, 0, 0),
(14, 502, 0, 0),
(14, 503, 1, 1),
(14, 504, 1, 1),
(14, 505, 1, 1),
(14, 506, 1, 1),
(14, 511, 1, 1),
(14, 512, 1, 1),
(14, 513, 1, 1),
(14, 514, 1, 1),
(14, 515, 0, 0),
(14, 516, 0, 0),
(14, 519, 0, 0),
(14, 520, 0, 0),
(14, 521, 0, 0),
(14, 523, 0, 0),
(14, 524, 0, 0),
(14, 525, 0, 0),
(14, 526, 1, 1),
(14, 527, 1, 1),
(14, 528, 1, 1),
(14, 529, 1, 1),
(14, 530, 1, 1),
(14, 531, 1, 1),
(14, 532, 1, 1),
(14, 533, 1, 1),
(14, 534, 1, 1),
(14, 536, 0, 0),
(14, 537, 0, 0),
(14, 538, 0, 0),
(14, 552, 0, 0),
(14, 568, 1, 1),
(14, 590, 1, 1),
(14, 591, 1, 1),
(14, 592, 1, 1),
(14, 593, 0, 0),
(14, 594, 0, 0),
(14, 595, 0, 0),
(14, 609, 1, 1),
(14, 612, 0, 0),
(14, 613, 0, 0),
(14, 614, 0, 0),
(14, 615, 0, 0),
(14, 616, 0, 0),
(14, 617, 0, 0),
(14, 618, 0, 0),
(14, 620, 0, 0),
(14, 621, 0, 0),
(14, 626, 0, 0),
(14, 640, 0, 0),
(14, 642, 0, 0),
(14, 644, 0, 0),
(14, 645, 0, 0),
(14, 647, 0, 0),
(14, 648, 0, 0),
(14, 649, 0, 0),
(14, 655, 1, 1),
(14, 656, 1, 1),
(14, 657, 1, 1),
(14, 658, 1, 1),
(14, 659, 1, 1),
(14, 660, 1, 1),
(14, 661, 1, 1),
(14, 663, 0, 0),
(14, 665, 0, 0),
(14, 666, 0, 0),
(14, 667, 0, 0),
(14, 668, 0, 0),
(14, 669, 0, 0),
(14, 670, 0, 0),
(14, 671, 0, 0),
(14, 675, 1, 1),
(14, 676, 1, 1),
(14, 677, 1, 1),
(14, 678, 1, 1),
(14, 679, 1, 1),
(14, 685, 0, 0),
(14, 686, 0, 0),
(14, 688, 0, 0),
(14, 699, 1, 1),
(14, 700, 1, 1),
(14, 710, 0, 0),
(14, 711, 0, 0),
(14, 712, 1, 1),
(14, 713, 1, 1),
(14, 714, 1, 1),
(14, 720, 1, 1),
(14, 721, 1, 1),
(14, 725, 0, 0),
(14, 726, 0, 0),
(14, 730, 0, 0),
(14, 731, 0, 0),
(14, 733, 0, 0),
(14, 734, 0, 0),
(14, 748, 0, 0),
(14, 749, 0, 0),
(14, 758, 1, 1),
(14, 759, 0, 0),
(14, 760, 0, 0),
(14, 761, 1, 1),
(14, 762, 0, 0),
(14, 763, 0, 0),
(14, 764, 0, 0),
(14, 765, 1, 1),
(14, 766, 1, 1),
(14, 769, 0, 0),
(14, 770, 0, 0),
(14, 773, 1, 1),
(14, 774, 1, 1),
(14, 777, 1, 1),
(14, 778, 1, 1),
(14, 779, 0, 0),
(14, 780, 0, 0),
(14, 781, 0, 0),
(14, 782, 0, 0),
(14, 783, 0, 0),
(14, 784, 0, 0),
(14, 785, 0, 0),
(14, 786, 0, 0),
(14, 787, 0, 0),
(14, 788, 0, 0),
(14, 789, 1, 1),
(14, 790, 1, 1),
(14, 791, 1, 1),
(14, 792, 1, 1),
(14, 793, 1, 1),
(14, 794, 1, 1),
(14, 795, 1, 1),
(14, 796, 0, 0),
(15, 251, 1, 1),
(15, 259, 1, 1),
(15, 261, 1, 1),
(15, 265, 1, 1),
(15, 284, 1, 1),
(15, 285, 1, 1),
(15, 288, 1, 1),
(15, 293, 1, 1),
(15, 300, 1, 1),
(15, 313, 0, 0),
(15, 314, 0, 0),
(15, 319, 1, 1),
(15, 320, 0, 0),
(15, 321, 0, 0),
(15, 324, 1, 1),
(15, 326, 1, 1),
(15, 327, 1, 1),
(15, 328, 1, 1),
(15, 329, 1, 1),
(15, 330, 1, 1),
(15, 331, 1, 1),
(15, 332, 1, 1),
(15, 333, 1, 1),
(15, 355, 1, 1),
(15, 356, 1, 1),
(15, 358, 0, 0),
(15, 359, 1, 1),
(15, 360, 1, 1),
(15, 361, 0, 0),
(15, 363, 0, 0),
(15, 371, 0, 0),
(15, 375, 1, 1),
(15, 376, 0, 0),
(15, 377, 0, 0),
(15, 378, 0, 0),
(15, 379, 0, 0),
(15, 389, 1, 1),
(15, 393, 1, 1),
(15, 401, 0, 0),
(15, 405, 0, 0),
(15, 406, 0, 0),
(15, 407, 0, 0),
(15, 408, 0, 0),
(15, 409, 0, 0),
(15, 412, 0, 0),
(15, 418, 1, 1),
(15, 424, 0, 0),
(15, 425, 0, 0),
(15, 427, 1, 1),
(15, 428, 1, 1),
(15, 429, 1, 1),
(15, 430, 1, 1),
(15, 434, 0, 0),
(15, 435, 0, 0),
(15, 436, 0, 0),
(15, 438, 1, 1),
(15, 439, 1, 1),
(15, 440, 1, 1),
(15, 441, 1, 1),
(15, 446, 0, 0),
(15, 448, 0, 0),
(15, 449, 0, 0),
(15, 451, 0, 0),
(15, 452, 0, 0),
(15, 453, 0, 0),
(15, 454, 1, 1),
(15, 455, 1, 1),
(15, 456, 1, 1),
(15, 459, 1, 1),
(15, 460, 1, 1),
(15, 461, 1, 1),
(15, 463, 1, 1),
(15, 466, 1, 1),
(15, 467, 1, 1),
(15, 468, 1, 1),
(15, 470, 1, 1),
(15, 471, 1, 1),
(15, 472, 1, 1),
(15, 476, 1, 1),
(15, 477, 1, 1),
(15, 478, 1, 1),
(15, 479, 1, 1),
(15, 481, 1, 1),
(15, 482, 1, 1),
(15, 483, 1, 1),
(15, 484, 1, 1),
(15, 485, 1, 1),
(15, 486, 1, 1),
(15, 487, 1, 1),
(15, 488, 1, 1),
(15, 489, 1, 1),
(15, 490, 1, 1),
(15, 491, 1, 1),
(15, 492, 0, 0),
(15, 493, 0, 0),
(15, 494, 0, 0),
(15, 495, 1, 1),
(15, 496, 1, 1),
(15, 497, 1, 1),
(15, 499, 0, 0),
(15, 500, 0, 0),
(15, 501, 0, 0),
(15, 502, 0, 0),
(15, 503, 1, 1),
(15, 504, 1, 1),
(15, 505, 1, 1),
(15, 506, 1, 1),
(15, 511, 1, 1),
(15, 512, 1, 1),
(15, 513, 1, 1),
(15, 514, 1, 1),
(15, 515, 0, 0),
(15, 516, 0, 0),
(15, 519, 0, 0),
(15, 520, 0, 0),
(15, 521, 0, 0),
(15, 523, 0, 0),
(15, 524, 0, 0),
(15, 525, 0, 0),
(15, 526, 1, 1),
(15, 527, 1, 1),
(15, 528, 1, 1),
(15, 529, 1, 1),
(15, 530, 1, 1),
(15, 531, 1, 1),
(15, 532, 1, 1),
(15, 533, 1, 1),
(15, 534, 1, 1),
(15, 536, 0, 0),
(15, 537, 0, 0),
(15, 538, 0, 0),
(15, 552, 0, 0),
(15, 568, 1, 1),
(15, 590, 1, 1),
(15, 591, 1, 1),
(15, 592, 1, 1),
(15, 593, 0, 0),
(15, 594, 0, 0),
(15, 595, 0, 0),
(15, 609, 1, 1),
(15, 612, 0, 0),
(15, 613, 0, 0),
(15, 614, 0, 0),
(15, 615, 0, 0),
(15, 616, 1, 1),
(15, 617, 0, 0),
(15, 618, 0, 0),
(15, 620, 0, 0),
(15, 621, 0, 0),
(15, 626, 0, 0),
(15, 640, 0, 0),
(15, 642, 1, 1),
(15, 644, 0, 0),
(15, 645, 0, 0),
(15, 647, 0, 0),
(15, 648, 0, 0),
(15, 649, 0, 0),
(15, 655, 1, 1),
(15, 656, 1, 1),
(15, 657, 1, 1),
(15, 658, 1, 1),
(15, 659, 1, 1),
(15, 660, 1, 1),
(15, 661, 0, 0),
(15, 663, 0, 0),
(15, 665, 0, 0),
(15, 666, 0, 0),
(15, 667, 0, 0),
(15, 668, 0, 0),
(15, 669, 0, 0),
(15, 670, 0, 0),
(15, 671, 0, 0),
(15, 675, 0, 0),
(15, 676, 0, 0),
(15, 677, 0, 0),
(15, 678, 0, 0),
(15, 679, 0, 0),
(15, 685, 0, 0),
(15, 686, 0, 0),
(15, 688, 0, 0),
(15, 699, 1, 1),
(15, 700, 1, 1),
(15, 710, 0, 0),
(15, 711, 0, 0),
(15, 712, 1, 1),
(15, 713, 1, 1),
(15, 714, 1, 1),
(15, 720, 1, 1),
(15, 721, 1, 1),
(15, 725, 0, 0),
(15, 726, 0, 0),
(15, 730, 0, 0),
(15, 731, 0, 0),
(15, 733, 0, 0),
(15, 734, 0, 0),
(15, 748, 0, 0),
(15, 749, 0, 0),
(15, 758, 0, 0),
(15, 759, 0, 0),
(15, 760, 0, 0),
(15, 761, 1, 1),
(15, 762, 0, 0),
(15, 763, 0, 0),
(15, 764, 0, 0),
(15, 765, 1, 1),
(15, 766, 1, 1),
(15, 769, 0, 0),
(15, 770, 0, 0),
(15, 773, 1, 1),
(15, 774, 1, 1),
(15, 777, 1, 1),
(15, 778, 1, 1),
(15, 779, 0, 0),
(15, 780, 0, 0),
(15, 781, 0, 0),
(15, 782, 0, 0),
(15, 783, 0, 0),
(15, 784, 0, 0),
(15, 785, 0, 0),
(15, 786, 0, 0),
(15, 787, 0, 0),
(15, 788, 0, 0),
(15, 789, 1, 1),
(15, 790, 1, 1),
(15, 791, 1, 1),
(15, 792, 1, 1),
(15, 793, 1, 1),
(15, 794, 1, 1),
(15, 795, 1, 1),
(15, 796, 0, 0),
(16, 251, 1, 1),
(16, 259, 1, 1),
(16, 261, 1, 1),
(16, 265, 1, 1),
(16, 284, 1, 1),
(16, 285, 1, 1),
(16, 288, 1, 1),
(16, 293, 1, 1),
(16, 300, 1, 1),
(16, 313, 0, 0),
(16, 314, 0, 0),
(16, 319, 1, 1),
(16, 320, 0, 0),
(16, 321, 0, 0),
(16, 324, 1, 1),
(16, 326, 1, 1),
(16, 327, 1, 1),
(16, 328, 1, 1),
(16, 329, 1, 1),
(16, 330, 1, 1),
(16, 331, 1, 1),
(16, 332, 1, 1),
(16, 333, 1, 1),
(16, 355, 1, 1),
(16, 356, 1, 1),
(16, 358, 0, 0),
(16, 359, 1, 1),
(16, 360, 1, 1),
(16, 361, 0, 0),
(16, 363, 0, 0),
(16, 371, 0, 0),
(16, 375, 1, 1),
(16, 376, 0, 0),
(16, 377, 0, 0),
(16, 378, 0, 0),
(16, 379, 0, 0),
(16, 389, 1, 1),
(16, 393, 1, 1),
(16, 401, 0, 0),
(16, 405, 0, 0),
(16, 406, 0, 0),
(16, 407, 0, 0),
(16, 408, 0, 0),
(16, 409, 0, 0),
(16, 412, 0, 0),
(16, 418, 1, 1),
(16, 424, 0, 0),
(16, 425, 0, 0),
(16, 427, 1, 1),
(16, 428, 1, 1),
(16, 429, 1, 1),
(16, 430, 1, 1),
(16, 434, 0, 0),
(16, 435, 0, 0),
(16, 436, 0, 0),
(16, 438, 1, 1),
(16, 439, 1, 1),
(16, 440, 1, 1),
(16, 441, 1, 1),
(16, 446, 0, 0),
(16, 448, 0, 0),
(16, 449, 0, 0),
(16, 451, 0, 0),
(16, 452, 0, 0),
(16, 453, 0, 0),
(16, 454, 1, 1),
(16, 455, 1, 1),
(16, 456, 1, 1),
(16, 459, 1, 1),
(16, 460, 1, 1),
(16, 461, 1, 1),
(16, 463, 1, 1),
(16, 466, 1, 1),
(16, 467, 1, 1),
(16, 468, 1, 1),
(16, 470, 1, 1),
(16, 471, 1, 1),
(16, 472, 1, 1),
(16, 476, 1, 1),
(16, 477, 1, 1),
(16, 478, 1, 1),
(16, 479, 1, 1),
(16, 481, 1, 1),
(16, 482, 1, 1),
(16, 483, 1, 1),
(16, 484, 1, 1),
(16, 485, 1, 1),
(16, 486, 1, 1),
(16, 487, 1, 1),
(16, 488, 1, 1),
(16, 489, 1, 1),
(16, 490, 1, 1),
(16, 491, 1, 1),
(16, 492, 0, 0),
(16, 493, 0, 0),
(16, 494, 0, 0),
(16, 495, 1, 1),
(16, 496, 1, 1),
(16, 497, 1, 1),
(16, 499, 0, 0),
(16, 500, 0, 0),
(16, 501, 0, 0),
(16, 502, 0, 0),
(16, 503, 1, 1),
(16, 504, 1, 1),
(16, 505, 1, 1),
(16, 506, 1, 1),
(16, 511, 1, 1),
(16, 512, 1, 1),
(16, 513, 1, 1),
(16, 514, 1, 1),
(16, 515, 0, 0),
(16, 516, 0, 0),
(16, 519, 0, 0),
(16, 520, 0, 0),
(16, 521, 0, 0),
(16, 523, 0, 0),
(16, 524, 0, 0),
(16, 525, 0, 0),
(16, 526, 1, 1),
(16, 527, 1, 1),
(16, 528, 1, 1),
(16, 529, 1, 1),
(16, 530, 1, 1),
(16, 531, 1, 1),
(16, 532, 1, 1),
(16, 533, 1, 1),
(16, 534, 1, 1),
(16, 536, 0, 0),
(16, 537, 0, 0),
(16, 538, 0, 0),
(16, 552, 0, 0),
(16, 568, 1, 1),
(16, 590, 1, 1),
(16, 591, 1, 1),
(16, 592, 1, 1),
(16, 593, 0, 0),
(16, 594, 0, 0),
(16, 595, 0, 0),
(16, 612, 0, 0),
(16, 613, 0, 0),
(16, 614, 0, 0),
(16, 615, 0, 0),
(16, 616, 1, 1),
(16, 617, 0, 0),
(16, 618, 0, 0),
(16, 620, 0, 0),
(16, 621, 0, 0),
(16, 626, 0, 0),
(16, 640, 0, 0),
(16, 642, 1, 1),
(16, 644, 0, 0),
(16, 645, 0, 0),
(16, 647, 0, 0),
(16, 648, 0, 0),
(16, 649, 0, 0),
(16, 655, 1, 1),
(16, 656, 1, 1),
(16, 657, 1, 1),
(16, 658, 1, 1),
(16, 659, 1, 1),
(16, 660, 1, 1),
(16, 661, 0, 0),
(16, 663, 0, 0),
(16, 665, 0, 0),
(16, 666, 0, 0),
(16, 667, 0, 0),
(16, 668, 0, 0),
(16, 669, 0, 0),
(16, 670, 0, 0),
(16, 671, 0, 0),
(16, 675, 0, 0),
(16, 676, 0, 0),
(16, 677, 0, 0),
(16, 678, 0, 0),
(16, 679, 0, 0),
(16, 685, 0, 0),
(16, 686, 0, 0),
(16, 688, 0, 0),
(16, 699, 1, 1),
(16, 700, 1, 1),
(16, 710, 0, 0),
(16, 711, 0, 0),
(16, 712, 1, 1),
(16, 713, 1, 1),
(16, 714, 1, 1),
(16, 720, 1, 1),
(16, 721, 1, 1),
(16, 725, 0, 0),
(16, 726, 0, 0),
(16, 730, 0, 0),
(16, 731, 0, 0),
(16, 733, 0, 0),
(16, 734, 0, 0),
(16, 748, 0, 0),
(16, 749, 0, 0),
(16, 758, 0, 0),
(16, 759, 0, 0),
(16, 760, 0, 0),
(16, 761, 1, 1),
(16, 762, 0, 0),
(16, 763, 0, 0),
(16, 764, 0, 0),
(16, 765, 1, 1),
(16, 766, 1, 1),
(16, 769, 0, 0),
(16, 770, 0, 0),
(16, 773, 1, 1),
(16, 774, 1, 1),
(16, 777, 1, 1),
(16, 778, 1, 1),
(16, 779, 0, 0),
(16, 780, 0, 0),
(16, 781, 0, 0),
(16, 782, 0, 0),
(16, 783, 0, 0),
(16, 784, 0, 0),
(16, 785, 0, 0),
(16, 786, 0, 0),
(16, 787, 0, 0),
(16, 788, 0, 0),
(16, 789, 1, 1),
(16, 790, 1, 1),
(16, 791, 1, 1),
(16, 792, 1, 1),
(16, 793, 1, 1),
(16, 794, 1, 1),
(16, 795, 1, 1),
(16, 796, 0, 0),
(17, 251, 1, 1),
(17, 259, 1, 1),
(17, 261, 1, 1),
(17, 265, 1, 1),
(17, 284, 1, 1),
(17, 285, 1, 1),
(17, 288, 1, 1),
(17, 293, 1, 1),
(17, 300, 1, 1),
(17, 313, 0, 0),
(17, 314, 0, 0),
(17, 319, 1, 1),
(17, 320, 0, 0),
(17, 321, 0, 0),
(17, 324, 1, 1),
(17, 326, 1, 1),
(17, 327, 1, 1),
(17, 328, 1, 1),
(17, 329, 1, 1),
(17, 330, 1, 1),
(17, 331, 1, 1),
(17, 332, 1, 1),
(17, 333, 1, 1),
(17, 339, 1, 1),
(17, 345, 1, 1),
(17, 346, 1, 1),
(17, 347, 1, 1),
(17, 348, 1, 1),
(17, 355, 1, 1),
(17, 356, 1, 1),
(17, 358, 0, 0),
(17, 359, 1, 1),
(17, 360, 1, 1),
(17, 361, 0, 0),
(17, 363, 0, 0),
(17, 371, 0, 0),
(17, 375, 1, 1),
(17, 376, 0, 0),
(17, 377, 0, 0),
(17, 378, 0, 0),
(17, 379, 0, 0),
(17, 389, 1, 1),
(17, 393, 1, 1),
(17, 401, 0, 0),
(17, 405, 0, 0),
(17, 406, 0, 0),
(17, 407, 0, 0),
(17, 408, 0, 0),
(17, 409, 0, 0),
(17, 412, 0, 0),
(17, 418, 1, 1),
(17, 424, 0, 0),
(17, 425, 0, 0),
(17, 427, 1, 1),
(17, 428, 1, 1),
(17, 429, 1, 1),
(17, 430, 1, 1),
(17, 434, 0, 0),
(17, 435, 0, 0),
(17, 436, 0, 0),
(17, 438, 1, 1),
(17, 439, 1, 1),
(17, 440, 1, 1),
(17, 441, 1, 1),
(17, 446, 0, 0),
(17, 448, 0, 0),
(17, 449, 0, 0),
(17, 451, 0, 0),
(17, 452, 0, 0),
(17, 453, 0, 0),
(17, 454, 1, 1),
(17, 455, 1, 1),
(17, 456, 1, 1),
(17, 459, 1, 1),
(17, 460, 1, 1),
(17, 461, 1, 1),
(17, 463, 1, 1),
(17, 466, 1, 1),
(17, 467, 1, 1),
(17, 468, 1, 1),
(17, 470, 1, 1),
(17, 471, 1, 1),
(17, 472, 1, 1),
(17, 473, 1, 1),
(17, 474, 1, 1),
(17, 475, 1, 1),
(17, 476, 1, 1),
(17, 477, 1, 1),
(17, 478, 1, 1),
(17, 479, 1, 1),
(17, 481, 1, 1),
(17, 482, 1, 1),
(17, 483, 1, 1),
(17, 484, 1, 1),
(17, 485, 1, 1),
(17, 486, 1, 1),
(17, 487, 1, 1),
(17, 488, 1, 1),
(17, 489, 1, 1),
(17, 490, 1, 1),
(17, 491, 1, 1),
(17, 492, 0, 0),
(17, 493, 0, 0),
(17, 494, 0, 0),
(17, 495, 1, 1),
(17, 496, 1, 1),
(17, 497, 1, 1),
(17, 499, 0, 0),
(17, 500, 0, 0),
(17, 501, 0, 0),
(17, 502, 0, 0),
(17, 503, 1, 1),
(17, 504, 1, 1),
(17, 505, 1, 1),
(17, 506, 1, 1),
(17, 511, 1, 1),
(17, 512, 1, 1),
(17, 513, 1, 1),
(17, 514, 1, 1),
(17, 515, 0, 0),
(17, 516, 0, 0),
(17, 519, 0, 0),
(17, 520, 0, 0),
(17, 521, 0, 0),
(17, 522, 1, 1),
(17, 523, 0, 0),
(17, 524, 0, 0),
(17, 525, 0, 0),
(17, 526, 1, 1),
(17, 527, 1, 1),
(17, 528, 1, 1),
(17, 529, 1, 1),
(17, 530, 1, 1),
(17, 531, 1, 1),
(17, 532, 1, 1),
(17, 533, 1, 1),
(17, 534, 1, 1),
(17, 536, 0, 0),
(17, 537, 0, 0),
(17, 538, 0, 0),
(17, 552, 0, 0),
(17, 568, 1, 1),
(17, 590, 1, 1),
(17, 591, 1, 1),
(17, 592, 1, 1),
(17, 593, 0, 0),
(17, 594, 0, 0),
(17, 595, 0, 0),
(17, 612, 0, 0),
(17, 613, 0, 0),
(17, 614, 0, 0),
(17, 615, 0, 0),
(17, 616, 0, 0),
(17, 617, 0, 0),
(17, 618, 0, 0),
(17, 620, 0, 0),
(17, 621, 0, 0),
(17, 626, 0, 0),
(17, 640, 0, 0),
(17, 642, 0, 0),
(17, 644, 0, 0),
(17, 645, 0, 0),
(17, 647, 0, 0),
(17, 648, 0, 0),
(17, 649, 0, 0),
(17, 655, 1, 1),
(17, 656, 1, 1),
(17, 657, 1, 1),
(17, 658, 1, 1),
(17, 659, 1, 1),
(17, 660, 1, 1),
(17, 661, 0, 0),
(17, 663, 0, 0),
(17, 665, 0, 0),
(17, 666, 0, 0),
(17, 667, 0, 0),
(17, 668, 0, 0),
(17, 669, 0, 0),
(17, 670, 0, 0),
(17, 671, 0, 0),
(17, 675, 0, 0),
(17, 676, 0, 0),
(17, 677, 0, 0),
(17, 678, 0, 0),
(17, 679, 0, 0),
(17, 685, 0, 0),
(17, 686, 0, 0),
(17, 688, 0, 0),
(17, 699, 1, 1),
(17, 700, 1, 1),
(17, 710, 0, 0),
(17, 711, 0, 0),
(17, 712, 1, 1),
(17, 713, 1, 1),
(17, 714, 1, 1),
(17, 720, 1, 1),
(17, 721, 1, 1),
(17, 725, 0, 0),
(17, 726, 0, 0),
(17, 730, 0, 0),
(17, 731, 0, 0),
(17, 733, 0, 0),
(17, 734, 0, 0),
(17, 748, 0, 0),
(17, 749, 0, 0),
(17, 758, 0, 0),
(17, 759, 0, 0),
(17, 760, 0, 0),
(17, 761, 1, 1),
(17, 762, 0, 0),
(17, 763, 0, 0),
(17, 764, 0, 0),
(17, 765, 1, 1),
(17, 766, 1, 1),
(17, 769, 0, 0),
(17, 770, 0, 0),
(17, 773, 1, 1),
(17, 774, 1, 1),
(17, 775, 1, 1),
(17, 776, 1, 1),
(17, 777, 1, 1),
(17, 778, 1, 1),
(17, 779, 0, 0),
(17, 780, 0, 0),
(17, 781, 0, 0),
(17, 782, 0, 0),
(17, 783, 0, 0),
(17, 784, 0, 0),
(17, 785, 0, 0),
(17, 786, 0, 0),
(17, 787, 0, 0),
(17, 788, 0, 0),
(17, 789, 1, 1),
(17, 790, 1, 1),
(17, 791, 1, 1),
(17, 792, 1, 1),
(17, 793, 1, 1),
(17, 794, 1, 1),
(17, 795, 1, 1),
(17, 796, 0, 0),
(18, 215, 0, 0),
(18, 251, 1, 1),
(18, 259, 1, 1),
(18, 261, 1, 1),
(18, 265, 1, 1),
(18, 284, 1, 1),
(18, 285, 1, 1),
(18, 288, 1, 1),
(18, 293, 1, 1),
(18, 300, 1, 1),
(18, 313, 1, 1),
(18, 314, 0, 0),
(18, 319, 1, 1),
(18, 320, 0, 0),
(18, 321, 0, 0),
(18, 324, 1, 1),
(18, 326, 1, 1),
(18, 327, 1, 1),
(18, 328, 1, 1),
(18, 329, 1, 1),
(18, 330, 1, 1),
(18, 331, 1, 1),
(18, 332, 1, 1),
(18, 333, 1, 1),
(18, 339, 1, 1),
(18, 350, 1, 1),
(18, 355, 1, 1),
(18, 356, 1, 1),
(18, 358, 0, 0),
(18, 359, 1, 1),
(18, 360, 1, 1),
(18, 361, 0, 0),
(18, 363, 1, 1),
(18, 371, 1, 1),
(18, 375, 1, 1),
(18, 376, 1, 1),
(18, 377, 0, 0),
(18, 378, 0, 0),
(18, 379, 0, 0),
(18, 389, 1, 1),
(18, 393, 1, 1),
(18, 401, 1, 1),
(18, 405, 1, 1),
(18, 406, 0, 0),
(18, 407, 0, 0),
(18, 408, 0, 0),
(18, 409, 1, 1),
(18, 412, 1, 1),
(18, 418, 1, 1),
(18, 424, 1, 1),
(18, 425, 0, 0),
(18, 427, 1, 1),
(18, 428, 1, 1),
(18, 429, 1, 1),
(18, 430, 1, 1),
(18, 434, 0, 0),
(18, 435, 0, 0),
(18, 436, 0, 0),
(18, 438, 1, 1),
(18, 439, 1, 1),
(18, 440, 1, 1),
(18, 441, 1, 1),
(18, 446, 0, 0),
(18, 448, 0, 0),
(18, 449, 0, 0),
(18, 451, 0, 0),
(18, 452, 0, 0),
(18, 453, 0, 0),
(18, 454, 1, 1),
(18, 455, 1, 1),
(18, 456, 1, 1),
(18, 459, 1, 1),
(18, 460, 1, 1),
(18, 461, 1, 1),
(18, 463, 1, 1),
(18, 466, 1, 1),
(18, 467, 1, 1),
(18, 468, 1, 1),
(18, 470, 1, 1),
(18, 471, 1, 1),
(18, 472, 1, 1),
(18, 476, 1, 1),
(18, 477, 1, 1),
(18, 478, 1, 1),
(18, 479, 1, 1),
(18, 481, 1, 1),
(18, 482, 1, 1),
(18, 483, 1, 1),
(18, 484, 1, 1),
(18, 485, 1, 1),
(18, 486, 1, 1),
(18, 487, 1, 1),
(18, 488, 1, 1),
(18, 489, 1, 1),
(18, 490, 1, 1),
(18, 491, 1, 1),
(18, 492, 0, 0),
(18, 493, 0, 0),
(18, 494, 0, 0),
(18, 495, 1, 1),
(18, 496, 1, 1),
(18, 497, 1, 1),
(18, 499, 0, 0),
(18, 500, 0, 0),
(18, 501, 0, 0),
(18, 502, 0, 0),
(18, 503, 1, 1),
(18, 504, 1, 1),
(18, 505, 1, 1),
(18, 506, 1, 1),
(18, 511, 1, 1),
(18, 512, 1, 1),
(18, 513, 1, 1),
(18, 514, 1, 1),
(18, 515, 0, 0),
(18, 516, 0, 0),
(18, 519, 0, 0),
(18, 520, 0, 0),
(18, 521, 0, 0),
(18, 523, 0, 0),
(18, 524, 0, 0),
(18, 525, 0, 0),
(18, 526, 1, 1),
(18, 527, 1, 1),
(18, 528, 1, 1),
(18, 529, 1, 1),
(18, 530, 1, 1),
(18, 531, 1, 1),
(18, 532, 1, 1),
(18, 533, 1, 1),
(18, 534, 1, 1),
(18, 536, 0, 0),
(18, 537, 1, 1),
(18, 538, 0, 0),
(18, 552, 1, 1),
(18, 568, 1, 1),
(18, 590, 1, 1),
(18, 591, 1, 1),
(18, 592, 1, 1),
(18, 593, 0, 0),
(18, 594, 0, 0),
(18, 595, 0, 0),
(18, 596, 1, 1),
(18, 598, 1, 1),
(18, 602, 1, 1),
(18, 604, 1, 1),
(18, 607, 1, 1),
(18, 609, 1, 1),
(18, 610, 1, 1),
(18, 612, 1, 1),
(18, 613, 1, 1),
(18, 614, 1, 1),
(18, 615, 1, 1),
(18, 616, 1, 1),
(18, 617, 1, 1),
(18, 618, 1, 1),
(18, 620, 1, 1),
(18, 621, 1, 1),
(18, 622, 1, 1),
(18, 623, 1, 1),
(18, 624, 1, 1),
(18, 625, 1, 1),
(18, 626, 1, 1),
(18, 627, 1, 1),
(18, 628, 1, 1),
(18, 629, 1, 1),
(18, 630, 1, 1),
(18, 631, 1, 1),
(18, 632, 1, 1),
(18, 633, 1, 1),
(18, 634, 1, 1),
(18, 635, 1, 1),
(18, 636, 1, 1),
(18, 637, 1, 1),
(18, 638, 1, 1),
(18, 639, 1, 1),
(18, 640, 1, 1),
(18, 642, 1, 1),
(18, 644, 1, 1),
(18, 645, 1, 1),
(18, 647, 1, 1),
(18, 648, 1, 1),
(18, 649, 1, 1),
(18, 655, 1, 1),
(18, 656, 1, 1),
(18, 657, 1, 1),
(18, 658, 1, 1),
(18, 659, 1, 1),
(18, 660, 1, 1),
(18, 661, 1, 1),
(18, 663, 1, 1),
(18, 665, 1, 1),
(18, 666, 1, 1),
(18, 667, 1, 1),
(18, 668, 1, 1),
(18, 669, 1, 1),
(18, 670, 1, 1),
(18, 671, 1, 1),
(18, 675, 1, 1),
(18, 676, 1, 1),
(18, 677, 1, 1),
(18, 678, 1, 1),
(18, 679, 1, 1),
(18, 685, 1, 1),
(18, 686, 1, 1),
(18, 688, 1, 1),
(18, 690, 1, 1),
(18, 691, 1, 1),
(18, 699, 1, 1),
(18, 700, 1, 1),
(18, 710, 1, 1),
(18, 711, 1, 1),
(18, 712, 1, 1),
(18, 713, 1, 1),
(18, 714, 1, 1),
(18, 720, 1, 1),
(18, 721, 1, 1),
(18, 725, 1, 1),
(18, 726, 1, 1),
(18, 730, 1, 1),
(18, 731, 1, 1),
(18, 733, 1, 1),
(18, 734, 1, 1),
(18, 748, 1, 1),
(18, 749, 1, 1),
(18, 758, 1, 1),
(18, 759, 1, 1),
(18, 760, 1, 1),
(18, 761, 1, 1),
(18, 762, 1, 1),
(18, 763, 1, 1),
(18, 764, 1, 1),
(18, 765, 1, 1),
(18, 766, 1, 1),
(18, 769, 1, 1),
(18, 770, 1, 1),
(18, 771, 1, 1),
(18, 772, 1, 1),
(18, 773, 1, 1),
(18, 774, 1, 1),
(18, 775, 1, 1),
(18, 776, 1, 1),
(18, 777, 1, 1),
(18, 778, 1, 1),
(18, 779, 1, 1),
(18, 780, 1, 1),
(18, 781, 1, 1),
(18, 782, 1, 1),
(18, 783, 1, 1),
(18, 784, 1, 1),
(18, 785, 1, 1),
(18, 786, 1, 1),
(18, 787, 1, 1),
(18, 788, 1, 1),
(18, 789, 1, 1),
(18, 790, 1, 1),
(18, 791, 1, 1),
(18, 792, 1, 1),
(18, 793, 1, 1),
(18, 794, 1, 1),
(18, 795, 1, 1),
(18, 796, 1, 1),
(18, 798, 1, 1),
(18, 800, 1, 1),
(18, 801, 1, 1),
(18, 802, 1, 1),
(19, 215, 0, 0),
(19, 251, 1, 1),
(19, 259, 1, 1),
(19, 261, 1, 1),
(19, 265, 1, 1),
(19, 284, 1, 1),
(19, 285, 1, 1),
(19, 288, 1, 1),
(19, 293, 1, 1),
(19, 300, 1, 1),
(19, 313, 1, 1),
(19, 314, 0, 0),
(19, 319, 1, 1),
(19, 320, 0, 0),
(19, 321, 0, 0),
(19, 324, 1, 1),
(19, 326, 1, 1),
(19, 327, 1, 1),
(19, 328, 1, 1),
(19, 329, 1, 1),
(19, 330, 1, 1),
(19, 331, 1, 1),
(19, 332, 1, 1),
(19, 333, 1, 1),
(19, 355, 1, 1),
(19, 356, 1, 1),
(19, 358, 0, 0),
(19, 359, 1, 1),
(19, 360, 1, 1),
(19, 361, 0, 0),
(19, 363, 1, 1),
(19, 371, 1, 1),
(19, 375, 1, 1),
(19, 376, 1, 1),
(19, 377, 0, 0),
(19, 378, 0, 0),
(19, 379, 0, 0),
(19, 389, 1, 1),
(19, 393, 1, 1),
(19, 401, 1, 1),
(19, 405, 1, 1),
(19, 406, 0, 0),
(19, 407, 0, 0),
(19, 408, 1, 1),
(19, 409, 1, 1),
(19, 412, 1, 1),
(19, 418, 1, 1),
(19, 424, 1, 1),
(19, 425, 0, 0),
(19, 427, 1, 1),
(19, 428, 1, 1),
(19, 429, 1, 1),
(19, 430, 1, 1),
(19, 434, 0, 0),
(19, 435, 0, 0),
(19, 436, 0, 0),
(19, 438, 1, 1),
(19, 439, 1, 1),
(19, 440, 1, 1),
(19, 441, 1, 1),
(19, 446, 0, 0),
(19, 448, 0, 0),
(19, 449, 0, 0),
(19, 451, 0, 0),
(19, 452, 0, 0),
(19, 453, 0, 0),
(19, 454, 0, 0),
(19, 455, 0, 0),
(19, 456, 0, 0),
(19, 459, 1, 1),
(19, 460, 1, 1),
(19, 461, 1, 1),
(19, 463, 1, 1),
(19, 466, 1, 1),
(19, 467, 1, 1),
(19, 468, 1, 1),
(19, 470, 1, 1),
(19, 471, 1, 1),
(19, 472, 1, 1),
(19, 476, 1, 1),
(19, 477, 1, 1),
(19, 478, 1, 1),
(19, 479, 1, 1),
(19, 481, 1, 1),
(19, 482, 1, 1),
(19, 483, 1, 1),
(19, 484, 1, 1),
(19, 485, 1, 1),
(19, 486, 1, 1),
(19, 487, 1, 1),
(19, 488, 1, 1),
(19, 489, 1, 1),
(19, 490, 1, 1),
(19, 491, 1, 1),
(19, 492, 0, 0),
(19, 493, 0, 0),
(19, 494, 0, 0),
(19, 495, 1, 1),
(19, 496, 1, 1),
(19, 497, 1, 1),
(19, 499, 0, 0),
(19, 500, 0, 0),
(19, 501, 0, 0),
(19, 502, 0, 0),
(19, 503, 1, 1),
(19, 504, 1, 1),
(19, 505, 1, 1),
(19, 506, 1, 1),
(19, 511, 1, 1),
(19, 512, 1, 1),
(19, 513, 1, 1),
(19, 514, 1, 1),
(19, 515, 0, 0),
(19, 516, 0, 0),
(19, 519, 0, 0),
(19, 520, 0, 0),
(19, 521, 0, 0),
(19, 523, 0, 0),
(19, 524, 0, 0),
(19, 525, 0, 0),
(19, 526, 0, 0),
(19, 527, 1, 1),
(19, 528, 1, 1),
(19, 529, 1, 1),
(19, 530, 1, 1),
(19, 531, 1, 1),
(19, 532, 1, 1),
(19, 533, 1, 1),
(19, 534, 1, 1),
(19, 536, 0, 0),
(19, 537, 1, 1),
(19, 538, 0, 0),
(19, 552, 1, 1),
(19, 553, 1, 1),
(19, 555, 1, 1),
(19, 557, 1, 1),
(19, 559, 1, 1),
(19, 563, 1, 1),
(19, 568, 1, 1),
(19, 590, 1, 1),
(19, 591, 1, 1),
(19, 592, 1, 1),
(19, 593, 0, 0),
(19, 594, 0, 0),
(19, 595, 0, 0),
(19, 596, 1, 1),
(19, 602, 1, 1),
(19, 612, 1, 1),
(19, 613, 1, 1),
(19, 614, 1, 1),
(19, 615, 1, 1),
(19, 616, 1, 1),
(19, 617, 1, 1),
(19, 618, 1, 1),
(19, 620, 1, 1),
(19, 621, 1, 1),
(19, 626, 1, 1),
(19, 640, 1, 1),
(19, 642, 1, 1),
(19, 644, 1, 1),
(19, 645, 1, 1),
(19, 647, 1, 1),
(19, 648, 1, 1),
(19, 649, 1, 1),
(19, 655, 1, 1),
(19, 656, 1, 1),
(19, 657, 1, 1);
INSERT INTO `tm_acl_document` (`user_id`, `document_id`, `is_read`, `is_write`) VALUES
(19, 658, 1, 1),
(19, 659, 1, 1),
(19, 660, 1, 1),
(19, 661, 1, 1),
(19, 663, 0, 0),
(19, 665, 0, 0),
(19, 666, 0, 0),
(19, 667, 1, 1),
(19, 668, 1, 1),
(19, 669, 1, 1),
(19, 670, 1, 1),
(19, 671, 1, 1),
(19, 675, 1, 1),
(19, 676, 1, 1),
(19, 677, 1, 1),
(19, 678, 1, 1),
(19, 679, 1, 1),
(19, 685, 1, 1),
(19, 686, 1, 1),
(19, 688, 1, 1),
(19, 690, 1, 1),
(19, 691, 1, 1),
(19, 699, 1, 1),
(19, 700, 1, 1),
(19, 710, 1, 1),
(19, 711, 1, 1),
(19, 712, 1, 1),
(19, 713, 1, 1),
(19, 714, 1, 1),
(19, 720, 1, 1),
(19, 721, 1, 1),
(19, 725, 1, 1),
(19, 726, 1, 1),
(19, 730, 1, 1),
(19, 731, 1, 1),
(19, 733, 1, 1),
(19, 734, 1, 1),
(19, 748, 1, 1),
(19, 749, 1, 1),
(19, 758, 1, 1),
(19, 759, 1, 1),
(19, 760, 1, 1),
(19, 761, 1, 1),
(19, 762, 1, 1),
(19, 763, 1, 1),
(19, 764, 1, 1),
(19, 765, 1, 1),
(19, 766, 1, 1),
(19, 769, 1, 1),
(19, 770, 1, 1),
(19, 773, 1, 1),
(19, 774, 1, 1),
(19, 777, 1, 1),
(19, 778, 1, 1),
(19, 779, 1, 1),
(19, 780, 1, 1),
(19, 781, 1, 1),
(19, 782, 1, 1),
(19, 783, 1, 1),
(19, 784, 1, 1),
(19, 785, 1, 1),
(19, 786, 1, 1),
(19, 787, 1, 1),
(19, 788, 1, 1),
(19, 789, 1, 1),
(19, 790, 1, 1),
(19, 791, 1, 1),
(19, 792, 1, 1),
(19, 793, 1, 1),
(19, 794, 1, 1),
(19, 795, 1, 1),
(19, 796, 1, 1),
(19, 798, 1, 1),
(19, 800, 1, 1),
(19, 801, 1, 1),
(19, 802, 1, 1),
(20, 215, 0, 0),
(20, 251, 1, 1),
(20, 259, 1, 1),
(20, 261, 1, 1),
(20, 265, 1, 1),
(20, 284, 1, 1),
(20, 285, 1, 1),
(20, 288, 1, 1),
(20, 293, 1, 1),
(20, 300, 1, 1),
(20, 313, 1, 1),
(20, 314, 0, 0),
(20, 319, 1, 1),
(20, 320, 0, 0),
(20, 321, 0, 0),
(20, 324, 1, 1),
(20, 326, 1, 1),
(20, 327, 1, 1),
(20, 328, 1, 1),
(20, 329, 1, 1),
(20, 330, 1, 1),
(20, 331, 1, 1),
(20, 332, 1, 1),
(20, 333, 1, 1),
(20, 339, 1, 1),
(20, 350, 1, 1),
(20, 355, 1, 1),
(20, 356, 1, 1),
(20, 358, 0, 0),
(20, 359, 1, 1),
(20, 360, 1, 1),
(20, 361, 0, 0),
(20, 363, 1, 1),
(20, 371, 1, 1),
(20, 375, 1, 1),
(20, 376, 1, 1),
(20, 377, 0, 0),
(20, 378, 0, 0),
(20, 379, 0, 0),
(20, 389, 1, 1),
(20, 393, 1, 1),
(20, 401, 1, 1),
(20, 405, 1, 1),
(20, 406, 1, 1),
(20, 407, 1, 1),
(20, 408, 1, 1),
(20, 409, 1, 1),
(20, 412, 1, 1),
(20, 418, 1, 1),
(20, 424, 1, 1),
(20, 425, 0, 0),
(20, 427, 1, 1),
(20, 428, 1, 1),
(20, 429, 1, 1),
(20, 430, 1, 1),
(20, 434, 0, 0),
(20, 435, 0, 0),
(20, 436, 0, 0),
(20, 438, 1, 1),
(20, 439, 1, 1),
(20, 440, 1, 1),
(20, 441, 1, 1),
(20, 446, 0, 0),
(20, 448, 0, 0),
(20, 449, 0, 0),
(20, 451, 0, 0),
(20, 452, 0, 0),
(20, 453, 0, 0),
(20, 454, 0, 0),
(20, 455, 0, 0),
(20, 456, 0, 0),
(20, 459, 1, 1),
(20, 460, 1, 1),
(20, 461, 1, 1),
(20, 463, 1, 1),
(20, 466, 1, 1),
(20, 467, 1, 1),
(20, 468, 1, 1),
(20, 470, 1, 1),
(20, 471, 1, 1),
(20, 472, 1, 1),
(20, 476, 1, 1),
(20, 477, 1, 1),
(20, 478, 1, 1),
(20, 479, 1, 1),
(20, 481, 1, 1),
(20, 482, 1, 1),
(20, 483, 1, 1),
(20, 484, 1, 1),
(20, 485, 1, 1),
(20, 486, 1, 1),
(20, 487, 1, 1),
(20, 488, 1, 1),
(20, 489, 1, 1),
(20, 490, 1, 1),
(20, 491, 1, 1),
(20, 492, 0, 0),
(20, 493, 0, 0),
(20, 494, 0, 0),
(20, 495, 1, 1),
(20, 496, 1, 1),
(20, 497, 1, 1),
(20, 499, 0, 0),
(20, 500, 0, 0),
(20, 501, 0, 0),
(20, 502, 0, 0),
(20, 503, 1, 1),
(20, 504, 1, 1),
(20, 505, 1, 1),
(20, 506, 1, 1),
(20, 511, 1, 1),
(20, 512, 1, 1),
(20, 513, 1, 1),
(20, 514, 1, 1),
(20, 515, 0, 0),
(20, 516, 0, 0),
(20, 519, 0, 0),
(20, 520, 0, 0),
(20, 521, 0, 0),
(20, 523, 0, 0),
(20, 524, 0, 0),
(20, 525, 0, 0),
(20, 526, 0, 0),
(20, 527, 1, 1),
(20, 528, 1, 1),
(20, 529, 1, 1),
(20, 530, 1, 1),
(20, 531, 1, 1),
(20, 532, 1, 1),
(20, 533, 1, 1),
(20, 534, 1, 1),
(20, 536, 0, 0),
(20, 537, 1, 1),
(20, 538, 1, 1),
(20, 552, 1, 1),
(20, 553, 1, 1),
(20, 555, 1, 1),
(20, 557, 1, 1),
(20, 559, 1, 1),
(20, 563, 1, 1),
(20, 568, 1, 1),
(20, 590, 1, 1),
(20, 591, 1, 1),
(20, 592, 1, 1),
(20, 593, 0, 0),
(20, 594, 0, 0),
(20, 595, 0, 0),
(20, 596, 1, 1),
(20, 598, 1, 1),
(20, 602, 1, 1),
(20, 604, 1, 1),
(20, 607, 1, 1),
(20, 609, 1, 1),
(20, 610, 1, 1),
(20, 612, 1, 1),
(20, 613, 1, 1),
(20, 614, 1, 1),
(20, 615, 1, 1),
(20, 616, 1, 1),
(20, 617, 1, 1),
(20, 618, 1, 1),
(20, 620, 1, 1),
(20, 621, 1, 1),
(20, 626, 1, 1),
(20, 640, 1, 1),
(20, 642, 1, 1),
(20, 644, 1, 1),
(20, 645, 1, 1),
(20, 647, 1, 1),
(20, 648, 1, 1),
(20, 649, 1, 1),
(20, 655, 1, 1),
(20, 656, 1, 1),
(20, 657, 1, 1),
(20, 658, 1, 1),
(20, 659, 1, 1),
(20, 660, 1, 1),
(20, 661, 1, 1),
(20, 663, 1, 1),
(20, 665, 1, 1),
(20, 666, 1, 1),
(20, 667, 1, 1),
(20, 668, 1, 1),
(20, 669, 1, 1),
(20, 670, 1, 1),
(20, 671, 1, 1),
(20, 675, 1, 1),
(20, 676, 1, 1),
(20, 677, 1, 1),
(20, 678, 1, 1),
(20, 679, 1, 1),
(20, 685, 1, 1),
(20, 686, 1, 1),
(20, 688, 1, 1),
(20, 690, 1, 1),
(20, 691, 1, 1),
(20, 699, 1, 1),
(20, 700, 1, 1),
(20, 710, 1, 1),
(20, 711, 1, 1),
(20, 712, 1, 1),
(20, 713, 1, 1),
(20, 714, 1, 1),
(20, 720, 1, 1),
(20, 721, 1, 1),
(20, 725, 1, 1),
(20, 726, 1, 1),
(20, 730, 1, 1),
(20, 731, 1, 1),
(20, 733, 1, 1),
(20, 734, 1, 1),
(20, 748, 1, 1),
(20, 749, 1, 1),
(20, 758, 1, 1),
(20, 759, 1, 1),
(20, 760, 1, 1),
(20, 761, 1, 1),
(20, 762, 1, 1),
(20, 763, 1, 1),
(20, 764, 1, 1),
(20, 765, 1, 1),
(20, 766, 1, 1),
(20, 769, 1, 1),
(20, 770, 1, 1),
(20, 771, 1, 1),
(20, 772, 1, 1),
(20, 773, 1, 1),
(20, 774, 1, 1),
(20, 775, 1, 1),
(20, 776, 1, 1),
(20, 777, 1, 1),
(20, 778, 1, 1),
(20, 779, 1, 1),
(20, 780, 1, 1),
(20, 781, 1, 1),
(20, 782, 1, 1),
(20, 783, 1, 1),
(20, 784, 1, 1),
(20, 785, 1, 1),
(20, 786, 1, 1),
(20, 787, 1, 1),
(20, 788, 1, 1),
(20, 789, 1, 1),
(20, 790, 1, 1),
(20, 791, 1, 1),
(20, 792, 1, 1),
(20, 793, 1, 1),
(20, 794, 1, 1),
(20, 795, 1, 1),
(20, 796, 1, 1),
(20, 798, 1, 1),
(20, 800, 1, 1),
(20, 801, 1, 1),
(20, 802, 1, 1),
(21, 215, 0, 0),
(21, 251, 1, 1),
(21, 259, 1, 1),
(21, 261, 1, 1),
(21, 265, 1, 1),
(21, 284, 1, 1),
(21, 285, 1, 1),
(21, 288, 1, 1),
(21, 293, 1, 1),
(21, 300, 1, 1),
(21, 313, 1, 1),
(21, 314, 0, 0),
(21, 319, 1, 1),
(21, 320, 0, 0),
(21, 321, 0, 0),
(21, 324, 1, 1),
(21, 326, 1, 1),
(21, 327, 1, 1),
(21, 328, 1, 1),
(21, 329, 1, 1),
(21, 330, 1, 1),
(21, 331, 1, 1),
(21, 332, 1, 1),
(21, 333, 1, 1),
(21, 350, 1, 1),
(21, 355, 1, 1),
(21, 356, 1, 1),
(21, 358, 0, 0),
(21, 359, 1, 1),
(21, 360, 1, 1),
(21, 361, 0, 0),
(21, 363, 1, 1),
(21, 371, 1, 1),
(21, 375, 1, 1),
(21, 376, 1, 1),
(21, 377, 0, 0),
(21, 378, 0, 0),
(21, 379, 0, 0),
(21, 389, 1, 1),
(21, 393, 1, 1),
(21, 401, 1, 1),
(21, 405, 1, 1),
(21, 406, 0, 0),
(21, 407, 0, 0),
(21, 408, 0, 0),
(21, 409, 1, 1),
(21, 412, 1, 1),
(21, 418, 1, 1),
(21, 424, 1, 1),
(21, 425, 0, 0),
(21, 427, 1, 1),
(21, 428, 1, 1),
(21, 429, 1, 1),
(21, 430, 1, 1),
(21, 434, 0, 0),
(21, 435, 0, 0),
(21, 436, 0, 0),
(21, 438, 1, 1),
(21, 439, 1, 1),
(21, 440, 1, 1),
(21, 441, 1, 1),
(21, 446, 0, 0),
(21, 448, 0, 0),
(21, 449, 0, 0),
(21, 451, 0, 0),
(21, 452, 0, 0),
(21, 453, 0, 0),
(21, 454, 0, 0),
(21, 455, 0, 0),
(21, 456, 0, 0),
(21, 459, 1, 1),
(21, 460, 1, 1),
(21, 461, 1, 1),
(21, 463, 1, 1),
(21, 466, 1, 1),
(21, 467, 1, 1),
(21, 468, 1, 1),
(21, 470, 1, 1),
(21, 471, 1, 1),
(21, 472, 1, 1),
(21, 476, 1, 1),
(21, 477, 1, 1),
(21, 478, 1, 1),
(21, 479, 1, 1),
(21, 481, 1, 1),
(21, 482, 1, 1),
(21, 483, 1, 1),
(21, 484, 1, 1),
(21, 485, 1, 1),
(21, 486, 1, 1),
(21, 487, 1, 1),
(21, 488, 1, 1),
(21, 489, 1, 1),
(21, 490, 1, 1),
(21, 491, 1, 1),
(21, 492, 0, 0),
(21, 493, 0, 0),
(21, 494, 0, 0),
(21, 495, 1, 1),
(21, 496, 1, 1),
(21, 497, 1, 1),
(21, 499, 0, 0),
(21, 500, 0, 0),
(21, 501, 0, 0),
(21, 502, 0, 0),
(21, 503, 1, 1),
(21, 504, 1, 1),
(21, 505, 1, 1),
(21, 506, 1, 1),
(21, 511, 1, 1),
(21, 512, 1, 1),
(21, 513, 1, 1),
(21, 514, 1, 1),
(21, 515, 0, 0),
(21, 516, 0, 0),
(21, 519, 0, 0),
(21, 520, 0, 0),
(21, 521, 0, 0),
(21, 523, 0, 0),
(21, 524, 0, 0),
(21, 525, 0, 0),
(21, 526, 0, 0),
(21, 527, 1, 1),
(21, 528, 1, 1),
(21, 529, 1, 1),
(21, 530, 1, 1),
(21, 531, 1, 1),
(21, 532, 1, 1),
(21, 533, 1, 1),
(21, 534, 1, 1),
(21, 536, 0, 0),
(21, 537, 1, 1),
(21, 538, 0, 0),
(21, 552, 1, 1),
(21, 568, 1, 1),
(21, 590, 1, 1),
(21, 591, 1, 1),
(21, 592, 1, 1),
(21, 593, 0, 0),
(21, 594, 0, 0),
(21, 595, 0, 0),
(21, 596, 1, 1),
(21, 598, 1, 1),
(21, 599, 1, 1),
(21, 604, 1, 1),
(21, 607, 1, 1),
(21, 610, 1, 1),
(21, 612, 1, 1),
(21, 613, 1, 1),
(21, 614, 1, 1),
(21, 615, 1, 1),
(21, 616, 1, 1),
(21, 617, 1, 1),
(21, 618, 1, 1),
(21, 620, 1, 1),
(21, 621, 1, 1),
(21, 626, 1, 1),
(21, 640, 1, 1),
(21, 642, 1, 1),
(21, 644, 1, 1),
(21, 645, 1, 1),
(21, 647, 1, 1),
(21, 648, 1, 1),
(21, 649, 1, 1),
(21, 655, 1, 1),
(21, 656, 1, 1),
(21, 657, 1, 1),
(21, 658, 1, 1),
(21, 659, 1, 1),
(21, 660, 1, 1),
(21, 661, 1, 1),
(21, 663, 0, 0),
(21, 665, 0, 0),
(21, 666, 0, 0),
(21, 667, 0, 0),
(21, 668, 0, 0),
(21, 669, 0, 0),
(21, 670, 0, 0),
(21, 671, 1, 1),
(21, 675, 0, 0),
(21, 676, 0, 0),
(21, 677, 0, 0),
(21, 678, 0, 0),
(21, 679, 0, 0),
(21, 685, 0, 0),
(21, 686, 0, 0),
(21, 688, 0, 0),
(21, 699, 1, 1),
(21, 700, 1, 1),
(21, 710, 0, 0),
(21, 711, 0, 0),
(21, 712, 1, 1),
(21, 713, 1, 1),
(21, 714, 1, 1),
(21, 720, 1, 1),
(21, 721, 1, 1),
(21, 725, 0, 0),
(21, 726, 0, 0),
(21, 730, 0, 0),
(21, 731, 0, 0),
(21, 733, 0, 0),
(21, 734, 0, 0),
(21, 748, 0, 0),
(21, 749, 0, 0),
(21, 758, 0, 0),
(21, 759, 0, 0),
(21, 760, 0, 0),
(21, 761, 1, 1),
(21, 762, 0, 0),
(21, 763, 0, 0),
(21, 764, 0, 0),
(21, 765, 1, 1),
(21, 766, 1, 1),
(21, 769, 0, 0),
(21, 770, 0, 0),
(21, 773, 1, 1),
(21, 774, 1, 1),
(21, 777, 1, 1),
(21, 778, 1, 1),
(21, 779, 0, 0),
(21, 780, 0, 0),
(21, 781, 0, 0),
(21, 782, 0, 0),
(21, 783, 0, 0),
(21, 784, 0, 0),
(21, 785, 0, 0),
(21, 786, 0, 0),
(21, 787, 0, 0),
(21, 788, 0, 0),
(21, 789, 1, 1),
(21, 790, 1, 1),
(21, 791, 1, 1),
(21, 792, 1, 1),
(21, 793, 1, 1),
(21, 794, 1, 1),
(21, 795, 1, 1),
(21, 796, 1, 1),
(21, 798, 1, 1),
(21, 800, 1, 1),
(21, 801, 1, 1),
(21, 802, 1, 1),
(22, 251, 1, 1),
(22, 259, 1, 1),
(22, 261, 1, 1),
(22, 265, 1, 1),
(22, 284, 1, 1),
(22, 285, 1, 1),
(22, 288, 1, 1),
(22, 293, 1, 1),
(22, 300, 1, 1),
(22, 313, 0, 0),
(22, 314, 0, 0),
(22, 319, 1, 1),
(22, 320, 0, 0),
(22, 321, 0, 0),
(22, 324, 1, 1),
(22, 326, 1, 1),
(22, 327, 1, 1),
(22, 328, 1, 1),
(22, 329, 1, 1),
(22, 330, 1, 1),
(22, 331, 1, 1),
(22, 332, 1, 1),
(22, 333, 1, 1),
(22, 355, 1, 1),
(22, 356, 1, 1),
(22, 358, 0, 0),
(22, 359, 1, 1),
(22, 360, 1, 1),
(22, 361, 0, 0),
(22, 363, 0, 0),
(22, 371, 0, 0),
(22, 375, 0, 0),
(22, 376, 0, 0),
(22, 377, 0, 0),
(22, 378, 0, 0),
(22, 379, 0, 0),
(22, 389, 1, 1),
(22, 393, 1, 1),
(22, 401, 0, 0),
(22, 405, 0, 0),
(22, 406, 0, 0),
(22, 407, 0, 0),
(22, 408, 0, 0),
(22, 409, 0, 0),
(22, 412, 0, 0),
(22, 418, 1, 1),
(22, 424, 0, 0),
(22, 425, 0, 0),
(22, 427, 1, 1),
(22, 428, 1, 1),
(22, 429, 1, 1),
(22, 430, 1, 1),
(22, 434, 0, 0),
(22, 435, 0, 0),
(22, 436, 0, 0),
(22, 438, 1, 1),
(22, 439, 1, 1),
(22, 440, 1, 1),
(22, 441, 1, 1),
(22, 446, 0, 0),
(22, 448, 0, 0),
(22, 449, 0, 0),
(22, 451, 0, 0),
(22, 452, 0, 0),
(22, 453, 0, 0),
(22, 454, 0, 0),
(22, 455, 0, 0),
(22, 456, 0, 0),
(22, 459, 1, 1),
(22, 460, 1, 1),
(22, 461, 1, 1),
(22, 463, 1, 1),
(22, 466, 1, 1),
(22, 467, 1, 1),
(22, 468, 1, 1),
(22, 470, 1, 1),
(22, 471, 1, 1),
(22, 472, 1, 1),
(22, 476, 1, 1),
(22, 477, 1, 1),
(22, 478, 1, 1),
(22, 479, 1, 1),
(22, 481, 1, 1),
(22, 482, 1, 1),
(22, 483, 1, 1),
(22, 484, 1, 1),
(22, 485, 1, 1),
(22, 486, 1, 1),
(22, 487, 1, 1),
(22, 488, 1, 1),
(22, 489, 1, 1),
(22, 490, 1, 1),
(22, 491, 1, 1),
(22, 492, 0, 0),
(22, 493, 0, 0),
(22, 494, 0, 0),
(22, 495, 1, 1),
(22, 496, 1, 1),
(22, 497, 1, 1),
(22, 499, 0, 0),
(22, 500, 0, 0),
(22, 501, 0, 0),
(22, 502, 0, 0),
(22, 503, 1, 1),
(22, 504, 1, 1),
(22, 505, 1, 1),
(22, 506, 1, 1),
(22, 511, 1, 1),
(22, 512, 1, 1),
(22, 513, 1, 1),
(22, 514, 1, 1),
(22, 515, 0, 0),
(22, 516, 0, 0),
(22, 519, 0, 0),
(22, 520, 0, 0),
(22, 521, 0, 0),
(22, 523, 0, 0),
(22, 524, 0, 0),
(22, 525, 0, 0),
(22, 526, 0, 0),
(22, 527, 1, 1),
(22, 528, 1, 1),
(22, 529, 1, 1),
(22, 530, 1, 1),
(22, 531, 1, 1),
(22, 532, 1, 1),
(22, 533, 1, 1),
(22, 534, 1, 1),
(22, 536, 0, 0),
(22, 537, 0, 0),
(22, 538, 0, 0),
(22, 552, 0, 0),
(22, 568, 1, 1),
(22, 590, 1, 1),
(22, 591, 1, 1),
(22, 592, 1, 1),
(22, 593, 0, 0),
(22, 594, 0, 0),
(22, 595, 0, 0),
(22, 612, 0, 0),
(22, 613, 0, 0),
(22, 614, 0, 0),
(22, 615, 0, 0),
(22, 616, 0, 0),
(22, 617, 0, 0),
(22, 618, 0, 0),
(22, 620, 0, 0),
(22, 621, 0, 0),
(22, 626, 1, 1),
(22, 640, 0, 0),
(22, 642, 0, 0),
(22, 644, 0, 0),
(22, 645, 1, 1),
(22, 647, 0, 0),
(22, 648, 0, 0),
(22, 649, 0, 0),
(22, 655, 1, 1),
(22, 656, 1, 1),
(22, 657, 1, 1),
(22, 658, 1, 1),
(22, 659, 1, 1),
(22, 660, 1, 1),
(22, 661, 0, 0),
(22, 663, 0, 0),
(22, 665, 0, 0),
(22, 666, 0, 0),
(22, 667, 1, 1),
(22, 668, 1, 1),
(22, 669, 1, 1),
(22, 670, 1, 1),
(22, 671, 0, 0),
(22, 675, 0, 0),
(22, 676, 0, 0),
(22, 677, 0, 0),
(22, 678, 0, 0),
(22, 679, 0, 0),
(22, 685, 0, 0),
(22, 686, 0, 0),
(22, 688, 0, 0),
(22, 699, 1, 1),
(22, 700, 1, 1),
(22, 710, 0, 0),
(22, 711, 0, 0),
(22, 712, 1, 1),
(22, 713, 1, 1),
(22, 714, 1, 1),
(22, 720, 1, 1),
(22, 721, 1, 1),
(22, 725, 0, 0),
(22, 726, 0, 0),
(22, 730, 0, 0),
(22, 731, 0, 0),
(22, 733, 0, 0),
(22, 734, 0, 0),
(22, 748, 0, 0),
(22, 749, 0, 0),
(22, 758, 0, 0),
(22, 759, 0, 0),
(22, 760, 0, 0),
(22, 761, 1, 1),
(22, 762, 0, 0),
(22, 763, 0, 0),
(22, 764, 0, 0),
(22, 765, 1, 1),
(22, 766, 1, 1),
(22, 769, 0, 0),
(22, 770, 0, 0),
(22, 773, 1, 1),
(22, 774, 1, 1),
(22, 777, 1, 1),
(22, 778, 1, 1),
(22, 779, 0, 0),
(22, 780, 0, 0),
(22, 781, 0, 0),
(22, 782, 0, 0),
(22, 783, 0, 0),
(22, 784, 0, 0),
(22, 785, 0, 0),
(22, 786, 0, 0),
(22, 787, 0, 0),
(22, 788, 0, 0),
(22, 789, 1, 1),
(22, 790, 1, 1),
(22, 791, 1, 1),
(22, 792, 1, 1),
(22, 793, 1, 1),
(22, 794, 1, 1),
(22, 795, 1, 1),
(22, 796, 0, 0),
(23, 251, 1, 1),
(23, 259, 1, 1),
(23, 261, 1, 1),
(23, 265, 1, 1),
(23, 284, 1, 1),
(23, 285, 1, 1),
(23, 288, 1, 1),
(23, 293, 1, 1),
(23, 300, 1, 1),
(23, 313, 0, 0),
(23, 314, 0, 0),
(23, 319, 1, 1),
(23, 320, 0, 0),
(23, 321, 0, 0),
(23, 324, 1, 1),
(23, 326, 1, 1),
(23, 327, 1, 1),
(23, 328, 1, 1),
(23, 329, 1, 1),
(23, 330, 1, 1),
(23, 331, 1, 1),
(23, 332, 1, 1),
(23, 333, 1, 1),
(23, 355, 1, 1),
(23, 356, 1, 1),
(23, 358, 0, 0),
(23, 359, 1, 1),
(23, 360, 1, 1),
(23, 361, 0, 0),
(23, 363, 0, 0),
(23, 371, 0, 0),
(23, 375, 0, 0),
(23, 376, 0, 0),
(23, 377, 0, 0),
(23, 378, 0, 0),
(23, 379, 0, 0),
(23, 389, 1, 1),
(23, 393, 1, 1),
(23, 401, 0, 0),
(23, 405, 0, 0),
(23, 406, 0, 0),
(23, 407, 0, 0),
(23, 408, 0, 0),
(23, 409, 0, 0),
(23, 412, 0, 0),
(23, 418, 1, 1),
(23, 424, 0, 0),
(23, 425, 0, 0),
(23, 427, 1, 1),
(23, 428, 1, 1),
(23, 429, 1, 1),
(23, 430, 1, 1),
(23, 434, 0, 0),
(23, 435, 0, 0),
(23, 436, 0, 0),
(23, 438, 1, 1),
(23, 439, 1, 1),
(23, 440, 1, 1),
(23, 441, 1, 1),
(23, 446, 0, 0),
(23, 448, 0, 0),
(23, 449, 0, 0),
(23, 451, 0, 0),
(23, 452, 0, 0),
(23, 453, 0, 0),
(23, 454, 0, 0),
(23, 455, 0, 0),
(23, 456, 0, 0),
(23, 459, 1, 1),
(23, 460, 1, 1),
(23, 461, 1, 1),
(23, 463, 1, 1),
(23, 466, 1, 1),
(23, 467, 1, 1),
(23, 468, 1, 1),
(23, 470, 1, 1),
(23, 471, 1, 1),
(23, 472, 1, 1),
(23, 476, 1, 1),
(23, 477, 1, 1),
(23, 478, 1, 1),
(23, 479, 1, 1),
(23, 481, 1, 1),
(23, 482, 1, 1),
(23, 483, 1, 1),
(23, 484, 1, 1),
(23, 485, 1, 1),
(23, 486, 1, 1),
(23, 487, 1, 1),
(23, 488, 1, 1),
(23, 489, 1, 1),
(23, 490, 1, 1),
(23, 491, 1, 1),
(23, 492, 0, 0),
(23, 493, 0, 0),
(23, 494, 0, 0),
(23, 495, 1, 1),
(23, 496, 1, 1),
(23, 497, 1, 1),
(23, 499, 0, 0),
(23, 500, 0, 0),
(23, 501, 0, 0),
(23, 502, 0, 0),
(23, 503, 1, 1),
(23, 504, 1, 1),
(23, 505, 1, 1),
(23, 506, 1, 1),
(23, 511, 1, 1),
(23, 512, 1, 1),
(23, 513, 1, 1),
(23, 514, 1, 1),
(23, 515, 0, 0),
(23, 516, 0, 0),
(23, 519, 0, 0),
(23, 520, 0, 0),
(23, 521, 0, 0),
(23, 523, 0, 0),
(23, 524, 0, 0),
(23, 525, 0, 0),
(23, 526, 0, 0),
(23, 527, 1, 1),
(23, 528, 1, 1),
(23, 529, 1, 1),
(23, 530, 1, 1),
(23, 531, 1, 1),
(23, 532, 1, 1),
(23, 533, 1, 1),
(23, 534, 1, 1),
(23, 536, 0, 0),
(23, 537, 0, 0),
(23, 538, 0, 0),
(23, 552, 0, 0),
(23, 568, 1, 1),
(23, 590, 1, 1),
(23, 591, 1, 1),
(23, 592, 1, 1),
(23, 593, 0, 0),
(23, 594, 0, 0),
(23, 595, 0, 0),
(23, 612, 0, 0),
(23, 613, 0, 0),
(23, 614, 0, 0),
(23, 615, 0, 0),
(23, 616, 0, 0),
(23, 617, 0, 0),
(23, 618, 0, 0),
(23, 620, 0, 0),
(23, 621, 0, 0),
(23, 626, 1, 1),
(23, 640, 0, 0),
(23, 642, 0, 0),
(23, 644, 0, 0),
(23, 645, 1, 1),
(23, 647, 0, 0),
(23, 648, 0, 0),
(23, 649, 0, 0),
(23, 655, 1, 1),
(23, 656, 1, 1),
(23, 657, 1, 1),
(23, 658, 1, 1),
(23, 659, 1, 1),
(23, 660, 1, 1),
(23, 661, 0, 0),
(23, 663, 0, 0),
(23, 665, 0, 0),
(23, 666, 0, 0),
(23, 667, 1, 1),
(23, 668, 1, 1),
(23, 669, 1, 1),
(23, 670, 1, 1),
(23, 671, 0, 0),
(23, 675, 0, 0),
(23, 676, 0, 0),
(23, 677, 0, 0),
(23, 678, 0, 0),
(23, 679, 0, 0),
(23, 685, 0, 0),
(23, 686, 0, 0),
(23, 688, 0, 0),
(23, 699, 1, 1),
(23, 700, 1, 1),
(23, 710, 0, 0),
(23, 711, 0, 0),
(23, 712, 1, 1),
(23, 713, 1, 1),
(23, 714, 1, 1),
(23, 720, 1, 1),
(23, 721, 1, 1),
(23, 725, 0, 0),
(23, 726, 0, 0),
(23, 730, 0, 0),
(23, 731, 0, 0),
(23, 733, 0, 0),
(23, 734, 0, 0),
(23, 748, 0, 0),
(23, 749, 0, 0),
(23, 758, 0, 0),
(23, 759, 0, 0),
(23, 760, 0, 0),
(23, 761, 1, 1),
(23, 762, 0, 0),
(23, 763, 0, 0),
(23, 764, 0, 0),
(23, 765, 1, 1),
(23, 766, 1, 1),
(23, 769, 0, 0),
(23, 770, 0, 0),
(23, 773, 1, 1),
(23, 774, 1, 1),
(23, 777, 1, 1),
(23, 778, 1, 1),
(23, 779, 0, 0),
(23, 780, 0, 0),
(23, 781, 0, 0),
(23, 782, 0, 0),
(23, 783, 0, 0),
(23, 784, 0, 0),
(23, 785, 0, 0),
(23, 786, 0, 0),
(23, 787, 0, 0),
(23, 788, 0, 0),
(23, 789, 1, 1),
(23, 790, 1, 1),
(23, 791, 1, 1),
(23, 792, 1, 1),
(23, 793, 1, 1),
(23, 794, 1, 1),
(23, 795, 1, 1),
(23, 796, 0, 0),
(24, 215, 0, 0),
(24, 251, 1, 1),
(24, 259, 1, 1),
(24, 261, 1, 1),
(24, 265, 1, 1),
(24, 284, 1, 1),
(24, 285, 1, 1),
(24, 288, 1, 1),
(24, 293, 1, 1),
(24, 300, 1, 1),
(24, 313, 0, 0),
(24, 314, 0, 0),
(24, 319, 0, 0),
(24, 320, 0, 0),
(24, 321, 0, 0),
(24, 324, 1, 1),
(24, 326, 1, 1),
(24, 327, 1, 1),
(24, 328, 1, 1),
(24, 329, 1, 1),
(24, 330, 1, 1),
(24, 331, 1, 1),
(24, 332, 1, 1),
(24, 333, 1, 1),
(24, 350, 0, 0),
(24, 355, 1, 1),
(24, 356, 1, 1),
(24, 358, 0, 0),
(24, 359, 1, 1),
(24, 360, 1, 1),
(24, 361, 0, 0),
(24, 363, 0, 0),
(24, 371, 0, 0),
(24, 375, 0, 0),
(24, 376, 0, 0),
(24, 377, 0, 0),
(24, 378, 0, 0),
(24, 379, 0, 0),
(24, 389, 0, 0),
(24, 393, 0, 0),
(24, 401, 0, 0),
(24, 405, 0, 0),
(24, 406, 0, 0),
(24, 407, 0, 0),
(24, 408, 0, 0),
(24, 409, 0, 0),
(24, 412, 0, 0),
(24, 418, 0, 0),
(24, 424, 0, 0),
(24, 425, 0, 0),
(24, 427, 0, 0),
(24, 428, 1, 1),
(24, 429, 1, 1),
(24, 430, 1, 1),
(24, 434, 0, 0),
(24, 435, 0, 0),
(24, 436, 0, 0),
(24, 438, 1, 1),
(24, 439, 1, 1),
(24, 440, 1, 1),
(24, 441, 1, 1),
(24, 446, 0, 0),
(24, 448, 0, 0),
(24, 449, 0, 0),
(24, 451, 0, 0),
(24, 452, 0, 0),
(24, 453, 0, 0),
(24, 454, 0, 0),
(24, 455, 0, 0),
(24, 456, 0, 0),
(24, 459, 1, 1),
(24, 460, 1, 1),
(24, 461, 1, 1),
(24, 463, 1, 1),
(24, 466, 1, 1),
(24, 467, 1, 1),
(24, 468, 1, 1),
(24, 470, 1, 1),
(24, 471, 1, 1),
(24, 472, 1, 1),
(24, 476, 1, 1),
(24, 477, 1, 1),
(24, 478, 1, 1),
(24, 479, 1, 1),
(24, 481, 1, 1),
(24, 482, 1, 1),
(24, 483, 1, 1),
(24, 484, 1, 1),
(24, 485, 1, 1),
(24, 486, 1, 1),
(24, 487, 1, 1),
(24, 488, 1, 1),
(24, 489, 1, 1),
(24, 490, 1, 1),
(24, 491, 1, 1),
(24, 492, 0, 0),
(24, 493, 0, 0),
(24, 494, 0, 0),
(24, 495, 1, 1),
(24, 496, 1, 1),
(24, 497, 1, 1),
(24, 499, 0, 0),
(24, 500, 0, 0),
(24, 501, 0, 0),
(24, 502, 0, 0),
(24, 503, 1, 1),
(24, 504, 1, 1),
(24, 505, 1, 1),
(24, 506, 1, 1),
(24, 511, 1, 1),
(24, 512, 1, 1),
(24, 513, 1, 1),
(24, 514, 1, 1),
(24, 515, 0, 0),
(24, 516, 0, 0),
(24, 519, 0, 0),
(24, 520, 0, 0),
(24, 521, 0, 0),
(24, 523, 0, 0),
(24, 524, 0, 0),
(24, 525, 0, 0),
(24, 526, 0, 0),
(24, 527, 1, 1),
(24, 528, 1, 1),
(24, 529, 1, 1),
(24, 530, 1, 1),
(24, 531, 1, 1),
(24, 532, 1, 1),
(24, 533, 1, 1),
(24, 534, 1, 1),
(24, 536, 0, 0),
(24, 537, 0, 0),
(24, 538, 0, 0),
(24, 552, 0, 0),
(24, 568, 1, 1),
(24, 590, 1, 1),
(24, 591, 1, 1),
(24, 592, 1, 1),
(24, 593, 0, 0),
(24, 594, 0, 0),
(24, 595, 0, 0),
(24, 596, 1, 1),
(24, 598, 0, 0),
(24, 599, 0, 0),
(24, 604, 0, 0),
(24, 607, 0, 0),
(24, 610, 0, 0),
(24, 612, 0, 0),
(24, 613, 0, 0),
(24, 614, 0, 0),
(24, 615, 0, 0),
(24, 616, 0, 0),
(24, 617, 0, 0),
(24, 618, 0, 0),
(24, 620, 0, 0),
(24, 621, 0, 0),
(24, 626, 0, 0),
(24, 640, 0, 0),
(24, 642, 0, 0),
(24, 644, 0, 0),
(24, 645, 0, 0),
(24, 647, 0, 0),
(24, 648, 0, 0),
(24, 649, 0, 0),
(24, 655, 1, 1),
(24, 656, 1, 1),
(24, 657, 1, 1),
(24, 658, 1, 1),
(24, 659, 1, 1),
(24, 660, 1, 1),
(24, 661, 0, 0),
(24, 663, 0, 0),
(24, 665, 0, 0),
(24, 666, 0, 0),
(24, 667, 0, 0),
(24, 668, 0, 0),
(24, 669, 0, 0),
(24, 670, 0, 0),
(24, 671, 0, 0),
(24, 675, 0, 0),
(24, 676, 0, 0),
(24, 677, 0, 0),
(24, 678, 0, 0),
(24, 679, 0, 0),
(24, 685, 0, 0),
(24, 686, 0, 0),
(24, 688, 0, 0),
(24, 690, 1, 1),
(24, 691, 1, 1),
(24, 699, 1, 1),
(24, 700, 1, 1),
(24, 710, 0, 0),
(24, 711, 0, 0),
(24, 712, 1, 1),
(24, 713, 1, 1),
(24, 714, 1, 1),
(24, 720, 1, 1),
(24, 721, 1, 1),
(24, 725, 0, 0),
(24, 726, 0, 0),
(24, 730, 0, 0),
(24, 731, 0, 0),
(24, 733, 0, 0),
(24, 734, 0, 0),
(24, 748, 0, 0),
(24, 749, 0, 0),
(24, 758, 0, 0),
(24, 759, 0, 0),
(24, 760, 0, 0),
(24, 761, 1, 1),
(24, 762, 0, 0),
(24, 763, 0, 0),
(24, 764, 0, 0),
(24, 765, 1, 1),
(24, 766, 1, 1),
(24, 769, 0, 0),
(24, 770, 0, 0),
(24, 773, 1, 1),
(24, 774, 1, 1),
(24, 777, 1, 1),
(24, 778, 1, 1),
(24, 779, 0, 0),
(24, 780, 0, 0),
(24, 781, 0, 0),
(24, 782, 0, 0),
(24, 783, 0, 0),
(24, 784, 0, 0),
(24, 785, 0, 0),
(24, 786, 0, 0),
(24, 787, 0, 0),
(24, 788, 0, 0),
(24, 789, 1, 1),
(24, 790, 1, 1),
(24, 791, 1, 1),
(24, 792, 1, 1),
(24, 793, 1, 1),
(24, 794, 1, 1),
(24, 795, 1, 1),
(24, 796, 0, 0),
(24, 798, 1, 1),
(24, 800, 1, 1),
(24, 801, 1, 1),
(24, 802, 1, 1),
(25, 251, 1, 1),
(25, 259, 1, 1),
(25, 261, 1, 1),
(25, 265, 1, 1),
(25, 284, 1, 1),
(25, 285, 1, 1),
(25, 288, 1, 1),
(25, 293, 1, 1),
(25, 300, 1, 1),
(25, 313, 0, 0),
(25, 314, 0, 0),
(25, 319, 1, 1),
(25, 320, 0, 0),
(25, 321, 0, 0),
(25, 324, 1, 1),
(25, 326, 1, 1),
(25, 327, 1, 1),
(25, 328, 1, 1),
(25, 329, 1, 1),
(25, 330, 1, 1),
(25, 331, 1, 1),
(25, 332, 1, 1),
(25, 333, 1, 1),
(25, 355, 1, 1),
(25, 356, 1, 1),
(25, 358, 0, 0),
(25, 359, 1, 1),
(25, 360, 1, 1),
(25, 361, 0, 0),
(25, 363, 0, 0),
(25, 371, 0, 0),
(25, 375, 0, 0),
(25, 376, 0, 0),
(25, 377, 0, 0),
(25, 378, 0, 0),
(25, 379, 0, 0),
(25, 389, 1, 1),
(25, 393, 1, 1),
(25, 401, 0, 0),
(25, 405, 0, 0),
(25, 406, 0, 0),
(25, 407, 0, 0),
(25, 408, 0, 0),
(25, 409, 0, 0),
(25, 412, 0, 0),
(25, 418, 1, 1),
(25, 424, 0, 0),
(25, 425, 0, 0),
(25, 427, 1, 1),
(25, 428, 1, 1),
(25, 429, 1, 1),
(25, 430, 1, 1),
(25, 434, 0, 0),
(25, 435, 0, 0),
(25, 436, 0, 0),
(25, 438, 1, 1),
(25, 439, 1, 1),
(25, 440, 1, 1),
(25, 441, 1, 1),
(25, 446, 0, 0),
(25, 448, 0, 0),
(25, 449, 0, 0),
(25, 451, 0, 0),
(25, 452, 0, 0),
(25, 453, 0, 0),
(25, 454, 0, 0),
(25, 455, 0, 0),
(25, 456, 0, 0),
(25, 459, 1, 1),
(25, 460, 1, 1),
(25, 461, 1, 1),
(25, 463, 1, 1),
(25, 466, 1, 1),
(25, 467, 1, 1),
(25, 468, 1, 1),
(25, 470, 1, 1),
(25, 471, 1, 1),
(25, 472, 1, 1),
(25, 476, 1, 1),
(25, 477, 1, 1),
(25, 478, 1, 1),
(25, 479, 1, 1),
(25, 481, 1, 1),
(25, 482, 1, 1),
(25, 483, 1, 1),
(25, 484, 1, 1),
(25, 485, 1, 1),
(25, 486, 1, 1),
(25, 487, 1, 1),
(25, 488, 1, 1),
(25, 489, 1, 1),
(25, 490, 1, 1),
(25, 491, 1, 1),
(25, 492, 0, 0),
(25, 493, 0, 0),
(25, 494, 0, 0),
(25, 495, 1, 1),
(25, 496, 1, 1),
(25, 497, 1, 1),
(25, 499, 0, 0),
(25, 500, 0, 0),
(25, 501, 0, 0),
(25, 502, 0, 0),
(25, 503, 1, 1),
(25, 504, 1, 1),
(25, 505, 1, 1),
(25, 506, 1, 1),
(25, 511, 1, 1),
(25, 512, 1, 1),
(25, 513, 1, 1),
(25, 514, 1, 1),
(25, 515, 0, 0),
(25, 516, 0, 0),
(25, 519, 0, 0),
(25, 520, 0, 0),
(25, 521, 0, 0),
(25, 523, 0, 0),
(25, 524, 0, 0),
(25, 525, 0, 0),
(25, 526, 0, 0),
(25, 527, 1, 1),
(25, 528, 1, 1),
(25, 529, 1, 1),
(25, 530, 1, 1),
(25, 531, 1, 1),
(25, 532, 1, 1),
(25, 533, 1, 1),
(25, 534, 1, 1),
(25, 536, 0, 0),
(25, 537, 0, 0),
(25, 538, 0, 0),
(25, 552, 0, 0),
(25, 568, 1, 1),
(25, 590, 1, 1),
(25, 591, 1, 1),
(25, 592, 1, 1),
(25, 593, 0, 0),
(25, 594, 0, 0),
(25, 595, 0, 0),
(25, 612, 0, 0),
(25, 613, 0, 0),
(25, 614, 0, 0),
(25, 615, 0, 0),
(25, 616, 0, 0),
(25, 617, 0, 0),
(25, 618, 0, 0),
(25, 620, 0, 0),
(25, 621, 0, 0),
(25, 626, 1, 1),
(25, 640, 0, 0),
(25, 642, 0, 0),
(25, 644, 0, 0),
(25, 645, 0, 0),
(25, 647, 0, 0),
(25, 648, 0, 0),
(25, 649, 0, 0),
(25, 655, 1, 1),
(25, 656, 1, 1),
(25, 657, 1, 1),
(25, 658, 1, 1),
(25, 659, 1, 1),
(25, 660, 1, 1),
(25, 661, 0, 0),
(25, 663, 0, 0),
(25, 665, 0, 0),
(25, 666, 0, 0),
(25, 667, 0, 0),
(25, 668, 0, 0),
(25, 669, 0, 0),
(25, 670, 0, 0),
(25, 671, 0, 0),
(25, 675, 0, 0),
(25, 676, 0, 0),
(25, 677, 0, 0),
(25, 678, 0, 0),
(25, 679, 0, 0),
(25, 685, 0, 0),
(25, 686, 0, 0),
(25, 688, 0, 0),
(25, 699, 1, 1),
(25, 700, 1, 1),
(25, 710, 0, 0),
(25, 711, 0, 0),
(25, 712, 1, 1),
(25, 713, 1, 1),
(25, 714, 1, 1),
(25, 720, 1, 1),
(25, 721, 1, 1),
(25, 725, 0, 0),
(25, 726, 0, 0),
(25, 730, 0, 0),
(25, 731, 0, 0),
(25, 733, 0, 0),
(25, 734, 0, 0),
(25, 748, 0, 0),
(25, 749, 0, 0),
(25, 758, 0, 0),
(25, 759, 0, 0),
(25, 760, 0, 0),
(25, 761, 1, 1),
(25, 762, 0, 0),
(25, 763, 0, 0),
(25, 764, 0, 0),
(25, 765, 1, 1),
(25, 766, 1, 1),
(25, 769, 0, 0),
(25, 770, 0, 0),
(25, 773, 1, 1),
(25, 774, 1, 1),
(25, 777, 1, 1),
(25, 778, 1, 1),
(25, 779, 0, 0),
(25, 780, 0, 0),
(25, 781, 0, 0),
(25, 782, 0, 0),
(25, 783, 0, 0),
(25, 784, 0, 0),
(25, 785, 0, 0),
(25, 786, 0, 0),
(25, 787, 0, 0),
(25, 788, 0, 0),
(25, 789, 1, 1),
(25, 790, 1, 1),
(25, 791, 1, 1),
(25, 792, 1, 1),
(25, 793, 1, 1),
(25, 794, 1, 1),
(25, 795, 1, 1),
(25, 796, 0, 0),
(26, 251, 1, 1),
(26, 259, 1, 1),
(26, 261, 1, 1),
(26, 265, 1, 1),
(26, 284, 1, 1),
(26, 285, 1, 1),
(26, 288, 1, 1),
(26, 293, 1, 1),
(26, 300, 1, 1),
(26, 313, 0, 0),
(26, 314, 0, 0),
(26, 319, 1, 1),
(26, 320, 0, 0),
(26, 321, 0, 0),
(26, 324, 1, 1),
(26, 326, 1, 1),
(26, 327, 1, 1),
(26, 328, 1, 1),
(26, 329, 1, 1),
(26, 330, 1, 1),
(26, 331, 1, 1),
(26, 332, 1, 1),
(26, 333, 1, 1),
(26, 355, 1, 1),
(26, 356, 1, 1),
(26, 358, 0, 0),
(26, 359, 1, 1),
(26, 360, 1, 1),
(26, 361, 0, 0),
(26, 363, 0, 0),
(26, 371, 0, 0),
(26, 375, 0, 0),
(26, 376, 0, 0),
(26, 377, 0, 0),
(26, 378, 0, 0),
(26, 379, 0, 0),
(26, 389, 1, 1),
(26, 393, 1, 1),
(26, 401, 0, 0),
(26, 405, 0, 0),
(26, 406, 0, 0),
(26, 407, 0, 0),
(26, 408, 0, 0),
(26, 409, 0, 0),
(26, 412, 0, 0),
(26, 418, 1, 1),
(26, 424, 0, 0),
(26, 425, 0, 0),
(26, 427, 1, 1),
(26, 428, 1, 1),
(26, 429, 1, 1),
(26, 430, 1, 1),
(26, 434, 0, 0),
(26, 435, 0, 0),
(26, 436, 0, 0),
(26, 438, 1, 1),
(26, 439, 1, 1),
(26, 440, 1, 1),
(26, 441, 1, 1),
(26, 446, 0, 0),
(26, 448, 0, 0),
(26, 449, 0, 0),
(26, 451, 0, 0),
(26, 452, 0, 0),
(26, 453, 0, 0),
(26, 454, 0, 0),
(26, 455, 0, 0),
(26, 456, 0, 0),
(26, 459, 1, 1),
(26, 460, 1, 1),
(26, 461, 1, 1),
(26, 463, 1, 1),
(26, 466, 1, 1),
(26, 467, 1, 1),
(26, 468, 1, 1),
(26, 470, 1, 1),
(26, 471, 1, 1),
(26, 472, 1, 1),
(26, 476, 1, 1),
(26, 477, 1, 1),
(26, 478, 1, 1),
(26, 479, 1, 1),
(26, 481, 1, 1),
(26, 482, 1, 1),
(26, 483, 1, 1),
(26, 484, 1, 1),
(26, 485, 1, 1),
(26, 486, 1, 1),
(26, 487, 1, 1),
(26, 488, 1, 1),
(26, 489, 1, 1),
(26, 490, 1, 1),
(26, 491, 1, 1),
(26, 492, 0, 0),
(26, 493, 0, 0),
(26, 494, 0, 0),
(26, 495, 1, 1),
(26, 496, 1, 1),
(26, 497, 1, 1),
(26, 499, 0, 0),
(26, 500, 0, 0),
(26, 501, 0, 0),
(26, 502, 0, 0),
(26, 503, 1, 1),
(26, 504, 1, 1),
(26, 505, 1, 1),
(26, 506, 1, 1),
(26, 511, 1, 1),
(26, 512, 1, 1),
(26, 513, 1, 1),
(26, 514, 1, 1),
(26, 515, 0, 0),
(26, 516, 0, 0),
(26, 519, 0, 0),
(26, 520, 0, 0),
(26, 521, 0, 0),
(26, 523, 0, 0),
(26, 524, 0, 0),
(26, 525, 0, 0),
(26, 526, 0, 0),
(26, 527, 1, 1),
(26, 528, 1, 1),
(26, 529, 1, 1),
(26, 530, 1, 1),
(26, 531, 1, 1),
(26, 532, 1, 1),
(26, 533, 1, 1),
(26, 534, 1, 1),
(26, 536, 0, 0),
(26, 537, 0, 0),
(26, 538, 0, 0),
(26, 552, 0, 0),
(26, 568, 1, 1),
(26, 590, 1, 1),
(26, 591, 1, 1),
(26, 592, 1, 1),
(26, 593, 0, 0),
(26, 594, 0, 0),
(26, 595, 0, 0),
(26, 612, 0, 0),
(26, 613, 0, 0),
(26, 614, 0, 0),
(26, 615, 0, 0),
(26, 616, 0, 0),
(26, 617, 0, 0),
(26, 618, 0, 0),
(26, 620, 0, 0),
(26, 621, 0, 0),
(26, 626, 0, 0),
(26, 640, 0, 0),
(26, 642, 0, 0),
(26, 644, 1, 1),
(26, 645, 0, 0),
(26, 647, 0, 0),
(26, 648, 0, 0),
(26, 649, 0, 0),
(26, 655, 1, 1),
(26, 656, 1, 1),
(26, 657, 1, 1),
(26, 658, 1, 1),
(26, 659, 1, 1),
(26, 660, 1, 1),
(26, 661, 1, 1),
(26, 663, 0, 0),
(26, 665, 0, 0),
(26, 666, 0, 0),
(26, 667, 0, 0),
(26, 668, 0, 0),
(26, 669, 0, 0),
(26, 670, 0, 0),
(26, 671, 0, 0),
(26, 675, 1, 1),
(26, 676, 1, 1),
(26, 677, 1, 1),
(26, 678, 1, 1),
(26, 679, 1, 1),
(26, 685, 0, 0),
(26, 686, 0, 0),
(26, 688, 0, 0),
(26, 699, 1, 1),
(26, 700, 1, 1),
(26, 710, 0, 0),
(26, 711, 0, 0),
(26, 712, 1, 1),
(26, 713, 1, 1),
(26, 714, 1, 1),
(26, 720, 1, 1),
(26, 721, 1, 1),
(26, 725, 0, 0),
(26, 726, 0, 0),
(26, 730, 0, 0),
(26, 731, 0, 0),
(26, 733, 0, 0),
(26, 734, 0, 0),
(26, 748, 0, 0),
(26, 749, 0, 0),
(26, 758, 1, 1),
(26, 759, 0, 0),
(26, 760, 0, 0),
(26, 761, 1, 1),
(26, 762, 0, 0),
(26, 763, 0, 0),
(26, 764, 0, 0),
(26, 765, 1, 1),
(26, 766, 1, 1),
(26, 769, 0, 0),
(26, 770, 0, 0),
(26, 773, 1, 1),
(26, 774, 1, 1),
(26, 777, 1, 1),
(26, 778, 1, 1),
(26, 779, 0, 0),
(26, 780, 0, 0),
(26, 781, 0, 0),
(26, 782, 0, 0),
(26, 783, 0, 0),
(26, 784, 0, 0),
(26, 785, 0, 0),
(26, 786, 0, 0),
(26, 787, 0, 0),
(26, 788, 0, 0),
(26, 789, 1, 1),
(26, 790, 1, 1),
(26, 791, 1, 1),
(26, 792, 1, 1),
(26, 793, 1, 1),
(26, 794, 1, 1),
(26, 795, 1, 1),
(26, 796, 0, 0),
(27, 251, 1, 1),
(27, 259, 1, 1),
(27, 261, 1, 1),
(27, 265, 1, 1),
(27, 284, 1, 1),
(27, 285, 1, 1),
(27, 288, 1, 1),
(27, 293, 1, 1),
(27, 300, 1, 1),
(27, 313, 0, 0),
(27, 314, 0, 0),
(27, 319, 1, 1),
(27, 320, 0, 0),
(27, 321, 0, 0),
(27, 324, 1, 1),
(27, 326, 1, 1),
(27, 327, 1, 1),
(27, 328, 1, 1),
(27, 329, 1, 1),
(27, 330, 1, 1),
(27, 331, 1, 1),
(27, 332, 1, 1),
(27, 333, 1, 1),
(27, 355, 1, 1),
(27, 356, 1, 1),
(27, 358, 0, 0),
(27, 359, 1, 1),
(27, 360, 1, 1),
(27, 361, 0, 0),
(27, 363, 0, 0),
(27, 371, 0, 0),
(27, 375, 0, 0),
(27, 376, 0, 0),
(27, 377, 0, 0),
(27, 378, 0, 0),
(27, 379, 0, 0),
(27, 389, 1, 1),
(27, 393, 1, 1),
(27, 401, 0, 0),
(27, 405, 0, 0),
(27, 406, 0, 0),
(27, 407, 0, 0),
(27, 408, 0, 0),
(27, 409, 0, 0),
(27, 412, 0, 0),
(27, 418, 1, 1),
(27, 424, 0, 0),
(27, 425, 0, 0),
(27, 427, 1, 1),
(27, 428, 1, 1),
(27, 429, 1, 1),
(27, 430, 1, 1),
(27, 434, 0, 0),
(27, 435, 0, 0),
(27, 436, 0, 0),
(27, 438, 1, 1),
(27, 439, 1, 1),
(27, 440, 1, 1),
(27, 441, 1, 1),
(27, 446, 0, 0),
(27, 448, 0, 0),
(27, 449, 0, 0),
(27, 451, 0, 0),
(27, 452, 0, 0),
(27, 453, 0, 0),
(27, 454, 0, 0),
(27, 455, 0, 0),
(27, 456, 0, 0),
(27, 459, 1, 1),
(27, 460, 1, 1),
(27, 461, 1, 1),
(27, 463, 1, 1),
(27, 466, 1, 1),
(27, 467, 1, 1),
(27, 468, 1, 1),
(27, 470, 1, 1),
(27, 471, 1, 1),
(27, 472, 1, 1),
(27, 476, 1, 1),
(27, 477, 1, 1),
(27, 478, 1, 1),
(27, 479, 1, 1),
(27, 481, 1, 1),
(27, 482, 1, 1),
(27, 483, 1, 1),
(27, 484, 1, 1),
(27, 485, 1, 1),
(27, 486, 1, 1),
(27, 487, 1, 1),
(27, 488, 1, 1),
(27, 489, 1, 1),
(27, 490, 1, 1),
(27, 491, 1, 1),
(27, 492, 0, 0),
(27, 493, 0, 0),
(27, 494, 0, 0),
(27, 495, 1, 1),
(27, 496, 1, 1),
(27, 497, 1, 1),
(27, 499, 0, 0),
(27, 500, 0, 0),
(27, 501, 0, 0),
(27, 502, 0, 0),
(27, 503, 1, 1),
(27, 504, 1, 1),
(27, 505, 1, 1),
(27, 506, 1, 1),
(27, 511, 1, 1),
(27, 512, 1, 1),
(27, 513, 1, 1),
(27, 514, 1, 1),
(27, 515, 0, 0),
(27, 516, 0, 0),
(27, 519, 0, 0),
(27, 520, 0, 0),
(27, 521, 0, 0),
(27, 523, 0, 0),
(27, 524, 0, 0),
(27, 525, 0, 0),
(27, 526, 0, 0),
(27, 527, 1, 1),
(27, 528, 1, 1),
(27, 529, 1, 1),
(27, 530, 1, 1),
(27, 531, 1, 1),
(27, 532, 1, 1),
(27, 533, 1, 1),
(27, 534, 1, 1),
(27, 536, 0, 0),
(27, 537, 0, 0),
(27, 538, 0, 0),
(27, 552, 0, 0),
(27, 568, 1, 1),
(27, 590, 1, 1),
(27, 591, 1, 1),
(27, 592, 1, 1),
(27, 593, 0, 0),
(27, 594, 0, 0),
(27, 595, 0, 0),
(27, 609, 1, 1),
(27, 612, 0, 0),
(27, 613, 0, 0),
(27, 614, 0, 0),
(27, 615, 0, 0),
(27, 616, 0, 0),
(27, 617, 0, 0),
(27, 618, 0, 0),
(27, 620, 0, 0),
(27, 621, 0, 0),
(27, 626, 0, 0),
(27, 640, 0, 0),
(27, 642, 0, 0),
(27, 644, 0, 0),
(27, 645, 0, 0),
(27, 647, 0, 0),
(27, 648, 0, 0),
(27, 649, 0, 0),
(27, 655, 1, 1),
(27, 656, 1, 1),
(27, 657, 1, 1),
(27, 658, 1, 1),
(27, 659, 1, 1),
(27, 660, 1, 1),
(27, 661, 1, 1),
(27, 663, 0, 0),
(27, 665, 0, 0),
(27, 666, 0, 0),
(27, 667, 0, 0),
(27, 668, 0, 0),
(27, 669, 0, 0),
(27, 670, 0, 0),
(27, 671, 0, 0),
(27, 675, 1, 1),
(27, 676, 1, 1),
(27, 677, 1, 1),
(27, 678, 1, 1),
(27, 679, 1, 1),
(27, 685, 0, 0),
(27, 686, 0, 0),
(27, 688, 0, 0),
(27, 699, 1, 1),
(27, 700, 1, 1),
(27, 710, 0, 0),
(27, 711, 0, 0),
(27, 712, 1, 1),
(27, 713, 1, 1),
(27, 714, 1, 1),
(27, 720, 1, 1),
(27, 721, 1, 1),
(27, 725, 0, 0),
(27, 726, 0, 0),
(27, 730, 0, 0),
(27, 731, 0, 0),
(27, 733, 0, 0),
(27, 734, 0, 0),
(27, 748, 0, 0),
(27, 749, 0, 0),
(27, 758, 1, 1),
(27, 759, 0, 0),
(27, 760, 0, 0),
(27, 761, 1, 1),
(27, 762, 0, 0),
(27, 763, 0, 0),
(27, 764, 0, 0),
(27, 765, 1, 1),
(27, 766, 1, 1),
(27, 769, 0, 0),
(27, 770, 0, 0),
(27, 773, 1, 1),
(27, 774, 1, 1),
(27, 777, 1, 1),
(27, 778, 1, 1),
(27, 779, 0, 0),
(27, 780, 0, 0),
(27, 781, 0, 0),
(27, 782, 0, 0),
(27, 783, 0, 0),
(27, 784, 0, 0),
(27, 785, 0, 0),
(27, 786, 0, 0),
(27, 787, 0, 0),
(27, 788, 0, 0),
(27, 789, 1, 1),
(27, 790, 1, 1),
(27, 791, 1, 1),
(27, 792, 1, 1),
(27, 793, 1, 1),
(27, 794, 1, 1),
(27, 795, 1, 1),
(27, 796, 0, 0),
(29, 251, 1, 1),
(29, 259, 1, 1),
(29, 261, 1, 1),
(29, 265, 1, 1),
(29, 284, 1, 1),
(29, 285, 1, 1),
(29, 288, 1, 1),
(29, 293, 1, 1),
(29, 300, 1, 1),
(29, 313, 0, 0),
(29, 314, 0, 0),
(29, 319, 1, 1),
(29, 320, 0, 0),
(29, 321, 0, 0),
(29, 324, 1, 1),
(29, 326, 1, 1),
(29, 327, 1, 1),
(29, 328, 1, 1),
(29, 329, 1, 1),
(29, 330, 1, 1),
(29, 331, 1, 1),
(29, 332, 1, 1),
(29, 333, 1, 1),
(29, 355, 1, 1),
(29, 356, 1, 1),
(29, 358, 0, 0),
(29, 359, 1, 1),
(29, 360, 1, 1),
(29, 361, 0, 0),
(29, 363, 0, 0),
(29, 371, 0, 0),
(29, 375, 0, 0),
(29, 376, 0, 0),
(29, 377, 0, 0),
(29, 378, 0, 0),
(29, 379, 0, 0),
(29, 389, 1, 1),
(29, 393, 0, 0),
(29, 401, 0, 0),
(29, 405, 0, 0),
(29, 406, 0, 0),
(29, 407, 0, 0),
(29, 408, 0, 0),
(29, 409, 0, 0),
(29, 412, 0, 0),
(29, 418, 1, 1),
(29, 424, 0, 0),
(29, 425, 0, 0),
(29, 427, 1, 0),
(29, 428, 1, 0),
(29, 429, 1, 0),
(29, 430, 1, 0),
(29, 434, 0, 0),
(29, 435, 0, 0),
(29, 436, 0, 0),
(29, 438, 1, 1),
(29, 439, 1, 1),
(29, 440, 1, 1),
(29, 441, 1, 1),
(29, 446, 0, 0),
(29, 448, 0, 0),
(29, 449, 0, 0),
(29, 451, 0, 0),
(29, 452, 0, 0),
(29, 453, 0, 0),
(29, 454, 0, 0),
(29, 455, 0, 0),
(29, 456, 0, 0),
(29, 459, 1, 1),
(29, 460, 1, 1),
(29, 461, 1, 1),
(29, 463, 1, 0),
(29, 466, 1, 0),
(29, 467, 1, 0),
(29, 468, 1, 0),
(29, 470, 1, 0),
(29, 471, 1, 0),
(29, 472, 1, 0),
(29, 476, 1, 1),
(29, 477, 1, 1),
(29, 478, 1, 1),
(29, 479, 1, 1),
(29, 481, 1, 1),
(29, 482, 1, 1),
(29, 483, 1, 1),
(29, 484, 1, 1),
(29, 485, 1, 1),
(29, 486, 1, 1),
(29, 487, 1, 1),
(29, 488, 1, 1),
(29, 489, 1, 1),
(29, 490, 1, 1),
(29, 491, 1, 1),
(29, 492, 0, 0),
(29, 493, 0, 0),
(29, 494, 0, 0),
(29, 495, 1, 1),
(29, 496, 1, 1),
(29, 497, 1, 1),
(29, 499, 0, 0),
(29, 500, 0, 0),
(29, 501, 0, 0),
(29, 502, 0, 0),
(29, 503, 1, 1),
(29, 504, 1, 1),
(29, 505, 1, 1),
(29, 506, 1, 1),
(29, 511, 1, 1),
(29, 512, 1, 1),
(29, 513, 1, 1),
(29, 514, 1, 1),
(29, 515, 0, 0),
(29, 516, 0, 0),
(29, 519, 0, 0),
(29, 520, 0, 0),
(29, 521, 0, 0),
(29, 523, 0, 0),
(29, 524, 0, 0),
(29, 525, 0, 0),
(29, 526, 0, 0),
(29, 527, 1, 1),
(29, 528, 1, 1),
(29, 529, 1, 1),
(29, 530, 1, 1),
(29, 531, 1, 0),
(29, 532, 1, 0),
(29, 533, 1, 0),
(29, 534, 1, 0),
(29, 536, 0, 0),
(29, 537, 0, 0),
(29, 538, 0, 0),
(29, 552, 0, 0),
(29, 568, 1, 1),
(29, 590, 0, 0),
(29, 591, 0, 0),
(29, 592, 0, 0),
(29, 593, 0, 0),
(29, 594, 0, 0),
(29, 595, 0, 0),
(29, 612, 0, 0),
(29, 613, 0, 0),
(29, 614, 0, 0),
(29, 615, 0, 0),
(29, 616, 0, 0),
(29, 617, 0, 0),
(29, 618, 0, 0),
(29, 620, 0, 0),
(29, 621, 0, 0),
(29, 626, 0, 0),
(29, 640, 0, 0),
(29, 642, 0, 0),
(29, 644, 0, 0),
(29, 645, 0, 0),
(29, 647, 0, 0),
(29, 648, 0, 0),
(29, 649, 0, 0),
(29, 655, 1, 1),
(29, 656, 1, 1),
(29, 657, 1, 1),
(29, 658, 1, 1),
(29, 659, 1, 1),
(29, 660, 1, 1),
(29, 661, 0, 0),
(29, 663, 0, 0),
(29, 665, 0, 0),
(29, 666, 0, 0),
(29, 667, 0, 0),
(29, 668, 0, 0),
(29, 669, 0, 0),
(29, 670, 0, 0),
(29, 671, 0, 0),
(29, 675, 0, 0),
(29, 676, 0, 0),
(29, 677, 0, 0),
(29, 678, 0, 0),
(29, 679, 0, 0),
(29, 685, 0, 0),
(29, 686, 0, 0),
(29, 688, 0, 0),
(29, 699, 1, 1),
(29, 700, 1, 1),
(29, 710, 0, 0),
(29, 711, 0, 0),
(29, 712, 0, 0),
(29, 713, 0, 0),
(29, 714, 0, 0),
(29, 720, 1, 1),
(29, 721, 1, 1),
(29, 725, 0, 0),
(29, 726, 0, 0),
(29, 730, 0, 0),
(29, 731, 0, 0),
(29, 733, 0, 0),
(29, 734, 0, 0),
(29, 748, 0, 0),
(29, 749, 0, 0),
(29, 758, 0, 0),
(29, 759, 0, 0),
(29, 760, 0, 0),
(29, 761, 1, 1),
(29, 762, 0, 0),
(29, 763, 0, 0),
(29, 764, 0, 0),
(29, 765, 1, 1),
(29, 766, 1, 1),
(29, 769, 0, 0),
(29, 770, 0, 0),
(29, 773, 1, 1),
(29, 774, 1, 1),
(29, 777, 1, 1),
(29, 778, 1, 1),
(29, 779, 0, 0),
(29, 780, 0, 0),
(29, 781, 0, 0),
(29, 782, 0, 0),
(29, 783, 0, 0),
(29, 784, 0, 0),
(29, 785, 0, 0),
(29, 786, 0, 0),
(29, 787, 0, 0),
(29, 788, 0, 0),
(29, 789, 1, 1),
(29, 790, 1, 1),
(29, 791, 1, 1),
(29, 792, 1, 1),
(29, 793, 1, 1),
(29, 794, 1, 1),
(29, 795, 1, 1),
(29, 796, 0, 0),
(30, 251, 1, 1),
(30, 259, 1, 1),
(30, 261, 1, 1),
(30, 265, 1, 1),
(30, 284, 1, 1),
(30, 285, 1, 1),
(30, 288, 1, 1),
(30, 293, 1, 1),
(30, 300, 1, 1),
(30, 313, 0, 0),
(30, 314, 0, 0),
(30, 319, 1, 1),
(30, 320, 0, 0),
(30, 321, 0, 0),
(30, 324, 1, 1),
(30, 326, 1, 1),
(30, 327, 1, 1),
(30, 328, 1, 1),
(30, 329, 1, 1),
(30, 330, 1, 1),
(30, 331, 1, 1),
(30, 332, 1, 1),
(30, 333, 1, 1),
(30, 355, 1, 1),
(30, 356, 1, 1),
(30, 358, 0, 0),
(30, 359, 1, 1),
(30, 360, 1, 1),
(30, 361, 0, 0),
(30, 363, 0, 0),
(30, 371, 0, 0),
(30, 375, 0, 0),
(30, 376, 0, 0),
(30, 377, 0, 0),
(30, 378, 0, 0),
(30, 379, 0, 0),
(30, 389, 1, 1),
(30, 393, 1, 1),
(30, 401, 0, 0),
(30, 405, 0, 0),
(30, 406, 0, 0),
(30, 407, 0, 0),
(30, 408, 0, 0),
(30, 409, 0, 0),
(30, 412, 0, 0),
(30, 418, 1, 1),
(30, 424, 0, 0),
(30, 425, 0, 0),
(30, 427, 1, 0),
(30, 428, 1, 0),
(30, 429, 1, 0),
(30, 430, 1, 0),
(30, 434, 0, 0),
(30, 435, 0, 0),
(30, 436, 0, 0),
(30, 438, 1, 1),
(30, 439, 1, 1),
(30, 440, 1, 1),
(30, 441, 1, 1),
(30, 446, 0, 0),
(30, 448, 0, 0),
(30, 449, 0, 0),
(30, 451, 0, 0),
(30, 452, 0, 0),
(30, 453, 0, 0),
(30, 454, 0, 0),
(30, 455, 0, 0),
(30, 456, 0, 0),
(30, 459, 1, 1),
(30, 460, 1, 1),
(30, 461, 1, 1),
(30, 463, 1, 0),
(30, 466, 1, 0),
(30, 467, 1, 0),
(30, 468, 1, 0),
(30, 470, 1, 0),
(30, 471, 1, 0),
(30, 472, 1, 0),
(30, 476, 1, 1),
(30, 477, 1, 1),
(30, 478, 1, 1),
(30, 479, 1, 1),
(30, 481, 1, 1),
(30, 482, 1, 1),
(30, 483, 1, 1),
(30, 484, 1, 1),
(30, 485, 1, 1),
(30, 486, 1, 1),
(30, 487, 1, 1),
(30, 488, 1, 1),
(30, 489, 1, 1),
(30, 490, 1, 1),
(30, 491, 1, 1),
(30, 492, 0, 0),
(30, 493, 0, 0),
(30, 494, 0, 0),
(30, 495, 1, 1),
(30, 496, 1, 1),
(30, 497, 1, 1),
(30, 499, 0, 0),
(30, 500, 0, 0),
(30, 501, 0, 0),
(30, 502, 0, 0),
(30, 503, 1, 1),
(30, 504, 1, 1),
(30, 505, 1, 1),
(30, 506, 1, 1),
(30, 511, 1, 1),
(30, 512, 1, 1),
(30, 513, 1, 1),
(30, 514, 1, 1),
(30, 515, 0, 0),
(30, 516, 0, 0),
(30, 519, 0, 0),
(30, 520, 0, 0),
(30, 521, 0, 0),
(30, 523, 0, 0),
(30, 524, 0, 0),
(30, 525, 0, 0),
(30, 526, 0, 0),
(30, 527, 1, 1),
(30, 528, 1, 1),
(30, 529, 1, 1),
(30, 530, 1, 1),
(30, 531, 1, 0),
(30, 532, 1, 0),
(30, 533, 1, 0),
(30, 534, 1, 0),
(30, 536, 0, 0),
(30, 537, 0, 0),
(30, 538, 0, 0),
(30, 552, 0, 0),
(30, 568, 1, 1),
(30, 590, 1, 1),
(30, 591, 1, 1),
(30, 592, 1, 1),
(30, 593, 0, 0),
(30, 594, 0, 0),
(30, 595, 0, 0),
(30, 609, 1, 1),
(30, 612, 0, 0),
(30, 613, 0, 0),
(30, 614, 0, 0),
(30, 615, 0, 0),
(30, 616, 0, 0),
(30, 617, 0, 0),
(30, 618, 0, 0),
(30, 620, 0, 0),
(30, 621, 0, 0),
(30, 626, 0, 0),
(30, 640, 0, 0),
(30, 642, 0, 0),
(30, 644, 1, 1),
(30, 645, 0, 0),
(30, 647, 0, 0),
(30, 648, 0, 0),
(30, 649, 0, 0),
(30, 655, 1, 1),
(30, 656, 1, 1),
(30, 657, 1, 1),
(30, 658, 1, 1),
(30, 659, 1, 1),
(30, 660, 1, 1),
(30, 661, 0, 0),
(30, 663, 0, 0),
(30, 665, 0, 0),
(30, 666, 0, 0),
(30, 667, 0, 0),
(30, 668, 0, 0),
(30, 669, 0, 0),
(30, 670, 0, 0),
(30, 671, 0, 0),
(30, 675, 0, 0),
(30, 676, 0, 0),
(30, 677, 0, 0),
(30, 678, 0, 0),
(30, 679, 0, 0),
(30, 685, 0, 0),
(30, 686, 0, 0),
(30, 688, 0, 0),
(30, 699, 1, 1),
(30, 700, 1, 1),
(30, 710, 0, 0),
(30, 711, 0, 0),
(30, 712, 1, 1),
(30, 713, 1, 1),
(30, 714, 1, 1),
(30, 720, 1, 1),
(30, 721, 1, 1),
(30, 725, 0, 0),
(30, 726, 0, 0),
(30, 730, 0, 0),
(30, 731, 0, 0),
(30, 733, 0, 0),
(30, 734, 0, 0),
(30, 748, 0, 0),
(30, 749, 0, 0),
(30, 758, 0, 0),
(30, 759, 0, 0),
(30, 760, 0, 0),
(30, 761, 1, 1),
(30, 762, 0, 0),
(30, 763, 0, 0),
(30, 764, 0, 0),
(30, 765, 1, 1),
(30, 766, 1, 1),
(30, 769, 0, 0),
(30, 770, 0, 0),
(30, 773, 1, 1),
(30, 774, 1, 1),
(30, 777, 1, 1),
(30, 778, 1, 1),
(30, 779, 0, 0),
(30, 780, 0, 0),
(30, 781, 0, 0),
(30, 782, 0, 0),
(30, 783, 0, 0),
(30, 784, 0, 0),
(30, 785, 0, 0),
(30, 786, 0, 0),
(30, 787, 0, 0),
(30, 788, 0, 0),
(30, 789, 1, 1),
(30, 790, 1, 1),
(30, 791, 1, 1),
(30, 792, 1, 1),
(30, 793, 1, 1),
(30, 794, 1, 1),
(30, 795, 1, 1),
(30, 796, 0, 0),
(31, 251, 1, 1),
(31, 259, 1, 1),
(31, 261, 1, 1),
(31, 265, 1, 1),
(31, 284, 1, 1),
(31, 285, 1, 1),
(31, 288, 1, 1),
(31, 293, 1, 1),
(31, 300, 1, 1),
(31, 313, 0, 0),
(31, 314, 0, 0),
(31, 319, 1, 1),
(31, 320, 0, 0),
(31, 321, 0, 0),
(31, 324, 1, 1),
(31, 326, 1, 1),
(31, 327, 1, 1),
(31, 328, 1, 1),
(31, 329, 1, 1),
(31, 330, 1, 1),
(31, 331, 1, 1),
(31, 332, 1, 1),
(31, 333, 1, 1),
(31, 355, 1, 1),
(31, 356, 1, 1),
(31, 358, 0, 0),
(31, 359, 1, 1),
(31, 360, 1, 1),
(31, 361, 0, 0),
(31, 363, 0, 0),
(31, 371, 0, 0),
(31, 375, 0, 0),
(31, 376, 0, 0),
(31, 377, 0, 0),
(31, 378, 0, 0),
(31, 379, 0, 0),
(31, 389, 1, 1),
(31, 393, 1, 1),
(31, 401, 0, 0),
(31, 405, 0, 0),
(31, 406, 0, 0),
(31, 407, 0, 0),
(31, 408, 0, 0),
(31, 409, 0, 0),
(31, 412, 0, 0),
(31, 418, 1, 1),
(31, 424, 0, 0),
(31, 425, 0, 0),
(31, 427, 1, 1),
(31, 428, 1, 1),
(31, 429, 1, 1),
(31, 430, 1, 1),
(31, 434, 0, 0),
(31, 435, 0, 0),
(31, 436, 0, 0),
(31, 438, 1, 1),
(31, 439, 1, 1),
(31, 440, 1, 1),
(31, 441, 1, 1),
(31, 446, 0, 0),
(31, 448, 0, 0),
(31, 449, 0, 0),
(31, 451, 0, 0),
(31, 452, 0, 0),
(31, 453, 0, 0),
(31, 454, 0, 0),
(31, 455, 0, 0),
(31, 456, 0, 0),
(31, 459, 1, 1),
(31, 460, 1, 1),
(31, 461, 1, 1),
(31, 463, 1, 1),
(31, 466, 1, 1),
(31, 467, 1, 1),
(31, 468, 1, 1),
(31, 470, 1, 1),
(31, 471, 1, 1),
(31, 472, 1, 1),
(31, 476, 1, 1),
(31, 477, 1, 1),
(31, 478, 1, 1),
(31, 479, 1, 1),
(31, 481, 1, 1),
(31, 482, 1, 1),
(31, 483, 1, 1),
(31, 484, 1, 1),
(31, 485, 1, 1),
(31, 486, 1, 1),
(31, 487, 1, 1),
(31, 488, 1, 1),
(31, 489, 1, 1),
(31, 490, 1, 1),
(31, 491, 1, 1),
(31, 492, 0, 0),
(31, 493, 0, 0),
(31, 494, 0, 0),
(31, 495, 1, 1),
(31, 496, 1, 1),
(31, 497, 1, 1),
(31, 499, 0, 0),
(31, 500, 0, 0),
(31, 501, 0, 0),
(31, 502, 0, 0),
(31, 503, 1, 1),
(31, 504, 1, 1),
(31, 505, 1, 1),
(31, 506, 1, 1),
(31, 511, 1, 1),
(31, 512, 1, 1),
(31, 513, 1, 1),
(31, 514, 1, 1),
(31, 515, 0, 0),
(31, 516, 0, 0),
(31, 519, 0, 0),
(31, 520, 0, 0),
(31, 521, 0, 0),
(31, 523, 0, 0),
(31, 524, 0, 0),
(31, 525, 0, 0),
(31, 526, 0, 0),
(31, 527, 1, 1),
(31, 528, 1, 1),
(31, 529, 1, 1),
(31, 530, 1, 1),
(31, 531, 1, 1),
(31, 532, 1, 1),
(31, 533, 1, 1),
(31, 534, 1, 1),
(31, 536, 0, 0),
(31, 537, 0, 0),
(31, 538, 0, 0),
(31, 552, 0, 0),
(31, 568, 1, 1),
(31, 590, 1, 1),
(31, 591, 1, 1),
(31, 592, 1, 1),
(31, 593, 0, 0),
(31, 594, 0, 0),
(31, 595, 0, 0),
(31, 596, 1, 1),
(31, 598, 1, 1),
(31, 599, 1, 1),
(31, 602, 1, 1),
(31, 604, 1, 1),
(31, 607, 1, 1),
(31, 610, 1, 1),
(31, 612, 1, 1),
(31, 613, 1, 1),
(31, 614, 1, 1),
(31, 615, 1, 1),
(31, 616, 0, 0),
(31, 617, 1, 1),
(31, 618, 1, 1),
(31, 620, 1, 1),
(31, 621, 1, 1),
(31, 622, 1, 1),
(31, 623, 1, 1),
(31, 624, 1, 1),
(31, 625, 1, 1),
(31, 626, 0, 0),
(31, 627, 1, 1),
(31, 628, 1, 1),
(31, 629, 1, 1),
(31, 630, 1, 1),
(31, 631, 1, 1),
(31, 632, 1, 1),
(31, 633, 1, 1),
(31, 634, 1, 1),
(31, 635, 1, 1),
(31, 636, 1, 1),
(31, 637, 1, 1),
(31, 638, 1, 1),
(31, 639, 1, 1),
(31, 640, 1, 1),
(31, 642, 0, 0),
(31, 644, 0, 0),
(31, 645, 1, 1),
(31, 647, 0, 0),
(31, 648, 0, 0),
(31, 649, 0, 0),
(31, 655, 1, 1),
(31, 656, 1, 1),
(31, 657, 1, 1),
(31, 658, 1, 1),
(31, 659, 1, 1),
(31, 660, 1, 1),
(31, 661, 0, 0),
(31, 663, 1, 1),
(31, 665, 1, 1),
(31, 666, 1, 1),
(31, 667, 1, 1),
(31, 668, 1, 1),
(31, 669, 1, 1),
(31, 670, 1, 1),
(31, 671, 0, 0),
(31, 675, 0, 0),
(31, 676, 0, 0),
(31, 677, 0, 0),
(31, 678, 0, 0),
(31, 679, 0, 0),
(31, 685, 1, 1),
(31, 686, 1, 1),
(31, 688, 1, 1),
(31, 690, 1, 1),
(31, 691, 1, 1),
(31, 699, 1, 1),
(31, 700, 1, 1),
(31, 710, 1, 1),
(31, 711, 1, 1),
(31, 712, 1, 1),
(31, 713, 1, 1),
(31, 714, 1, 1),
(31, 720, 1, 1),
(31, 721, 1, 1),
(31, 725, 0, 0),
(31, 726, 0, 0),
(31, 730, 0, 0),
(31, 731, 0, 0),
(31, 733, 0, 0),
(31, 734, 0, 0),
(31, 748, 0, 0),
(31, 749, 0, 0),
(31, 758, 0, 0),
(31, 759, 0, 0),
(31, 760, 1, 1),
(31, 761, 1, 1),
(31, 762, 1, 1),
(31, 763, 1, 1),
(31, 764, 0, 0),
(31, 765, 1, 1),
(31, 766, 1, 1),
(31, 769, 0, 0),
(31, 770, 0, 0),
(31, 771, 1, 1),
(31, 772, 1, 1),
(31, 773, 1, 1),
(31, 774, 1, 1),
(31, 777, 1, 1),
(31, 778, 1, 1),
(31, 779, 0, 0),
(31, 780, 0, 0),
(31, 781, 1, 1),
(31, 782, 1, 1),
(31, 783, 1, 1),
(31, 784, 1, 1),
(31, 785, 1, 1),
(31, 786, 1, 1),
(31, 787, 1, 1),
(31, 788, 1, 1),
(31, 789, 1, 1),
(31, 790, 1, 1),
(31, 791, 1, 1),
(31, 792, 1, 1),
(31, 793, 1, 1),
(31, 794, 1, 1),
(31, 795, 1, 1),
(31, 796, 0, 0),
(31, 798, 1, 1),
(31, 800, 1, 1),
(31, 801, 1, 1),
(31, 802, 1, 1),
(32, 251, 1, 1),
(32, 259, 1, 1),
(32, 261, 1, 1),
(32, 265, 1, 1),
(32, 284, 1, 1),
(32, 285, 1, 1),
(32, 288, 1, 1),
(32, 293, 1, 1),
(32, 300, 1, 1),
(32, 313, 0, 0),
(32, 314, 0, 0),
(32, 319, 1, 1),
(32, 320, 0, 0),
(32, 321, 0, 0),
(32, 324, 1, 1),
(32, 326, 1, 1),
(32, 327, 1, 1),
(32, 328, 1, 1),
(32, 329, 1, 1),
(32, 330, 1, 1),
(32, 331, 1, 1),
(32, 332, 1, 1),
(32, 333, 1, 1),
(32, 355, 1, 1),
(32, 356, 1, 1),
(32, 358, 0, 0),
(32, 359, 1, 1),
(32, 360, 1, 1),
(32, 361, 0, 0),
(32, 363, 0, 0),
(32, 371, 0, 0),
(32, 375, 0, 0),
(32, 376, 0, 0),
(32, 377, 0, 0),
(32, 378, 0, 0),
(32, 379, 0, 0),
(32, 389, 1, 1),
(32, 393, 1, 1),
(32, 401, 0, 0),
(32, 405, 0, 0),
(32, 406, 0, 0),
(32, 407, 0, 0),
(32, 408, 0, 0),
(32, 409, 0, 0),
(32, 412, 0, 0),
(32, 418, 1, 1),
(32, 424, 0, 0),
(32, 425, 0, 0),
(32, 427, 1, 1),
(32, 428, 1, 1),
(32, 429, 1, 1),
(32, 430, 1, 1),
(32, 434, 0, 0),
(32, 435, 0, 0),
(32, 436, 0, 0),
(32, 438, 1, 1),
(32, 439, 1, 1),
(32, 440, 1, 1),
(32, 441, 1, 1),
(32, 446, 0, 0),
(32, 448, 0, 0),
(32, 449, 0, 0),
(32, 451, 0, 0),
(32, 452, 0, 0),
(32, 453, 0, 0),
(32, 454, 0, 0),
(32, 455, 0, 0),
(32, 456, 0, 0),
(32, 459, 1, 1),
(32, 460, 1, 1),
(32, 461, 1, 1),
(32, 463, 1, 1),
(32, 466, 1, 1),
(32, 467, 1, 1),
(32, 468, 1, 1),
(32, 470, 1, 1),
(32, 471, 1, 1),
(32, 472, 1, 1),
(32, 476, 1, 1),
(32, 477, 1, 1),
(32, 478, 1, 1),
(32, 479, 1, 1),
(32, 481, 1, 1),
(32, 482, 1, 1),
(32, 483, 1, 1),
(32, 484, 1, 1),
(32, 485, 1, 1),
(32, 486, 1, 1),
(32, 487, 1, 1),
(32, 488, 1, 1),
(32, 489, 1, 1),
(32, 490, 1, 1),
(32, 491, 1, 1),
(32, 492, 0, 0),
(32, 493, 0, 0),
(32, 494, 0, 0),
(32, 495, 1, 1),
(32, 496, 1, 1),
(32, 497, 1, 1),
(32, 499, 0, 0),
(32, 500, 0, 0),
(32, 501, 0, 0),
(32, 502, 0, 0),
(32, 503, 1, 1),
(32, 504, 1, 1),
(32, 505, 1, 1),
(32, 506, 1, 1),
(32, 511, 1, 1),
(32, 512, 1, 1),
(32, 513, 1, 1),
(32, 514, 1, 1),
(32, 515, 0, 0),
(32, 516, 0, 0),
(32, 519, 0, 0),
(32, 520, 0, 0),
(32, 521, 0, 0),
(32, 523, 0, 0),
(32, 524, 0, 0),
(32, 525, 0, 0),
(32, 526, 0, 0),
(32, 527, 1, 1),
(32, 528, 1, 1),
(32, 529, 1, 1),
(32, 530, 1, 1),
(32, 531, 1, 1),
(32, 532, 1, 1),
(32, 533, 1, 1),
(32, 534, 1, 1),
(32, 536, 0, 0),
(32, 537, 0, 0),
(32, 538, 0, 0),
(32, 552, 0, 0),
(32, 568, 1, 1),
(32, 590, 1, 1),
(32, 591, 1, 1),
(32, 592, 1, 1),
(32, 593, 0, 0),
(32, 594, 0, 0),
(32, 595, 0, 0),
(32, 596, 1, 1),
(32, 598, 1, 1),
(32, 599, 1, 1),
(32, 602, 1, 1),
(32, 604, 1, 1),
(32, 607, 1, 1),
(32, 610, 1, 1),
(32, 612, 1, 1),
(32, 613, 1, 1),
(32, 614, 1, 1),
(32, 615, 1, 1),
(32, 616, 0, 0),
(32, 617, 1, 1),
(32, 618, 1, 1),
(32, 620, 1, 1),
(32, 621, 1, 1),
(32, 622, 1, 1),
(32, 623, 1, 1),
(32, 624, 1, 1),
(32, 625, 1, 1),
(32, 626, 0, 0),
(32, 627, 1, 1),
(32, 628, 1, 1),
(32, 629, 1, 1),
(32, 630, 1, 1),
(32, 631, 1, 1),
(32, 632, 1, 1),
(32, 633, 1, 1),
(32, 634, 1, 1),
(32, 635, 1, 1),
(32, 636, 1, 1),
(32, 637, 1, 1),
(32, 638, 1, 1),
(32, 639, 1, 1),
(32, 640, 1, 1),
(32, 642, 0, 0),
(32, 644, 0, 0),
(32, 645, 0, 0),
(32, 647, 0, 0),
(32, 648, 0, 0),
(32, 649, 0, 0),
(32, 655, 1, 1),
(32, 656, 1, 1),
(32, 657, 1, 1),
(32, 658, 1, 1),
(32, 659, 1, 1),
(32, 660, 1, 1),
(32, 661, 0, 0),
(32, 663, 1, 1),
(32, 665, 1, 1),
(32, 666, 1, 1),
(32, 667, 0, 0),
(32, 668, 0, 0),
(32, 669, 0, 0),
(32, 670, 0, 0),
(32, 671, 0, 0),
(32, 675, 0, 0),
(32, 676, 0, 0),
(32, 677, 0, 0),
(32, 678, 0, 0),
(32, 679, 0, 0),
(32, 685, 1, 1),
(32, 686, 1, 1),
(32, 688, 1, 1),
(32, 690, 1, 1),
(32, 691, 1, 1),
(32, 699, 1, 1),
(32, 700, 1, 1),
(32, 710, 1, 1),
(32, 711, 1, 1),
(32, 712, 1, 1),
(32, 713, 1, 1),
(32, 714, 1, 1),
(32, 720, 1, 1),
(32, 721, 1, 1),
(32, 725, 0, 0),
(32, 726, 0, 0),
(32, 730, 0, 0),
(32, 731, 0, 0),
(32, 733, 0, 0),
(32, 734, 0, 0),
(32, 748, 0, 0),
(32, 749, 0, 0),
(32, 758, 0, 0),
(32, 759, 0, 0),
(32, 760, 1, 1),
(32, 761, 1, 1),
(32, 762, 1, 1),
(32, 763, 1, 1),
(32, 764, 0, 0),
(32, 765, 1, 1),
(32, 766, 1, 1),
(32, 769, 0, 0),
(32, 770, 0, 0),
(32, 771, 1, 1),
(32, 772, 1, 1),
(32, 773, 1, 1),
(32, 774, 1, 1),
(32, 777, 1, 1),
(32, 778, 1, 1),
(32, 779, 0, 0),
(32, 780, 0, 0),
(32, 781, 1, 1),
(32, 782, 1, 1),
(32, 783, 1, 1),
(32, 784, 1, 1),
(32, 785, 1, 1),
(32, 786, 1, 1),
(32, 787, 1, 1),
(32, 788, 1, 1),
(32, 789, 1, 1),
(32, 790, 1, 1),
(32, 791, 1, 1),
(32, 792, 1, 1),
(32, 793, 1, 1),
(32, 794, 1, 1),
(32, 795, 1, 1),
(32, 796, 0, 0),
(32, 798, 1, 1),
(32, 800, 1, 1),
(32, 801, 1, 1),
(32, 802, 1, 1),
(33, 251, 1, 1),
(33, 259, 1, 1),
(33, 261, 1, 1),
(33, 265, 1, 1),
(33, 284, 1, 1),
(33, 285, 1, 1),
(33, 288, 1, 1),
(33, 293, 1, 1),
(33, 300, 1, 1),
(33, 313, 0, 0),
(33, 314, 0, 0),
(33, 319, 1, 1),
(33, 320, 0, 0),
(33, 321, 0, 0),
(33, 324, 1, 1),
(33, 326, 1, 1),
(33, 327, 1, 1),
(33, 328, 1, 1),
(33, 329, 1, 1),
(33, 330, 1, 1),
(33, 331, 1, 1),
(33, 332, 1, 1),
(33, 333, 1, 1),
(33, 355, 1, 1),
(33, 356, 1, 1),
(33, 358, 0, 0),
(33, 359, 1, 1),
(33, 360, 1, 1),
(33, 361, 0, 0),
(33, 363, 0, 0),
(33, 371, 0, 0),
(33, 375, 0, 0),
(33, 376, 0, 0),
(33, 377, 0, 0),
(33, 378, 0, 0),
(33, 379, 0, 0),
(33, 389, 1, 1),
(33, 393, 1, 1),
(33, 401, 0, 0),
(33, 405, 0, 0),
(33, 406, 0, 0),
(33, 407, 0, 0),
(33, 408, 0, 0),
(33, 409, 0, 0),
(33, 412, 0, 0),
(33, 418, 1, 1),
(33, 424, 0, 0),
(33, 425, 0, 0),
(33, 427, 1, 1),
(33, 428, 1, 1),
(33, 429, 1, 1),
(33, 430, 1, 1),
(33, 434, 0, 0),
(33, 435, 0, 0),
(33, 436, 0, 0),
(33, 438, 1, 1),
(33, 439, 1, 1),
(33, 440, 1, 1),
(33, 441, 1, 1),
(33, 446, 0, 0),
(33, 448, 0, 0),
(33, 449, 0, 0),
(33, 451, 0, 0),
(33, 452, 0, 0),
(33, 453, 0, 0),
(33, 454, 0, 0),
(33, 455, 0, 0),
(33, 456, 0, 0),
(33, 459, 1, 1),
(33, 460, 1, 1),
(33, 461, 1, 1),
(33, 463, 1, 1),
(33, 466, 1, 1),
(33, 467, 1, 1),
(33, 468, 1, 1),
(33, 470, 1, 1),
(33, 471, 1, 1),
(33, 472, 1, 1),
(33, 476, 1, 1),
(33, 477, 1, 1),
(33, 478, 1, 1),
(33, 479, 1, 1),
(33, 481, 1, 1),
(33, 482, 1, 1),
(33, 483, 1, 1),
(33, 484, 1, 1),
(33, 485, 1, 1),
(33, 486, 1, 1),
(33, 487, 1, 1),
(33, 488, 1, 1),
(33, 489, 1, 1),
(33, 490, 1, 1),
(33, 491, 1, 1),
(33, 492, 0, 0),
(33, 493, 0, 0),
(33, 494, 0, 0),
(33, 495, 1, 1),
(33, 496, 1, 1),
(33, 497, 1, 1),
(33, 499, 0, 0),
(33, 500, 0, 0),
(33, 501, 0, 0),
(33, 502, 0, 0),
(33, 503, 1, 1),
(33, 504, 1, 1),
(33, 505, 1, 1),
(33, 506, 1, 1),
(33, 511, 1, 1),
(33, 512, 1, 1),
(33, 513, 1, 1),
(33, 514, 1, 1),
(33, 515, 0, 0),
(33, 516, 0, 0),
(33, 519, 0, 0),
(33, 520, 0, 0),
(33, 521, 0, 0),
(33, 523, 0, 0),
(33, 524, 0, 0),
(33, 525, 0, 0),
(33, 526, 0, 0),
(33, 527, 1, 1),
(33, 528, 1, 1),
(33, 529, 1, 1),
(33, 530, 1, 1),
(33, 531, 1, 1),
(33, 532, 1, 1),
(33, 533, 1, 1),
(33, 534, 1, 1),
(33, 536, 0, 0),
(33, 537, 0, 0),
(33, 538, 0, 0),
(33, 552, 0, 0),
(33, 568, 1, 1),
(33, 590, 1, 1),
(33, 591, 1, 1),
(33, 592, 1, 1),
(33, 593, 0, 0),
(33, 594, 0, 0),
(33, 595, 0, 0),
(33, 596, 1, 1),
(33, 598, 1, 1),
(33, 599, 1, 1),
(33, 602, 1, 1),
(33, 604, 1, 1),
(33, 607, 1, 1),
(33, 610, 1, 1),
(33, 612, 1, 1),
(33, 613, 1, 1),
(33, 614, 1, 1),
(33, 615, 1, 1),
(33, 616, 0, 0),
(33, 617, 1, 1),
(33, 618, 1, 1),
(33, 620, 1, 1),
(33, 621, 1, 1),
(33, 622, 1, 1),
(33, 623, 1, 1),
(33, 624, 1, 1),
(33, 625, 1, 1),
(33, 626, 0, 0),
(33, 627, 1, 1),
(33, 628, 1, 1),
(33, 629, 1, 1),
(33, 630, 1, 1),
(33, 631, 1, 1),
(33, 632, 1, 1),
(33, 633, 1, 1),
(33, 634, 1, 1),
(33, 635, 1, 1),
(33, 636, 1, 1),
(33, 637, 1, 1),
(33, 638, 1, 1),
(33, 639, 1, 1),
(33, 640, 1, 1),
(33, 642, 0, 0),
(33, 644, 0, 0),
(33, 645, 0, 0),
(33, 647, 0, 0),
(33, 648, 0, 0),
(33, 649, 0, 0),
(33, 655, 1, 1),
(33, 656, 1, 1),
(33, 657, 1, 1),
(33, 658, 1, 1),
(33, 659, 1, 1),
(33, 660, 1, 1),
(33, 661, 0, 0),
(33, 663, 1, 1),
(33, 665, 1, 1),
(33, 666, 1, 1),
(33, 667, 0, 0),
(33, 668, 0, 0),
(33, 669, 0, 0),
(33, 670, 0, 0),
(33, 671, 0, 0),
(33, 675, 0, 0),
(33, 676, 0, 0),
(33, 677, 0, 0),
(33, 678, 0, 0),
(33, 679, 0, 0),
(33, 685, 1, 1),
(33, 686, 1, 1),
(33, 688, 1, 1),
(33, 690, 1, 1),
(33, 691, 1, 1),
(33, 699, 1, 1),
(33, 700, 1, 1),
(33, 710, 1, 1),
(33, 711, 1, 1),
(33, 712, 1, 1),
(33, 713, 1, 1),
(33, 714, 1, 1),
(33, 720, 1, 1),
(33, 721, 1, 1),
(33, 725, 0, 0),
(33, 726, 0, 0),
(33, 730, 0, 0),
(33, 731, 0, 0),
(33, 733, 0, 0),
(33, 734, 0, 0),
(33, 748, 0, 0),
(33, 749, 0, 0),
(33, 758, 0, 0),
(33, 759, 0, 0),
(33, 760, 1, 1),
(33, 761, 1, 1),
(33, 762, 1, 1),
(33, 763, 1, 1),
(33, 764, 0, 0),
(33, 765, 1, 1),
(33, 766, 1, 1),
(33, 769, 0, 0),
(33, 770, 0, 0),
(33, 771, 1, 1),
(33, 772, 1, 1),
(33, 773, 1, 1),
(33, 774, 1, 1),
(33, 777, 1, 1),
(33, 778, 1, 1),
(33, 779, 0, 0),
(33, 780, 0, 0),
(33, 781, 1, 1),
(33, 782, 1, 1),
(33, 783, 1, 1),
(33, 784, 1, 1),
(33, 785, 1, 1),
(33, 786, 1, 1),
(33, 787, 1, 1),
(33, 788, 1, 1),
(33, 789, 1, 1),
(33, 790, 1, 1),
(33, 791, 1, 1),
(33, 792, 1, 1),
(33, 793, 1, 1),
(33, 794, 1, 1),
(33, 795, 1, 1),
(33, 796, 0, 0),
(33, 798, 1, 1),
(33, 800, 1, 1),
(33, 801, 1, 1),
(33, 802, 1, 1),
(34, 251, 1, 1),
(34, 259, 1, 1),
(34, 261, 1, 1),
(34, 265, 1, 1),
(34, 284, 1, 1),
(34, 285, 1, 1),
(34, 288, 1, 1),
(34, 293, 1, 1),
(34, 300, 1, 1),
(34, 313, 0, 0),
(34, 314, 0, 0),
(34, 319, 1, 1),
(34, 320, 0, 0),
(34, 321, 0, 0),
(34, 324, 1, 1),
(34, 326, 1, 1),
(34, 327, 1, 1),
(34, 328, 1, 1),
(34, 329, 1, 1),
(34, 330, 1, 1),
(34, 331, 1, 1),
(34, 332, 1, 1),
(34, 333, 1, 1),
(34, 355, 1, 1),
(34, 356, 1, 1),
(34, 358, 0, 0),
(34, 359, 1, 1),
(34, 360, 1, 1),
(34, 361, 0, 0),
(34, 363, 0, 0),
(34, 371, 0, 0),
(34, 375, 0, 0),
(34, 376, 0, 0),
(34, 377, 0, 0),
(34, 378, 0, 0),
(34, 379, 0, 0),
(34, 389, 1, 1),
(34, 393, 1, 1),
(34, 401, 0, 0),
(34, 405, 0, 0),
(34, 406, 0, 0),
(34, 407, 0, 0),
(34, 408, 0, 0),
(34, 409, 0, 0),
(34, 412, 0, 0),
(34, 418, 1, 1),
(34, 424, 0, 0),
(34, 425, 0, 0),
(34, 427, 1, 1),
(34, 428, 1, 1),
(34, 429, 1, 1),
(34, 430, 1, 1),
(34, 434, 0, 0),
(34, 435, 0, 0),
(34, 436, 0, 0),
(34, 438, 1, 1),
(34, 439, 1, 1),
(34, 440, 1, 1),
(34, 441, 1, 1),
(34, 446, 0, 0),
(34, 448, 0, 0),
(34, 449, 0, 0),
(34, 451, 0, 0),
(34, 452, 0, 0),
(34, 453, 0, 0),
(34, 454, 0, 0),
(34, 455, 0, 0),
(34, 456, 0, 0),
(34, 459, 1, 1),
(34, 460, 1, 1),
(34, 461, 1, 1),
(34, 463, 1, 1),
(34, 466, 1, 1),
(34, 467, 1, 1),
(34, 468, 1, 1),
(34, 470, 1, 1),
(34, 471, 1, 1),
(34, 472, 1, 1),
(34, 476, 1, 1),
(34, 477, 1, 1),
(34, 478, 1, 1),
(34, 479, 1, 1),
(34, 481, 1, 1),
(34, 482, 1, 1),
(34, 483, 1, 1),
(34, 484, 1, 1),
(34, 485, 1, 1),
(34, 486, 1, 1),
(34, 487, 1, 1),
(34, 488, 1, 1),
(34, 489, 1, 1),
(34, 490, 1, 1),
(34, 491, 1, 1),
(34, 492, 0, 0),
(34, 493, 0, 0),
(34, 494, 0, 0),
(34, 495, 1, 1),
(34, 496, 1, 1),
(34, 497, 1, 1),
(34, 499, 0, 0),
(34, 500, 0, 0),
(34, 501, 0, 0),
(34, 502, 0, 0),
(34, 503, 1, 1),
(34, 504, 1, 1),
(34, 505, 1, 1),
(34, 506, 1, 1),
(34, 511, 1, 1),
(34, 512, 1, 1),
(34, 513, 1, 1),
(34, 514, 1, 1),
(34, 515, 0, 0),
(34, 516, 0, 0),
(34, 519, 0, 0),
(34, 520, 0, 0),
(34, 521, 0, 0),
(34, 523, 0, 0),
(34, 524, 0, 0),
(34, 525, 0, 0),
(34, 526, 0, 0),
(34, 527, 1, 1),
(34, 528, 1, 1),
(34, 529, 1, 1),
(34, 530, 1, 1),
(34, 531, 1, 1);
INSERT INTO `tm_acl_document` (`user_id`, `document_id`, `is_read`, `is_write`) VALUES
(34, 532, 1, 1),
(34, 533, 1, 1),
(34, 534, 1, 1),
(34, 536, 0, 0),
(34, 537, 0, 0),
(34, 538, 0, 0),
(34, 552, 0, 0),
(34, 568, 1, 1),
(34, 590, 1, 1),
(34, 591, 1, 1),
(34, 592, 1, 1),
(34, 593, 0, 0),
(34, 594, 0, 0),
(34, 595, 0, 0),
(34, 596, 1, 1),
(34, 598, 1, 1),
(34, 599, 1, 1),
(34, 602, 1, 1),
(34, 604, 1, 1),
(34, 607, 1, 1),
(34, 610, 1, 1),
(34, 612, 1, 1),
(34, 613, 1, 1),
(34, 614, 1, 1),
(34, 615, 1, 1),
(34, 616, 0, 0),
(34, 617, 1, 1),
(34, 618, 1, 1),
(34, 620, 1, 1),
(34, 621, 1, 1),
(34, 622, 1, 1),
(34, 623, 1, 1),
(34, 624, 1, 1),
(34, 625, 1, 1),
(34, 626, 0, 0),
(34, 627, 1, 1),
(34, 628, 1, 1),
(34, 629, 1, 1),
(34, 630, 1, 1),
(34, 631, 1, 1),
(34, 632, 1, 1),
(34, 633, 1, 1),
(34, 634, 1, 1),
(34, 635, 1, 1),
(34, 636, 1, 1),
(34, 637, 1, 1),
(34, 638, 1, 1),
(34, 639, 1, 1),
(34, 640, 1, 1),
(34, 642, 0, 0),
(34, 644, 0, 0),
(34, 645, 0, 0),
(34, 647, 0, 0),
(34, 648, 0, 0),
(34, 649, 0, 0),
(34, 655, 1, 1),
(34, 656, 1, 1),
(34, 657, 1, 1),
(34, 658, 1, 1),
(34, 659, 1, 1),
(34, 660, 1, 1),
(34, 661, 0, 0),
(34, 663, 1, 1),
(34, 665, 1, 1),
(34, 666, 1, 1),
(34, 667, 0, 0),
(34, 668, 0, 0),
(34, 669, 0, 0),
(34, 670, 0, 0),
(34, 671, 0, 0),
(34, 675, 0, 0),
(34, 676, 0, 0),
(34, 677, 0, 0),
(34, 678, 0, 0),
(34, 679, 0, 0),
(34, 685, 1, 1),
(34, 686, 1, 1),
(34, 688, 1, 1),
(34, 690, 1, 1),
(34, 691, 1, 1),
(34, 699, 1, 1),
(34, 700, 1, 1),
(34, 710, 1, 1),
(34, 711, 1, 1),
(34, 712, 1, 1),
(34, 713, 1, 1),
(34, 714, 1, 1),
(34, 720, 1, 1),
(34, 721, 1, 1),
(34, 725, 0, 0),
(34, 726, 0, 0),
(34, 730, 0, 0),
(34, 731, 0, 0),
(34, 733, 0, 0),
(34, 734, 0, 0),
(34, 748, 0, 0),
(34, 749, 0, 0),
(34, 758, 0, 0),
(34, 759, 0, 0),
(34, 760, 1, 1),
(34, 761, 1, 1),
(34, 762, 1, 1),
(34, 763, 1, 1),
(34, 764, 0, 0),
(34, 765, 1, 1),
(34, 766, 1, 1),
(34, 769, 0, 0),
(34, 770, 0, 0),
(34, 771, 1, 1),
(34, 772, 1, 1),
(34, 773, 1, 1),
(34, 774, 1, 1),
(34, 777, 1, 1),
(34, 778, 1, 1),
(34, 779, 0, 0),
(34, 780, 0, 0),
(34, 781, 1, 1),
(34, 782, 1, 1),
(34, 783, 1, 1),
(34, 784, 1, 1),
(34, 785, 1, 1),
(34, 786, 1, 1),
(34, 787, 1, 1),
(34, 788, 1, 1),
(34, 789, 1, 1),
(34, 790, 1, 1),
(34, 791, 1, 1),
(34, 792, 1, 1),
(34, 793, 1, 1),
(34, 794, 1, 1),
(34, 795, 1, 1),
(34, 796, 0, 0),
(34, 798, 1, 1),
(34, 800, 1, 1),
(34, 801, 1, 1),
(34, 802, 1, 1),
(35, 251, 1, 1),
(35, 259, 1, 1),
(35, 261, 1, 1),
(35, 265, 1, 1),
(35, 284, 1, 1),
(35, 285, 1, 1),
(35, 288, 1, 1),
(35, 293, 1, 1),
(35, 300, 1, 1),
(35, 313, 1, 1),
(35, 314, 1, 1),
(35, 319, 1, 1),
(35, 320, 0, 0),
(35, 321, 0, 0),
(35, 324, 1, 1),
(35, 326, 1, 1),
(35, 327, 1, 1),
(35, 328, 1, 1),
(35, 329, 1, 1),
(35, 330, 1, 1),
(35, 331, 1, 1),
(35, 332, 1, 1),
(35, 333, 1, 1),
(35, 355, 1, 1),
(35, 356, 1, 1),
(35, 358, 1, 1),
(35, 359, 1, 1),
(35, 360, 1, 1),
(35, 361, 1, 1),
(35, 363, 0, 0),
(35, 371, 0, 0),
(35, 375, 0, 0),
(35, 376, 0, 0),
(35, 377, 0, 0),
(35, 378, 0, 0),
(35, 379, 0, 0),
(35, 389, 1, 1),
(35, 393, 1, 1),
(35, 401, 0, 0),
(35, 405, 0, 0),
(35, 406, 0, 0),
(35, 407, 0, 0),
(35, 408, 0, 0),
(35, 409, 0, 0),
(35, 412, 0, 0),
(35, 418, 1, 1),
(35, 424, 0, 0),
(35, 425, 0, 0),
(35, 427, 1, 1),
(35, 428, 1, 1),
(35, 429, 1, 1),
(35, 430, 1, 1),
(35, 434, 0, 0),
(35, 435, 0, 0),
(35, 436, 0, 0),
(35, 438, 1, 1),
(35, 439, 1, 1),
(35, 440, 1, 1),
(35, 441, 1, 1),
(35, 446, 0, 0),
(35, 448, 0, 0),
(35, 449, 0, 0),
(35, 451, 0, 0),
(35, 452, 0, 0),
(35, 453, 0, 0),
(35, 454, 0, 0),
(35, 455, 0, 0),
(35, 456, 0, 0),
(35, 459, 1, 1),
(35, 460, 1, 1),
(35, 461, 1, 1),
(35, 463, 1, 1),
(35, 466, 1, 1),
(35, 467, 1, 1),
(35, 468, 1, 1),
(35, 470, 1, 1),
(35, 471, 1, 1),
(35, 472, 1, 1),
(35, 476, 1, 1),
(35, 477, 1, 1),
(35, 478, 1, 1),
(35, 479, 1, 1),
(35, 481, 1, 1),
(35, 482, 1, 1),
(35, 483, 1, 1),
(35, 484, 1, 1),
(35, 485, 1, 1),
(35, 486, 1, 1),
(35, 487, 1, 1),
(35, 488, 1, 1),
(35, 489, 1, 1),
(35, 490, 1, 1),
(35, 491, 1, 1),
(35, 492, 0, 0),
(35, 493, 0, 0),
(35, 494, 0, 0),
(35, 495, 1, 1),
(35, 496, 1, 1),
(35, 497, 1, 1),
(35, 499, 0, 0),
(35, 500, 0, 0),
(35, 501, 0, 0),
(35, 502, 0, 0),
(35, 503, 1, 1),
(35, 504, 1, 1),
(35, 505, 1, 1),
(35, 506, 1, 1),
(35, 511, 1, 1),
(35, 512, 1, 1),
(35, 513, 1, 1),
(35, 514, 1, 1),
(35, 515, 0, 0),
(35, 516, 0, 0),
(35, 519, 0, 0),
(35, 520, 0, 0),
(35, 521, 0, 0),
(35, 523, 0, 0),
(35, 524, 0, 0),
(35, 525, 0, 0),
(35, 526, 0, 0),
(35, 527, 1, 1),
(35, 528, 1, 1),
(35, 529, 1, 1),
(35, 530, 1, 1),
(35, 531, 1, 1),
(35, 532, 1, 1),
(35, 533, 1, 1),
(35, 534, 1, 1),
(35, 536, 0, 0),
(35, 537, 0, 0),
(35, 538, 0, 0),
(35, 552, 0, 0),
(35, 568, 1, 1),
(35, 590, 1, 1),
(35, 591, 1, 1),
(35, 592, 1, 1),
(35, 593, 0, 0),
(35, 594, 0, 0),
(35, 595, 0, 0),
(35, 598, 1, 1),
(35, 612, 0, 0),
(35, 613, 0, 0),
(35, 614, 0, 0),
(35, 615, 0, 0),
(35, 616, 0, 0),
(35, 617, 0, 0),
(35, 618, 0, 0),
(35, 620, 0, 0),
(35, 621, 0, 0),
(35, 622, 1, 1),
(35, 623, 1, 1),
(35, 624, 1, 1),
(35, 625, 1, 1),
(35, 626, 0, 0),
(35, 627, 1, 1),
(35, 628, 1, 1),
(35, 629, 1, 1),
(35, 630, 1, 1),
(35, 631, 1, 1),
(35, 632, 1, 1),
(35, 633, 1, 1),
(35, 634, 1, 1),
(35, 635, 1, 1),
(35, 636, 1, 1),
(35, 637, 1, 1),
(35, 638, 1, 1),
(35, 639, 1, 1),
(35, 640, 0, 0),
(35, 642, 0, 0),
(35, 644, 0, 0),
(35, 645, 0, 0),
(35, 647, 0, 0),
(35, 648, 0, 0),
(35, 649, 0, 0),
(35, 655, 1, 1),
(35, 656, 1, 1),
(35, 657, 1, 1),
(35, 658, 1, 1),
(35, 659, 1, 1),
(35, 660, 1, 1),
(35, 661, 0, 0),
(35, 663, 0, 0),
(35, 665, 0, 0),
(35, 666, 0, 0),
(35, 667, 0, 0),
(35, 668, 0, 0),
(35, 669, 0, 0),
(35, 670, 0, 0),
(35, 671, 0, 0),
(35, 675, 0, 0),
(35, 676, 0, 0),
(35, 677, 0, 0),
(35, 678, 0, 0),
(35, 679, 0, 0),
(35, 685, 0, 0),
(35, 686, 0, 0),
(35, 688, 0, 0),
(35, 699, 1, 1),
(35, 700, 1, 1),
(35, 710, 0, 0),
(35, 711, 0, 0),
(35, 712, 1, 1),
(35, 713, 1, 1),
(35, 714, 1, 1),
(35, 720, 1, 1),
(35, 721, 1, 1),
(35, 725, 0, 0),
(35, 726, 0, 0),
(35, 730, 0, 0),
(35, 731, 0, 0),
(35, 733, 0, 0),
(35, 734, 0, 0),
(35, 748, 0, 0),
(35, 749, 0, 0),
(35, 758, 0, 0),
(35, 759, 0, 0),
(35, 760, 0, 0),
(35, 761, 1, 1),
(35, 762, 0, 0),
(35, 763, 0, 0),
(35, 764, 0, 0),
(35, 765, 1, 1),
(35, 766, 1, 1),
(35, 769, 0, 0),
(35, 770, 0, 0),
(35, 773, 1, 1),
(35, 774, 1, 1),
(35, 777, 1, 1),
(35, 778, 1, 1),
(35, 779, 0, 0),
(35, 780, 0, 0),
(35, 781, 0, 0),
(35, 782, 0, 0),
(35, 783, 0, 0),
(35, 784, 0, 0),
(35, 785, 0, 0),
(35, 786, 0, 0),
(35, 787, 0, 0),
(35, 788, 0, 0),
(35, 789, 1, 1),
(35, 790, 1, 1),
(35, 791, 1, 1),
(35, 792, 1, 1),
(35, 793, 1, 1),
(35, 794, 1, 1),
(35, 795, 1, 1),
(35, 796, 0, 0),
(36, 251, 1, 1),
(36, 259, 1, 1),
(36, 261, 1, 1),
(36, 265, 1, 1),
(36, 284, 1, 1),
(36, 285, 1, 1),
(36, 288, 1, 1),
(36, 293, 1, 1),
(36, 300, 1, 1),
(36, 313, 0, 0),
(36, 314, 0, 0),
(36, 319, 0, 0),
(36, 320, 0, 0),
(36, 321, 0, 0),
(36, 324, 1, 1),
(36, 326, 1, 1),
(36, 327, 1, 1),
(36, 328, 1, 1),
(36, 329, 1, 1),
(36, 330, 1, 1),
(36, 331, 1, 1),
(36, 332, 1, 1),
(36, 333, 1, 1),
(36, 355, 1, 1),
(36, 356, 1, 1),
(36, 358, 0, 0),
(36, 359, 1, 1),
(36, 360, 1, 1),
(36, 361, 0, 0),
(36, 363, 0, 0),
(36, 371, 0, 0),
(36, 375, 0, 0),
(36, 376, 0, 0),
(36, 377, 0, 0),
(36, 378, 0, 0),
(36, 379, 0, 0),
(36, 389, 0, 0),
(36, 393, 0, 0),
(36, 401, 0, 0),
(36, 405, 0, 0),
(36, 406, 0, 0),
(36, 407, 0, 0),
(36, 408, 0, 0),
(36, 409, 0, 0),
(36, 412, 0, 0),
(36, 418, 0, 0),
(36, 424, 0, 0),
(36, 425, 0, 0),
(36, 427, 0, 0),
(36, 428, 0, 0),
(36, 429, 0, 0),
(36, 430, 0, 0),
(36, 434, 0, 0),
(36, 435, 0, 0),
(36, 436, 0, 0),
(36, 438, 1, 1),
(36, 439, 1, 1),
(36, 440, 1, 1),
(36, 441, 1, 1),
(36, 446, 0, 0),
(36, 448, 0, 0),
(36, 449, 0, 0),
(36, 451, 0, 0),
(36, 452, 0, 0),
(36, 453, 0, 0),
(36, 454, 0, 0),
(36, 455, 0, 0),
(36, 456, 0, 0),
(36, 459, 0, 0),
(36, 460, 0, 0),
(36, 461, 0, 0),
(36, 463, 0, 0),
(36, 466, 0, 0),
(36, 467, 0, 0),
(36, 468, 0, 0),
(36, 470, 0, 0),
(36, 471, 0, 0),
(36, 472, 0, 0),
(36, 476, 1, 1),
(36, 477, 1, 1),
(36, 478, 1, 1),
(36, 479, 1, 1),
(36, 481, 0, 0),
(36, 482, 0, 0),
(36, 483, 0, 0),
(36, 484, 0, 0),
(36, 485, 1, 1),
(36, 486, 1, 1),
(36, 487, 1, 1),
(36, 488, 1, 1),
(36, 489, 1, 1),
(36, 490, 1, 1),
(36, 491, 1, 1),
(36, 492, 0, 0),
(36, 493, 0, 0),
(36, 494, 0, 0),
(36, 495, 1, 1),
(36, 496, 1, 1),
(36, 497, 1, 1),
(36, 499, 0, 0),
(36, 500, 0, 0),
(36, 501, 0, 0),
(36, 502, 0, 0),
(36, 503, 1, 1),
(36, 504, 1, 1),
(36, 505, 1, 1),
(36, 506, 1, 1),
(36, 511, 1, 1),
(36, 512, 1, 1),
(36, 513, 1, 1),
(36, 514, 1, 1),
(36, 515, 0, 0),
(36, 516, 0, 0),
(36, 519, 0, 0),
(36, 520, 0, 0),
(36, 521, 0, 0),
(36, 523, 0, 0),
(36, 524, 0, 0),
(36, 525, 0, 0),
(36, 526, 0, 0),
(36, 527, 0, 0),
(36, 528, 0, 0),
(36, 529, 1, 1),
(36, 530, 1, 1),
(36, 531, 0, 0),
(36, 532, 0, 0),
(36, 533, 0, 0),
(36, 534, 0, 0),
(36, 536, 0, 0),
(36, 537, 0, 0),
(36, 538, 0, 0),
(36, 552, 0, 0),
(36, 568, 1, 1),
(36, 590, 0, 0),
(36, 591, 0, 0),
(36, 592, 0, 0),
(36, 593, 0, 0),
(36, 594, 0, 0),
(36, 595, 0, 0),
(36, 612, 0, 0),
(36, 613, 0, 0),
(36, 614, 0, 0),
(36, 615, 0, 0),
(36, 616, 0, 0),
(36, 617, 0, 0),
(36, 618, 0, 0),
(36, 620, 0, 0),
(36, 621, 0, 0),
(36, 626, 0, 0),
(36, 640, 0, 0),
(36, 642, 0, 0),
(36, 644, 0, 0),
(36, 645, 0, 0),
(36, 647, 0, 0),
(36, 648, 0, 0),
(36, 649, 0, 0),
(36, 655, 1, 1),
(36, 656, 1, 1),
(36, 657, 1, 1),
(36, 658, 1, 1),
(36, 659, 1, 1),
(36, 660, 1, 1),
(36, 661, 0, 0),
(36, 663, 0, 0),
(36, 665, 0, 0),
(36, 666, 0, 0),
(36, 667, 0, 0),
(36, 668, 0, 0),
(36, 669, 0, 0),
(36, 670, 0, 0),
(36, 671, 0, 0),
(36, 675, 0, 0),
(36, 676, 0, 0),
(36, 677, 0, 0),
(36, 678, 0, 0),
(36, 679, 0, 0),
(36, 685, 0, 0),
(36, 686, 0, 0),
(36, 688, 0, 0),
(36, 699, 1, 1),
(36, 700, 1, 1),
(36, 710, 0, 0),
(36, 711, 0, 0),
(36, 712, 0, 0),
(36, 713, 0, 0),
(36, 714, 0, 0),
(36, 720, 1, 1),
(36, 721, 1, 1),
(36, 725, 0, 0),
(36, 726, 0, 0),
(36, 730, 0, 0),
(36, 731, 0, 0),
(36, 733, 0, 0),
(36, 734, 0, 0),
(36, 748, 0, 0),
(36, 749, 0, 0),
(36, 758, 0, 0),
(36, 759, 0, 0),
(36, 760, 0, 0),
(36, 761, 0, 0),
(36, 762, 0, 0),
(36, 763, 0, 0),
(36, 764, 0, 0),
(36, 765, 1, 1),
(36, 766, 1, 1),
(36, 769, 0, 0),
(36, 770, 0, 0),
(36, 773, 1, 1),
(36, 774, 1, 1),
(36, 777, 1, 1),
(36, 778, 1, 1),
(36, 779, 0, 0),
(36, 780, 0, 0),
(36, 781, 0, 0),
(36, 782, 0, 0),
(36, 783, 0, 0),
(36, 784, 0, 0),
(36, 785, 0, 0),
(36, 786, 0, 0),
(36, 787, 0, 0),
(36, 788, 0, 0),
(36, 789, 1, 1),
(36, 790, 1, 1),
(36, 791, 1, 1),
(36, 792, 1, 1),
(36, 793, 1, 1),
(36, 794, 1, 1),
(36, 795, 1, 1),
(36, 796, 0, 0),
(41, 251, 1, 1),
(41, 259, 1, 1),
(41, 261, 1, 1),
(41, 265, 1, 1),
(41, 284, 1, 1),
(41, 285, 1, 1),
(41, 288, 1, 1),
(41, 293, 1, 1),
(41, 300, 1, 1),
(41, 313, 0, 0),
(41, 314, 0, 0),
(41, 319, 0, 0),
(41, 320, 0, 0),
(41, 321, 0, 0),
(41, 324, 1, 1),
(41, 326, 1, 1),
(41, 327, 1, 1),
(41, 328, 1, 1),
(41, 329, 1, 1),
(41, 330, 1, 1),
(41, 331, 1, 1),
(41, 332, 1, 1),
(41, 333, 1, 1),
(41, 355, 1, 1),
(41, 356, 1, 1),
(41, 358, 0, 0),
(41, 359, 1, 1),
(41, 360, 1, 1),
(41, 361, 0, 0),
(41, 363, 0, 0),
(41, 371, 0, 0),
(41, 375, 0, 0),
(41, 376, 0, 0),
(41, 377, 0, 0),
(41, 378, 0, 0),
(41, 379, 0, 0),
(41, 389, 0, 0),
(41, 393, 0, 0),
(41, 401, 0, 0),
(41, 405, 0, 0),
(41, 406, 0, 0),
(41, 407, 0, 0),
(41, 408, 0, 0),
(41, 409, 0, 0),
(41, 412, 0, 0),
(41, 418, 0, 0),
(41, 424, 0, 0),
(41, 425, 0, 0),
(41, 427, 0, 0),
(41, 428, 0, 0),
(41, 429, 0, 0),
(41, 430, 0, 0),
(41, 434, 0, 0),
(41, 435, 0, 0),
(41, 436, 0, 0),
(41, 438, 1, 1),
(41, 439, 1, 1),
(41, 440, 1, 1),
(41, 441, 1, 1),
(41, 446, 0, 0),
(41, 448, 0, 0),
(41, 449, 0, 0),
(41, 451, 0, 0),
(41, 452, 0, 0),
(41, 453, 0, 0),
(41, 454, 0, 0),
(41, 455, 0, 0),
(41, 456, 0, 0),
(41, 459, 0, 0),
(41, 460, 0, 0),
(41, 461, 0, 0),
(41, 463, 0, 0),
(41, 466, 0, 0),
(41, 467, 0, 0),
(41, 468, 0, 0),
(41, 470, 0, 0),
(41, 471, 0, 0),
(41, 472, 0, 0),
(41, 476, 1, 1),
(41, 477, 1, 1),
(41, 478, 1, 1),
(41, 479, 1, 1),
(41, 481, 0, 0),
(41, 482, 0, 0),
(41, 483, 0, 0),
(41, 484, 0, 0),
(41, 485, 1, 1),
(41, 486, 1, 1),
(41, 487, 1, 1),
(41, 488, 1, 1),
(41, 489, 1, 1),
(41, 490, 1, 1),
(41, 491, 1, 1),
(41, 492, 0, 0),
(41, 493, 0, 0),
(41, 494, 0, 0),
(41, 495, 1, 1),
(41, 496, 1, 1),
(41, 497, 1, 1),
(41, 499, 0, 0),
(41, 500, 0, 0),
(41, 501, 0, 0),
(41, 502, 0, 0),
(41, 503, 1, 1),
(41, 504, 1, 1),
(41, 505, 1, 1),
(41, 506, 1, 1),
(41, 511, 1, 1),
(41, 512, 1, 1),
(41, 513, 1, 1),
(41, 514, 1, 1),
(41, 515, 0, 0),
(41, 516, 0, 0),
(41, 519, 0, 0),
(41, 520, 0, 0),
(41, 521, 0, 0),
(41, 523, 0, 0),
(41, 524, 0, 0),
(41, 525, 0, 0),
(41, 526, 0, 0),
(41, 527, 0, 0),
(41, 528, 0, 0),
(41, 529, 1, 1),
(41, 530, 1, 1),
(41, 531, 0, 0),
(41, 532, 0, 0),
(41, 533, 0, 0),
(41, 534, 0, 0),
(41, 536, 0, 0),
(41, 537, 0, 0),
(41, 538, 0, 0),
(41, 552, 0, 0),
(41, 568, 1, 1),
(41, 590, 0, 0),
(41, 591, 0, 0),
(41, 592, 0, 0),
(41, 593, 0, 0),
(41, 594, 0, 0),
(41, 595, 0, 0),
(41, 612, 0, 0),
(41, 613, 0, 0),
(41, 614, 0, 0),
(41, 615, 0, 0),
(41, 616, 0, 0),
(41, 617, 0, 0),
(41, 618, 0, 0),
(41, 620, 0, 0),
(41, 621, 0, 0),
(41, 626, 0, 0),
(41, 640, 0, 0),
(41, 642, 0, 0),
(41, 644, 0, 0),
(41, 645, 0, 0),
(41, 647, 0, 0),
(41, 648, 0, 0),
(41, 649, 0, 0),
(41, 655, 1, 1),
(41, 656, 1, 1),
(41, 657, 1, 1),
(41, 658, 1, 1),
(41, 659, 1, 1),
(41, 660, 1, 1),
(41, 661, 0, 0),
(41, 663, 0, 0),
(41, 665, 0, 0),
(41, 666, 0, 0),
(41, 667, 0, 0),
(41, 668, 0, 0),
(41, 669, 0, 0),
(41, 670, 0, 0),
(41, 671, 0, 0),
(41, 675, 0, 0),
(41, 676, 0, 0),
(41, 677, 0, 0),
(41, 678, 0, 0),
(41, 679, 0, 0),
(41, 685, 0, 0),
(41, 686, 0, 0),
(41, 688, 0, 0),
(41, 699, 1, 1),
(41, 700, 1, 1),
(41, 710, 0, 0),
(41, 711, 0, 0),
(41, 712, 0, 0),
(41, 713, 0, 0),
(41, 714, 0, 0),
(41, 720, 1, 1),
(41, 721, 1, 1),
(41, 725, 0, 0),
(41, 726, 0, 0),
(41, 730, 0, 0),
(41, 731, 0, 0),
(41, 733, 0, 0),
(41, 734, 0, 0),
(41, 748, 0, 0),
(41, 749, 0, 0),
(41, 758, 0, 0),
(41, 759, 0, 0),
(41, 760, 0, 0),
(41, 761, 0, 0),
(41, 762, 0, 0),
(41, 763, 0, 0),
(41, 764, 0, 0),
(41, 765, 1, 1),
(41, 766, 1, 1),
(41, 769, 0, 0),
(41, 770, 0, 0),
(41, 773, 1, 1),
(41, 774, 1, 1),
(41, 777, 1, 1),
(41, 778, 1, 1),
(41, 779, 0, 0),
(41, 780, 0, 0),
(41, 781, 0, 0),
(41, 782, 0, 0),
(41, 783, 0, 0),
(41, 784, 0, 0),
(41, 785, 0, 0),
(41, 786, 0, 0),
(41, 787, 0, 0),
(41, 788, 0, 0),
(41, 789, 1, 1),
(41, 790, 1, 1),
(41, 791, 1, 1),
(41, 792, 1, 1),
(41, 793, 1, 1),
(41, 794, 1, 1),
(41, 795, 1, 1),
(41, 796, 0, 0),
(42, 251, 1, 1),
(42, 313, 0, 0),
(42, 314, 0, 0),
(42, 319, 0, 0),
(42, 320, 0, 0),
(42, 321, 0, 0),
(42, 358, 0, 0),
(42, 361, 0, 0),
(42, 363, 0, 0),
(42, 371, 0, 0),
(42, 375, 0, 0),
(42, 376, 0, 0),
(42, 377, 0, 0),
(42, 378, 0, 0),
(42, 379, 0, 0),
(42, 389, 0, 0),
(42, 393, 0, 0),
(42, 401, 0, 0),
(42, 405, 0, 0),
(42, 406, 0, 0),
(42, 407, 0, 0),
(42, 408, 0, 0),
(42, 409, 0, 0),
(42, 412, 0, 0),
(42, 418, 0, 0),
(42, 424, 0, 0),
(42, 425, 0, 0),
(42, 427, 0, 0),
(42, 428, 0, 0),
(42, 429, 0, 0),
(42, 430, 0, 0),
(42, 434, 0, 0),
(42, 435, 0, 0),
(42, 436, 0, 0),
(42, 446, 0, 0),
(42, 448, 0, 0),
(42, 449, 0, 0),
(42, 451, 0, 0),
(42, 452, 0, 0),
(42, 453, 0, 0),
(42, 454, 0, 0),
(42, 455, 0, 0),
(42, 456, 0, 0),
(42, 459, 0, 0),
(42, 460, 0, 0),
(42, 461, 0, 0),
(42, 463, 0, 0),
(42, 466, 0, 0),
(42, 467, 0, 0),
(42, 468, 0, 0),
(42, 470, 0, 0),
(42, 471, 0, 0),
(42, 472, 0, 0),
(42, 481, 0, 0),
(42, 482, 0, 0),
(42, 483, 0, 0),
(42, 484, 0, 0),
(42, 492, 0, 0),
(42, 493, 0, 0),
(42, 494, 0, 0),
(42, 499, 0, 0),
(42, 500, 0, 0),
(42, 501, 0, 0),
(42, 502, 0, 0),
(42, 503, 1, 1),
(42, 504, 1, 1),
(42, 505, 1, 1),
(42, 506, 1, 1),
(42, 511, 1, 1),
(42, 512, 1, 1),
(42, 515, 0, 0),
(42, 516, 0, 0),
(42, 519, 0, 0),
(42, 520, 0, 0),
(42, 521, 0, 0),
(42, 523, 0, 0),
(42, 524, 0, 0),
(42, 525, 0, 0),
(42, 526, 0, 0),
(42, 527, 0, 0),
(42, 528, 0, 0),
(42, 531, 0, 0),
(42, 532, 0, 0),
(42, 533, 0, 0),
(42, 534, 0, 0),
(42, 536, 0, 0),
(42, 537, 0, 0),
(42, 538, 0, 0),
(42, 552, 0, 0),
(42, 590, 0, 0),
(42, 591, 0, 0),
(42, 592, 0, 0),
(42, 593, 0, 0),
(42, 594, 0, 0),
(42, 595, 0, 0),
(42, 612, 0, 0),
(42, 613, 0, 0),
(42, 614, 0, 0),
(42, 615, 0, 0),
(42, 616, 0, 0),
(42, 617, 0, 0),
(42, 618, 0, 0),
(42, 620, 0, 0),
(42, 621, 0, 0),
(42, 626, 0, 0),
(42, 640, 0, 0),
(42, 642, 0, 0),
(42, 644, 0, 0),
(42, 645, 0, 0),
(42, 647, 0, 0),
(42, 648, 0, 0),
(42, 649, 0, 0),
(42, 661, 0, 0),
(42, 663, 0, 0),
(42, 665, 0, 0),
(42, 666, 0, 0),
(42, 667, 0, 0),
(42, 668, 0, 0),
(42, 669, 0, 0),
(42, 670, 0, 0),
(42, 671, 0, 0),
(42, 675, 0, 0),
(42, 676, 0, 0),
(42, 677, 0, 0),
(42, 678, 0, 0),
(42, 679, 0, 0),
(42, 685, 0, 0),
(42, 686, 0, 0),
(42, 688, 0, 0),
(42, 699, 1, 1),
(42, 700, 1, 1),
(42, 710, 0, 0),
(42, 711, 0, 0),
(42, 712, 0, 0),
(42, 713, 0, 0),
(42, 714, 0, 0),
(42, 725, 0, 0),
(42, 726, 0, 0),
(42, 730, 0, 0),
(42, 731, 0, 0),
(42, 733, 0, 0),
(42, 734, 0, 0),
(42, 748, 0, 0),
(42, 749, 0, 0),
(42, 758, 0, 0),
(42, 759, 0, 0),
(42, 760, 0, 0),
(42, 761, 0, 0),
(42, 762, 0, 0),
(42, 763, 0, 0),
(42, 764, 0, 0),
(42, 769, 0, 0),
(42, 770, 0, 0),
(42, 779, 0, 0),
(42, 780, 0, 0),
(42, 781, 0, 0),
(42, 782, 0, 0),
(42, 783, 0, 0),
(42, 784, 0, 0),
(42, 785, 0, 0),
(42, 786, 0, 0),
(42, 787, 0, 0),
(42, 788, 0, 0),
(42, 795, 1, 1),
(42, 796, 0, 0),
(43, 300, 1, 1),
(43, 313, 0, 0),
(43, 314, 0, 0),
(43, 319, 0, 0),
(43, 320, 0, 0),
(43, 321, 0, 0),
(43, 355, 1, 1),
(43, 356, 1, 1),
(43, 358, 0, 0),
(43, 361, 0, 0),
(43, 363, 0, 0),
(43, 371, 0, 0),
(43, 375, 0, 0),
(43, 376, 0, 0),
(43, 377, 0, 0),
(43, 378, 0, 0),
(43, 379, 0, 0),
(43, 389, 0, 0),
(43, 393, 0, 0),
(43, 401, 0, 0),
(43, 405, 0, 0),
(43, 406, 0, 0),
(43, 407, 0, 0),
(43, 408, 0, 0),
(43, 409, 0, 0),
(43, 412, 0, 0),
(43, 418, 0, 0),
(43, 424, 0, 0),
(43, 425, 0, 0),
(43, 427, 0, 0),
(43, 428, 0, 0),
(43, 429, 0, 0),
(43, 430, 0, 0),
(43, 434, 0, 0),
(43, 435, 0, 0),
(43, 436, 0, 0),
(43, 438, 1, 1),
(43, 439, 1, 1),
(43, 440, 1, 1),
(43, 441, 1, 1),
(43, 446, 0, 0),
(43, 448, 0, 0),
(43, 449, 0, 0),
(43, 451, 0, 0),
(43, 452, 0, 0),
(43, 453, 0, 0),
(43, 454, 0, 0),
(43, 455, 0, 0),
(43, 456, 0, 0),
(43, 459, 0, 0),
(43, 460, 0, 0),
(43, 461, 0, 0),
(43, 463, 0, 0),
(43, 466, 0, 0),
(43, 467, 0, 0),
(43, 468, 0, 0),
(43, 470, 0, 0),
(43, 471, 0, 0),
(43, 472, 0, 0),
(43, 481, 0, 0),
(43, 482, 0, 0),
(43, 483, 0, 0),
(43, 484, 0, 0),
(43, 492, 0, 0),
(43, 493, 0, 0),
(43, 494, 0, 0),
(43, 499, 0, 0),
(43, 500, 0, 0),
(43, 501, 0, 0),
(43, 502, 0, 0),
(43, 513, 1, 1),
(43, 514, 1, 1),
(43, 515, 0, 0),
(43, 516, 0, 0),
(43, 519, 0, 0),
(43, 520, 0, 0),
(43, 521, 0, 0),
(43, 523, 0, 0),
(43, 524, 0, 0),
(43, 525, 0, 0),
(43, 526, 0, 0),
(43, 527, 0, 0),
(43, 528, 0, 0),
(43, 531, 0, 0),
(43, 532, 0, 0),
(43, 533, 0, 0),
(43, 534, 0, 0),
(43, 536, 0, 0),
(43, 537, 0, 0),
(43, 538, 0, 0),
(43, 552, 0, 0),
(43, 590, 0, 0),
(43, 591, 0, 0),
(43, 592, 0, 0),
(43, 593, 0, 0),
(43, 594, 0, 0),
(43, 595, 0, 0),
(43, 612, 0, 0),
(43, 613, 0, 0),
(43, 614, 0, 0),
(43, 615, 0, 0),
(43, 616, 0, 0),
(43, 617, 0, 0),
(43, 618, 0, 0),
(43, 620, 0, 0),
(43, 621, 0, 0),
(43, 626, 0, 0),
(43, 640, 0, 0),
(43, 642, 0, 0),
(43, 644, 0, 0),
(43, 645, 0, 0),
(43, 647, 0, 0),
(43, 648, 0, 0),
(43, 649, 0, 0),
(43, 661, 0, 0),
(43, 663, 0, 0),
(43, 665, 0, 0),
(43, 666, 0, 0),
(43, 667, 0, 0),
(43, 668, 0, 0),
(43, 669, 0, 0),
(43, 670, 0, 0),
(43, 671, 0, 0),
(43, 675, 0, 0),
(43, 676, 0, 0),
(43, 677, 0, 0),
(43, 678, 0, 0),
(43, 679, 0, 0),
(43, 685, 0, 0),
(43, 686, 0, 0),
(43, 688, 0, 0),
(43, 710, 0, 0),
(43, 711, 0, 0),
(43, 712, 0, 0),
(43, 713, 0, 0),
(43, 714, 0, 0),
(43, 725, 0, 0),
(43, 726, 0, 0),
(43, 730, 0, 0),
(43, 731, 0, 0),
(43, 733, 0, 0),
(43, 734, 0, 0),
(43, 748, 0, 0),
(43, 749, 0, 0),
(43, 758, 0, 0),
(43, 759, 0, 0),
(43, 760, 0, 0),
(43, 761, 0, 0),
(43, 762, 0, 0),
(43, 763, 0, 0),
(43, 764, 0, 0),
(43, 769, 0, 0),
(43, 770, 0, 0),
(43, 779, 0, 0),
(43, 780, 0, 0),
(43, 781, 0, 0),
(43, 782, 0, 0),
(43, 783, 0, 0),
(43, 784, 0, 0),
(43, 785, 0, 0),
(43, 786, 0, 0),
(43, 787, 0, 0),
(43, 788, 0, 0),
(43, 796, 0, 0),
(44, 313, 0, 0),
(44, 314, 0, 0),
(44, 319, 0, 0),
(44, 320, 0, 0),
(44, 321, 0, 0),
(44, 358, 0, 0),
(44, 361, 0, 0),
(44, 363, 0, 0),
(44, 371, 0, 0),
(44, 375, 0, 0),
(44, 376, 0, 0),
(44, 377, 0, 0),
(44, 378, 0, 0),
(44, 379, 0, 0),
(44, 389, 0, 0),
(44, 393, 0, 0),
(44, 401, 1, 1),
(44, 405, 0, 0),
(44, 406, 0, 0),
(44, 407, 0, 0),
(44, 408, 0, 0),
(44, 409, 0, 0),
(44, 412, 0, 0),
(44, 418, 0, 0),
(44, 424, 0, 0),
(44, 425, 0, 0),
(44, 427, 0, 0),
(44, 428, 0, 0),
(44, 429, 0, 0),
(44, 430, 0, 0),
(44, 434, 0, 0),
(44, 435, 0, 0),
(44, 436, 0, 0),
(44, 446, 0, 0),
(44, 448, 0, 0),
(44, 449, 0, 0),
(44, 451, 0, 0),
(44, 452, 0, 0),
(44, 453, 0, 0),
(44, 454, 0, 0),
(44, 455, 0, 0),
(44, 456, 0, 0),
(44, 459, 0, 0),
(44, 460, 0, 0),
(44, 461, 0, 0),
(44, 463, 0, 0),
(44, 466, 0, 0),
(44, 467, 0, 0),
(44, 468, 0, 0),
(44, 470, 0, 0),
(44, 471, 0, 0),
(44, 472, 0, 0),
(44, 481, 0, 0),
(44, 482, 0, 0),
(44, 483, 0, 0),
(44, 484, 0, 0),
(44, 492, 0, 0),
(44, 493, 0, 0),
(44, 494, 0, 0),
(44, 499, 0, 0),
(44, 500, 1, 1),
(44, 501, 1, 1),
(44, 502, 1, 1),
(44, 515, 0, 0),
(44, 516, 0, 0),
(44, 519, 0, 0),
(44, 520, 0, 0),
(44, 521, 0, 0),
(44, 523, 0, 0),
(44, 524, 0, 0),
(44, 525, 0, 0),
(44, 526, 0, 0),
(44, 527, 0, 0),
(44, 528, 0, 0),
(44, 531, 0, 0),
(44, 532, 0, 0),
(44, 533, 0, 0),
(44, 534, 0, 0),
(44, 536, 0, 0),
(44, 537, 0, 0),
(44, 538, 0, 0),
(44, 552, 0, 0),
(44, 590, 0, 0),
(44, 591, 0, 0),
(44, 592, 0, 0),
(44, 593, 0, 0),
(44, 594, 0, 0),
(44, 595, 0, 0),
(44, 612, 0, 0),
(44, 613, 0, 0),
(44, 614, 0, 0),
(44, 615, 0, 0),
(44, 616, 0, 0),
(44, 617, 0, 0),
(44, 618, 0, 0),
(44, 620, 0, 0),
(44, 621, 0, 0),
(44, 626, 0, 0),
(44, 640, 0, 0),
(44, 642, 0, 0),
(44, 644, 0, 0),
(44, 645, 0, 0),
(44, 647, 0, 0),
(44, 648, 0, 0),
(44, 649, 0, 0),
(44, 661, 0, 0),
(44, 663, 0, 0),
(44, 665, 0, 0),
(44, 666, 0, 0),
(44, 667, 0, 0),
(44, 668, 0, 0),
(44, 669, 0, 0),
(44, 670, 0, 0),
(44, 671, 0, 0),
(44, 675, 0, 0),
(44, 676, 0, 0),
(44, 677, 0, 0),
(44, 678, 0, 0),
(44, 679, 0, 0),
(44, 685, 0, 0),
(44, 686, 0, 0),
(44, 688, 0, 0),
(44, 710, 0, 0),
(44, 711, 0, 0),
(44, 712, 0, 0),
(44, 713, 0, 0),
(44, 714, 0, 0),
(44, 725, 0, 0),
(44, 726, 0, 0),
(44, 730, 0, 0),
(44, 731, 0, 0),
(44, 733, 0, 0),
(44, 734, 0, 0),
(44, 748, 0, 0),
(44, 749, 0, 0),
(44, 758, 0, 0),
(44, 759, 0, 0),
(44, 760, 0, 0),
(44, 761, 0, 0),
(44, 762, 0, 0),
(44, 763, 0, 0),
(44, 764, 0, 0),
(44, 769, 0, 0),
(44, 770, 0, 0),
(44, 779, 0, 0),
(44, 780, 0, 0),
(44, 781, 0, 0),
(44, 782, 0, 0),
(44, 783, 0, 0),
(44, 784, 0, 0),
(44, 785, 0, 0),
(44, 786, 0, 0),
(44, 787, 0, 0),
(44, 788, 0, 0),
(44, 796, 0, 0),
(45, 313, 0, 0),
(45, 314, 0, 0),
(45, 319, 0, 0),
(45, 320, 0, 0),
(45, 321, 0, 0),
(45, 350, 1, 1),
(45, 351, 1, 1),
(45, 352, 1, 1),
(45, 353, 1, 1),
(45, 354, 1, 1),
(45, 358, 0, 0),
(45, 361, 0, 0),
(45, 363, 0, 0),
(45, 371, 0, 0),
(45, 375, 0, 0),
(45, 376, 0, 0),
(45, 377, 0, 0),
(45, 378, 0, 0),
(45, 379, 0, 0),
(45, 389, 0, 0),
(45, 393, 0, 0),
(45, 401, 0, 0),
(45, 405, 0, 0),
(45, 406, 0, 0),
(45, 407, 0, 0),
(45, 408, 0, 0),
(45, 409, 0, 0),
(45, 412, 0, 0),
(45, 418, 0, 0),
(45, 424, 0, 0),
(45, 425, 0, 0),
(45, 427, 0, 0),
(45, 428, 0, 0),
(45, 429, 0, 0),
(45, 430, 0, 0),
(45, 434, 0, 0),
(45, 435, 0, 0),
(45, 436, 0, 0),
(45, 446, 0, 0),
(45, 448, 0, 0),
(45, 449, 0, 0),
(45, 451, 0, 0),
(45, 452, 0, 0),
(45, 453, 0, 0),
(45, 454, 0, 0),
(45, 455, 0, 0),
(45, 456, 0, 0),
(45, 459, 0, 0),
(45, 460, 0, 0),
(45, 461, 0, 0),
(45, 463, 0, 0),
(45, 466, 0, 0),
(45, 467, 0, 0),
(45, 468, 0, 0),
(45, 470, 0, 0),
(45, 471, 0, 0),
(45, 472, 0, 0),
(45, 481, 0, 0),
(45, 482, 0, 0),
(45, 483, 0, 0),
(45, 484, 0, 0),
(45, 492, 0, 0),
(45, 493, 0, 0),
(45, 494, 0, 0),
(45, 499, 0, 0),
(45, 500, 0, 0),
(45, 501, 0, 0),
(45, 502, 0, 0),
(45, 507, 1, 1),
(45, 510, 1, 1),
(45, 515, 0, 0),
(45, 516, 0, 0),
(45, 517, 1, 1),
(45, 518, 1, 1),
(45, 519, 0, 0),
(45, 520, 0, 0),
(45, 521, 0, 0),
(45, 523, 0, 0),
(45, 524, 0, 0),
(45, 525, 0, 0),
(45, 526, 0, 0),
(45, 527, 0, 0),
(45, 528, 0, 0),
(45, 531, 0, 0),
(45, 532, 0, 0),
(45, 533, 0, 0),
(45, 534, 0, 0),
(45, 536, 0, 0),
(45, 537, 0, 0),
(45, 538, 0, 0),
(45, 552, 0, 0),
(45, 590, 0, 0),
(45, 591, 0, 0),
(45, 592, 0, 0),
(45, 593, 0, 0),
(45, 594, 0, 0),
(45, 595, 0, 0),
(45, 612, 0, 0),
(45, 613, 0, 0),
(45, 614, 0, 0),
(45, 615, 0, 0),
(45, 616, 0, 0),
(45, 617, 0, 0),
(45, 618, 0, 0),
(45, 620, 0, 0),
(45, 621, 0, 0),
(45, 626, 0, 0),
(45, 640, 0, 0),
(45, 642, 0, 0),
(45, 644, 0, 0),
(45, 645, 0, 0),
(45, 647, 0, 0),
(45, 648, 0, 0),
(45, 649, 0, 0),
(45, 661, 0, 0),
(45, 663, 0, 0),
(45, 665, 0, 0),
(45, 666, 0, 0),
(45, 667, 0, 0),
(45, 668, 0, 0),
(45, 669, 0, 0),
(45, 670, 0, 0),
(45, 671, 0, 0),
(45, 675, 0, 0),
(45, 676, 0, 0),
(45, 677, 0, 0),
(45, 678, 0, 0),
(45, 679, 0, 0),
(45, 685, 0, 0),
(45, 686, 0, 0),
(45, 688, 0, 0),
(45, 710, 0, 0),
(45, 711, 0, 0),
(45, 712, 0, 0),
(45, 713, 0, 0),
(45, 714, 0, 0),
(45, 725, 0, 0),
(45, 726, 0, 0),
(45, 730, 0, 0),
(45, 731, 0, 0),
(45, 733, 0, 0),
(45, 734, 0, 0),
(45, 748, 0, 0),
(45, 749, 0, 0),
(45, 758, 0, 0),
(45, 759, 0, 0),
(45, 760, 0, 0),
(45, 761, 0, 0),
(45, 762, 0, 0),
(45, 763, 0, 0),
(45, 764, 0, 0),
(45, 769, 0, 0),
(45, 770, 0, 0),
(45, 779, 0, 0),
(45, 780, 0, 0),
(45, 781, 0, 0),
(45, 782, 0, 0),
(45, 783, 0, 0),
(45, 784, 0, 0),
(45, 785, 0, 0),
(45, 786, 0, 0),
(45, 787, 0, 0),
(45, 788, 0, 0),
(45, 796, 0, 0),
(46, 313, 0, 0),
(46, 314, 0, 0),
(46, 319, 0, 0),
(46, 320, 0, 0),
(46, 321, 0, 0),
(46, 358, 0, 0),
(46, 361, 0, 0),
(46, 363, 0, 0),
(46, 371, 0, 0),
(46, 375, 0, 0),
(46, 376, 0, 0),
(46, 377, 0, 0),
(46, 378, 0, 0),
(46, 379, 0, 0),
(46, 389, 0, 0),
(46, 393, 0, 0),
(46, 401, 0, 0),
(46, 405, 0, 0),
(46, 406, 0, 0),
(46, 407, 0, 0),
(46, 408, 0, 0),
(46, 409, 1, 1),
(46, 412, 0, 0),
(46, 418, 0, 0),
(46, 424, 0, 0),
(46, 425, 0, 0),
(46, 427, 0, 0),
(46, 428, 0, 0),
(46, 429, 0, 0),
(46, 430, 0, 0),
(46, 434, 0, 0),
(46, 435, 0, 0),
(46, 436, 0, 0),
(46, 446, 0, 0),
(46, 448, 1, 1),
(46, 449, 1, 1),
(46, 451, 0, 0),
(46, 452, 0, 0),
(46, 453, 0, 0),
(46, 454, 0, 0),
(46, 455, 0, 0),
(46, 456, 0, 0),
(46, 459, 0, 0),
(46, 460, 0, 0),
(46, 461, 0, 0),
(46, 463, 0, 0),
(46, 466, 0, 0),
(46, 467, 0, 0),
(46, 468, 0, 0),
(46, 470, 0, 0),
(46, 471, 0, 0),
(46, 472, 0, 0),
(46, 481, 0, 0),
(46, 482, 0, 0),
(46, 483, 0, 0),
(46, 484, 0, 0),
(46, 492, 0, 0),
(46, 493, 0, 0),
(46, 494, 0, 0),
(46, 499, 0, 0),
(46, 500, 0, 0),
(46, 501, 0, 0),
(46, 502, 0, 0),
(46, 515, 0, 0),
(46, 516, 0, 0),
(46, 519, 1, 1),
(46, 520, 1, 1),
(46, 521, 0, 0),
(46, 523, 0, 0),
(46, 524, 0, 0),
(46, 525, 0, 0),
(46, 526, 0, 0),
(46, 527, 0, 0),
(46, 528, 0, 0),
(46, 531, 0, 0),
(46, 532, 0, 0),
(46, 533, 0, 0),
(46, 534, 0, 0),
(46, 536, 0, 0),
(46, 537, 0, 0),
(46, 538, 0, 0),
(46, 552, 0, 0),
(46, 590, 0, 0),
(46, 591, 0, 0),
(46, 592, 0, 0),
(46, 593, 1, 1),
(46, 594, 1, 1),
(46, 595, 0, 0),
(46, 612, 0, 0),
(46, 613, 0, 0),
(46, 614, 0, 0),
(46, 615, 0, 0),
(46, 616, 0, 0),
(46, 617, 0, 0),
(46, 618, 0, 0),
(46, 620, 0, 0),
(46, 621, 0, 0),
(46, 626, 0, 0),
(46, 640, 0, 0),
(46, 642, 0, 0),
(46, 644, 0, 0),
(46, 645, 0, 0),
(46, 647, 0, 0),
(46, 648, 0, 0),
(46, 649, 0, 0),
(46, 661, 0, 0),
(46, 663, 0, 0),
(46, 665, 0, 0),
(46, 666, 0, 0),
(46, 667, 0, 0),
(46, 668, 0, 0),
(46, 669, 0, 0),
(46, 670, 0, 0),
(46, 671, 0, 0),
(46, 675, 0, 0),
(46, 676, 0, 0),
(46, 677, 0, 0),
(46, 678, 0, 0),
(46, 679, 0, 0),
(46, 685, 0, 0),
(46, 686, 0, 0),
(46, 688, 0, 0),
(46, 710, 0, 0),
(46, 711, 0, 0),
(46, 712, 0, 0),
(46, 713, 0, 0),
(46, 714, 0, 0),
(46, 725, 1, 1),
(46, 726, 1, 1),
(46, 730, 0, 0),
(46, 731, 0, 0),
(46, 733, 0, 0),
(46, 734, 0, 0),
(46, 748, 0, 0),
(46, 749, 0, 0),
(46, 758, 0, 0),
(46, 759, 0, 0),
(46, 760, 0, 0),
(46, 761, 0, 0),
(46, 762, 0, 0),
(46, 763, 0, 0),
(46, 764, 0, 0),
(46, 769, 0, 0),
(46, 770, 0, 0),
(46, 779, 0, 0),
(46, 780, 0, 0),
(46, 781, 0, 0),
(46, 782, 0, 0),
(46, 783, 0, 0),
(46, 784, 0, 0),
(46, 785, 0, 0),
(46, 786, 0, 0),
(46, 787, 0, 0),
(46, 788, 0, 0),
(46, 796, 0, 0),
(48, 313, 0, 0),
(48, 314, 0, 0),
(48, 319, 0, 0),
(48, 320, 0, 0),
(48, 321, 0, 0),
(48, 358, 0, 0),
(48, 361, 0, 0),
(48, 363, 0, 0),
(48, 371, 0, 0),
(48, 375, 0, 0),
(48, 376, 0, 0),
(48, 377, 0, 0),
(48, 378, 0, 0),
(48, 379, 0, 0),
(48, 389, 0, 0),
(48, 393, 0, 0),
(48, 401, 0, 0),
(48, 405, 0, 0),
(48, 406, 0, 0),
(48, 407, 0, 0),
(48, 408, 0, 0),
(48, 409, 0, 0),
(48, 412, 1, 1),
(48, 418, 0, 0),
(48, 424, 0, 0),
(48, 425, 0, 0),
(48, 427, 0, 0),
(48, 428, 0, 0),
(48, 429, 0, 0),
(48, 430, 0, 0),
(48, 434, 0, 0),
(48, 435, 0, 0),
(48, 436, 0, 0),
(48, 446, 0, 0),
(48, 448, 0, 0),
(48, 449, 0, 0),
(48, 451, 0, 0),
(48, 452, 0, 0),
(48, 453, 0, 0),
(48, 454, 0, 0),
(48, 455, 0, 0),
(48, 456, 0, 0),
(48, 459, 0, 0),
(48, 460, 0, 0),
(48, 461, 0, 0),
(48, 463, 0, 0),
(48, 466, 0, 0),
(48, 467, 0, 0),
(48, 468, 0, 0),
(48, 470, 0, 0),
(48, 471, 0, 0),
(48, 472, 0, 0),
(48, 481, 0, 0),
(48, 482, 0, 0),
(48, 483, 0, 0),
(48, 484, 0, 0),
(48, 492, 0, 0),
(48, 493, 0, 0),
(48, 494, 0, 0),
(48, 499, 1, 1),
(48, 500, 0, 0),
(48, 501, 0, 0),
(48, 502, 0, 0),
(48, 515, 0, 0),
(48, 516, 0, 0),
(48, 519, 0, 0),
(48, 520, 0, 0),
(48, 521, 1, 1),
(48, 523, 0, 0),
(48, 524, 0, 0),
(48, 525, 0, 0),
(48, 526, 0, 0),
(48, 527, 0, 0),
(48, 528, 0, 0),
(48, 531, 0, 0),
(48, 532, 0, 0),
(48, 533, 0, 0),
(48, 534, 0, 0),
(48, 536, 0, 0),
(48, 537, 0, 0),
(48, 538, 0, 0),
(48, 552, 0, 0),
(48, 590, 0, 0),
(48, 591, 0, 0),
(48, 592, 0, 0),
(48, 593, 0, 0),
(48, 594, 0, 0),
(48, 595, 1, 1),
(48, 612, 0, 0),
(48, 613, 0, 0),
(48, 614, 0, 0),
(48, 615, 0, 0),
(48, 616, 0, 0),
(48, 617, 0, 0),
(48, 618, 0, 0),
(48, 620, 0, 0),
(48, 621, 0, 0),
(48, 626, 0, 0),
(48, 640, 0, 0),
(48, 642, 0, 0),
(48, 644, 0, 0),
(48, 645, 0, 0),
(48, 647, 0, 0),
(48, 648, 0, 0),
(48, 649, 0, 0),
(48, 661, 0, 0),
(48, 663, 0, 0),
(48, 665, 0, 0),
(48, 666, 0, 0),
(48, 667, 0, 0),
(48, 668, 0, 0),
(48, 669, 0, 0),
(48, 670, 0, 0),
(48, 671, 0, 0),
(48, 675, 0, 0),
(48, 676, 0, 0),
(48, 677, 0, 0),
(48, 678, 0, 0),
(48, 679, 0, 0),
(48, 685, 0, 0),
(48, 686, 0, 0),
(48, 688, 0, 0),
(48, 710, 0, 0),
(48, 711, 0, 0),
(48, 712, 0, 0),
(48, 713, 0, 0),
(48, 714, 0, 0),
(48, 725, 0, 0),
(48, 726, 0, 0),
(48, 730, 0, 0),
(48, 731, 0, 0),
(48, 733, 0, 0),
(48, 734, 0, 0),
(48, 748, 0, 0),
(48, 749, 0, 0),
(48, 758, 0, 0),
(48, 759, 0, 0),
(48, 760, 0, 0),
(48, 761, 0, 0),
(48, 762, 0, 0),
(48, 763, 0, 0),
(48, 764, 0, 0),
(48, 769, 0, 0),
(48, 770, 0, 0),
(48, 779, 0, 0),
(48, 780, 0, 0),
(48, 781, 0, 0),
(48, 782, 0, 0),
(48, 783, 0, 0),
(48, 784, 0, 0),
(48, 785, 0, 0),
(48, 786, 0, 0),
(48, 787, 0, 0),
(48, 788, 0, 0),
(48, 796, 0, 0),
(49, 293, 1, 1),
(49, 313, 0, 0),
(49, 314, 0, 0),
(49, 319, 0, 0),
(49, 320, 0, 0),
(49, 321, 0, 0),
(49, 358, 0, 0),
(49, 361, 0, 0),
(49, 363, 0, 0),
(49, 371, 0, 0),
(49, 375, 0, 0),
(49, 376, 0, 0),
(49, 377, 0, 0),
(49, 378, 0, 0),
(49, 379, 0, 0),
(49, 389, 0, 0),
(49, 393, 0, 0),
(49, 401, 0, 0),
(49, 405, 0, 0),
(49, 406, 0, 0),
(49, 407, 0, 0),
(49, 408, 0, 0),
(49, 409, 0, 0),
(49, 412, 0, 0),
(49, 418, 0, 0),
(49, 424, 0, 0),
(49, 425, 0, 0),
(49, 427, 0, 0),
(49, 428, 0, 0),
(49, 429, 0, 0),
(49, 430, 0, 0),
(49, 434, 0, 0),
(49, 435, 0, 0),
(49, 436, 0, 0),
(49, 446, 0, 0),
(49, 448, 0, 0),
(49, 449, 0, 0),
(49, 451, 0, 0),
(49, 452, 0, 0),
(49, 453, 0, 0),
(49, 454, 0, 0),
(49, 455, 0, 0),
(49, 456, 0, 0),
(49, 459, 0, 0),
(49, 460, 0, 0),
(49, 461, 0, 0),
(49, 463, 0, 0),
(49, 466, 0, 0),
(49, 467, 0, 0),
(49, 468, 0, 0),
(49, 470, 0, 0),
(49, 471, 0, 0),
(49, 472, 0, 0),
(49, 481, 0, 0),
(49, 482, 0, 0),
(49, 483, 0, 0),
(49, 484, 0, 0),
(49, 492, 0, 0),
(49, 493, 0, 0),
(49, 494, 0, 0),
(49, 495, 1, 1),
(49, 496, 1, 1),
(49, 497, 1, 1),
(49, 499, 0, 0),
(49, 500, 0, 0),
(49, 501, 0, 0),
(49, 502, 0, 0),
(49, 515, 0, 0),
(49, 516, 0, 0),
(49, 519, 0, 0),
(49, 520, 0, 0),
(49, 521, 0, 0),
(49, 523, 0, 0),
(49, 524, 0, 0),
(49, 525, 0, 0),
(49, 526, 0, 0),
(49, 527, 0, 0),
(49, 528, 0, 0),
(49, 531, 0, 0),
(49, 532, 0, 0),
(49, 533, 0, 0),
(49, 534, 0, 0),
(49, 536, 0, 0),
(49, 537, 0, 0),
(49, 538, 0, 0),
(49, 552, 0, 0),
(49, 590, 0, 0),
(49, 591, 0, 0),
(49, 592, 0, 0),
(49, 593, 0, 0),
(49, 594, 0, 0),
(49, 595, 0, 0),
(49, 612, 0, 0),
(49, 613, 0, 0),
(49, 614, 0, 0),
(49, 615, 0, 0),
(49, 616, 0, 0),
(49, 617, 0, 0),
(49, 618, 0, 0),
(49, 620, 0, 0),
(49, 621, 0, 0),
(49, 626, 0, 0),
(49, 640, 0, 0),
(49, 642, 0, 0),
(49, 644, 0, 0),
(49, 645, 0, 0),
(49, 647, 0, 0),
(49, 648, 0, 0),
(49, 649, 0, 0),
(49, 661, 0, 0),
(49, 663, 0, 0),
(49, 665, 0, 0),
(49, 666, 0, 0),
(49, 667, 0, 0),
(49, 668, 0, 0),
(49, 669, 0, 0),
(49, 670, 0, 0),
(49, 671, 0, 0),
(49, 675, 0, 0),
(49, 676, 0, 0),
(49, 677, 0, 0),
(49, 678, 0, 0),
(49, 679, 0, 0),
(49, 685, 0, 0),
(49, 686, 0, 0),
(49, 688, 0, 0),
(49, 710, 0, 0),
(49, 711, 0, 0),
(49, 712, 0, 0),
(49, 713, 0, 0),
(49, 714, 0, 0),
(49, 725, 0, 0),
(49, 726, 0, 0),
(49, 730, 0, 0),
(49, 731, 0, 0),
(49, 733, 0, 0),
(49, 734, 0, 0),
(49, 748, 0, 0),
(49, 749, 0, 0),
(49, 758, 0, 0),
(49, 759, 0, 0),
(49, 760, 0, 0),
(49, 761, 0, 0),
(49, 762, 0, 0),
(49, 763, 0, 0),
(49, 764, 0, 0),
(49, 769, 0, 0),
(49, 770, 0, 0),
(49, 779, 0, 0),
(49, 780, 0, 0),
(49, 781, 0, 0),
(49, 782, 0, 0),
(49, 783, 0, 0),
(49, 784, 0, 0),
(49, 785, 0, 0),
(49, 786, 0, 0),
(49, 787, 0, 0),
(49, 788, 0, 0),
(49, 796, 0, 0),
(50, 313, 0, 0),
(50, 314, 0, 0),
(50, 319, 0, 0),
(50, 320, 0, 0),
(50, 321, 0, 0),
(50, 358, 0, 0),
(50, 361, 0, 0),
(50, 363, 0, 0),
(50, 371, 1, 1),
(50, 375, 0, 0),
(50, 376, 0, 0),
(50, 377, 0, 0),
(50, 378, 0, 0),
(50, 379, 0, 0),
(50, 389, 0, 0),
(50, 393, 0, 0),
(50, 401, 0, 0),
(50, 405, 0, 0),
(50, 406, 0, 0),
(50, 407, 0, 0),
(50, 408, 0, 0),
(50, 409, 0, 0),
(50, 412, 0, 0),
(50, 418, 0, 0),
(50, 424, 0, 0),
(50, 425, 0, 0),
(50, 427, 0, 0),
(50, 428, 0, 0),
(50, 429, 0, 0),
(50, 430, 0, 0),
(50, 434, 0, 0),
(50, 435, 0, 0),
(50, 436, 0, 0),
(50, 446, 0, 0),
(50, 448, 0, 0),
(50, 449, 0, 0),
(50, 451, 0, 0),
(50, 452, 0, 0),
(50, 453, 0, 0),
(50, 454, 0, 0),
(50, 455, 0, 0),
(50, 456, 0, 0),
(50, 459, 0, 0),
(50, 460, 0, 0),
(50, 461, 0, 0),
(50, 463, 0, 0),
(50, 466, 0, 0),
(50, 467, 0, 0),
(50, 468, 0, 0),
(50, 470, 0, 0),
(50, 471, 0, 0),
(50, 472, 0, 0),
(50, 481, 0, 0),
(50, 482, 0, 0),
(50, 483, 0, 0),
(50, 484, 0, 0),
(50, 492, 1, 1),
(50, 493, 1, 1),
(50, 494, 1, 1),
(50, 499, 0, 0),
(50, 500, 0, 0),
(50, 501, 0, 0),
(50, 502, 0, 0),
(50, 515, 0, 0),
(50, 516, 0, 0),
(50, 519, 0, 0),
(50, 520, 0, 0),
(50, 521, 0, 0),
(50, 523, 0, 0),
(50, 524, 1, 1),
(50, 525, 1, 1),
(50, 526, 0, 0),
(50, 527, 0, 0),
(50, 528, 0, 0),
(50, 531, 0, 0),
(50, 532, 0, 0),
(50, 533, 0, 0),
(50, 534, 0, 0),
(50, 536, 0, 0),
(50, 537, 0, 0),
(50, 538, 0, 0),
(50, 552, 0, 0),
(50, 590, 0, 0),
(50, 591, 0, 0),
(50, 592, 0, 0),
(50, 593, 0, 0),
(50, 594, 0, 0),
(50, 595, 0, 0),
(50, 612, 0, 0),
(50, 613, 0, 0),
(50, 614, 0, 0),
(50, 615, 0, 0),
(50, 616, 0, 0),
(50, 617, 0, 0),
(50, 618, 0, 0),
(50, 620, 0, 0),
(50, 621, 0, 0),
(50, 626, 0, 0),
(50, 640, 0, 0),
(50, 642, 0, 0),
(50, 644, 0, 0),
(50, 645, 0, 0),
(50, 647, 0, 0),
(50, 648, 0, 0),
(50, 649, 0, 0),
(50, 661, 0, 0),
(50, 663, 0, 0),
(50, 665, 0, 0),
(50, 666, 0, 0),
(50, 667, 0, 0),
(50, 668, 0, 0),
(50, 669, 0, 0),
(50, 670, 0, 0),
(50, 671, 0, 0),
(50, 675, 0, 0),
(50, 676, 0, 0),
(50, 677, 0, 0),
(50, 678, 0, 0),
(50, 679, 0, 0),
(50, 685, 0, 0),
(50, 686, 0, 0),
(50, 688, 0, 0),
(50, 710, 0, 0),
(50, 711, 0, 0),
(50, 712, 0, 0),
(50, 713, 0, 0),
(50, 714, 0, 0),
(50, 725, 0, 0),
(50, 726, 0, 0),
(50, 730, 0, 0),
(50, 731, 0, 0),
(50, 733, 0, 0),
(50, 734, 0, 0),
(50, 748, 1, 1),
(50, 749, 1, 1),
(50, 758, 0, 0),
(50, 759, 0, 0),
(50, 760, 0, 0),
(50, 761, 0, 0),
(50, 762, 0, 0),
(50, 763, 0, 0),
(50, 764, 1, 1),
(50, 769, 0, 0),
(50, 770, 0, 0),
(50, 779, 0, 0),
(50, 780, 0, 0),
(50, 781, 0, 0),
(50, 782, 0, 0),
(50, 783, 0, 0),
(50, 784, 0, 0),
(50, 785, 0, 0),
(50, 786, 0, 0),
(50, 787, 0, 0),
(50, 788, 0, 0),
(50, 796, 0, 0),
(51, 313, 0, 0),
(51, 314, 0, 0),
(51, 319, 0, 0),
(51, 320, 0, 0),
(51, 321, 0, 0),
(51, 358, 0, 0),
(51, 361, 0, 0),
(51, 363, 0, 0),
(51, 371, 0, 0),
(51, 375, 1, 1),
(51, 376, 0, 0),
(51, 377, 0, 0),
(51, 378, 0, 0),
(51, 379, 0, 0),
(51, 389, 0, 0),
(51, 393, 0, 0),
(51, 401, 0, 0),
(51, 405, 0, 0),
(51, 406, 0, 0),
(51, 407, 0, 0),
(51, 408, 0, 0),
(51, 409, 0, 0),
(51, 412, 0, 0),
(51, 418, 0, 0),
(51, 424, 0, 0),
(51, 425, 0, 0),
(51, 427, 0, 0),
(51, 428, 0, 0),
(51, 429, 0, 0),
(51, 430, 0, 0),
(51, 434, 0, 0),
(51, 435, 0, 0),
(51, 436, 0, 0),
(51, 446, 0, 0),
(51, 448, 0, 0),
(51, 449, 0, 0),
(51, 451, 0, 0),
(51, 452, 0, 0),
(51, 453, 0, 0),
(51, 454, 1, 1),
(51, 455, 1, 1),
(51, 456, 1, 1),
(51, 459, 0, 0),
(51, 460, 0, 0),
(51, 461, 0, 0),
(51, 463, 0, 0),
(51, 466, 0, 0),
(51, 467, 0, 0),
(51, 468, 0, 0),
(51, 470, 0, 0),
(51, 471, 0, 0),
(51, 472, 0, 0),
(51, 481, 0, 0),
(51, 482, 0, 0),
(51, 483, 0, 0),
(51, 484, 0, 0),
(51, 492, 0, 0),
(51, 493, 0, 0),
(51, 494, 0, 0),
(51, 499, 0, 0),
(51, 500, 0, 0),
(51, 501, 0, 0),
(51, 502, 0, 0),
(51, 515, 0, 0),
(51, 516, 0, 0),
(51, 519, 0, 0),
(51, 520, 0, 0),
(51, 521, 0, 0),
(51, 523, 0, 0),
(51, 524, 0, 0),
(51, 525, 0, 0),
(51, 526, 1, 1),
(51, 527, 0, 0),
(51, 528, 0, 0),
(51, 531, 0, 0),
(51, 532, 0, 0),
(51, 533, 0, 0),
(51, 534, 0, 0),
(51, 536, 0, 0),
(51, 537, 0, 0),
(51, 538, 0, 0),
(51, 552, 0, 0),
(51, 590, 0, 0),
(51, 591, 0, 0),
(51, 592, 0, 0),
(51, 593, 0, 0),
(51, 594, 0, 0),
(51, 595, 0, 0),
(51, 612, 0, 0),
(51, 613, 0, 0),
(51, 614, 0, 0),
(51, 615, 0, 0),
(51, 616, 0, 0),
(51, 617, 0, 0),
(51, 618, 0, 0),
(51, 620, 0, 0),
(51, 621, 0, 0),
(51, 626, 0, 0),
(51, 640, 0, 0),
(51, 642, 0, 0),
(51, 644, 0, 0),
(51, 645, 0, 0),
(51, 647, 0, 0),
(51, 648, 0, 0),
(51, 649, 0, 0),
(51, 661, 0, 0),
(51, 663, 0, 0),
(51, 665, 0, 0),
(51, 666, 0, 0),
(51, 667, 0, 0),
(51, 668, 0, 0),
(51, 669, 0, 0),
(51, 670, 0, 0),
(51, 671, 0, 0),
(51, 675, 0, 0),
(51, 676, 0, 0),
(51, 677, 0, 0),
(51, 678, 0, 0),
(51, 679, 0, 0),
(51, 685, 0, 0),
(51, 686, 0, 0),
(51, 688, 0, 0),
(51, 710, 0, 0),
(51, 711, 0, 0),
(51, 712, 0, 0),
(51, 713, 0, 0),
(51, 714, 0, 0),
(51, 725, 0, 0),
(51, 726, 0, 0),
(51, 730, 0, 0),
(51, 731, 0, 0),
(51, 733, 0, 0),
(51, 734, 0, 0),
(51, 748, 0, 0),
(51, 749, 0, 0),
(51, 758, 0, 0),
(51, 759, 0, 0),
(51, 760, 0, 0),
(51, 761, 0, 0),
(51, 762, 0, 0),
(51, 763, 0, 0),
(51, 764, 0, 0),
(51, 769, 0, 0),
(51, 770, 0, 0),
(51, 779, 0, 0),
(51, 780, 0, 0),
(51, 781, 0, 0),
(51, 782, 0, 0),
(51, 783, 0, 0),
(51, 784, 0, 0),
(51, 785, 0, 0),
(51, 786, 0, 0),
(51, 787, 0, 0),
(51, 788, 0, 0),
(51, 796, 0, 0),
(52, 313, 0, 0),
(52, 314, 0, 0),
(52, 319, 0, 0),
(52, 320, 0, 0),
(52, 321, 0, 0),
(52, 358, 0, 0),
(52, 361, 0, 0),
(52, 363, 0, 0),
(52, 371, 0, 0),
(52, 375, 0, 0),
(52, 376, 0, 0),
(52, 377, 0, 0),
(52, 378, 0, 0),
(52, 379, 0, 0),
(52, 389, 0, 0),
(52, 393, 0, 0),
(52, 401, 0, 0),
(52, 405, 1, 1),
(52, 406, 0, 0),
(52, 407, 0, 0),
(52, 408, 0, 0),
(52, 409, 0, 0),
(52, 412, 0, 0),
(52, 418, 0, 0),
(52, 424, 0, 0),
(52, 425, 0, 0),
(52, 427, 0, 0),
(52, 428, 0, 0),
(52, 429, 0, 0),
(52, 430, 0, 0),
(52, 434, 0, 0),
(52, 435, 0, 0),
(52, 436, 0, 0),
(52, 446, 0, 0),
(52, 448, 0, 0),
(52, 449, 0, 0),
(52, 451, 0, 0),
(52, 452, 0, 0),
(52, 453, 0, 0),
(52, 454, 0, 0),
(52, 455, 0, 0),
(52, 456, 0, 0),
(52, 459, 0, 0),
(52, 460, 0, 0),
(52, 461, 0, 0),
(52, 463, 0, 0),
(52, 466, 0, 0),
(52, 467, 0, 0),
(52, 468, 0, 0),
(52, 470, 0, 0),
(52, 471, 0, 0),
(52, 472, 0, 0),
(52, 481, 0, 0),
(52, 482, 0, 0),
(52, 483, 0, 0),
(52, 484, 0, 0),
(52, 492, 0, 0),
(52, 493, 0, 0),
(52, 494, 0, 0),
(52, 499, 0, 0),
(52, 500, 0, 0),
(52, 501, 0, 0),
(52, 502, 0, 0),
(52, 515, 0, 0),
(52, 516, 0, 0),
(52, 519, 0, 0),
(52, 520, 0, 0),
(52, 521, 0, 0),
(52, 523, 0, 0),
(52, 524, 0, 0),
(52, 525, 0, 0),
(52, 526, 0, 0),
(52, 527, 0, 0),
(52, 528, 0, 0),
(52, 531, 0, 0),
(52, 532, 0, 0),
(52, 533, 0, 0),
(52, 534, 0, 0),
(52, 536, 0, 0),
(52, 537, 0, 0),
(52, 538, 0, 0),
(52, 552, 0, 0),
(52, 590, 0, 0),
(52, 591, 0, 0),
(52, 592, 0, 0),
(52, 593, 0, 0),
(52, 594, 0, 0),
(52, 595, 0, 0),
(52, 612, 0, 0),
(52, 613, 0, 0),
(52, 614, 0, 0),
(52, 615, 0, 0),
(52, 616, 0, 0),
(52, 617, 0, 0),
(52, 618, 0, 0),
(52, 620, 0, 0),
(52, 621, 0, 0),
(52, 626, 0, 0),
(52, 640, 0, 0),
(52, 642, 0, 0),
(52, 644, 0, 0),
(52, 645, 0, 0),
(52, 647, 0, 0),
(52, 648, 0, 0),
(52, 649, 0, 0),
(52, 661, 0, 0),
(52, 663, 0, 0),
(52, 665, 0, 0),
(52, 666, 0, 0),
(52, 667, 0, 0),
(52, 668, 0, 0),
(52, 669, 0, 0),
(52, 670, 0, 0),
(52, 671, 0, 0),
(52, 675, 0, 0),
(52, 676, 0, 0),
(52, 677, 0, 0),
(52, 678, 0, 0),
(52, 679, 0, 0),
(52, 685, 0, 0),
(52, 686, 0, 0),
(52, 688, 0, 0),
(52, 710, 0, 0),
(52, 711, 0, 0),
(52, 712, 0, 0),
(52, 713, 0, 0),
(52, 714, 0, 0),
(52, 725, 0, 0),
(52, 726, 0, 0),
(52, 730, 1, 1),
(52, 731, 1, 1),
(52, 733, 0, 0),
(52, 734, 0, 0),
(52, 748, 0, 0),
(52, 749, 0, 0),
(52, 758, 0, 0),
(52, 759, 0, 0),
(52, 760, 0, 0),
(52, 761, 0, 0),
(52, 762, 0, 0),
(52, 763, 0, 0),
(52, 764, 0, 0),
(52, 769, 0, 0),
(52, 770, 0, 0),
(52, 779, 0, 0),
(52, 780, 0, 0),
(52, 781, 0, 0),
(52, 782, 0, 0),
(52, 783, 0, 0),
(52, 784, 0, 0),
(52, 785, 0, 0),
(52, 786, 0, 0),
(52, 787, 0, 0),
(52, 788, 0, 0),
(52, 796, 0, 0),
(53, 313, 0, 0),
(53, 314, 0, 0),
(53, 319, 0, 0),
(53, 320, 0, 0),
(53, 321, 0, 0),
(53, 339, 1, 1),
(53, 345, 1, 1),
(53, 346, 1, 1),
(53, 347, 1, 1),
(53, 348, 1, 1),
(53, 358, 0, 0),
(53, 361, 0, 0),
(53, 363, 0, 0),
(53, 371, 0, 0),
(53, 375, 0, 0),
(53, 376, 0, 0),
(53, 377, 0, 0),
(53, 378, 0, 0),
(53, 379, 0, 0),
(53, 389, 0, 0),
(53, 393, 0, 0),
(53, 401, 0, 0),
(53, 405, 0, 0),
(53, 406, 0, 0),
(53, 407, 0, 0),
(53, 408, 0, 0),
(53, 409, 0, 0),
(53, 412, 0, 0),
(53, 418, 0, 0),
(53, 424, 0, 0),
(53, 425, 0, 0),
(53, 427, 0, 0),
(53, 428, 0, 0),
(53, 429, 0, 0),
(53, 430, 0, 0),
(53, 434, 0, 0),
(53, 435, 0, 0),
(53, 436, 0, 0),
(53, 446, 0, 0),
(53, 448, 0, 0),
(53, 449, 0, 0),
(53, 451, 0, 0),
(53, 452, 0, 0),
(53, 453, 0, 0),
(53, 454, 0, 0),
(53, 455, 0, 0),
(53, 456, 0, 0),
(53, 459, 0, 0),
(53, 460, 0, 0),
(53, 461, 0, 0),
(53, 463, 0, 0),
(53, 466, 0, 0),
(53, 467, 0, 0),
(53, 468, 0, 0),
(53, 470, 0, 0),
(53, 471, 0, 0),
(53, 472, 0, 0),
(53, 473, 1, 1),
(53, 474, 1, 1),
(53, 475, 1, 1),
(53, 481, 0, 0),
(53, 482, 0, 0),
(53, 483, 0, 0),
(53, 484, 0, 0),
(53, 492, 0, 0),
(53, 493, 0, 0),
(53, 494, 0, 0),
(53, 499, 0, 0),
(53, 500, 0, 0),
(53, 501, 0, 0),
(53, 502, 0, 0),
(53, 515, 0, 0),
(53, 516, 0, 0),
(53, 519, 0, 0),
(53, 520, 0, 0),
(53, 521, 0, 0),
(53, 522, 1, 1),
(53, 523, 0, 0),
(53, 524, 0, 0),
(53, 525, 0, 0),
(53, 526, 0, 0),
(53, 527, 0, 0),
(53, 528, 0, 0),
(53, 531, 0, 0),
(53, 532, 0, 0),
(53, 533, 0, 0),
(53, 534, 0, 0),
(53, 536, 0, 0),
(53, 537, 0, 0),
(53, 538, 0, 0),
(53, 552, 0, 0),
(53, 590, 0, 0),
(53, 591, 0, 0),
(53, 592, 0, 0),
(53, 593, 0, 0),
(53, 594, 0, 0),
(53, 595, 0, 0),
(53, 612, 0, 0),
(53, 613, 0, 0),
(53, 614, 0, 0),
(53, 615, 0, 0),
(53, 616, 0, 0),
(53, 617, 0, 0),
(53, 618, 0, 0),
(53, 620, 0, 0),
(53, 621, 0, 0),
(53, 626, 0, 0),
(53, 640, 0, 0),
(53, 642, 0, 0),
(53, 644, 0, 0),
(53, 645, 0, 0),
(53, 647, 0, 0),
(53, 648, 0, 0),
(53, 649, 0, 0),
(53, 661, 0, 0),
(53, 663, 0, 0),
(53, 665, 0, 0),
(53, 666, 0, 0),
(53, 667, 0, 0),
(53, 668, 0, 0),
(53, 669, 0, 0),
(53, 670, 0, 0),
(53, 671, 0, 0),
(53, 675, 0, 0),
(53, 676, 0, 0),
(53, 677, 0, 0),
(53, 678, 0, 0),
(53, 679, 0, 0),
(53, 685, 0, 0),
(53, 686, 0, 0),
(53, 688, 0, 0),
(53, 710, 0, 0),
(53, 711, 0, 0),
(53, 712, 0, 0),
(53, 713, 0, 0),
(53, 714, 0, 0),
(53, 725, 0, 0),
(53, 726, 0, 0),
(53, 730, 0, 0),
(53, 731, 0, 0),
(53, 733, 0, 0),
(53, 734, 0, 0),
(53, 748, 0, 0),
(53, 749, 0, 0),
(53, 758, 0, 0),
(53, 759, 0, 0),
(53, 760, 0, 0),
(53, 761, 0, 0),
(53, 762, 0, 0),
(53, 763, 0, 0),
(53, 764, 0, 0),
(53, 769, 0, 0),
(53, 770, 0, 0),
(53, 775, 1, 1),
(53, 776, 1, 1),
(53, 779, 0, 0),
(53, 780, 0, 0),
(53, 781, 0, 0),
(53, 782, 0, 0),
(53, 783, 0, 0),
(53, 784, 0, 0),
(53, 785, 0, 0),
(53, 786, 0, 0),
(53, 787, 0, 0),
(53, 788, 0, 0),
(53, 796, 0, 0),
(54, 313, 0, 0),
(54, 314, 0, 0),
(54, 319, 0, 0),
(54, 320, 0, 0),
(54, 321, 0, 0),
(54, 358, 0, 0),
(54, 361, 0, 0),
(54, 363, 0, 0),
(54, 371, 0, 0),
(54, 375, 0, 0),
(54, 376, 0, 0),
(54, 377, 0, 0),
(54, 378, 0, 0),
(54, 379, 0, 0),
(54, 389, 0, 0),
(54, 393, 0, 0),
(54, 401, 0, 0),
(54, 405, 0, 0),
(54, 406, 0, 0),
(54, 407, 0, 0),
(54, 408, 0, 0),
(54, 409, 0, 0),
(54, 412, 0, 0),
(54, 418, 0, 0),
(54, 424, 1, 1),
(54, 425, 0, 0),
(54, 427, 0, 0),
(54, 428, 0, 0),
(54, 429, 0, 0),
(54, 430, 0, 0),
(54, 434, 1, 1),
(54, 435, 1, 1),
(54, 436, 1, 1),
(54, 446, 1, 1),
(54, 448, 0, 0),
(54, 449, 0, 0),
(54, 451, 0, 0),
(54, 452, 0, 0),
(54, 453, 0, 0),
(54, 454, 0, 0),
(54, 455, 0, 0),
(54, 456, 0, 0),
(54, 459, 0, 0),
(54, 460, 0, 0),
(54, 461, 0, 0),
(54, 463, 0, 0),
(54, 466, 0, 0),
(54, 467, 0, 0),
(54, 468, 0, 0),
(54, 470, 0, 0),
(54, 471, 0, 0),
(54, 472, 0, 0),
(54, 481, 0, 0),
(54, 482, 0, 0),
(54, 483, 0, 0),
(54, 484, 0, 0),
(54, 492, 0, 0),
(54, 493, 0, 0),
(54, 494, 0, 0),
(54, 499, 0, 0),
(54, 500, 0, 0),
(54, 501, 0, 0),
(54, 502, 0, 0),
(54, 515, 1, 1),
(54, 516, 1, 1),
(54, 519, 0, 0),
(54, 520, 0, 0),
(54, 521, 0, 0),
(54, 523, 0, 0),
(54, 524, 0, 0),
(54, 525, 0, 0),
(54, 526, 0, 0),
(54, 527, 0, 0),
(54, 528, 0, 0),
(54, 531, 0, 0),
(54, 532, 0, 0),
(54, 533, 0, 0),
(54, 534, 0, 0),
(54, 536, 0, 0),
(54, 537, 0, 0),
(54, 538, 0, 0),
(54, 552, 0, 0),
(54, 590, 0, 0),
(54, 591, 0, 0),
(54, 592, 0, 0),
(54, 593, 0, 0),
(54, 594, 0, 0),
(54, 595, 0, 0),
(54, 612, 0, 0),
(54, 613, 0, 0),
(54, 614, 0, 0),
(54, 615, 0, 0),
(54, 616, 0, 0),
(54, 617, 0, 0),
(54, 618, 0, 0),
(54, 620, 0, 0),
(54, 621, 0, 0),
(54, 626, 0, 0),
(54, 640, 0, 0),
(54, 642, 0, 0),
(54, 644, 0, 0),
(54, 645, 0, 0),
(54, 647, 0, 0),
(54, 648, 0, 0),
(54, 649, 0, 0),
(54, 661, 0, 0),
(54, 663, 0, 0),
(54, 665, 0, 0),
(54, 666, 0, 0),
(54, 667, 0, 0),
(54, 668, 0, 0),
(54, 669, 0, 0),
(54, 670, 0, 0),
(54, 671, 0, 0),
(54, 675, 0, 0),
(54, 676, 0, 0),
(54, 677, 0, 0),
(54, 678, 0, 0),
(54, 679, 0, 0),
(54, 685, 0, 0),
(54, 686, 0, 0),
(54, 688, 0, 0),
(54, 710, 0, 0),
(54, 711, 0, 0),
(54, 712, 0, 0),
(54, 713, 0, 0),
(54, 714, 0, 0),
(54, 725, 0, 0),
(54, 726, 0, 0),
(54, 730, 0, 0),
(54, 731, 0, 0),
(54, 733, 0, 0),
(54, 734, 0, 0),
(54, 748, 0, 0),
(54, 749, 0, 0),
(54, 758, 0, 0),
(54, 759, 0, 0),
(54, 760, 0, 0),
(54, 761, 0, 0),
(54, 762, 0, 0),
(54, 763, 0, 0),
(54, 764, 0, 0),
(54, 769, 0, 0),
(54, 770, 0, 0),
(54, 779, 0, 0),
(54, 780, 0, 0),
(54, 781, 0, 0),
(54, 782, 0, 0),
(54, 783, 0, 0),
(54, 784, 0, 0),
(54, 785, 0, 0),
(54, 786, 0, 0),
(54, 787, 0, 0),
(54, 788, 0, 0),
(54, 796, 0, 0),
(55, 313, 0, 0),
(55, 314, 0, 0),
(55, 319, 0, 0),
(55, 320, 0, 0),
(55, 321, 0, 0),
(55, 358, 0, 0),
(55, 361, 0, 0),
(55, 363, 1, 1),
(55, 371, 0, 0),
(55, 375, 0, 0),
(55, 376, 0, 0),
(55, 377, 0, 0),
(55, 378, 0, 0),
(55, 379, 0, 0),
(55, 389, 0, 0),
(55, 393, 0, 0),
(55, 401, 0, 0),
(55, 405, 0, 0),
(55, 406, 0, 0),
(55, 407, 0, 0),
(55, 408, 0, 0),
(55, 409, 0, 0),
(55, 412, 0, 0),
(55, 418, 0, 0),
(55, 424, 0, 0),
(55, 425, 0, 0),
(55, 427, 0, 0),
(55, 428, 0, 0),
(55, 429, 0, 0),
(55, 430, 0, 0),
(55, 434, 0, 0),
(55, 435, 0, 0),
(55, 436, 0, 0),
(55, 446, 0, 0),
(55, 448, 0, 0),
(55, 449, 0, 0),
(55, 451, 1, 1),
(55, 452, 1, 1),
(55, 453, 1, 1),
(55, 454, 0, 0),
(55, 455, 0, 0),
(55, 456, 0, 0),
(55, 459, 0, 0),
(55, 460, 0, 0),
(55, 461, 0, 0),
(55, 463, 0, 0),
(55, 466, 0, 0),
(55, 467, 0, 0),
(55, 468, 0, 0),
(55, 470, 0, 0),
(55, 471, 0, 0),
(55, 472, 0, 0),
(55, 481, 0, 0),
(55, 482, 0, 0),
(55, 483, 0, 0),
(55, 484, 0, 0),
(55, 492, 0, 0),
(55, 493, 0, 0),
(55, 494, 0, 0),
(55, 499, 0, 0),
(55, 500, 0, 0),
(55, 501, 0, 0),
(55, 502, 0, 0),
(55, 515, 0, 0),
(55, 516, 0, 0),
(55, 519, 0, 0),
(55, 520, 0, 0),
(55, 521, 0, 0),
(55, 523, 1, 1),
(55, 524, 0, 0),
(55, 525, 0, 0),
(55, 526, 0, 0),
(55, 527, 0, 0),
(55, 528, 0, 0),
(55, 531, 0, 0),
(55, 532, 0, 0),
(55, 533, 0, 0),
(55, 534, 0, 0),
(55, 536, 1, 1),
(55, 537, 0, 0),
(55, 538, 0, 0),
(55, 552, 0, 0),
(55, 590, 0, 0),
(55, 591, 0, 0),
(55, 592, 0, 0),
(55, 593, 0, 0),
(55, 594, 0, 0),
(55, 595, 0, 0),
(55, 612, 0, 0),
(55, 613, 0, 0),
(55, 614, 0, 0),
(55, 615, 0, 0),
(55, 616, 0, 0),
(55, 617, 0, 0),
(55, 618, 0, 0),
(55, 620, 0, 0),
(55, 621, 0, 0),
(55, 626, 0, 0),
(55, 640, 0, 0),
(55, 642, 0, 0),
(55, 644, 0, 0),
(55, 645, 0, 0),
(55, 647, 0, 0),
(55, 648, 0, 0),
(55, 649, 0, 0),
(55, 661, 0, 0),
(55, 663, 0, 0),
(55, 665, 0, 0),
(55, 666, 0, 0),
(55, 667, 0, 0),
(55, 668, 0, 0),
(55, 669, 0, 0),
(55, 670, 0, 0),
(55, 671, 0, 0),
(55, 675, 0, 0),
(55, 676, 0, 0),
(55, 677, 0, 0),
(55, 678, 0, 0),
(55, 679, 0, 0),
(55, 685, 0, 0),
(55, 686, 0, 0),
(55, 688, 0, 0),
(55, 710, 0, 0),
(55, 711, 0, 0),
(55, 712, 0, 0),
(55, 713, 0, 0),
(55, 714, 0, 0),
(55, 725, 0, 0),
(55, 726, 0, 0),
(55, 730, 0, 0),
(55, 731, 0, 0),
(55, 733, 0, 0),
(55, 734, 0, 0),
(55, 748, 0, 0),
(55, 749, 0, 0),
(55, 758, 0, 0),
(55, 759, 1, 1),
(55, 760, 0, 0),
(55, 761, 0, 0),
(55, 762, 0, 0),
(55, 763, 0, 0),
(55, 764, 0, 0),
(55, 769, 0, 0),
(55, 770, 0, 0),
(55, 779, 0, 0),
(55, 780, 0, 0),
(55, 781, 0, 0),
(55, 782, 0, 0),
(55, 783, 0, 0),
(55, 784, 0, 0),
(55, 785, 0, 0),
(55, 786, 0, 0),
(55, 787, 0, 0),
(55, 788, 0, 0),
(55, 796, 0, 0),
(56, 313, 1, 1),
(56, 314, 1, 1),
(56, 319, 0, 0),
(56, 320, 0, 0),
(56, 321, 0, 0),
(56, 358, 1, 1),
(56, 361, 1, 1),
(56, 363, 0, 0),
(56, 371, 0, 0),
(56, 375, 0, 0),
(56, 376, 0, 0),
(56, 377, 0, 0),
(56, 378, 0, 0),
(56, 379, 0, 0),
(56, 389, 0, 0),
(56, 393, 0, 0),
(56, 401, 0, 0),
(56, 405, 0, 0),
(56, 406, 0, 0),
(56, 407, 0, 0),
(56, 408, 0, 0),
(56, 409, 0, 0),
(56, 412, 0, 0),
(56, 418, 0, 0),
(56, 424, 0, 0),
(56, 425, 0, 0),
(56, 427, 0, 0),
(56, 428, 0, 0),
(56, 429, 0, 0),
(56, 430, 0, 0),
(56, 434, 0, 0),
(56, 435, 0, 0),
(56, 436, 0, 0),
(56, 446, 0, 0),
(56, 448, 0, 0),
(56, 449, 0, 0),
(56, 451, 0, 0),
(56, 452, 0, 0),
(56, 453, 0, 0),
(56, 454, 0, 0),
(56, 455, 0, 0),
(56, 456, 0, 0),
(56, 459, 0, 0),
(56, 460, 0, 0),
(56, 461, 0, 0),
(56, 463, 0, 0),
(56, 466, 0, 0),
(56, 467, 0, 0),
(56, 468, 0, 0),
(56, 470, 0, 0),
(56, 471, 0, 0),
(56, 472, 0, 0),
(56, 481, 0, 0),
(56, 482, 0, 0),
(56, 483, 0, 0),
(56, 484, 0, 0),
(56, 492, 0, 0),
(56, 493, 0, 0),
(56, 494, 0, 0),
(56, 499, 0, 0),
(56, 500, 0, 0),
(56, 501, 0, 0),
(56, 502, 0, 0),
(56, 515, 0, 0),
(56, 516, 0, 0),
(56, 519, 0, 0),
(56, 520, 0, 0),
(56, 521, 0, 0),
(56, 523, 0, 0),
(56, 524, 0, 0),
(56, 525, 0, 0),
(56, 526, 0, 0),
(56, 527, 0, 0),
(56, 528, 0, 0),
(56, 531, 0, 0),
(56, 532, 0, 0),
(56, 533, 0, 0),
(56, 534, 0, 0),
(56, 536, 0, 0),
(56, 537, 0, 0),
(56, 538, 0, 0),
(56, 552, 0, 0),
(56, 590, 0, 0),
(56, 591, 0, 0),
(56, 592, 0, 0),
(56, 593, 0, 0),
(56, 594, 0, 0),
(56, 595, 0, 0),
(56, 612, 0, 0),
(56, 613, 0, 0),
(56, 614, 0, 0),
(56, 615, 0, 0),
(56, 616, 0, 0),
(56, 617, 0, 0),
(56, 618, 0, 0),
(56, 620, 0, 0),
(56, 621, 0, 0),
(56, 626, 0, 0),
(56, 640, 0, 0),
(56, 642, 0, 0),
(56, 644, 0, 0),
(56, 645, 0, 0),
(56, 647, 0, 0),
(56, 648, 0, 0),
(56, 649, 0, 0),
(56, 661, 0, 0),
(56, 663, 0, 0),
(56, 665, 0, 0),
(56, 666, 0, 0),
(56, 667, 0, 0),
(56, 668, 0, 0),
(56, 669, 0, 0),
(56, 670, 0, 0),
(56, 671, 0, 0),
(56, 675, 0, 0),
(56, 676, 0, 0),
(56, 677, 0, 0),
(56, 678, 0, 0),
(56, 679, 0, 0),
(56, 685, 0, 0),
(56, 686, 0, 0),
(56, 688, 0, 0),
(56, 710, 0, 0),
(56, 711, 0, 0),
(56, 712, 0, 0),
(56, 713, 0, 0),
(56, 714, 0, 0),
(56, 725, 0, 0),
(56, 726, 0, 0),
(56, 730, 0, 0),
(56, 731, 0, 0),
(56, 733, 0, 0),
(56, 734, 0, 0),
(56, 748, 0, 0),
(56, 749, 0, 0),
(56, 758, 0, 0),
(56, 759, 0, 0),
(56, 760, 0, 0),
(56, 761, 0, 0),
(56, 762, 0, 0),
(56, 763, 0, 0),
(56, 764, 0, 0),
(56, 769, 0, 0),
(56, 770, 0, 0),
(56, 779, 0, 0),
(56, 780, 0, 0),
(56, 781, 0, 0),
(56, 782, 0, 0),
(56, 783, 0, 0),
(56, 784, 0, 0),
(56, 785, 0, 0),
(56, 786, 0, 0),
(56, 787, 0, 0),
(56, 788, 0, 0),
(56, 796, 0, 0),
(58, 319, 0, 0),
(58, 320, 0, 0),
(58, 321, 0, 0),
(58, 363, 0, 0),
(58, 371, 0, 0),
(58, 375, 0, 0),
(58, 376, 0, 0),
(58, 377, 0, 0),
(58, 378, 0, 0),
(58, 379, 0, 0),
(58, 389, 1, 1),
(58, 393, 0, 0),
(58, 401, 0, 0),
(58, 405, 0, 0),
(58, 406, 0, 0),
(58, 407, 0, 0),
(58, 408, 0, 0),
(58, 409, 0, 0),
(58, 412, 0, 0),
(58, 418, 0, 0),
(58, 424, 0, 0),
(58, 425, 0, 0),
(58, 427, 0, 0),
(58, 428, 0, 0),
(58, 429, 0, 0),
(58, 430, 0, 0),
(58, 434, 0, 0),
(58, 435, 0, 0),
(58, 436, 0, 0),
(58, 446, 0, 0),
(58, 448, 0, 0),
(58, 449, 0, 0),
(58, 451, 0, 0),
(58, 452, 0, 0),
(58, 453, 0, 0),
(58, 454, 0, 0),
(58, 455, 0, 0),
(58, 456, 0, 0),
(58, 459, 0, 0),
(58, 460, 0, 0),
(58, 461, 0, 0),
(58, 463, 0, 0),
(58, 466, 0, 0),
(58, 467, 0, 0),
(58, 468, 0, 0),
(58, 470, 0, 0),
(58, 471, 0, 0),
(58, 472, 0, 0),
(58, 481, 1, 1),
(58, 482, 1, 1),
(58, 483, 1, 1),
(58, 484, 1, 1),
(58, 492, 0, 0),
(58, 493, 0, 0),
(58, 494, 0, 0),
(58, 499, 0, 0),
(58, 500, 0, 0),
(58, 501, 0, 0),
(58, 502, 0, 0),
(58, 515, 0, 0),
(58, 516, 0, 0),
(58, 519, 0, 0),
(58, 520, 0, 0),
(58, 521, 0, 0),
(58, 523, 0, 0),
(58, 524, 0, 0),
(58, 525, 0, 0),
(58, 526, 0, 0),
(58, 527, 0, 0),
(58, 528, 0, 0),
(58, 531, 0, 0),
(58, 532, 0, 0),
(58, 533, 0, 0),
(58, 534, 0, 0),
(58, 536, 0, 0),
(58, 537, 0, 0),
(58, 538, 0, 0),
(58, 552, 0, 0),
(58, 590, 0, 0),
(58, 591, 0, 0),
(58, 592, 0, 0),
(58, 593, 0, 0),
(58, 594, 0, 0),
(58, 595, 0, 0),
(58, 612, 0, 0),
(58, 613, 0, 0),
(58, 614, 0, 0),
(58, 615, 0, 0),
(58, 616, 0, 0),
(58, 617, 0, 0),
(58, 618, 0, 0),
(58, 620, 0, 0),
(58, 621, 0, 0),
(58, 626, 0, 0),
(58, 640, 0, 0),
(58, 642, 0, 0),
(58, 644, 0, 0),
(58, 645, 0, 0),
(58, 647, 0, 0),
(58, 648, 0, 0),
(58, 649, 0, 0),
(58, 661, 0, 0),
(58, 663, 0, 0),
(58, 665, 0, 0),
(58, 666, 0, 0),
(58, 667, 0, 0),
(58, 668, 0, 0),
(58, 669, 0, 0),
(58, 670, 0, 0),
(58, 671, 0, 0),
(58, 675, 0, 0),
(58, 676, 0, 0),
(58, 677, 0, 0),
(58, 678, 0, 0),
(58, 679, 0, 0),
(58, 685, 0, 0),
(58, 686, 0, 0),
(58, 688, 0, 0),
(58, 710, 0, 0),
(58, 711, 0, 0),
(58, 712, 0, 0),
(58, 713, 0, 0),
(58, 714, 0, 0),
(58, 725, 0, 0),
(58, 726, 0, 0),
(58, 730, 0, 0),
(58, 731, 0, 0),
(58, 733, 0, 0),
(58, 734, 0, 0),
(58, 748, 0, 0),
(58, 749, 0, 0),
(58, 758, 0, 0),
(58, 759, 0, 0),
(58, 760, 0, 0),
(58, 761, 0, 0),
(58, 762, 0, 0),
(58, 763, 0, 0),
(58, 764, 0, 0),
(58, 769, 0, 0),
(58, 770, 0, 0),
(58, 779, 0, 0),
(58, 780, 0, 0),
(58, 781, 0, 0),
(58, 782, 0, 0),
(58, 783, 0, 0),
(58, 784, 0, 0),
(58, 785, 0, 0),
(58, 786, 0, 0),
(58, 787, 0, 0),
(58, 788, 0, 0),
(58, 796, 0, 0),
(59, 319, 0, 0),
(59, 320, 0, 0),
(59, 321, 0, 0),
(59, 363, 0, 0),
(59, 371, 0, 0),
(59, 375, 0, 0),
(59, 376, 0, 0),
(59, 377, 0, 0),
(59, 378, 0, 0),
(59, 379, 0, 0),
(59, 389, 0, 0),
(59, 393, 1, 1),
(59, 401, 0, 0),
(59, 405, 0, 0),
(59, 406, 0, 0),
(59, 407, 0, 0),
(59, 408, 0, 0),
(59, 409, 0, 0),
(59, 412, 0, 0),
(59, 418, 0, 0),
(59, 424, 0, 0),
(59, 425, 0, 0),
(59, 427, 0, 0),
(59, 428, 0, 0),
(59, 429, 0, 0),
(59, 430, 0, 0),
(59, 434, 0, 0),
(59, 435, 0, 0),
(59, 436, 0, 0),
(59, 446, 0, 0),
(59, 448, 0, 0),
(59, 449, 0, 0),
(59, 451, 0, 0),
(59, 452, 0, 0),
(59, 453, 0, 0),
(59, 454, 0, 0),
(59, 455, 0, 0),
(59, 456, 0, 0),
(59, 459, 0, 0),
(59, 460, 0, 0),
(59, 461, 0, 0),
(59, 463, 0, 0),
(59, 466, 0, 0),
(59, 467, 0, 0),
(59, 468, 0, 0),
(59, 470, 0, 0),
(59, 471, 0, 0),
(59, 472, 0, 0),
(59, 481, 0, 0),
(59, 482, 0, 0),
(59, 483, 0, 0),
(59, 484, 0, 0),
(59, 492, 0, 0),
(59, 493, 0, 0),
(59, 494, 0, 0),
(59, 499, 0, 0),
(59, 500, 0, 0),
(59, 501, 0, 0),
(59, 502, 0, 0),
(59, 515, 0, 0),
(59, 516, 0, 0),
(59, 519, 0, 0),
(59, 520, 0, 0),
(59, 521, 0, 0),
(59, 523, 0, 0),
(59, 524, 0, 0),
(59, 525, 0, 0),
(59, 526, 0, 0),
(59, 527, 0, 0),
(59, 528, 0, 0),
(59, 531, 0, 0),
(59, 532, 0, 0),
(59, 533, 0, 0),
(59, 534, 0, 0),
(59, 536, 0, 0),
(59, 537, 0, 0),
(59, 538, 0, 0),
(59, 552, 0, 0),
(59, 590, 1, 1),
(59, 591, 1, 1),
(59, 592, 1, 1),
(59, 593, 0, 0),
(59, 594, 0, 0),
(59, 595, 0, 0),
(59, 612, 0, 0),
(59, 613, 0, 0),
(59, 614, 0, 0),
(59, 615, 0, 0),
(59, 616, 0, 0),
(59, 617, 0, 0),
(59, 618, 0, 0),
(59, 620, 0, 0),
(59, 621, 0, 0),
(59, 626, 0, 0),
(59, 640, 0, 0),
(59, 642, 0, 0),
(59, 644, 0, 0),
(59, 645, 0, 0),
(59, 647, 0, 0),
(59, 648, 0, 0),
(59, 649, 0, 0),
(59, 661, 0, 0),
(59, 663, 0, 0),
(59, 665, 0, 0),
(59, 666, 0, 0),
(59, 667, 0, 0),
(59, 668, 0, 0),
(59, 669, 0, 0),
(59, 670, 0, 0),
(59, 671, 0, 0),
(59, 675, 0, 0),
(59, 676, 0, 0),
(59, 677, 0, 0),
(59, 678, 0, 0),
(59, 679, 0, 0),
(59, 685, 0, 0),
(59, 686, 0, 0),
(59, 688, 0, 0),
(59, 710, 0, 0),
(59, 711, 0, 0),
(59, 712, 1, 1),
(59, 713, 1, 1);
INSERT INTO `tm_acl_document` (`user_id`, `document_id`, `is_read`, `is_write`) VALUES
(59, 714, 1, 1),
(59, 725, 0, 0),
(59, 726, 0, 0),
(59, 730, 0, 0),
(59, 731, 0, 0),
(59, 733, 0, 0),
(59, 734, 0, 0),
(59, 748, 0, 0),
(59, 749, 0, 0),
(59, 758, 0, 0),
(59, 759, 0, 0),
(59, 760, 0, 0),
(59, 761, 0, 0),
(59, 762, 0, 0),
(59, 763, 0, 0),
(59, 764, 0, 0),
(59, 769, 0, 0),
(59, 770, 0, 0),
(59, 779, 0, 0),
(59, 780, 0, 0),
(59, 781, 0, 0),
(59, 782, 0, 0),
(59, 783, 0, 0),
(59, 784, 0, 0),
(59, 785, 0, 0),
(59, 786, 0, 0),
(59, 787, 0, 0),
(59, 788, 0, 0),
(59, 796, 0, 0),
(60, 319, 0, 0),
(60, 320, 0, 0),
(60, 321, 0, 0),
(60, 363, 0, 0),
(60, 371, 0, 0),
(60, 375, 0, 0),
(60, 376, 0, 0),
(60, 377, 0, 0),
(60, 378, 0, 0),
(60, 379, 0, 0),
(60, 389, 0, 0),
(60, 393, 0, 0),
(60, 401, 0, 0),
(60, 405, 0, 0),
(60, 406, 0, 0),
(60, 407, 0, 0),
(60, 408, 0, 0),
(60, 409, 0, 0),
(60, 412, 0, 0),
(60, 418, 1, 1),
(60, 424, 0, 0),
(60, 425, 0, 0),
(60, 427, 0, 0),
(60, 428, 0, 0),
(60, 429, 0, 0),
(60, 430, 0, 0),
(60, 434, 0, 0),
(60, 435, 0, 0),
(60, 436, 0, 0),
(60, 446, 0, 0),
(60, 448, 0, 0),
(60, 449, 0, 0),
(60, 451, 0, 0),
(60, 452, 0, 0),
(60, 453, 0, 0),
(60, 454, 0, 0),
(60, 455, 0, 0),
(60, 456, 0, 0),
(60, 459, 1, 1),
(60, 460, 1, 1),
(60, 461, 1, 1),
(60, 463, 0, 0),
(60, 466, 0, 0),
(60, 467, 0, 0),
(60, 468, 0, 0),
(60, 470, 0, 0),
(60, 471, 0, 0),
(60, 472, 0, 0),
(60, 481, 0, 0),
(60, 482, 0, 0),
(60, 483, 0, 0),
(60, 484, 0, 0),
(60, 492, 0, 0),
(60, 493, 0, 0),
(60, 494, 0, 0),
(60, 499, 0, 0),
(60, 500, 0, 0),
(60, 501, 0, 0),
(60, 502, 0, 0),
(60, 515, 0, 0),
(60, 516, 0, 0),
(60, 519, 0, 0),
(60, 520, 0, 0),
(60, 521, 0, 0),
(60, 523, 0, 0),
(60, 524, 0, 0),
(60, 525, 0, 0),
(60, 526, 0, 0),
(60, 527, 1, 1),
(60, 528, 1, 1),
(60, 531, 0, 0),
(60, 532, 0, 0),
(60, 533, 0, 0),
(60, 534, 0, 0),
(60, 536, 0, 0),
(60, 537, 0, 0),
(60, 538, 0, 0),
(60, 552, 0, 0),
(60, 590, 0, 0),
(60, 591, 0, 0),
(60, 592, 0, 0),
(60, 593, 0, 0),
(60, 594, 0, 0),
(60, 595, 0, 0),
(60, 612, 0, 0),
(60, 613, 0, 0),
(60, 614, 0, 0),
(60, 615, 0, 0),
(60, 616, 0, 0),
(60, 617, 0, 0),
(60, 618, 0, 0),
(60, 620, 0, 0),
(60, 621, 0, 0),
(60, 626, 0, 0),
(60, 640, 0, 0),
(60, 642, 0, 0),
(60, 644, 0, 0),
(60, 645, 0, 0),
(60, 647, 0, 0),
(60, 648, 0, 0),
(60, 649, 0, 0),
(60, 661, 0, 0),
(60, 663, 0, 0),
(60, 665, 0, 0),
(60, 666, 0, 0),
(60, 667, 0, 0),
(60, 668, 0, 0),
(60, 669, 0, 0),
(60, 670, 0, 0),
(60, 671, 0, 0),
(60, 675, 0, 0),
(60, 676, 0, 0),
(60, 677, 0, 0),
(60, 678, 0, 0),
(60, 679, 0, 0),
(60, 685, 0, 0),
(60, 686, 0, 0),
(60, 688, 0, 0),
(60, 710, 0, 0),
(60, 711, 0, 0),
(60, 712, 0, 0),
(60, 713, 0, 0),
(60, 714, 0, 0),
(60, 725, 0, 0),
(60, 726, 0, 0),
(60, 730, 0, 0),
(60, 731, 0, 0),
(60, 733, 0, 0),
(60, 734, 0, 0),
(60, 748, 0, 0),
(60, 749, 0, 0),
(60, 758, 0, 0),
(60, 759, 0, 0),
(60, 760, 0, 0),
(60, 761, 0, 0),
(60, 762, 0, 0),
(60, 763, 0, 0),
(60, 764, 0, 0),
(60, 769, 0, 0),
(60, 770, 0, 0),
(60, 779, 0, 0),
(60, 780, 0, 0),
(60, 781, 0, 0),
(60, 782, 0, 0),
(60, 783, 0, 0),
(60, 784, 0, 0),
(60, 785, 0, 0),
(60, 786, 0, 0),
(60, 787, 0, 0),
(60, 788, 0, 0),
(60, 796, 0, 0),
(61, 285, 1, 1),
(61, 319, 0, 0),
(61, 320, 0, 0),
(61, 321, 0, 0),
(61, 363, 0, 0),
(61, 371, 0, 0),
(61, 375, 0, 0),
(61, 376, 0, 0),
(61, 377, 0, 0),
(61, 378, 0, 0),
(61, 379, 0, 0),
(61, 389, 0, 0),
(61, 393, 0, 0),
(61, 401, 0, 0),
(61, 405, 0, 0),
(61, 406, 0, 0),
(61, 407, 0, 0),
(61, 408, 0, 0),
(61, 409, 0, 0),
(61, 412, 0, 0),
(61, 418, 0, 0),
(61, 424, 0, 0),
(61, 425, 0, 0),
(61, 427, 0, 0),
(61, 428, 0, 0),
(61, 429, 0, 0),
(61, 430, 0, 0),
(61, 434, 0, 0),
(61, 435, 0, 0),
(61, 436, 0, 0),
(61, 446, 0, 0),
(61, 448, 0, 0),
(61, 449, 0, 0),
(61, 451, 0, 0),
(61, 452, 0, 0),
(61, 453, 0, 0),
(61, 454, 0, 0),
(61, 455, 0, 0),
(61, 456, 0, 0),
(61, 459, 0, 0),
(61, 460, 0, 0),
(61, 461, 0, 0),
(61, 463, 0, 0),
(61, 466, 0, 0),
(61, 467, 0, 0),
(61, 468, 0, 0),
(61, 470, 0, 0),
(61, 471, 0, 0),
(61, 472, 0, 0),
(61, 476, 1, 1),
(61, 477, 1, 1),
(61, 478, 1, 1),
(61, 479, 1, 1),
(61, 481, 0, 0),
(61, 482, 0, 0),
(61, 483, 0, 0),
(61, 484, 0, 0),
(61, 492, 0, 0),
(61, 493, 0, 0),
(61, 494, 0, 0),
(61, 499, 0, 0),
(61, 500, 0, 0),
(61, 501, 0, 0),
(61, 502, 0, 0),
(61, 515, 0, 0),
(61, 516, 0, 0),
(61, 519, 0, 0),
(61, 520, 0, 0),
(61, 521, 0, 0),
(61, 523, 0, 0),
(61, 524, 0, 0),
(61, 525, 0, 0),
(61, 526, 0, 0),
(61, 527, 0, 0),
(61, 528, 0, 0),
(61, 529, 1, 1),
(61, 530, 1, 1),
(61, 531, 0, 0),
(61, 532, 0, 0),
(61, 533, 0, 0),
(61, 534, 0, 0),
(61, 536, 0, 0),
(61, 537, 0, 0),
(61, 538, 0, 0),
(61, 552, 0, 0),
(61, 590, 0, 0),
(61, 591, 0, 0),
(61, 592, 0, 0),
(61, 593, 0, 0),
(61, 594, 0, 0),
(61, 595, 0, 0),
(61, 612, 0, 0),
(61, 613, 0, 0),
(61, 614, 0, 0),
(61, 615, 0, 0),
(61, 616, 0, 0),
(61, 617, 0, 0),
(61, 618, 0, 0),
(61, 620, 0, 0),
(61, 621, 0, 0),
(61, 626, 0, 0),
(61, 640, 0, 0),
(61, 642, 0, 0),
(61, 644, 0, 0),
(61, 645, 0, 0),
(61, 647, 0, 0),
(61, 648, 0, 0),
(61, 649, 0, 0),
(61, 661, 0, 0),
(61, 663, 0, 0),
(61, 665, 0, 0),
(61, 666, 0, 0),
(61, 667, 0, 0),
(61, 668, 0, 0),
(61, 669, 0, 0),
(61, 670, 0, 0),
(61, 671, 0, 0),
(61, 675, 0, 0),
(61, 676, 0, 0),
(61, 677, 0, 0),
(61, 678, 0, 0),
(61, 679, 0, 0),
(61, 685, 0, 0),
(61, 686, 0, 0),
(61, 688, 0, 0),
(61, 710, 0, 0),
(61, 711, 0, 0),
(61, 712, 0, 0),
(61, 713, 0, 0),
(61, 714, 0, 0),
(61, 725, 0, 0),
(61, 726, 0, 0),
(61, 730, 0, 0),
(61, 731, 0, 0),
(61, 733, 0, 0),
(61, 734, 0, 0),
(61, 748, 0, 0),
(61, 749, 0, 0),
(61, 758, 0, 0),
(61, 759, 0, 0),
(61, 760, 0, 0),
(61, 761, 0, 0),
(61, 762, 0, 0),
(61, 763, 0, 0),
(61, 764, 0, 0),
(61, 765, 1, 1),
(61, 766, 1, 1),
(61, 769, 0, 0),
(61, 770, 0, 0),
(61, 779, 0, 0),
(61, 780, 0, 0),
(61, 781, 0, 0),
(61, 782, 0, 0),
(61, 783, 0, 0),
(61, 784, 0, 0),
(61, 785, 0, 0),
(61, 786, 0, 0),
(61, 787, 0, 0),
(61, 788, 0, 0),
(61, 796, 0, 0),
(62, 319, 0, 0),
(62, 320, 0, 0),
(62, 321, 0, 0),
(62, 363, 0, 0),
(62, 371, 0, 0),
(62, 375, 0, 0),
(62, 376, 0, 0),
(62, 377, 0, 0),
(62, 378, 0, 0),
(62, 379, 0, 0),
(62, 389, 0, 0),
(62, 393, 0, 0),
(62, 401, 0, 0),
(62, 405, 0, 0),
(62, 406, 0, 0),
(62, 407, 0, 0),
(62, 408, 0, 0),
(62, 409, 0, 0),
(62, 412, 0, 0),
(62, 418, 0, 0),
(62, 424, 0, 0),
(62, 425, 0, 0),
(62, 427, 1, 1),
(62, 428, 1, 1),
(62, 429, 1, 1),
(62, 430, 1, 1),
(62, 434, 0, 0),
(62, 435, 0, 0),
(62, 436, 0, 0),
(62, 446, 0, 0),
(62, 448, 0, 0),
(62, 449, 0, 0),
(62, 451, 0, 0),
(62, 452, 0, 0),
(62, 453, 0, 0),
(62, 454, 0, 0),
(62, 455, 0, 0),
(62, 456, 0, 0),
(62, 459, 0, 0),
(62, 460, 0, 0),
(62, 461, 0, 0),
(62, 463, 1, 1),
(62, 466, 1, 1),
(62, 467, 1, 1),
(62, 468, 1, 1),
(62, 470, 1, 1),
(62, 471, 1, 1),
(62, 472, 1, 1),
(62, 481, 0, 0),
(62, 482, 0, 0),
(62, 483, 0, 0),
(62, 484, 0, 0),
(62, 492, 0, 0),
(62, 493, 0, 0),
(62, 494, 0, 0),
(62, 499, 0, 0),
(62, 500, 0, 0),
(62, 501, 0, 0),
(62, 502, 0, 0),
(62, 515, 0, 0),
(62, 516, 0, 0),
(62, 519, 0, 0),
(62, 520, 0, 0),
(62, 521, 0, 0),
(62, 523, 0, 0),
(62, 524, 0, 0),
(62, 525, 0, 0),
(62, 526, 0, 0),
(62, 527, 0, 0),
(62, 528, 0, 0),
(62, 531, 1, 1),
(62, 532, 1, 1),
(62, 533, 1, 1),
(62, 534, 1, 1),
(62, 536, 0, 0),
(62, 537, 0, 0),
(62, 538, 0, 0),
(62, 552, 0, 0),
(62, 590, 0, 0),
(62, 591, 0, 0),
(62, 592, 0, 0),
(62, 593, 0, 0),
(62, 594, 0, 0),
(62, 595, 0, 0),
(62, 612, 0, 0),
(62, 613, 0, 0),
(62, 614, 0, 0),
(62, 615, 0, 0),
(62, 616, 0, 0),
(62, 617, 0, 0),
(62, 618, 0, 0),
(62, 620, 0, 0),
(62, 621, 0, 0),
(62, 626, 0, 0),
(62, 640, 0, 0),
(62, 642, 0, 0),
(62, 644, 0, 0),
(62, 645, 0, 0),
(62, 647, 0, 0),
(62, 648, 0, 0),
(62, 649, 0, 0),
(62, 661, 0, 0),
(62, 663, 0, 0),
(62, 665, 0, 0),
(62, 666, 0, 0),
(62, 667, 0, 0),
(62, 668, 0, 0),
(62, 669, 0, 0),
(62, 670, 0, 0),
(62, 671, 0, 0),
(62, 675, 0, 0),
(62, 676, 0, 0),
(62, 677, 0, 0),
(62, 678, 0, 0),
(62, 679, 0, 0),
(62, 685, 0, 0),
(62, 686, 0, 0),
(62, 688, 0, 0),
(62, 710, 0, 0),
(62, 711, 0, 0),
(62, 712, 0, 0),
(62, 713, 0, 0),
(62, 714, 0, 0),
(62, 725, 0, 0),
(62, 726, 0, 0),
(62, 730, 0, 0),
(62, 731, 0, 0),
(62, 733, 0, 0),
(62, 734, 0, 0),
(62, 748, 0, 0),
(62, 749, 0, 0),
(62, 758, 0, 0),
(62, 759, 0, 0),
(62, 760, 0, 0),
(62, 761, 0, 0),
(62, 762, 0, 0),
(62, 763, 0, 0),
(62, 764, 0, 0),
(62, 769, 0, 0),
(62, 770, 0, 0),
(62, 779, 0, 0),
(62, 780, 0, 0),
(62, 781, 0, 0),
(62, 782, 0, 0),
(62, 783, 0, 0),
(62, 784, 0, 0),
(62, 785, 0, 0),
(62, 786, 0, 0),
(62, 787, 0, 0),
(62, 788, 0, 0),
(62, 796, 0, 0),
(64, 319, 1, 1),
(64, 320, 0, 0),
(64, 321, 0, 0),
(64, 363, 0, 0),
(64, 371, 0, 0),
(64, 375, 0, 0),
(64, 376, 0, 0),
(64, 377, 0, 0),
(64, 378, 0, 0),
(64, 379, 0, 0),
(64, 389, 0, 0),
(64, 393, 0, 0),
(64, 401, 0, 0),
(64, 405, 0, 0),
(64, 406, 0, 0),
(64, 407, 0, 0),
(64, 408, 0, 0),
(64, 409, 0, 0),
(64, 412, 0, 0),
(64, 418, 0, 0),
(64, 424, 0, 0),
(64, 425, 0, 0),
(64, 427, 0, 0),
(64, 428, 0, 0),
(64, 429, 0, 0),
(64, 430, 0, 0),
(64, 434, 0, 0),
(64, 435, 0, 0),
(64, 436, 0, 0),
(64, 446, 0, 0),
(64, 448, 0, 0),
(64, 449, 0, 0),
(64, 451, 0, 0),
(64, 452, 0, 0),
(64, 453, 0, 0),
(64, 454, 0, 0),
(64, 455, 0, 0),
(64, 456, 0, 0),
(64, 459, 0, 0),
(64, 460, 0, 0),
(64, 461, 0, 0),
(64, 463, 0, 0),
(64, 466, 0, 0),
(64, 467, 0, 0),
(64, 468, 0, 0),
(64, 470, 0, 0),
(64, 471, 0, 0),
(64, 472, 0, 0),
(64, 481, 0, 0),
(64, 482, 0, 0),
(64, 483, 0, 0),
(64, 484, 0, 0),
(64, 492, 0, 0),
(64, 493, 0, 0),
(64, 494, 0, 0),
(64, 499, 0, 0),
(64, 500, 0, 0),
(64, 501, 0, 0),
(64, 502, 0, 0),
(64, 515, 0, 0),
(64, 516, 0, 0),
(64, 519, 0, 0),
(64, 520, 0, 0),
(64, 521, 0, 0),
(64, 523, 0, 0),
(64, 524, 0, 0),
(64, 525, 0, 0),
(64, 526, 0, 0),
(64, 527, 0, 0),
(64, 528, 0, 0),
(64, 531, 0, 0),
(64, 532, 0, 0),
(64, 533, 0, 0),
(64, 534, 0, 0),
(64, 536, 0, 0),
(64, 537, 0, 0),
(64, 538, 0, 0),
(64, 552, 0, 0),
(64, 590, 0, 0),
(64, 591, 0, 0),
(64, 592, 0, 0),
(64, 593, 0, 0),
(64, 594, 0, 0),
(64, 595, 0, 0),
(64, 612, 0, 0),
(64, 613, 0, 0),
(64, 614, 0, 0),
(64, 615, 0, 0),
(64, 616, 0, 0),
(64, 617, 0, 0),
(64, 618, 0, 0),
(64, 620, 0, 0),
(64, 621, 0, 0),
(64, 626, 0, 0),
(64, 640, 0, 0),
(64, 642, 0, 0),
(64, 644, 0, 0),
(64, 645, 0, 0),
(64, 647, 0, 0),
(64, 648, 0, 0),
(64, 649, 0, 0),
(64, 661, 0, 0),
(64, 663, 0, 0),
(64, 665, 0, 0),
(64, 666, 0, 0),
(64, 667, 0, 0),
(64, 668, 0, 0),
(64, 669, 0, 0),
(64, 670, 0, 0),
(64, 671, 0, 0),
(64, 675, 0, 0),
(64, 676, 0, 0),
(64, 677, 0, 0),
(64, 678, 0, 0),
(64, 679, 0, 0),
(64, 685, 0, 0),
(64, 686, 0, 0),
(64, 688, 0, 0),
(64, 710, 0, 0),
(64, 711, 0, 0),
(64, 712, 0, 0),
(64, 713, 0, 0),
(64, 714, 0, 0),
(64, 725, 0, 0),
(64, 726, 0, 0),
(64, 730, 0, 0),
(64, 731, 0, 0),
(64, 733, 0, 0),
(64, 734, 0, 0),
(64, 748, 0, 0),
(64, 749, 0, 0),
(64, 758, 0, 0),
(64, 759, 0, 0),
(64, 760, 0, 0),
(64, 761, 1, 1),
(64, 762, 0, 0),
(64, 763, 0, 0),
(64, 764, 0, 0),
(64, 769, 0, 0),
(64, 770, 0, 0),
(64, 779, 0, 0),
(64, 780, 0, 0),
(64, 781, 0, 0),
(64, 782, 0, 0),
(64, 783, 0, 0),
(64, 784, 0, 0),
(64, 785, 0, 0),
(64, 786, 0, 0),
(64, 787, 0, 0),
(64, 788, 0, 0),
(64, 796, 0, 0),
(65, 300, 1, 1),
(65, 321, 0, 0),
(65, 355, 1, 1),
(65, 356, 1, 1),
(65, 363, 0, 0),
(65, 371, 0, 0),
(65, 375, 0, 0),
(65, 376, 0, 0),
(65, 377, 0, 0),
(65, 378, 0, 0),
(65, 379, 0, 0),
(65, 389, 0, 0),
(65, 393, 0, 0),
(65, 401, 0, 0),
(65, 405, 0, 0),
(65, 406, 0, 0),
(65, 407, 0, 0),
(65, 408, 0, 0),
(65, 409, 0, 0),
(65, 412, 0, 0),
(65, 418, 0, 0),
(65, 424, 0, 0),
(65, 425, 0, 0),
(65, 427, 0, 0),
(65, 428, 0, 0),
(65, 429, 0, 0),
(65, 430, 0, 0),
(65, 434, 0, 0),
(65, 435, 0, 0),
(65, 436, 0, 0),
(65, 438, 1, 1),
(65, 439, 1, 1),
(65, 440, 1, 1),
(65, 441, 1, 1),
(65, 446, 0, 0),
(65, 448, 0, 0),
(65, 449, 0, 0),
(65, 451, 0, 0),
(65, 452, 0, 0),
(65, 453, 0, 0),
(65, 454, 0, 0),
(65, 455, 0, 0),
(65, 456, 0, 0),
(65, 459, 0, 0),
(65, 460, 0, 0),
(65, 461, 0, 0),
(65, 463, 0, 0),
(65, 466, 0, 0),
(65, 467, 0, 0),
(65, 468, 0, 0),
(65, 470, 0, 0),
(65, 471, 0, 0),
(65, 472, 0, 0),
(65, 481, 0, 0),
(65, 482, 0, 0),
(65, 483, 0, 0),
(65, 484, 0, 0),
(65, 492, 0, 0),
(65, 493, 0, 0),
(65, 494, 0, 0),
(65, 499, 0, 0),
(65, 500, 0, 0),
(65, 501, 0, 0),
(65, 502, 0, 0),
(65, 513, 1, 1),
(65, 514, 1, 1),
(65, 515, 0, 0),
(65, 516, 0, 0),
(65, 519, 0, 0),
(65, 520, 0, 0),
(65, 521, 0, 0),
(65, 523, 0, 0),
(65, 524, 0, 0),
(65, 525, 0, 0),
(65, 526, 0, 0),
(65, 527, 0, 0),
(65, 528, 0, 0),
(65, 531, 0, 0),
(65, 532, 0, 0),
(65, 533, 0, 0),
(65, 534, 0, 0),
(65, 536, 0, 0),
(65, 537, 0, 0),
(65, 538, 0, 0),
(65, 552, 1, 1),
(65, 590, 0, 0),
(65, 591, 0, 0),
(65, 592, 0, 0),
(65, 593, 0, 0),
(65, 594, 0, 0),
(65, 595, 0, 0),
(65, 612, 0, 0),
(65, 613, 0, 0),
(65, 614, 0, 0),
(65, 615, 0, 0),
(65, 616, 0, 0),
(65, 617, 0, 0),
(65, 618, 0, 0),
(65, 620, 0, 0),
(65, 621, 0, 0),
(65, 626, 0, 0),
(65, 640, 0, 0),
(65, 642, 0, 0),
(65, 644, 0, 0),
(65, 645, 0, 0),
(65, 647, 0, 0),
(65, 648, 0, 0),
(65, 649, 0, 0),
(65, 661, 0, 0),
(65, 663, 0, 0),
(65, 665, 0, 0),
(65, 666, 0, 0),
(65, 667, 0, 0),
(65, 668, 0, 0),
(65, 669, 0, 0),
(65, 670, 0, 0),
(65, 671, 0, 0),
(65, 675, 0, 0),
(65, 676, 0, 0),
(65, 677, 0, 0),
(65, 678, 0, 0),
(65, 679, 0, 0),
(65, 685, 0, 0),
(65, 686, 0, 0),
(65, 688, 0, 0),
(65, 710, 0, 0),
(65, 711, 0, 0),
(65, 712, 0, 0),
(65, 713, 0, 0),
(65, 714, 0, 0),
(65, 725, 0, 0),
(65, 726, 0, 0),
(65, 730, 0, 0),
(65, 731, 0, 0),
(65, 733, 0, 0),
(65, 734, 0, 0),
(65, 748, 0, 0),
(65, 749, 0, 0),
(65, 758, 0, 0),
(65, 759, 0, 0),
(65, 760, 0, 0),
(65, 762, 0, 0),
(65, 763, 0, 0),
(65, 764, 0, 0),
(65, 769, 0, 0),
(65, 770, 0, 0),
(65, 779, 1, 1),
(65, 780, 1, 1),
(65, 781, 0, 0),
(65, 782, 0, 0),
(65, 783, 0, 0),
(65, 784, 0, 0),
(65, 785, 0, 0),
(65, 786, 0, 0),
(65, 787, 0, 0),
(65, 788, 0, 0),
(65, 796, 0, 0),
(66, 284, 1, 1),
(66, 537, 0, 0),
(66, 538, 0, 0),
(66, 552, 0, 0),
(66, 612, 0, 0),
(66, 613, 0, 0),
(66, 614, 0, 0),
(66, 615, 0, 0),
(66, 616, 0, 0),
(66, 617, 0, 0),
(66, 618, 0, 0),
(66, 620, 0, 0),
(66, 621, 0, 0),
(66, 626, 0, 0),
(66, 640, 0, 0),
(66, 642, 0, 0),
(66, 644, 0, 0),
(66, 645, 0, 0),
(66, 647, 0, 0),
(66, 648, 0, 0),
(66, 649, 0, 0),
(66, 661, 0, 0),
(66, 663, 0, 0),
(66, 665, 0, 0),
(66, 666, 0, 0),
(66, 667, 0, 0),
(66, 668, 0, 0),
(66, 669, 0, 0),
(66, 670, 0, 0),
(66, 671, 0, 0),
(66, 675, 0, 0),
(66, 676, 0, 0),
(66, 677, 0, 0),
(66, 678, 0, 0),
(66, 679, 0, 0),
(66, 685, 0, 0),
(66, 686, 0, 0),
(66, 688, 0, 0),
(66, 710, 0, 0),
(66, 711, 0, 0),
(66, 733, 0, 0),
(66, 734, 0, 0),
(66, 758, 0, 0),
(66, 760, 0, 0),
(66, 762, 0, 0),
(66, 763, 0, 0),
(66, 769, 0, 0),
(66, 770, 0, 0),
(66, 779, 0, 0),
(66, 780, 0, 0),
(66, 781, 0, 0),
(66, 782, 0, 0),
(66, 783, 0, 0),
(66, 784, 0, 0),
(66, 785, 0, 0),
(66, 786, 0, 0),
(66, 787, 0, 0),
(66, 788, 0, 0),
(66, 789, 1, 1),
(66, 790, 1, 1),
(66, 791, 1, 1),
(66, 792, 1, 1),
(66, 793, 1, 1),
(66, 794, 1, 1),
(66, 796, 0, 0),
(67, 537, 1, 1),
(67, 538, 1, 1),
(67, 552, 0, 0),
(67, 612, 0, 0),
(67, 613, 0, 0),
(67, 614, 0, 0),
(67, 615, 0, 0),
(67, 616, 0, 0),
(67, 617, 0, 0),
(67, 618, 0, 0),
(67, 620, 0, 0),
(67, 621, 0, 0),
(67, 626, 0, 0),
(67, 640, 0, 0),
(67, 642, 0, 0),
(67, 644, 0, 0),
(67, 645, 0, 0),
(67, 647, 0, 0),
(67, 648, 0, 0),
(67, 649, 0, 0),
(67, 661, 0, 0),
(67, 663, 0, 0),
(67, 665, 0, 0),
(67, 666, 0, 0),
(67, 667, 0, 0),
(67, 668, 0, 0),
(67, 669, 0, 0),
(67, 670, 0, 0),
(67, 671, 0, 0),
(67, 675, 0, 0),
(67, 676, 0, 0),
(67, 677, 0, 0),
(67, 678, 0, 0),
(67, 679, 0, 0),
(67, 685, 0, 0),
(67, 686, 0, 0),
(67, 688, 0, 0),
(67, 710, 0, 0),
(67, 711, 0, 0),
(67, 733, 0, 0),
(67, 734, 0, 0),
(67, 758, 0, 0),
(67, 760, 0, 0),
(67, 762, 0, 0),
(67, 763, 0, 0),
(67, 769, 1, 1),
(67, 770, 1, 1),
(67, 779, 0, 0),
(67, 780, 0, 0),
(67, 781, 0, 0),
(67, 782, 0, 0),
(67, 783, 0, 0),
(67, 784, 0, 0),
(67, 785, 0, 0),
(67, 786, 0, 0),
(67, 787, 0, 0),
(67, 788, 0, 0),
(67, 796, 0, 0),
(68, 552, 1, 1),
(68, 612, 0, 0),
(68, 613, 0, 0),
(68, 614, 0, 0),
(68, 615, 0, 0),
(68, 616, 0, 0),
(68, 617, 0, 0),
(68, 618, 0, 0),
(68, 620, 0, 0),
(68, 621, 0, 0),
(68, 626, 0, 0),
(68, 640, 0, 0),
(68, 642, 0, 0),
(68, 644, 0, 0),
(68, 645, 0, 0),
(68, 647, 0, 0),
(68, 648, 0, 0),
(68, 649, 0, 0),
(68, 661, 0, 0),
(68, 663, 0, 0),
(68, 665, 0, 0),
(68, 666, 0, 0),
(68, 667, 0, 0),
(68, 668, 0, 0),
(68, 669, 0, 0),
(68, 670, 0, 0),
(68, 671, 0, 0),
(68, 675, 0, 0),
(68, 676, 0, 0),
(68, 677, 0, 0),
(68, 678, 0, 0),
(68, 679, 0, 0),
(68, 685, 0, 0),
(68, 686, 0, 0),
(68, 688, 0, 0),
(68, 710, 0, 0),
(68, 711, 0, 0),
(68, 733, 0, 0),
(68, 734, 0, 0),
(68, 758, 0, 0),
(68, 760, 0, 0),
(68, 762, 0, 0),
(68, 763, 0, 0),
(68, 779, 1, 1),
(68, 780, 1, 1),
(68, 781, 0, 0),
(68, 782, 0, 0),
(68, 783, 0, 0),
(68, 784, 0, 0),
(68, 785, 0, 0),
(68, 786, 0, 0),
(68, 787, 0, 0),
(68, 788, 0, 0),
(68, 796, 0, 0),
(69, 596, 1, 1),
(69, 612, 0, 0),
(69, 613, 0, 0),
(69, 614, 0, 0),
(69, 615, 0, 0),
(69, 616, 0, 0),
(69, 617, 0, 0),
(69, 618, 0, 0),
(69, 620, 0, 0),
(69, 621, 0, 0),
(69, 626, 0, 0),
(69, 640, 0, 0),
(69, 642, 0, 0),
(69, 644, 0, 0),
(69, 645, 0, 0),
(69, 647, 0, 0),
(69, 648, 0, 0),
(69, 649, 0, 0),
(69, 661, 0, 0),
(69, 663, 0, 0),
(69, 665, 0, 0),
(69, 666, 0, 0),
(69, 667, 0, 0),
(69, 668, 0, 0),
(69, 669, 0, 0),
(69, 670, 0, 0),
(69, 671, 0, 0),
(69, 675, 0, 0),
(69, 676, 0, 0),
(69, 677, 0, 0),
(69, 678, 0, 0),
(69, 679, 0, 0),
(69, 685, 0, 0),
(69, 686, 0, 0),
(69, 688, 0, 0),
(69, 690, 1, 1),
(69, 691, 1, 1),
(69, 710, 0, 0),
(69, 711, 0, 0),
(69, 733, 0, 0),
(69, 734, 0, 0),
(69, 758, 0, 0),
(69, 760, 0, 0),
(69, 762, 0, 0),
(69, 763, 0, 0),
(69, 781, 0, 0),
(69, 782, 0, 0),
(69, 783, 0, 0),
(69, 784, 0, 0),
(69, 785, 0, 0),
(69, 786, 0, 0),
(69, 787, 0, 0),
(69, 788, 0, 0),
(69, 796, 0, 0),
(69, 798, 1, 1),
(69, 800, 1, 1),
(69, 801, 1, 1),
(69, 802, 1, 1),
(70, 612, 0, 0),
(70, 613, 0, 0),
(70, 614, 0, 0),
(70, 615, 0, 0),
(70, 616, 0, 0),
(70, 617, 0, 0),
(70, 618, 0, 0),
(70, 620, 0, 0),
(70, 621, 0, 0),
(70, 626, 0, 0),
(70, 640, 0, 0),
(70, 642, 0, 0),
(70, 644, 0, 0),
(70, 645, 0, 0),
(70, 647, 0, 0),
(70, 648, 0, 0),
(70, 649, 0, 0),
(70, 661, 1, 1),
(70, 663, 0, 0),
(70, 665, 0, 0),
(70, 666, 0, 0),
(70, 667, 0, 0),
(70, 668, 0, 0),
(70, 669, 0, 0),
(70, 670, 0, 0),
(70, 671, 0, 0),
(70, 675, 1, 1),
(70, 676, 1, 1),
(70, 677, 1, 1),
(70, 678, 1, 1),
(70, 679, 1, 1),
(70, 685, 0, 0),
(70, 686, 0, 0),
(70, 688, 0, 0),
(70, 710, 0, 0),
(70, 711, 0, 0),
(70, 733, 0, 0),
(70, 734, 0, 0),
(70, 758, 1, 1),
(70, 760, 0, 0),
(70, 762, 0, 0),
(70, 763, 0, 0),
(70, 781, 0, 0),
(70, 782, 0, 0),
(70, 783, 0, 0),
(70, 784, 0, 0),
(70, 785, 0, 0),
(70, 786, 0, 0),
(70, 787, 0, 0),
(70, 788, 0, 0),
(70, 796, 0, 0),
(71, 598, 1, 1),
(71, 612, 0, 0),
(71, 613, 0, 0),
(71, 614, 0, 0),
(71, 615, 0, 0),
(71, 616, 0, 0),
(71, 617, 0, 0),
(71, 618, 0, 0),
(71, 620, 0, 0),
(71, 621, 0, 0),
(71, 622, 1, 1),
(71, 623, 1, 1),
(71, 624, 1, 1),
(71, 625, 1, 1),
(71, 626, 0, 0),
(71, 627, 1, 1),
(71, 628, 1, 1),
(71, 629, 1, 1),
(71, 630, 1, 1),
(71, 631, 1, 1),
(71, 632, 1, 1),
(71, 633, 1, 1),
(71, 634, 1, 1),
(71, 635, 1, 1),
(71, 636, 1, 1),
(71, 637, 1, 1),
(71, 638, 1, 1),
(71, 639, 1, 1),
(71, 640, 0, 0),
(71, 642, 0, 0),
(71, 644, 0, 0),
(71, 645, 0, 0),
(71, 647, 0, 0),
(71, 648, 0, 0),
(71, 649, 0, 0),
(71, 661, 0, 0),
(71, 663, 0, 0),
(71, 665, 0, 0),
(71, 666, 0, 0),
(71, 667, 0, 0),
(71, 668, 0, 0),
(71, 669, 0, 0),
(71, 670, 0, 0),
(71, 671, 0, 0),
(71, 675, 0, 0),
(71, 676, 0, 0),
(71, 677, 0, 0),
(71, 678, 0, 0),
(71, 679, 0, 0),
(71, 685, 0, 0),
(71, 686, 0, 0),
(71, 688, 0, 0),
(71, 710, 0, 0),
(71, 711, 0, 0),
(71, 733, 0, 0),
(71, 734, 0, 0),
(71, 758, 0, 0),
(71, 760, 0, 0),
(71, 762, 0, 0),
(71, 763, 0, 0),
(71, 781, 0, 0),
(71, 782, 0, 0),
(71, 783, 0, 0),
(71, 784, 0, 0),
(71, 785, 0, 0),
(71, 786, 0, 0),
(71, 787, 0, 0),
(71, 788, 0, 0),
(71, 796, 0, 0),
(72, 599, 1, 1),
(72, 612, 0, 0),
(72, 613, 0, 0),
(72, 614, 0, 0),
(72, 615, 0, 0),
(72, 616, 0, 0),
(72, 617, 0, 0),
(72, 618, 0, 0),
(72, 620, 0, 0),
(72, 621, 0, 0),
(72, 626, 0, 0),
(72, 640, 0, 0),
(72, 642, 0, 0),
(72, 644, 0, 0),
(72, 645, 0, 0),
(72, 647, 0, 0),
(72, 648, 0, 0),
(72, 649, 0, 0),
(72, 661, 0, 0),
(72, 663, 0, 0),
(72, 665, 0, 0),
(72, 666, 0, 0),
(72, 667, 0, 0),
(72, 668, 0, 0),
(72, 669, 0, 0),
(72, 670, 0, 0),
(72, 671, 0, 0),
(72, 675, 0, 0),
(72, 676, 0, 0),
(72, 677, 0, 0),
(72, 678, 0, 0),
(72, 679, 0, 0),
(72, 685, 0, 0),
(72, 686, 0, 0),
(72, 688, 0, 0),
(72, 710, 0, 0),
(72, 711, 0, 0),
(72, 733, 0, 0),
(72, 734, 0, 0),
(72, 758, 0, 0),
(72, 760, 0, 0),
(72, 762, 0, 0),
(72, 763, 0, 0),
(72, 781, 0, 0),
(72, 782, 0, 0),
(72, 783, 0, 0),
(72, 784, 0, 0),
(72, 785, 0, 0),
(72, 786, 0, 0),
(72, 787, 0, 0),
(72, 788, 0, 0),
(72, 796, 0, 0),
(73, 602, 1, 1),
(73, 612, 0, 0),
(73, 613, 0, 0),
(73, 614, 0, 0),
(73, 615, 0, 0),
(73, 616, 0, 0),
(73, 617, 0, 0),
(73, 618, 0, 0),
(73, 620, 0, 0),
(73, 621, 0, 0),
(73, 626, 0, 0),
(73, 640, 0, 0),
(73, 642, 0, 0),
(73, 644, 0, 0),
(73, 645, 0, 0),
(73, 647, 0, 0),
(73, 648, 0, 0),
(73, 649, 0, 0),
(73, 661, 0, 0),
(73, 663, 0, 0),
(73, 665, 0, 0),
(73, 666, 0, 0),
(73, 667, 0, 0),
(73, 668, 0, 0),
(73, 669, 0, 0),
(73, 670, 0, 0),
(73, 671, 0, 0),
(73, 675, 0, 0),
(73, 676, 0, 0),
(73, 677, 0, 0),
(73, 678, 0, 0),
(73, 679, 0, 0),
(73, 685, 0, 0),
(73, 686, 0, 0),
(73, 688, 0, 0),
(73, 710, 0, 0),
(73, 711, 0, 0),
(73, 733, 0, 0),
(73, 734, 0, 0),
(73, 758, 0, 0),
(73, 760, 0, 0),
(73, 762, 0, 0),
(73, 763, 0, 0),
(73, 781, 0, 0),
(73, 782, 0, 0),
(73, 783, 0, 0),
(73, 784, 0, 0),
(73, 785, 0, 0),
(73, 786, 0, 0),
(73, 787, 0, 0),
(73, 788, 0, 0),
(73, 796, 0, 0),
(74, 604, 1, 1),
(74, 612, 0, 0),
(74, 613, 0, 0),
(74, 614, 0, 0),
(74, 615, 0, 0),
(74, 616, 0, 0),
(74, 617, 0, 0),
(74, 618, 0, 0),
(74, 620, 0, 0),
(74, 621, 0, 0),
(74, 626, 0, 0),
(74, 640, 0, 0),
(74, 642, 0, 0),
(74, 644, 0, 0),
(74, 645, 0, 0),
(74, 647, 0, 0),
(74, 648, 0, 0),
(74, 649, 0, 0),
(74, 661, 0, 0),
(74, 663, 0, 0),
(74, 665, 0, 0),
(74, 666, 0, 0),
(74, 667, 0, 0),
(74, 668, 0, 0),
(74, 669, 0, 0),
(74, 670, 0, 0),
(74, 671, 0, 0),
(74, 675, 0, 0),
(74, 676, 0, 0),
(74, 677, 0, 0),
(74, 678, 0, 0),
(74, 679, 0, 0),
(74, 685, 0, 0),
(74, 686, 0, 0),
(74, 688, 0, 0),
(74, 710, 0, 0),
(74, 711, 0, 0),
(74, 733, 0, 0),
(74, 734, 0, 0),
(74, 758, 0, 0),
(74, 760, 0, 0),
(74, 762, 0, 0),
(74, 763, 0, 0),
(74, 781, 0, 0),
(74, 782, 0, 0),
(74, 783, 0, 0),
(74, 784, 0, 0),
(74, 785, 0, 0),
(74, 786, 0, 0),
(74, 787, 0, 0),
(74, 788, 0, 0),
(74, 796, 0, 0),
(75, 607, 1, 1),
(75, 612, 0, 0),
(75, 613, 0, 0),
(75, 614, 0, 0),
(75, 615, 0, 0),
(75, 616, 0, 0),
(75, 617, 0, 0),
(75, 618, 0, 0),
(75, 620, 0, 0),
(75, 621, 0, 0),
(75, 626, 0, 0),
(75, 640, 0, 0),
(75, 642, 0, 0),
(75, 644, 0, 0),
(75, 645, 0, 0),
(75, 647, 0, 0),
(75, 648, 0, 0),
(75, 649, 0, 0),
(75, 661, 0, 0),
(75, 663, 0, 0),
(75, 665, 0, 0),
(75, 666, 0, 0),
(75, 667, 0, 0),
(75, 668, 0, 0),
(75, 669, 0, 0),
(75, 670, 0, 0),
(75, 671, 0, 0),
(75, 675, 0, 0),
(75, 676, 0, 0),
(75, 677, 0, 0),
(75, 678, 0, 0),
(75, 679, 0, 0),
(75, 685, 0, 0),
(75, 686, 0, 0),
(75, 688, 0, 0),
(75, 710, 0, 0),
(75, 711, 0, 0),
(75, 733, 0, 0),
(75, 734, 0, 0),
(75, 758, 0, 0),
(75, 760, 0, 0),
(75, 762, 0, 0),
(75, 763, 0, 0),
(75, 781, 0, 0),
(75, 782, 0, 0),
(75, 783, 0, 0),
(75, 784, 0, 0),
(75, 785, 0, 0),
(75, 786, 0, 0),
(75, 787, 0, 0),
(75, 788, 0, 0),
(75, 796, 0, 0),
(76, 609, 1, 1),
(76, 612, 0, 0),
(76, 613, 0, 0),
(76, 614, 0, 0),
(76, 615, 0, 0),
(76, 616, 0, 0),
(76, 617, 0, 0),
(76, 618, 0, 0),
(76, 620, 0, 0),
(76, 621, 0, 0),
(76, 626, 0, 0),
(76, 640, 0, 0),
(76, 642, 0, 0),
(76, 644, 0, 0),
(76, 645, 0, 0),
(76, 647, 0, 0),
(76, 648, 0, 0),
(76, 649, 0, 0),
(76, 661, 0, 0),
(76, 663, 0, 0),
(76, 665, 0, 0),
(76, 666, 0, 0),
(76, 667, 0, 0),
(76, 668, 0, 0),
(76, 669, 0, 0),
(76, 670, 0, 0),
(76, 671, 0, 0),
(76, 675, 0, 0),
(76, 676, 0, 0),
(76, 677, 0, 0),
(76, 678, 0, 0),
(76, 679, 0, 0),
(76, 685, 0, 0),
(76, 686, 0, 0),
(76, 688, 0, 0),
(76, 710, 0, 0),
(76, 711, 0, 0),
(76, 733, 0, 0),
(76, 734, 0, 0),
(76, 758, 0, 0),
(76, 760, 0, 0),
(76, 762, 0, 0),
(76, 763, 0, 0),
(76, 781, 0, 0),
(76, 782, 0, 0),
(76, 783, 0, 0),
(76, 784, 0, 0),
(76, 785, 0, 0),
(76, 786, 0, 0),
(76, 787, 0, 0),
(76, 788, 0, 0),
(76, 796, 0, 0),
(77, 610, 1, 1),
(77, 612, 0, 0),
(77, 613, 0, 0),
(77, 614, 0, 0),
(77, 615, 0, 0),
(77, 616, 0, 0),
(77, 617, 0, 0),
(77, 618, 0, 0),
(77, 620, 0, 0),
(77, 621, 0, 0),
(77, 626, 0, 0),
(77, 640, 0, 0),
(77, 642, 0, 0),
(77, 644, 0, 0),
(77, 645, 0, 0),
(77, 647, 0, 0),
(77, 648, 0, 0),
(77, 649, 0, 0),
(77, 661, 0, 0),
(77, 663, 0, 0),
(77, 665, 0, 0),
(77, 666, 0, 0),
(77, 667, 0, 0),
(77, 668, 0, 0),
(77, 669, 0, 0),
(77, 670, 0, 0),
(77, 671, 0, 0),
(77, 675, 0, 0),
(77, 676, 0, 0),
(77, 677, 0, 0),
(77, 678, 0, 0),
(77, 679, 0, 0),
(77, 685, 0, 0),
(77, 686, 0, 0),
(77, 688, 0, 0),
(77, 710, 0, 0),
(77, 711, 0, 0),
(77, 733, 0, 0),
(77, 734, 0, 0),
(77, 758, 0, 0),
(77, 760, 0, 0),
(77, 762, 0, 0),
(77, 763, 0, 0),
(77, 771, 1, 1),
(77, 772, 1, 1),
(77, 781, 0, 0),
(77, 782, 0, 0),
(77, 783, 0, 0),
(77, 784, 0, 0),
(77, 785, 0, 0),
(77, 786, 0, 0),
(77, 787, 0, 0),
(77, 788, 0, 0),
(77, 796, 0, 0),
(78, 612, 1, 1),
(78, 613, 0, 0),
(78, 614, 0, 0),
(78, 615, 0, 0),
(78, 616, 0, 0),
(78, 617, 0, 0),
(78, 618, 0, 0),
(78, 620, 0, 0),
(78, 621, 0, 0),
(78, 626, 0, 0),
(78, 640, 0, 0),
(78, 642, 0, 0),
(78, 644, 0, 0),
(78, 645, 0, 0),
(78, 647, 0, 0),
(78, 648, 0, 0),
(78, 649, 0, 0),
(78, 661, 0, 0),
(78, 663, 0, 0),
(78, 665, 0, 0),
(78, 666, 0, 0),
(78, 667, 0, 0),
(78, 668, 0, 0),
(78, 669, 0, 0),
(78, 670, 0, 0),
(78, 671, 0, 0),
(78, 675, 0, 0),
(78, 676, 0, 0),
(78, 677, 0, 0),
(78, 678, 0, 0),
(78, 679, 0, 0),
(78, 685, 0, 0),
(78, 686, 0, 0),
(78, 688, 0, 0),
(78, 710, 0, 0),
(78, 711, 0, 0),
(78, 733, 0, 0),
(78, 734, 0, 0),
(78, 758, 0, 0),
(78, 760, 0, 0),
(78, 762, 0, 0),
(78, 763, 0, 0),
(78, 781, 0, 0),
(78, 782, 0, 0),
(78, 783, 0, 0),
(78, 784, 0, 0),
(78, 785, 0, 0),
(78, 786, 0, 0),
(78, 787, 0, 0),
(78, 788, 0, 0),
(78, 796, 0, 0),
(79, 613, 1, 1),
(79, 614, 0, 0),
(79, 615, 0, 0),
(79, 616, 0, 0),
(79, 617, 0, 0),
(79, 618, 0, 0),
(79, 620, 0, 0),
(79, 621, 0, 0),
(79, 626, 0, 0),
(79, 640, 0, 0),
(79, 642, 0, 0),
(79, 644, 0, 0),
(79, 645, 0, 0),
(79, 647, 0, 0),
(79, 648, 0, 0),
(79, 649, 0, 0),
(79, 661, 0, 0),
(79, 663, 0, 0),
(79, 665, 0, 0),
(79, 666, 0, 0),
(79, 667, 0, 0),
(79, 668, 0, 0),
(79, 669, 0, 0),
(79, 670, 0, 0),
(79, 671, 0, 0),
(79, 675, 0, 0),
(79, 676, 0, 0),
(79, 677, 0, 0),
(79, 678, 0, 0),
(79, 679, 0, 0),
(79, 685, 1, 1),
(79, 686, 1, 1),
(79, 688, 0, 0),
(79, 710, 1, 1),
(79, 711, 1, 1),
(79, 733, 0, 0),
(79, 734, 0, 0),
(79, 758, 0, 0),
(79, 760, 0, 0),
(79, 762, 0, 0),
(79, 763, 0, 0),
(79, 781, 0, 0),
(79, 782, 0, 0),
(79, 783, 0, 0),
(79, 784, 0, 0),
(79, 785, 0, 0),
(79, 786, 0, 0),
(79, 787, 0, 0),
(79, 788, 0, 0),
(79, 796, 0, 0),
(80, 614, 1, 1),
(80, 615, 0, 0),
(80, 616, 0, 0),
(80, 617, 0, 0),
(80, 618, 0, 0),
(80, 620, 0, 0),
(80, 621, 0, 0),
(80, 626, 0, 0),
(80, 640, 0, 0),
(80, 642, 0, 0),
(80, 644, 0, 0),
(80, 645, 0, 0),
(80, 647, 0, 0),
(80, 648, 0, 0),
(80, 649, 0, 0),
(80, 661, 0, 0),
(80, 663, 0, 0),
(80, 665, 0, 0),
(80, 666, 0, 0),
(80, 667, 0, 0),
(80, 668, 0, 0),
(80, 669, 0, 0),
(80, 670, 0, 0),
(80, 671, 0, 0),
(80, 675, 0, 0),
(80, 676, 0, 0),
(80, 677, 0, 0),
(80, 678, 0, 0),
(80, 679, 0, 0),
(80, 688, 0, 0),
(80, 733, 0, 0),
(80, 734, 0, 0),
(80, 758, 0, 0),
(80, 760, 0, 0),
(80, 762, 0, 0),
(80, 763, 0, 0),
(80, 781, 0, 0),
(80, 782, 0, 0),
(80, 783, 0, 0),
(80, 784, 0, 0),
(80, 785, 0, 0),
(80, 786, 0, 0),
(80, 787, 0, 0),
(80, 788, 0, 0),
(80, 796, 0, 0),
(81, 615, 1, 1),
(81, 616, 0, 0),
(81, 617, 0, 0),
(81, 618, 0, 0),
(81, 620, 0, 0),
(81, 621, 0, 0),
(81, 626, 0, 0),
(81, 640, 0, 0),
(81, 642, 0, 0),
(81, 644, 0, 0),
(81, 645, 0, 0),
(81, 647, 0, 0),
(81, 648, 0, 0),
(81, 649, 0, 0),
(81, 661, 0, 0),
(81, 663, 0, 0),
(81, 665, 0, 0),
(81, 666, 0, 0),
(81, 667, 0, 0),
(81, 668, 0, 0),
(81, 669, 0, 0),
(81, 670, 0, 0),
(81, 671, 0, 0),
(81, 675, 0, 0),
(81, 676, 0, 0),
(81, 677, 0, 0),
(81, 678, 0, 0),
(81, 679, 0, 0),
(81, 688, 0, 0),
(81, 733, 0, 0),
(81, 734, 0, 0),
(81, 758, 0, 0),
(81, 760, 0, 0),
(81, 762, 0, 0),
(81, 763, 0, 0),
(81, 781, 0, 0),
(81, 782, 0, 0),
(81, 783, 0, 0),
(81, 784, 0, 0),
(81, 785, 0, 0),
(81, 786, 0, 0),
(81, 787, 0, 0),
(81, 788, 0, 0),
(81, 796, 0, 0),
(82, 616, 1, 1),
(82, 617, 0, 0),
(82, 618, 0, 0),
(82, 620, 0, 0),
(82, 621, 0, 0),
(82, 626, 0, 0),
(82, 640, 0, 0),
(82, 642, 0, 0),
(82, 644, 0, 0),
(82, 645, 0, 0),
(82, 647, 0, 0),
(82, 648, 0, 0),
(82, 649, 0, 0),
(82, 661, 0, 0),
(82, 663, 0, 0),
(82, 665, 0, 0),
(82, 666, 0, 0),
(82, 667, 0, 0),
(82, 668, 0, 0),
(82, 669, 0, 0),
(82, 670, 0, 0),
(82, 671, 0, 0),
(82, 675, 0, 0),
(82, 676, 0, 0),
(82, 677, 0, 0),
(82, 678, 0, 0),
(82, 679, 0, 0),
(82, 688, 0, 0),
(82, 733, 0, 0),
(82, 734, 0, 0),
(82, 758, 0, 0),
(82, 760, 0, 0),
(82, 762, 0, 0),
(82, 763, 0, 0),
(82, 781, 0, 0),
(82, 782, 0, 0),
(82, 783, 0, 0),
(82, 784, 0, 0),
(82, 785, 0, 0),
(82, 786, 0, 0),
(82, 787, 0, 0),
(82, 788, 0, 0),
(82, 796, 0, 0),
(83, 259, 1, 1),
(83, 617, 0, 0),
(83, 618, 0, 0),
(83, 620, 0, 0),
(83, 621, 0, 0),
(83, 626, 0, 0),
(83, 640, 0, 0),
(83, 642, 0, 0),
(83, 644, 0, 0),
(83, 645, 0, 0),
(83, 647, 0, 0),
(83, 648, 0, 0),
(83, 649, 0, 0),
(83, 661, 0, 0),
(83, 663, 0, 0),
(83, 665, 0, 0),
(83, 666, 0, 0),
(83, 667, 0, 0),
(83, 668, 0, 0),
(83, 669, 0, 0),
(83, 670, 0, 0),
(83, 671, 0, 0),
(83, 675, 0, 0),
(83, 676, 0, 0),
(83, 677, 0, 0),
(83, 678, 0, 0),
(83, 679, 0, 0),
(83, 688, 0, 0),
(83, 733, 0, 0),
(83, 734, 0, 0),
(83, 758, 0, 0),
(83, 760, 0, 0),
(83, 762, 0, 0),
(83, 763, 0, 0),
(83, 781, 0, 0),
(83, 782, 0, 0),
(83, 783, 0, 0),
(83, 784, 0, 0),
(83, 785, 0, 0),
(83, 786, 0, 0),
(83, 787, 0, 0),
(83, 788, 0, 0),
(83, 796, 0, 0),
(84, 617, 1, 1),
(84, 618, 0, 0),
(84, 620, 0, 0),
(84, 621, 0, 0),
(84, 626, 0, 0),
(84, 640, 0, 0),
(84, 642, 0, 0),
(84, 644, 0, 0),
(84, 645, 0, 0),
(84, 647, 0, 0),
(84, 648, 0, 0),
(84, 649, 0, 0),
(84, 661, 0, 0),
(84, 663, 1, 1),
(84, 665, 1, 1),
(84, 666, 1, 1),
(84, 667, 0, 0),
(84, 668, 0, 0),
(84, 669, 0, 0),
(84, 670, 0, 0),
(84, 671, 0, 0),
(84, 675, 0, 0),
(84, 676, 0, 0),
(84, 677, 0, 0),
(84, 678, 0, 0),
(84, 679, 0, 0),
(84, 688, 1, 1),
(84, 733, 0, 0),
(84, 734, 0, 0),
(84, 758, 0, 0),
(84, 760, 0, 0),
(84, 762, 1, 1),
(84, 763, 1, 1),
(84, 781, 0, 0),
(84, 782, 0, 0),
(84, 783, 0, 0),
(84, 784, 0, 0),
(84, 785, 0, 0),
(84, 786, 0, 0),
(84, 787, 0, 0),
(84, 788, 0, 0),
(84, 796, 0, 0),
(85, 617, 1, 1),
(85, 618, 0, 0),
(85, 620, 0, 0),
(85, 621, 0, 0),
(85, 626, 0, 0),
(85, 640, 0, 0),
(85, 642, 0, 0),
(85, 644, 0, 0),
(85, 645, 0, 0),
(85, 647, 0, 0),
(85, 648, 0, 0),
(85, 649, 0, 0),
(85, 661, 0, 0),
(85, 663, 1, 1),
(85, 665, 1, 1),
(85, 666, 1, 1),
(85, 667, 0, 0),
(85, 668, 0, 0),
(85, 669, 0, 0),
(85, 670, 0, 0),
(85, 671, 0, 0),
(85, 675, 0, 0),
(85, 676, 0, 0),
(85, 677, 0, 0),
(85, 678, 0, 0),
(85, 679, 0, 0),
(85, 688, 1, 1),
(85, 733, 0, 0),
(85, 734, 0, 0),
(85, 758, 0, 0),
(85, 760, 0, 0),
(85, 762, 1, 1),
(85, 763, 1, 1),
(85, 781, 0, 0),
(85, 782, 0, 0),
(85, 783, 0, 0),
(85, 784, 0, 0),
(85, 785, 0, 0),
(85, 786, 0, 0),
(85, 787, 0, 0),
(85, 788, 0, 0),
(85, 796, 0, 0),
(86, 618, 1, 1),
(86, 620, 0, 0),
(86, 621, 0, 0),
(86, 626, 0, 0),
(86, 640, 0, 0),
(86, 642, 0, 0),
(86, 644, 0, 0),
(86, 645, 0, 0),
(86, 647, 0, 0),
(86, 648, 0, 0),
(86, 649, 0, 0),
(86, 661, 0, 0),
(86, 667, 0, 0),
(86, 668, 0, 0),
(86, 669, 0, 0),
(86, 670, 0, 0),
(86, 671, 0, 0),
(86, 675, 0, 0),
(86, 676, 0, 0),
(86, 677, 0, 0),
(86, 678, 0, 0),
(86, 679, 0, 0),
(86, 733, 0, 0),
(86, 734, 0, 0),
(86, 758, 0, 0),
(86, 760, 0, 0),
(86, 781, 0, 0),
(86, 782, 0, 0),
(86, 783, 0, 0),
(86, 784, 0, 0),
(86, 785, 0, 0),
(86, 786, 0, 0),
(86, 787, 0, 0),
(86, 788, 0, 0),
(86, 796, 0, 0),
(87, 618, 1, 1),
(87, 620, 0, 0),
(87, 621, 0, 0),
(87, 626, 0, 0),
(87, 640, 0, 0),
(87, 642, 0, 0),
(87, 644, 0, 0),
(87, 645, 0, 0),
(87, 647, 0, 0),
(87, 648, 0, 0),
(87, 649, 0, 0),
(87, 661, 0, 0),
(87, 667, 0, 0),
(87, 668, 0, 0),
(87, 669, 0, 0),
(87, 670, 0, 0),
(87, 671, 0, 0),
(87, 675, 0, 0),
(87, 676, 0, 0),
(87, 677, 0, 0),
(87, 678, 0, 0),
(87, 679, 0, 0),
(87, 733, 0, 0),
(87, 734, 0, 0),
(87, 758, 0, 0),
(87, 760, 0, 0),
(87, 781, 0, 0),
(87, 782, 0, 0),
(87, 783, 0, 0),
(87, 784, 0, 0),
(87, 785, 0, 0),
(87, 786, 0, 0),
(87, 787, 0, 0),
(87, 788, 0, 0),
(87, 796, 0, 0),
(88, 620, 1, 1),
(88, 621, 0, 0),
(88, 626, 0, 0),
(88, 640, 0, 0),
(88, 642, 0, 0),
(88, 644, 0, 0),
(88, 645, 0, 0),
(88, 647, 0, 0),
(88, 648, 0, 0),
(88, 649, 0, 0),
(88, 661, 0, 0),
(88, 667, 0, 0),
(88, 668, 0, 0),
(88, 669, 0, 0),
(88, 670, 0, 0),
(88, 671, 0, 0),
(88, 675, 0, 0),
(88, 676, 0, 0),
(88, 677, 0, 0),
(88, 678, 0, 0),
(88, 679, 0, 0),
(88, 733, 0, 0),
(88, 734, 0, 0),
(88, 758, 0, 0),
(88, 760, 0, 0),
(88, 781, 0, 0),
(88, 782, 0, 0),
(88, 783, 0, 0),
(88, 784, 0, 0),
(88, 785, 0, 0),
(88, 786, 0, 0),
(88, 787, 0, 0),
(88, 788, 0, 0),
(88, 796, 0, 0),
(89, 621, 1, 1),
(89, 626, 0, 0),
(89, 640, 0, 0),
(89, 642, 0, 0),
(89, 644, 0, 0),
(89, 645, 0, 0),
(89, 647, 0, 0),
(89, 648, 0, 0),
(89, 649, 0, 0),
(89, 661, 0, 0),
(89, 667, 0, 0),
(89, 668, 0, 0),
(89, 669, 0, 0),
(89, 670, 0, 0),
(89, 671, 0, 0),
(89, 675, 0, 0),
(89, 676, 0, 0),
(89, 677, 0, 0),
(89, 678, 0, 0),
(89, 679, 0, 0),
(89, 733, 0, 0),
(89, 734, 0, 0),
(89, 758, 0, 0),
(89, 760, 1, 1),
(89, 781, 1, 1),
(89, 782, 1, 1),
(89, 783, 1, 1),
(89, 784, 1, 1),
(89, 785, 1, 1),
(89, 786, 1, 1),
(89, 787, 1, 1),
(89, 788, 1, 1),
(89, 796, 0, 0),
(90, 626, 1, 1),
(90, 640, 0, 0),
(90, 642, 0, 0),
(90, 644, 0, 0),
(90, 645, 0, 0),
(90, 647, 0, 0),
(90, 648, 1, 1),
(90, 649, 0, 0),
(90, 661, 0, 0),
(90, 667, 0, 0),
(90, 668, 0, 0),
(90, 669, 0, 0),
(90, 670, 0, 0),
(90, 671, 0, 0),
(90, 675, 0, 0),
(90, 676, 0, 0),
(90, 677, 0, 0),
(90, 678, 0, 0),
(90, 679, 0, 0),
(90, 733, 0, 0),
(90, 734, 0, 0),
(90, 758, 0, 0),
(90, 796, 0, 0),
(91, 626, 1, 1),
(91, 640, 0, 0),
(91, 642, 0, 0),
(91, 644, 0, 0),
(91, 645, 0, 0),
(91, 647, 0, 0),
(91, 648, 0, 0),
(91, 649, 0, 0),
(91, 661, 0, 0),
(91, 667, 0, 0),
(91, 668, 0, 0),
(91, 669, 0, 0),
(91, 670, 0, 0),
(91, 671, 0, 0),
(91, 675, 0, 0),
(91, 676, 0, 0),
(91, 677, 0, 0),
(91, 678, 0, 0),
(91, 679, 0, 0),
(91, 733, 0, 0),
(91, 734, 0, 0),
(91, 758, 0, 0),
(91, 796, 0, 0),
(92, 626, 1, 1),
(92, 640, 0, 0),
(92, 642, 0, 0),
(92, 644, 0, 0),
(92, 645, 0, 0),
(92, 647, 0, 0),
(92, 648, 0, 0),
(92, 649, 0, 0),
(92, 661, 0, 0),
(92, 667, 0, 0),
(92, 668, 0, 0),
(92, 669, 0, 0),
(92, 670, 0, 0),
(92, 671, 0, 0),
(92, 675, 0, 0),
(92, 676, 0, 0),
(92, 677, 0, 0),
(92, 678, 0, 0),
(92, 679, 0, 0),
(92, 733, 0, 0),
(92, 734, 0, 0),
(92, 758, 0, 0),
(92, 796, 0, 0),
(93, 626, 1, 1),
(93, 640, 0, 0),
(93, 642, 0, 0),
(93, 644, 0, 0),
(93, 645, 0, 0),
(93, 647, 0, 0),
(93, 648, 0, 0),
(93, 649, 0, 0),
(93, 661, 0, 0),
(93, 667, 0, 0),
(93, 668, 0, 0),
(93, 669, 0, 0),
(93, 670, 0, 0),
(93, 671, 0, 0),
(93, 675, 0, 0),
(93, 676, 0, 0),
(93, 677, 0, 0),
(93, 678, 0, 0),
(93, 679, 0, 0),
(93, 733, 0, 0),
(93, 734, 0, 0),
(93, 758, 0, 0),
(93, 796, 0, 0),
(94, 640, 1, 1),
(94, 642, 0, 0),
(94, 644, 0, 0),
(94, 645, 0, 0),
(94, 647, 0, 0),
(94, 648, 0, 0),
(94, 649, 0, 0),
(94, 661, 0, 0),
(94, 667, 0, 0),
(94, 668, 0, 0),
(94, 669, 0, 0),
(94, 670, 0, 0),
(94, 671, 0, 0),
(94, 675, 0, 0),
(94, 676, 0, 0),
(94, 677, 0, 0),
(94, 678, 0, 0),
(94, 679, 0, 0),
(94, 733, 0, 0),
(94, 734, 0, 0),
(94, 758, 0, 0),
(94, 796, 0, 0),
(95, 265, 1, 1),
(95, 642, 0, 0),
(95, 644, 0, 0),
(95, 645, 0, 0),
(95, 647, 0, 0),
(95, 648, 0, 0),
(95, 649, 0, 0),
(95, 655, 1, 1),
(95, 656, 1, 1),
(95, 657, 1, 1),
(95, 658, 1, 1),
(95, 659, 1, 1),
(95, 660, 1, 1),
(95, 661, 0, 0),
(95, 667, 0, 0),
(95, 668, 0, 0),
(95, 669, 0, 0),
(95, 670, 0, 0),
(95, 671, 0, 0),
(95, 675, 0, 0),
(95, 676, 0, 0),
(95, 677, 0, 0),
(95, 678, 0, 0),
(95, 679, 0, 0),
(95, 733, 0, 0),
(95, 734, 0, 0),
(95, 758, 0, 0),
(95, 777, 1, 1),
(95, 778, 1, 1),
(95, 796, 0, 0),
(96, 642, 1, 1),
(96, 644, 0, 0),
(96, 645, 0, 0),
(96, 647, 0, 0),
(96, 648, 0, 0),
(96, 649, 0, 0),
(96, 661, 0, 0),
(96, 667, 0, 0),
(96, 668, 0, 0),
(96, 669, 0, 0),
(96, 670, 0, 0),
(96, 671, 0, 0),
(96, 675, 0, 0),
(96, 676, 0, 0),
(96, 677, 0, 0),
(96, 678, 0, 0),
(96, 679, 0, 0),
(96, 733, 0, 0),
(96, 734, 0, 0),
(96, 758, 0, 0),
(96, 796, 0, 0),
(97, 642, 1, 1),
(97, 644, 0, 0),
(97, 645, 0, 0),
(97, 647, 0, 0),
(97, 648, 0, 0),
(97, 649, 0, 0),
(97, 661, 0, 0),
(97, 667, 0, 0),
(97, 668, 0, 0),
(97, 669, 0, 0),
(97, 670, 0, 0),
(97, 671, 0, 0),
(97, 675, 0, 0),
(97, 676, 0, 0),
(97, 677, 0, 0),
(97, 678, 0, 0),
(97, 679, 0, 0),
(97, 733, 0, 0),
(97, 734, 0, 0),
(97, 758, 0, 0),
(97, 796, 0, 0),
(98, 642, 1, 1),
(98, 644, 0, 0),
(98, 645, 0, 0),
(98, 647, 0, 0),
(98, 648, 0, 0),
(98, 649, 0, 0),
(98, 661, 0, 0),
(98, 667, 0, 0),
(98, 668, 0, 0),
(98, 669, 0, 0),
(98, 670, 0, 0),
(98, 671, 0, 0),
(98, 675, 0, 0),
(98, 676, 0, 0),
(98, 677, 0, 0),
(98, 678, 0, 0),
(98, 679, 0, 0),
(98, 733, 0, 0),
(98, 734, 0, 0),
(98, 758, 0, 0),
(98, 796, 0, 0),
(99, 644, 1, 1),
(99, 645, 0, 0),
(99, 647, 0, 0),
(99, 648, 0, 0),
(99, 649, 0, 0),
(99, 661, 0, 0),
(99, 667, 0, 0),
(99, 668, 0, 0),
(99, 669, 0, 0),
(99, 670, 0, 0),
(99, 671, 0, 0),
(99, 675, 0, 0),
(99, 676, 0, 0),
(99, 677, 0, 0),
(99, 678, 0, 0),
(99, 679, 0, 0),
(99, 733, 0, 0),
(99, 734, 0, 0),
(99, 758, 0, 0),
(99, 796, 0, 0),
(100, 644, 1, 1),
(100, 645, 0, 0),
(100, 647, 0, 0),
(100, 648, 0, 0),
(100, 649, 0, 0),
(100, 661, 0, 0),
(100, 667, 0, 0),
(100, 668, 0, 0),
(100, 669, 0, 0),
(100, 670, 0, 0),
(100, 671, 0, 0),
(100, 675, 0, 0),
(100, 676, 0, 0),
(100, 677, 0, 0),
(100, 678, 0, 0),
(100, 679, 0, 0),
(100, 733, 0, 0),
(100, 734, 0, 0),
(100, 758, 0, 0),
(100, 796, 0, 0),
(101, 645, 1, 1),
(101, 647, 0, 0),
(101, 648, 0, 0),
(101, 649, 0, 0),
(101, 661, 0, 0),
(101, 667, 1, 1),
(101, 668, 1, 1),
(101, 669, 1, 1),
(101, 670, 1, 1),
(101, 671, 0, 0),
(101, 675, 0, 0),
(101, 676, 0, 0),
(101, 677, 0, 0),
(101, 678, 0, 0),
(101, 679, 0, 0),
(101, 733, 0, 0),
(101, 734, 0, 0),
(101, 758, 0, 0),
(101, 796, 0, 0),
(102, 645, 1, 1),
(102, 647, 0, 0),
(102, 648, 0, 0),
(102, 649, 0, 0),
(102, 661, 0, 0),
(102, 667, 1, 1),
(102, 668, 1, 1),
(102, 669, 1, 1),
(102, 670, 1, 1),
(102, 671, 0, 0),
(102, 675, 0, 0),
(102, 676, 0, 0),
(102, 677, 0, 0),
(102, 678, 0, 0),
(102, 679, 0, 0),
(102, 733, 0, 0),
(102, 734, 0, 0),
(102, 758, 0, 0),
(102, 796, 0, 0),
(103, 645, 1, 1),
(103, 647, 0, 0),
(103, 648, 0, 0),
(103, 649, 0, 0),
(103, 661, 0, 0),
(103, 667, 1, 1),
(103, 668, 1, 1),
(103, 669, 1, 1),
(103, 670, 1, 1),
(103, 671, 0, 0),
(103, 675, 0, 0),
(103, 676, 0, 0),
(103, 677, 0, 0),
(103, 678, 0, 0),
(103, 679, 0, 0),
(103, 733, 0, 0),
(103, 734, 0, 0),
(103, 758, 0, 0),
(103, 796, 0, 0),
(104, 645, 1, 1),
(104, 647, 0, 0),
(104, 648, 0, 0),
(104, 649, 0, 0),
(104, 661, 0, 0),
(104, 667, 1, 1),
(104, 668, 1, 1),
(104, 669, 1, 1),
(104, 670, 1, 1),
(104, 671, 0, 0),
(104, 675, 0, 0),
(104, 676, 0, 0),
(104, 677, 0, 0),
(104, 678, 0, 0),
(104, 679, 0, 0),
(104, 733, 0, 0),
(104, 734, 0, 0),
(104, 758, 0, 0),
(104, 796, 0, 0),
(105, 647, 1, 1),
(105, 648, 0, 0),
(105, 649, 0, 0),
(105, 661, 0, 0),
(105, 671, 0, 0),
(105, 675, 0, 0),
(105, 676, 0, 0),
(105, 677, 0, 0),
(105, 678, 0, 0),
(105, 679, 0, 0),
(105, 733, 0, 0),
(105, 734, 0, 0),
(105, 758, 0, 0),
(105, 796, 0, 0),
(106, 649, 1, 1),
(106, 661, 0, 0),
(106, 671, 0, 0),
(106, 675, 0, 0),
(106, 676, 0, 0),
(106, 677, 0, 0),
(106, 678, 0, 0),
(106, 679, 0, 0),
(106, 733, 1, 1),
(106, 734, 1, 1),
(106, 758, 0, 0),
(106, 796, 0, 0),
(107, 648, 1, 1),
(107, 661, 0, 0),
(107, 671, 0, 0),
(107, 675, 0, 0),
(107, 676, 0, 0),
(107, 677, 0, 0),
(107, 678, 0, 0),
(107, 679, 0, 0),
(107, 758, 0, 0),
(107, 796, 0, 0),
(108, 648, 1, 1),
(108, 661, 0, 0),
(108, 671, 0, 0),
(108, 675, 0, 0),
(108, 676, 0, 0),
(108, 677, 0, 0),
(108, 678, 0, 0),
(108, 679, 0, 0),
(108, 758, 0, 0),
(108, 796, 0, 0),
(109, 671, 1, 1),
(109, 796, 0, 0),
(110, 796, 0, 0),
(111, 796, 1, 1);

-- --------------------------------------------------------

--
-- Структура таблицы `tm_acl_role`
--

DROP TABLE IF EXISTS `tm_acl_role`;
CREATE TABLE IF NOT EXISTS `tm_acl_role` (
  `tm_user_role_id` int(10) unsigned NOT NULL,
  `tm_user_resource_id` int(10) unsigned NOT NULL,
  `is_allow` tinyint(1) NOT NULL DEFAULT '0',
  `privileges` varchar(255) NOT NULL,
  PRIMARY KEY (`tm_user_role_id`,`tm_user_resource_id`),
  KEY `tm_user_resource_id` (`tm_user_resource_id`)
) ENGINE=InnoDB DEFAULT CHARSET=utf8;

--
-- Дамп данных таблицы `tm_acl_role`
--

INSERT INTO `tm_acl_role` (`tm_user_role_id`, `tm_user_resource_id`, `is_allow`, `privileges`) VALUES
(1, 1, 1, 'show'),
(1, 2, 1, 'show'),
(1, 3, 1, 'show'),
(1, 4, 1, 'show,show-my-task,show-my-discussion,show-my-reports'),
(1, 5, 1, 'show'),
(1, 6, 1, 'show'),
(1, 7, 1, 'show'),
(1, 8, 1, 'show'),
(1, 15, 1, 'show,show-attribute-hash,show-attribute-type,show-resource'),
(1, 19, 1, 'show'),
(1, 20, 1, 'show'),
(1, 21, 1, 'show'),
(1, 22, 1, 'show'),
(1, 23, 1, 'show'),
(1, 24, 1, 'show'),
(1, 25, 1, 'show'),
(1, 26, 1, 'show,show-attribute-hash,show-attribute-type,show-archive'),
(1, 27, 1, 'show'),
(1, 28, 1, 'show'),
(1, 29, 1, 'show'),
(1, 30, 1, 'show'),
(1, 31, 1, 'show'),
(1, 32, 1, 'show'),
(1, 33, 1, 'show'),
(1, 34, 1, 'show'),
(1, 35, 1, 'show'),
(1, 36, 1, 'show'),
(1, 37, 1, 'show,show-attribute-hash,show-attribute-type'),
(1, 38, 1, 'show'),
(1, 39, 1, 'show'),
(1, 40, 1, 'show'),
(1, 41, 1, 'show'),
(1, 42, 1, 'show'),
(1, 43, 1, 'show'),
(1, 44, 1, 'show'),
(1, 45, 1, 'show'),
(1, 46, 1, 'show'),
(1, 47, 1, 'show'),
(1, 48, 1, 'show'),
(1, 49, 1, 'show'),
(1, 50, 1, 'show'),
(1, 51, 1, 'show'),
(1, 52, 1, 'show'),
(1, 53, 1, 'show'),
(1, 54, 1, 'show'),
(1, 55, 1, 'show'),
(1, 56, 1, 'show'),
(1, 57, 1, 'show'),
(1, 58, 1, 'show'),
(1, 59, 1, 'show'),
(1, 60, 1, 'show'),
(1, 61, 1, 'show'),
(1, 62, 1, 'show'),
(1, 63, 1, 'show'),
(1, 64, 1, 'show'),
(1, 65, 1, 'show'),
(1, 66, 1, 'show'),
(1, 67, 1, 'show'),
(1, 68, 1, 'show'),
(1, 69, 1, 'show'),
(1, 70, 1, 'show'),
(1, 71, 1, 'show'),
(1, 72, 1, 'show'),
(1, 73, 0, 'show'),
(1, 74, 1, 'show'),
(1, 75, 1, 'show'),
(1, 76, 1, 'show'),
(1, 77, 1, 'show'),
(1, 78, 1, 'show'),
(1, 79, 1, 'show'),
(1, 80, 1, 'show'),
(1, 81, 1, 'show'),
(1, 82, 1, 'show'),
(1, 83, 1, 'show'),
(1, 84, 1, 'show'),
(1, 85, 1, 'show'),
(1, 86, 1, 'show'),
(1, 87, 1, 'show'),
(1, 88, 1, 'show'),
(1, 89, 1, 'show'),
(1, 90, 1, 'show'),
(1, 91, 1, 'show'),
(1, 92, 1, 'show'),
(1, 93, 1, 'show'),
(1, 94, 1, 'show'),
(3, 1, 1, 'show'),
(3, 2, 1, 'show'),
(3, 3, 1, 'show'),
(3, 4, 1, 'show,show-my-task,show-my-discussion,show-my-reports'),
(3, 5, 0, 'show'),
(3, 6, 0, 'show'),
(3, 7, 0, 'show'),
(3, 8, 0, 'show'),
(3, 15, 0, 'show'),
(3, 19, 0, 'show'),
(3, 20, 0, 'show'),
(3, 21, 0, 'show'),
(3, 22, 0, 'show'),
(3, 23, 0, 'show'),
(3, 24, 0, 'show'),
(3, 25, 0, 'show'),
(3, 26, 1, 'show'),
(3, 27, 0, 'show'),
(3, 28, 0, 'show'),
(3, 29, 0, 'show'),
(3, 30, 0, 'show'),
(3, 31, 0, 'show'),
(3, 32, 0, 'show'),
(3, 33, 0, 'show'),
(3, 34, 0, 'show'),
(3, 35, 0, 'show'),
(3, 36, 0, 'show'),
(3, 37, 1, 'show'),
(3, 38, 0, 'show'),
(3, 39, 0, 'show'),
(3, 40, 0, 'show'),
(3, 41, 0, 'show'),
(3, 42, 0, 'show'),
(3, 43, 0, 'show'),
(3, 44, 0, 'show'),
(3, 45, 0, 'show'),
(3, 46, 0, 'show'),
(3, 47, 0, 'show'),
(3, 48, 0, 'show'),
(3, 49, 0, 'show'),
(3, 50, 1, 'show'),
(3, 51, 0, 'show'),
(3, 52, 0, 'show'),
(3, 53, 0, 'show'),
(3, 54, 0, 'show'),
(3, 55, 0, 'show'),
(3, 56, 0, 'show'),
(3, 57, 0, 'show'),
(3, 58, 1, 'show'),
(3, 59, 0, 'show'),
(3, 60, 1, 'show'),
(3, 61, 0, 'show'),
(3, 62, 0, 'show'),
(3, 63, 0, 'show'),
(3, 64, 1, 'show'),
(3, 65, 1, 'show'),
(3, 66, 1, 'show'),
(3, 67, 0, 'show'),
(3, 68, 0, 'show'),
(3, 69, 0, 'show'),
(3, 70, 0, 'show'),
(3, 71, 0, 'show'),
(3, 72, 0, 'show'),
(3, 73, 1, 'show'),
(3, 74, 1, 'show'),
(3, 75, 1, 'show'),
(3, 76, 1, 'show'),
(3, 77, 1, 'show'),
(3, 78, 1, 'show'),
(3, 79, 0, 'show'),
(3, 80, 0, 'show'),
(3, 81, 0, 'show'),
(3, 82, 0, 'show'),
(3, 83, 0, 'show'),
(3, 84, 0, 'show'),
(3, 85, 0, 'show'),
(3, 86, 1, 'show'),
(4, 1, 1, 'show'),
(4, 2, 1, 'show'),
(4, 3, 1, 'show'),
(4, 4, 1, 'show,show-my-task,show-my-discussion'),
(4, 5, 0, 'show'),
(4, 6, 0, 'show'),
(4, 7, 0, 'show'),
(4, 8, 0, 'show'),
(4, 15, 0, 'show'),
(4, 19, 0, 'show'),
(4, 20, 0, 'show'),
(4, 21, 0, 'show'),
(4, 22, 0, 'show'),
(4, 23, 0, 'show'),
(4, 24, 0, 'show'),
(4, 25, 0, 'show'),
(4, 26, 1, 'show'),
(4, 27, 0, 'show'),
(4, 28, 1, 'show'),
(4, 29, 0, 'show'),
(4, 30, 0, 'show'),
(4, 31, 0, 'show'),
(4, 32, 0, 'show'),
(4, 33, 0, 'show'),
(4, 34, 0, 'show'),
(4, 35, 0, 'show'),
(4, 36, 0, 'show'),
(4, 37, 1, 'show'),
(4, 38, 1, 'show'),
(4, 39, 1, 'show'),
(4, 40, 1, 'show'),
(4, 41, 0, 'show'),
(4, 42, 0, 'show'),
(4, 43, 0, 'show'),
(4, 44, 0, 'show'),
(4, 45, 0, 'show'),
(4, 46, 0, 'show'),
(4, 47, 0, 'show'),
(4, 48, 0, 'show'),
(4, 49, 0, 'show'),
(4, 50, 1, 'show'),
(4, 51, 1, 'show'),
(4, 52, 1, 'show'),
(4, 53, 0, 'show'),
(4, 54, 0, 'show'),
(4, 55, 0, 'show'),
(4, 56, 0, 'show'),
(4, 57, 1, 'show'),
(4, 58, 0, 'show'),
(4, 59, 0, 'show'),
(4, 60, 0, 'show'),
(4, 61, 0, 'show'),
(4, 62, 0, 'show'),
(4, 63, 0, 'show'),
(4, 64, 0, 'show'),
(4, 65, 0, 'show'),
(4, 66, 1, 'show'),
(4, 67, 0, 'show'),
(4, 68, 0, 'show'),
(4, 69, 0, 'show'),
(4, 70, 0, 'show'),
(4, 71, 0, 'show'),
(4, 72, 0, 'show'),
(4, 73, 1, 'show'),
(4, 74, 1, 'show'),
(4, 75, 1, 'show'),
(4, 76, 1, 'show'),
(4, 77, 1, 'show'),
(4, 78, 0, 'show'),
(4, 79, 0, 'show'),
(4, 80, 0, 'show'),
(4, 81, 0, 'show'),
(4, 82, 0, 'show'),
(4, 83, 0, 'show'),
(4, 84, 0, 'show'),
(4, 85, 0, 'show'),
(4, 86, 1, 'show'),
(4, 87, 0, 'show'),
(4, 88, 0, 'show'),
(4, 89, 0, 'show'),
(4, 90, 0, 'show'),
(4, 91, 0, 'show'),
(4, 92, 0, 'show'),
(4, 93, 0, 'show'),
(4, 94, 0, 'show'),
(5, 1, 1, 'show'),
(5, 2, 1, 'show'),
(5, 3, 1, 'show'),
(5, 4, 1, 'show'),
(5, 5, 0, 'show'),
(5, 6, 0, 'show'),
(5, 7, 0, 'show'),
(5, 8, 0, 'show'),
(5, 15, 0, 'show'),
(5, 19, 0, 'show'),
(5, 20, 0, 'show'),
(5, 21, 0, 'show'),
(5, 22, 0, 'show'),
(5, 23, 0, 'show'),
(5, 24, 0, 'show'),
(5, 25, 0, 'show'),
(5, 26, 0, 'show'),
(5, 27, 0, 'show'),
(5, 28, 0, 'show'),
(5, 29, 0, 'show'),
(5, 30, 0, 'show'),
(5, 31, 0, 'show'),
(5, 32, 0, 'show'),
(5, 33, 0, 'show'),
(5, 34, 0, 'show'),
(5, 35, 0, 'show'),
(5, 36, 0, 'show'),
(5, 37, 0, 'show'),
(5, 38, 0, 'show'),
(5, 39, 0, 'show'),
(5, 40, 0, 'show'),
(5, 41, 0, 'show'),
(5, 42, 0, 'show'),
(5, 43, 0, 'show'),
(5, 44, 0, 'show'),
(5, 45, 0, 'show'),
(5, 46, 0, 'show'),
(5, 47, 0, 'show'),
(5, 48, 0, 'show'),
(5, 49, 0, 'show'),
(5, 50, 0, 'show'),
(5, 51, 0, 'show'),
(5, 52, 0, 'show'),
(5, 53, 0, 'show'),
(5, 54, 0, 'show'),
(5, 55, 0, 'show'),
(5, 56, 0, 'show'),
(5, 57, 0, 'show'),
(5, 58, 0, 'show'),
(5, 59, 0, 'show'),
(5, 60, 0, 'show'),
(5, 61, 0, 'show'),
(5, 62, 0, 'show'),
(5, 63, 0, 'show'),
(5, 64, 0, 'show'),
(5, 65, 0, 'show'),
(5, 66, 0, 'show'),
(5, 67, 0, 'show'),
(5, 68, 0, 'show'),
(5, 69, 0, 'show'),
(5, 70, 0, 'show'),
(5, 71, 0, 'show'),
(5, 72, 0, 'show'),
(5, 73, 0, 'show'),
(5, 74, 0, 'show'),
(5, 75, 0, 'show'),
(5, 76, 0, 'show'),
(5, 77, 0, 'show'),
(5, 78, 0, 'show'),
(5, 79, 0, 'show'),
(5, 80, 0, 'show'),
(5, 81, 0, 'show'),
(5, 82, 0, 'show'),
(5, 83, 0, 'show'),
(5, 84, 0, 'show'),
(5, 85, 0, 'show'),
(5, 86, 0, 'show'),
(7, 1, 1, 'show'),
(7, 2, 1, 'show'),
(7, 3, 1, 'show'),
(7, 4, 1, 'show,show-my-task,show-my-discussion'),
(7, 5, 0, ''),
(7, 6, 0, ''),
(7, 7, 0, ''),
(7, 8, 0, ''),
(7, 15, 0, ''),
(7, 19, 0, ''),
(7, 20, 0, ''),
(7, 21, 0, ''),
(7, 22, 0, ''),
(7, 23, 0, ''),
(7, 24, 0, ''),
(7, 25, 0, ''),
(7, 26, 1, 'show'),
(7, 27, 0, ''),
(7, 28, 0, ''),
(7, 29, 0, ''),
(7, 30, 0, ''),
(7, 31, 0, ''),
(7, 32, 0, ''),
(7, 33, 0, ''),
(7, 34, 0, ''),
(7, 35, 0, ''),
(7, 36, 0, ''),
(7, 37, 1, 'show'),
(7, 38, 1, 'show'),
(7, 39, 1, 'show'),
(7, 40, 0, ''),
(7, 41, 0, ''),
(7, 42, 0, ''),
(7, 43, 0, ''),
(7, 44, 0, ''),
(7, 45, 0, ''),
(7, 46, 0, ''),
(7, 47, 0, ''),
(7, 48, 0, ''),
(7, 49, 0, ''),
(7, 50, 1, 'show'),
(7, 51, 1, 'show'),
(7, 52, 1, ''),
(7, 53, 0, ''),
(7, 54, 0, ''),
(7, 55, 0, ''),
(7, 56, 0, ''),
(7, 57, 1, 'show'),
(7, 58, 0, 'show'),
(7, 59, 0, ''),
(7, 60, 0, 'show'),
(7, 61, 0, ''),
(7, 62, 0, ''),
(7, 63, 0, ''),
(7, 64, 0, 'show'),
(7, 65, 0, 'show'),
(7, 66, 1, 'show'),
(7, 67, 0, ''),
(7, 68, 0, ''),
(7, 69, 0, ''),
(7, 70, 0, ''),
(7, 71, 0, ''),
(7, 72, 0, ''),
(7, 73, 1, 'show'),
(7, 74, 1, 'show'),
(7, 75, 1, 'show'),
(7, 76, 1, 'show'),
(7, 77, 0, 'show'),
(7, 78, 0, 'show'),
(7, 79, 0, 'show'),
(7, 80, 0, 'show'),
(7, 81, 0, 'show'),
(7, 82, 0, 'show'),
(7, 83, 0, 'show'),
(7, 84, 0, 'show'),
(7, 85, 0, 'show'),
(7, 86, 1, 'show'),
(7, 87, 0, 'show'),
(7, 88, 0, 'show'),
(7, 89, 0, 'show'),
(7, 90, 0, 'show'),
(7, 91, 0, 'show'),
(7, 92, 0, 'show'),
(7, 93, 0, 'show'),
(7, 94, 0, 'show'),
(8, 1, 1, 'show'),
(8, 2, 1, 'show'),
(8, 3, 1, 'show'),
(8, 4, 1, 'show,show-my-task,show-my-discussion'),
(8, 5, 0, 'show'),
(8, 6, 0, 'show'),
(8, 7, 0, 'show'),
(8, 8, 0, 'show'),
(8, 15, 0, 'show'),
(8, 19, 0, 'show'),
(8, 20, 0, 'show'),
(8, 21, 0, 'show'),
(8, 22, 0, 'show'),
(8, 23, 0, 'show'),
(8, 24, 0, 'show'),
(8, 25, 0, 'show'),
(8, 26, 0, 'show'),
(8, 27, 0, 'show'),
(8, 28, 0, 'show'),
(8, 29, 0, 'show'),
(8, 30, 0, 'show'),
(8, 31, 0, 'show'),
(8, 32, 0, 'show'),
(8, 33, 0, 'show'),
(8, 34, 0, 'show'),
(8, 35, 0, 'show'),
(8, 36, 0, 'show'),
(8, 37, 1, 'show'),
(8, 38, 1, 'show'),
(8, 39, 1, 'show'),
(8, 40, 0, 'show'),
(8, 41, 0, 'show'),
(8, 42, 0, 'show'),
(8, 43, 0, 'show'),
(8, 44, 0, 'show'),
(8, 45, 0, 'show'),
(8, 46, 0, 'show'),
(8, 47, 0, 'show'),
(8, 48, 0, 'show'),
(8, 49, 0, 'show'),
(8, 50, 1, 'show'),
(8, 51, 1, 'show'),
(8, 52, 1, 'show'),
(8, 53, 0, 'show'),
(8, 54, 0, 'show'),
(8, 55, 0, 'show'),
(8, 56, 0, 'show'),
(8, 57, 1, 'show'),
(8, 58, 0, 'show'),
(8, 59, 0, 'show'),
(8, 60, 0, 'show'),
(8, 61, 0, 'show'),
(8, 62, 0, 'show'),
(8, 63, 0, 'show'),
(8, 64, 0, 'show'),
(8, 65, 0, 'show'),
(8, 66, 0, 'show'),
(8, 67, 0, 'show'),
(8, 68, 0, 'show'),
(8, 69, 0, 'show'),
(8, 70, 0, 'show'),
(8, 71, 0, 'show'),
(8, 72, 0, 'show'),
(8, 73, 0, 'show'),
(8, 74, 1, 'show'),
(8, 75, 0, 'show'),
(8, 76, 1, 'show'),
(8, 77, 0, 'show'),
(8, 78, 0, 'show'),
(8, 79, 0, 'show'),
(8, 80, 0, 'show'),
(8, 81, 0, 'show'),
(8, 82, 0, 'show'),
(8, 83, 0, 'show'),
(8, 84, 0, 'show'),
(8, 85, 0, 'show'),
(8, 86, 1, 'show'),
(9, 1, 1, 'show'),
(9, 2, 1, 'show'),
(9, 3, 1, 'show'),
(9, 4, 1, 'show,show-my-task,show-my-discussion,show-my-reports'),
(9, 5, 0, 'show'),
(9, 6, 0, 'show'),
(9, 7, 0, 'show'),
(9, 8, 0, 'show'),
(9, 15, 0, 'show'),
(9, 19, 0, 'show'),
(9, 20, 0, 'show'),
(9, 21, 0, 'show'),
(9, 22, 0, 'show'),
(9, 23, 0, 'show'),
(9, 24, 0, 'show'),
(9, 25, 0, 'show'),
(9, 26, 1, 'show'),
(9, 27, 0, 'show'),
(9, 28, 0, 'show'),
(9, 29, 0, 'show'),
(9, 30, 0, 'show'),
(9, 31, 0, 'show'),
(9, 32, 0, 'show'),
(9, 33, 0, 'show'),
(9, 34, 0, 'show'),
(9, 35, 0, 'show'),
(9, 36, 0, 'show'),
(9, 37, 1, 'show'),
(9, 38, 1, 'show'),
(9, 39, 1, 'show'),
(9, 40, 0, 'show'),
(9, 41, 0, 'show'),
(9, 42, 0, 'show'),
(9, 43, 0, 'show'),
(9, 44, 0, 'show'),
(9, 45, 0, 'show'),
(9, 46, 0, 'show'),
(9, 47, 0, 'show'),
(9, 48, 0, 'show'),
(9, 49, 0, 'show'),
(9, 50, 1, 'show'),
(9, 51, 1, 'show'),
(9, 52, 1, 'show'),
(9, 53, 0, 'show'),
(9, 54, 0, 'show'),
(9, 55, 0, 'show'),
(9, 56, 0, 'show'),
(9, 57, 1, 'show'),
(9, 58, 1, 'show'),
(9, 59, 0, 'show'),
(9, 60, 1, 'show'),
(9, 61, 0, 'show'),
(9, 62, 0, 'show'),
(9, 63, 0, 'show'),
(9, 64, 1, 'show'),
(9, 65, 1, 'show'),
(9, 66, 1, 'show'),
(9, 67, 0, 'show'),
(9, 68, 0, 'show'),
(9, 69, 0, 'show'),
(9, 70, 0, 'show'),
(9, 71, 0, 'show'),
(9, 72, 0, 'show'),
(9, 73, 1, 'show'),
(9, 74, 1, 'show'),
(9, 75, 1, 'show'),
(9, 76, 1, 'show'),
(9, 77, 1, 'show'),
(9, 78, 1, 'show'),
(9, 79, 0, 'show'),
(9, 80, 0, 'show'),
(9, 81, 0, 'show'),
(9, 82, 0, 'show'),
(9, 83, 0, 'show'),
(9, 84, 0, 'show'),
(9, 85, 0, 'show'),
(9, 86, 1, 'show'),
(10, 1, 1, 'show'),
(10, 2, 1, 'show'),
(10, 3, 1, 'show'),
(10, 4, 1, 'show,show-my-discussion'),
(10, 5, 1, 'show'),
(10, 6, 1, 'show'),
(10, 7, 1, 'show'),
(10, 8, 1, 'show'),
(10, 15, 1, 'show'),
(10, 19, 0, 'show'),
(10, 20, 0, 'show'),
(10, 21, 0, 'show'),
(10, 22, 0, 'show'),
(10, 23, 0, 'show'),
(10, 24, 0, 'show'),
(10, 25, 0, 'show'),
(10, 26, 1, 'show'),
(10, 27, 1, 'show'),
(10, 28, 1, 'show'),
(10, 29, 1, 'show'),
(10, 30, 0, 'show'),
(10, 31, 0, 'show'),
(10, 32, 0, 'show'),
(10, 33, 0, 'show'),
(10, 34, 0, 'show'),
(10, 35, 0, 'show'),
(10, 36, 1, 'show'),
(10, 37, 1, 'show'),
(10, 38, 1, 'show'),
(10, 39, 1, 'show'),
(10, 40, 1, 'show'),
(10, 41, 1, 'show'),
(10, 42, 1, 'show'),
(10, 43, 1, 'show'),
(10, 44, 1, 'show'),
(10, 45, 0, 'show'),
(10, 46, 0, 'show'),
(10, 47, 0, 'show'),
(10, 48, 0, 'show'),
(10, 49, 0, 'show'),
(10, 50, 1, 'show'),
(10, 51, 1, 'show'),
(10, 52, 1, 'show'),
(10, 53, 1, 'show'),
(10, 54, 1, 'show'),
(10, 55, 1, 'show'),
(10, 56, 1, 'show'),
(10, 57, 1, 'show'),
(10, 58, 1, 'show'),
(10, 59, 0, 'show'),
(10, 60, 1, 'show'),
(10, 61, 1, 'show'),
(10, 62, 1, 'show'),
(10, 63, 1, 'show'),
(10, 64, 1, 'show'),
(10, 65, 1, 'show'),
(10, 66, 1, 'show'),
(10, 67, 0, 'show'),
(10, 68, 0, 'show'),
(10, 69, 0, 'show'),
(10, 70, 0, 'show'),
(10, 71, 0, 'show'),
(10, 72, 0, 'show'),
(10, 73, 0, 'show'),
(10, 74, 1, 'show'),
(10, 75, 1, 'show'),
(10, 76, 1, 'show'),
(10, 77, 1, 'show'),
(10, 78, 1, 'show'),
(10, 79, 0, 'show'),
(10, 80, 0, 'show'),
(10, 81, 0, 'show'),
(10, 82, 0, 'show'),
(10, 83, 0, 'show'),
(10, 84, 0, 'show'),
(10, 85, 0, 'show'),
(10, 86, 1, 'show'),
(10, 87, 0, 'show'),
(10, 88, 0, 'show'),
(10, 89, 0, 'show'),
(10, 90, 0, 'show'),
(10, 91, 0, 'show'),
(10, 92, 0, 'show'),
(10, 93, 0, 'show'),
(10, 94, 0, 'show'),
(11, 1, 1, 'show'),
(11, 2, 1, 'show'),
(11, 3, 1, 'show'),
(11, 4, 1, 'show'),
(11, 5, 1, 'show'),
(11, 6, 1, 'show'),
(11, 7, 1, 'show'),
(11, 8, 1, 'show'),
(11, 15, 1, 'show'),
(11, 19, 1, 'show'),
(11, 20, 1, 'show'),
(11, 21, 1, 'show'),
(11, 22, 1, 'show'),
(11, 23, 1, 'show'),
(11, 24, 1, 'show'),
(11, 25, 1, 'show'),
(11, 26, 1, 'show'),
(11, 27, 1, 'show'),
(11, 28, 1, 'show'),
(11, 29, 1, 'show'),
(11, 30, 1, 'show'),
(11, 31, 1, 'show'),
(11, 32, 1, 'show'),
(11, 33, 1, 'show'),
(11, 34, 1, 'show'),
(11, 35, 1, 'show'),
(11, 36, 1, 'show'),
(11, 37, 1, 'show'),
(11, 38, 1, 'show'),
(11, 39, 1, 'show'),
(11, 40, 1, 'show'),
(11, 41, 1, 'show'),
(11, 42, 1, 'show'),
(11, 43, 1, 'show'),
(11, 44, 1, 'show'),
(11, 45, 1, 'show'),
(11, 46, 1, 'show'),
(11, 47, 1, 'show'),
(11, 48, 1, 'show'),
(11, 49, 1, 'show'),
(11, 50, 1, 'show'),
(11, 51, 1, 'show'),
(11, 52, 1, 'show'),
(11, 53, 1, 'show'),
(11, 54, 1, 'show'),
(11, 55, 1, 'show'),
(11, 56, 1, 'show'),
(11, 57, 1, 'show'),
(11, 58, 1, 'show'),
(11, 59, 1, 'show'),
(11, 60, 1, 'show'),
(11, 61, 1, 'show'),
(11, 62, 1, 'show'),
(11, 63, 1, 'show'),
(11, 64, 1, 'show'),
(11, 65, 1, 'show'),
(11, 66, 1, 'show'),
(11, 67, 1, 'show'),
(11, 68, 1, 'show'),
(11, 69, 1, 'show'),
(11, 70, 1, 'show'),
(11, 71, 1, 'show'),
(11, 72, 1, 'show'),
(11, 73, 1, 'show'),
(11, 74, 1, 'show'),
(11, 75, 1, 'show'),
(11, 76, 1, 'show'),
(11, 77, 1, 'show'),
(11, 78, 1, 'show'),
(11, 79, 1, 'show'),
(11, 80, 1, 'show'),
(11, 81, 1, 'show'),
(11, 82, 1, 'show'),
(11, 83, 1, 'show'),
(11, 84, 1, 'show'),
(11, 85, 1, 'show'),
(11, 86, 1, 'show'),
(11, 87, 1, 'show'),
(11, 88, 1, 'show'),
(11, 89, 1, 'show'),
(11, 90, 1, 'show'),
(11, 91, 1, 'show'),
(11, 92, 1, 'show'),
(11, 93, 1, 'show'),
(11, 94, 1, 'show');

-- --------------------------------------------------------

--
-- Структура таблицы `tm_acl_task`
--

DROP TABLE IF EXISTS `tm_acl_task`;
CREATE TABLE IF NOT EXISTS `tm_acl_task` (
  `user_id` int(10) unsigned NOT NULL,
  `task_id` int(10) unsigned NOT NULL,
  `is_read` tinyint(1) NOT NULL DEFAULT '0',
  `is_write` tinyint(1) NOT NULL DEFAULT '0',
  `is_executant` tinyint(1) DEFAULT '0',
  PRIMARY KEY (`user_id`,`task_id`),
  KEY `fk_tm_acl_tm_user1` (`user_id`),
  KEY `fk_tm_acl_tm_task1` (`task_id`)
) ENGINE=InnoDB DEFAULT CHARSET=utf8;

--
-- Дамп данных таблицы `tm_acl_task`
--

INSERT INTO `tm_acl_task` (`user_id`, `task_id`, `is_read`, `is_write`, `is_executant`) VALUES
(1, 181, 1, 1, 1),
(1, 194, 1, 1, 0),
(1, 195, 1, 1, 0),
(1, 196, 1, 1, 0),
(1, 199, 1, 1, 0),
(1, 200, 1, 1, 0),
(1, 201, 1, 1, 0),
(1, 202, 1, 1, 0),
(1, 203, 1, 1, 0),
(1, 204, 1, 1, 0),
(1, 205, 1, 1, 0),
(1, 206, 1, 1, 0),
(1, 207, 1, 1, 0),
(1, 208, 1, 1, 0),
(1, 209, 1, 1, 0),
(1, 210, 1, 1, 0),
(1, 211, 1, 1, 0),
(1, 212, 1, 1, 0),
(1, 213, 1, 1, 0),
(1, 214, 1, 1, 0),
(1, 215, 1, 1, 0),
(1, 216, 1, 1, 0),
(1, 217, 1, 1, 0),
(1, 218, 1, 1, 0),
(1, 219, 1, 1, 0),
(1, 220, 1, 1, 0),
(1, 221, 1, 1, 0),
(1, 222, 1, 1, 0),
(1, 223, 1, 1, 0),
(1, 224, 1, 1, 0),
(1, 225, 1, 1, 0),
(1, 226, 1, 1, 0),
(1, 227, 1, 1, 0),
(1, 228, 1, 1, 0),
(1, 229, 1, 1, 0),
(1, 230, 1, 1, 0),
(1, 231, 1, 1, 0),
(1, 232, 1, 1, 0),
(1, 233, 1, 1, 0),
(1, 235, 1, 1, 0),
(1, 236, 1, 1, 0),
(1, 237, 1, 1, 0),
(1, 238, 1, 1, 0),
(1, 239, 1, 1, 0),
(1, 240, 1, 1, 0),
(1, 241, 1, 1, 0),
(1, 242, 1, 1, 0),
(1, 243, 1, 1, 0),
(1, 244, 1, 1, 0),
(1, 245, 1, 1, 0),
(1, 246, 1, 1, 0),
(1, 247, 1, 1, 0),
(1, 262, 1, 1, 0),
(1, 263, 0, 0, 0),
(1, 264, 0, 0, 0),
(1, 269, 0, 0, 0),
(1, 271, 0, 0, 0),
(1, 272, 0, 0, 0),
(1, 273, 0, 0, 0),
(1, 274, 0, 0, 0),
(1, 275, 1, 1, 1),
(1, 276, 0, 0, 0),
(1, 277, 0, 0, 0),
(1, 278, 0, 0, 0),
(1, 279, 0, 0, 0),
(1, 280, 0, 0, 0),
(1, 281, 0, 0, 0),
(1, 282, 0, 0, 0),
(1, 283, 0, 0, 0),
(1, 285, 1, 1, 0),
(1, 288, 0, 0, 0),
(1, 289, 0, 0, 0),
(1, 291, 0, 0, 0),
(1, 292, 0, 0, 0),
(1, 293, 0, 0, 0),
(1, 295, 0, 0, 0),
(1, 296, 0, 0, 0),
(1, 297, 0, 0, 0),
(1, 298, 0, 0, 0),
(1, 299, 0, 0, 0),
(1, 300, 1, 1, 0),
(1, 301, 0, 0, 0),
(1, 302, 1, 1, 0),
(1, 303, 0, 0, 0),
(1, 304, 0, 0, 0),
(1, 306, 0, 0, 0),
(1, 307, 0, 0, 0),
(1, 308, 1, 1, 0),
(1, 309, 0, 0, 0),
(1, 310, 1, 1, 0),
(1, 311, 1, 1, 0),
(1, 313, 1, 1, 0),
(1, 314, 1, 1, 0),
(1, 316, 1, 1, 1),
(1, 317, 1, 1, 0),
(1, 318, 1, 1, 0),
(1, 319, 1, 1, 0),
(1, 320, 1, 1, 0),
(1, 321, 1, 1, 0),
(1, 322, 0, 0, 0),
(1, 326, 1, 1, 1),
(5, 181, 1, 1, 0),
(5, 194, 1, 1, 0),
(5, 195, 1, 1, 0),
(5, 196, 1, 1, 0),
(5, 199, 1, 1, 0),
(5, 200, 1, 1, 0),
(5, 201, 1, 1, 0),
(5, 202, 1, 1, 0),
(5, 203, 1, 1, 0),
(5, 204, 1, 1, 0),
(5, 205, 1, 1, 0),
(5, 206, 1, 1, 0),
(5, 207, 1, 1, 0),
(5, 208, 1, 1, 0),
(5, 209, 1, 1, 0),
(5, 210, 1, 1, 0),
(5, 211, 1, 1, 0),
(5, 212, 1, 1, 0),
(5, 213, 1, 1, 0),
(5, 214, 1, 1, 0),
(5, 215, 1, 1, 0),
(5, 216, 1, 1, 0),
(5, 217, 1, 1, 0),
(5, 218, 1, 1, 0),
(5, 219, 1, 1, 0),
(5, 220, 1, 1, 0),
(5, 221, 1, 1, 0),
(5, 222, 1, 1, 0),
(5, 223, 1, 1, 0),
(5, 224, 1, 1, 0),
(5, 225, 1, 1, 0),
(5, 226, 1, 1, 0),
(5, 227, 1, 1, 0),
(5, 228, 1, 1, 0),
(5, 229, 1, 1, 0),
(5, 230, 1, 1, 0),
(5, 231, 1, 1, 0),
(5, 232, 1, 1, 0),
(5, 233, 1, 1, 0),
(5, 235, 1, 1, 0),
(5, 236, 1, 1, 0),
(5, 237, 1, 1, 0),
(5, 238, 1, 1, 0),
(5, 239, 1, 1, 0),
(5, 240, 1, 1, 0),
(5, 241, 1, 1, 0),
(5, 242, 1, 1, 0),
(5, 243, 1, 1, 0),
(5, 244, 1, 1, 0),
(5, 245, 1, 1, 0),
(5, 246, 1, 1, 0),
(5, 247, 1, 1, 0),
(5, 262, 0, 0, 0),
(5, 263, 0, 0, 0),
(5, 264, 0, 0, 0),
(5, 269, 0, 0, 0),
(5, 271, 0, 0, 0),
(5, 272, 0, 0, 0),
(5, 273, 0, 0, 0),
(5, 274, 0, 0, 0),
(5, 275, 0, 0, 0),
(5, 276, 0, 0, 0),
(5, 277, 0, 0, 0),
(5, 278, 0, 0, 0),
(5, 279, 0, 0, 0),
(5, 280, 0, 0, 0),
(5, 281, 0, 0, 0),
(5, 282, 0, 0, 0),
(5, 283, 0, 0, 0),
(5, 285, 0, 0, 0),
(5, 288, 0, 0, 0),
(5, 289, 0, 0, 0),
(5, 291, 0, 0, 0),
(5, 292, 0, 0, 0),
(5, 293, 0, 0, 0),
(5, 295, 0, 0, 0),
(5, 296, 0, 0, 0),
(5, 297, 0, 0, 0),
(5, 298, 0, 0, 0),
(5, 299, 0, 0, 0),
(5, 300, 1, 1, 0),
(5, 301, 0, 0, 0),
(5, 302, 0, 0, 0),
(5, 303, 0, 0, 0),
(5, 304, 0, 0, 0),
(5, 306, 0, 0, 0),
(5, 307, 0, 0, 0),
(5, 308, 1, 1, 0),
(5, 309, 0, 0, 0),
(5, 310, 1, 1, 0),
(5, 311, 0, 0, 0),
(5, 313, 1, 1, 0),
(5, 314, 1, 1, 0),
(5, 316, 1, 1, 0),
(5, 317, 1, 1, 0),
(5, 318, 1, 1, 0),
(5, 319, 1, 1, 0),
(5, 320, 0, 0, 0),
(5, 321, 1, 1, 0),
(5, 322, 0, 0, 0),
(5, 326, 0, 0, 0),
(7, 181, 1, 1, 0),
(7, 194, 1, 1, 0),
(7, 195, 1, 1, 0),
(7, 196, 1, 1, 0),
(7, 199, 1, 1, 0),
(7, 200, 1, 1, 0),
(7, 201, 1, 1, 0),
(7, 202, 1, 1, 0),
(7, 203, 1, 1, 0),
(7, 204, 1, 1, 0),
(7, 205, 1, 1, 0),
(7, 206, 1, 1, 0),
(7, 207, 1, 1, 0),
(7, 208, 1, 1, 0),
(7, 209, 1, 1, 0),
(7, 210, 1, 1, 0),
(7, 211, 1, 1, 0),
(7, 212, 1, 1, 0),
(7, 213, 1, 1, 0),
(7, 214, 1, 1, 0),
(7, 215, 1, 1, 0),
(7, 216, 1, 1, 0),
(7, 217, 1, 1, 0),
(7, 218, 1, 1, 0),
(7, 219, 1, 1, 0),
(7, 220, 1, 1, 0),
(7, 221, 1, 1, 0),
(7, 222, 1, 1, 0),
(7, 223, 1, 1, 0),
(7, 224, 1, 1, 0),
(7, 225, 1, 1, 0),
(7, 226, 1, 1, 0),
(7, 227, 1, 1, 0),
(7, 228, 1, 1, 0),
(7, 229, 1, 1, 0),
(7, 230, 1, 1, 0),
(7, 231, 1, 1, 0),
(7, 232, 1, 1, 0),
(7, 233, 1, 1, 0),
(7, 235, 1, 1, 0),
(7, 236, 1, 1, 0),
(7, 237, 1, 1, 0),
(7, 238, 1, 1, 0),
(7, 239, 1, 1, 0),
(7, 240, 1, 1, 0),
(7, 241, 1, 1, 0),
(7, 242, 1, 1, 0),
(7, 243, 1, 1, 0),
(7, 244, 1, 1, 0),
(7, 245, 1, 1, 0),
(7, 246, 1, 1, 0),
(7, 247, 1, 1, 0),
(7, 262, 0, 0, 0),
(7, 263, 0, 0, 0),
(7, 264, 0, 0, 0),
(7, 269, 0, 0, 0),
(7, 271, 0, 0, 0),
(7, 272, 0, 0, 0),
(7, 273, 0, 0, 0),
(7, 274, 0, 0, 0),
(7, 275, 1, 1, 1),
(7, 276, 0, 0, 0),
(7, 277, 0, 0, 0),
(7, 278, 0, 0, 0),
(7, 279, 0, 0, 0),
(7, 280, 0, 0, 0),
(7, 281, 0, 0, 0),
(7, 282, 0, 0, 0),
(7, 283, 0, 0, 0),
(7, 285, 0, 0, 0),
(7, 288, 0, 0, 0),
(7, 289, 0, 0, 0),
(7, 291, 0, 0, 0),
(7, 292, 0, 0, 0),
(7, 293, 0, 0, 0),
(7, 295, 0, 0, 0),
(7, 296, 0, 0, 0),
(7, 297, 0, 0, 0),
(7, 298, 0, 0, 0),
(7, 299, 0, 0, 0),
(7, 300, 0, 0, 0),
(7, 301, 0, 0, 0),
(7, 302, 0, 0, 0),
(7, 303, 0, 0, 0),
(7, 304, 0, 0, 0),
(7, 306, 0, 0, 0),
(7, 307, 0, 0, 0),
(7, 308, 0, 0, 0),
(7, 309, 0, 0, 0),
(7, 310, 0, 0, 0),
(7, 311, 0, 0, 0),
(7, 313, 0, 0, 0),
(7, 314, 0, 0, 0),
(7, 316, 0, 0, 0),
(7, 317, 0, 0, 0),
(7, 318, 0, 0, 0),
(7, 319, 0, 0, 0),
(7, 320, 0, 0, 0),
(7, 321, 0, 0, 0),
(7, 322, 0, 0, 0),
(7, 326, 0, 0, 0),
(8, 181, 1, 1, 0),
(8, 194, 1, 1, 0),
(8, 195, 1, 1, 0),
(8, 196, 1, 1, 0),
(8, 199, 1, 1, 0),
(8, 200, 1, 1, 0),
(8, 201, 1, 1, 0),
(8, 202, 1, 1, 0),
(8, 203, 1, 1, 0),
(8, 204, 1, 1, 0),
(8, 205, 1, 1, 0),
(8, 206, 1, 1, 0),
(8, 207, 1, 1, 0),
(8, 208, 1, 1, 0),
(8, 209, 1, 1, 0),
(8, 210, 1, 1, 0),
(8, 211, 1, 1, 0),
(8, 212, 1, 1, 0),
(8, 213, 1, 1, 0),
(8, 214, 1, 1, 0),
(8, 215, 1, 1, 0),
(8, 216, 1, 1, 0),
(8, 217, 1, 1, 0),
(8, 218, 1, 1, 0),
(8, 219, 1, 1, 0),
(8, 220, 1, 1, 0),
(8, 221, 1, 1, 0),
(8, 222, 1, 1, 0),
(8, 223, 1, 1, 0),
(8, 224, 1, 1, 0),
(8, 225, 1, 1, 0),
(8, 226, 1, 1, 0),
(8, 227, 1, 1, 0),
(8, 228, 1, 1, 0),
(8, 229, 1, 1, 0),
(8, 230, 1, 1, 0),
(8, 231, 1, 1, 0),
(8, 232, 1, 1, 0),
(8, 233, 1, 1, 0),
(8, 235, 1, 1, 0),
(8, 236, 1, 1, 0),
(8, 237, 1, 1, 0),
(8, 238, 1, 1, 0),
(8, 239, 1, 1, 0),
(8, 240, 1, 1, 0),
(8, 241, 1, 1, 0),
(8, 242, 1, 1, 0),
(8, 243, 1, 1, 0),
(8, 244, 1, 1, 0),
(8, 245, 1, 1, 0),
(8, 246, 1, 1, 0),
(8, 247, 1, 1, 0),
(8, 262, 0, 0, 0),
(8, 263, 0, 0, 0),
(8, 264, 0, 0, 0),
(8, 269, 0, 0, 0),
(8, 271, 0, 0, 0),
(8, 272, 0, 0, 0),
(8, 273, 0, 0, 0),
(8, 274, 0, 0, 0),
(8, 275, 0, 0, 0),
(8, 276, 0, 0, 0),
(8, 277, 0, 0, 0),
(8, 278, 0, 0, 0),
(8, 279, 0, 0, 0),
(8, 280, 0, 0, 0),
(8, 281, 0, 0, 0),
(8, 282, 0, 0, 0),
(8, 283, 0, 0, 0),
(8, 285, 0, 0, 0),
(8, 288, 0, 0, 0),
(8, 289, 0, 0, 0),
(8, 291, 0, 0, 0),
(8, 292, 0, 0, 0),
(8, 293, 0, 0, 0),
(8, 295, 0, 0, 0),
(8, 296, 0, 0, 0),
(8, 297, 0, 0, 0),
(8, 298, 0, 0, 0),
(8, 299, 0, 0, 0),
(8, 300, 0, 0, 0),
(8, 301, 0, 0, 0),
(8, 302, 0, 0, 0),
(8, 303, 0, 0, 0),
(8, 304, 0, 0, 0),
(8, 306, 0, 0, 0),
(8, 307, 0, 0, 0),
(8, 308, 0, 0, 0),
(8, 309, 0, 0, 0),
(8, 310, 0, 0, 0),
(8, 311, 0, 0, 0),
(8, 313, 0, 0, 0),
(8, 314, 0, 0, 0),
(8, 316, 0, 0, 0),
(8, 317, 0, 0, 0),
(8, 318, 0, 0, 0),
(8, 319, 0, 0, 0),
(8, 320, 0, 0, 0),
(8, 321, 0, 0, 0),
(8, 322, 0, 0, 0),
(8, 326, 0, 0, 0),
(9, 181, 1, 1, 0),
(9, 194, 1, 1, 0),
(9, 195, 1, 1, 0),
(9, 196, 1, 1, 0),
(9, 199, 1, 1, 0),
(9, 200, 1, 1, 0),
(9, 201, 1, 1, 0),
(9, 202, 1, 1, 0),
(9, 203, 1, 1, 0),
(9, 204, 1, 1, 0),
(9, 205, 1, 1, 0),
(9, 206, 1, 1, 0),
(9, 207, 1, 1, 0),
(9, 208, 1, 1, 0),
(9, 209, 1, 1, 0),
(9, 210, 1, 1, 0),
(9, 211, 1, 1, 0),
(9, 212, 1, 1, 0),
(9, 213, 1, 1, 0),
(9, 214, 1, 1, 0),
(9, 215, 1, 1, 0),
(9, 216, 1, 1, 0),
(9, 217, 1, 1, 0),
(9, 218, 1, 1, 0),
(9, 219, 1, 1, 0),
(9, 220, 1, 1, 0),
(9, 221, 1, 1, 0),
(9, 222, 1, 1, 0),
(9, 223, 1, 1, 0),
(9, 224, 1, 1, 0),
(9, 225, 1, 1, 0),
(9, 226, 1, 1, 0),
(9, 227, 1, 1, 0),
(9, 228, 1, 1, 0),
(9, 229, 1, 1, 0),
(9, 230, 1, 1, 0),
(9, 231, 1, 1, 0),
(9, 232, 1, 1, 0),
(9, 233, 1, 1, 0),
(9, 235, 1, 1, 0),
(9, 236, 1, 1, 0),
(9, 237, 1, 1, 0),
(9, 238, 1, 1, 0),
(9, 239, 1, 1, 0),
(9, 240, 1, 1, 0),
(9, 241, 1, 1, 0),
(9, 242, 1, 1, 0),
(9, 243, 1, 1, 0),
(9, 244, 1, 1, 0),
(9, 245, 1, 1, 0),
(9, 246, 1, 1, 0),
(9, 247, 1, 1, 0),
(9, 262, 0, 0, 0),
(9, 263, 0, 0, 0),
(9, 264, 0, 0, 0),
(9, 269, 0, 0, 0),
(9, 271, 0, 0, 0),
(9, 272, 0, 0, 0),
(9, 273, 0, 0, 0),
(9, 274, 0, 0, 0),
(9, 275, 1, 1, 1),
(9, 276, 0, 0, 0),
(9, 277, 0, 0, 0),
(9, 278, 0, 0, 0),
(9, 279, 0, 0, 0),
(9, 280, 0, 0, 0),
(9, 281, 0, 0, 0),
(9, 282, 0, 0, 0),
(9, 283, 0, 0, 0),
(9, 285, 1, 1, 0),
(9, 288, 0, 0, 0),
(9, 289, 0, 0, 0),
(9, 291, 0, 0, 0),
(9, 292, 0, 0, 0),
(9, 293, 0, 0, 0),
(9, 295, 0, 0, 0),
(9, 296, 0, 0, 0),
(9, 297, 0, 0, 0),
(9, 298, 0, 0, 0),
(9, 299, 0, 0, 0),
(9, 300, 1, 1, 0),
(9, 301, 0, 0, 0),
(9, 302, 1, 1, 0),
(9, 303, 0, 0, 0),
(9, 304, 0, 0, 0),
(9, 306, 0, 0, 0),
(9, 307, 0, 0, 0),
(9, 308, 1, 1, 0),
(9, 309, 0, 0, 0),
(9, 310, 1, 1, 0),
(9, 311, 1, 1, 0),
(9, 313, 1, 1, 0),
(9, 314, 1, 1, 0),
(9, 316, 1, 1, 0),
(9, 317, 1, 1, 1),
(9, 318, 1, 1, 0),
(9, 319, 1, 1, 0),
(9, 320, 1, 1, 0),
(9, 321, 1, 1, 0),
(9, 322, 1, 0, 0),
(9, 326, 1, 1, 0),
(10, 181, 1, 1, 0),
(10, 194, 1, 1, 0),
(10, 195, 1, 1, 0),
(10, 196, 1, 1, 0),
(10, 199, 1, 1, 0),
(10, 200, 1, 1, 0),
(10, 201, 1, 1, 0),
(10, 202, 1, 1, 0),
(10, 203, 1, 1, 0),
(10, 204, 1, 1, 0),
(10, 205, 1, 1, 0),
(10, 206, 1, 1, 0),
(10, 207, 1, 1, 0),
(10, 208, 1, 1, 0),
(10, 209, 1, 1, 0),
(10, 210, 1, 1, 0),
(10, 211, 1, 1, 0),
(10, 212, 1, 1, 0),
(10, 213, 1, 1, 0),
(10, 214, 1, 1, 0),
(10, 215, 1, 1, 0),
(10, 216, 1, 1, 0),
(10, 217, 1, 1, 0),
(10, 218, 1, 1, 0),
(10, 219, 1, 1, 0),
(10, 220, 1, 1, 0),
(10, 221, 1, 1, 0),
(10, 222, 1, 1, 0),
(10, 223, 1, 1, 0),
(10, 224, 1, 1, 0),
(10, 225, 1, 1, 0),
(10, 226, 1, 1, 0),
(10, 227, 1, 1, 0),
(10, 228, 1, 1, 0),
(10, 229, 1, 1, 0),
(10, 230, 1, 1, 0),
(10, 231, 1, 1, 0),
(10, 232, 1, 1, 0),
(10, 233, 1, 1, 0),
(10, 235, 1, 1, 0),
(10, 236, 1, 1, 0),
(10, 237, 1, 1, 0),
(10, 238, 1, 1, 0),
(10, 239, 1, 1, 0),
(10, 240, 1, 1, 0),
(10, 241, 1, 1, 0),
(10, 242, 1, 1, 0),
(10, 243, 1, 1, 0),
(10, 244, 1, 1, 0),
(10, 245, 1, 1, 0),
(10, 246, 1, 1, 0),
(10, 247, 1, 1, 0),
(10, 262, 1, 1, 0),
(10, 263, 0, 0, 0),
(10, 264, 0, 0, 0),
(10, 269, 0, 0, 0),
(10, 271, 0, 0, 0),
(10, 272, 0, 0, 0),
(10, 273, 0, 0, 0),
(10, 274, 0, 0, 0),
(10, 275, 1, 1, 1),
(10, 276, 0, 0, 0),
(10, 277, 0, 0, 0),
(10, 278, 0, 0, 0),
(10, 279, 0, 0, 0),
(10, 280, 0, 0, 0),
(10, 281, 0, 0, 0),
(10, 282, 0, 0, 0),
(10, 283, 0, 0, 0),
(10, 285, 1, 1, 1),
(10, 288, 0, 0, 0),
(10, 289, 0, 0, 0),
(10, 291, 0, 0, 0),
(10, 292, 0, 0, 0),
(10, 293, 0, 0, 0),
(10, 295, 0, 0, 0),
(10, 296, 0, 0, 0),
(10, 297, 0, 0, 0),
(10, 298, 0, 0, 0),
(10, 299, 0, 0, 0),
(10, 300, 1, 1, 0),
(10, 301, 0, 0, 0),
(10, 302, 1, 1, 1),
(10, 303, 0, 0, 0),
(10, 304, 0, 0, 0),
(10, 306, 0, 0, 0),
(10, 307, 0, 0, 0),
(10, 308, 1, 1, 0),
(10, 309, 0, 0, 0),
(10, 310, 1, 1, 1),
(10, 311, 1, 1, 0),
(10, 313, 1, 1, 0),
(10, 314, 1, 1, 0),
(10, 316, 1, 1, 0),
(10, 317, 1, 1, 1),
(10, 318, 1, 1, 0),
(10, 319, 1, 1, 0),
(10, 320, 1, 1, 0),
(10, 321, 1, 1, 0),
(10, 322, 1, 1, 1),
(10, 326, 1, 1, 0),
(12, 181, 0, 0, 0),
(12, 194, 1, 1, 0),
(12, 195, 1, 1, 0),
(12, 196, 1, 1, 0),
(12, 199, 1, 1, 0),
(12, 200, 1, 1, 0),
(12, 201, 1, 1, 0),
(12, 202, 1, 1, 0),
(12, 203, 1, 1, 0),
(12, 204, 1, 1, 0),
(12, 205, 1, 1, 0),
(12, 206, 1, 1, 0),
(12, 207, 1, 1, 0),
(12, 208, 1, 1, 0),
(12, 209, 1, 1, 0),
(12, 210, 1, 1, 0),
(12, 211, 1, 1, 0),
(12, 212, 1, 1, 0),
(12, 213, 1, 1, 0),
(12, 214, 1, 1, 0),
(12, 215, 1, 1, 0),
(12, 216, 1, 1, 0),
(12, 217, 1, 1, 0),
(12, 218, 1, 1, 0),
(12, 219, 1, 1, 0),
(12, 220, 1, 1, 0),
(12, 221, 1, 1, 0),
(12, 222, 1, 1, 0),
(12, 223, 1, 1, 0),
(12, 224, 1, 1, 0),
(12, 225, 1, 1, 0),
(12, 226, 1, 1, 0),
(12, 227, 1, 1, 0),
(12, 228, 1, 1, 0),
(12, 229, 1, 1, 0),
(12, 230, 1, 1, 0),
(12, 231, 1, 1, 0),
(12, 232, 1, 1, 0),
(12, 233, 1, 1, 0),
(12, 235, 1, 1, 0),
(12, 236, 1, 1, 0),
(12, 237, 1, 1, 0),
(12, 238, 1, 1, 0),
(12, 239, 1, 1, 0),
(12, 240, 1, 1, 0),
(12, 241, 1, 1, 0),
(12, 242, 1, 1, 0),
(12, 243, 1, 1, 0),
(12, 244, 1, 1, 0),
(12, 245, 1, 1, 0),
(12, 246, 1, 1, 0),
(12, 247, 1, 1, 0),
(12, 262, 1, 1, 0),
(12, 263, 1, 1, 0),
(12, 264, 1, 1, 0),
(12, 269, 1, 1, 0),
(12, 271, 1, 1, 0),
(12, 272, 1, 1, 0),
(12, 273, 1, 1, 0),
(12, 274, 1, 1, 0),
(12, 275, 1, 1, 0),
(12, 276, 1, 1, 0),
(12, 277, 1, 1, 0),
(12, 278, 1, 1, 0),
(12, 279, 1, 1, 0),
(12, 280, 1, 1, 0),
(12, 281, 1, 1, 0),
(12, 282, 1, 1, 0),
(12, 283, 1, 1, 0),
(12, 285, 1, 1, 0),
(12, 288, 1, 1, 0),
(12, 289, 1, 1, 0),
(12, 291, 1, 1, 0),
(12, 292, 1, 1, 0),
(12, 293, 1, 1, 0),
(12, 295, 1, 1, 0),
(12, 296, 1, 1, 0),
(12, 297, 1, 1, 0),
(12, 298, 1, 1, 0),
(12, 299, 1, 1, 0),
(12, 300, 1, 1, 0),
(12, 301, 1, 1, 0),
(12, 302, 1, 1, 0),
(12, 303, 1, 1, 0),
(12, 304, 1, 1, 0),
(12, 306, 1, 1, 0),
(12, 307, 1, 1, 0),
(12, 308, 1, 1, 0),
(12, 309, 1, 1, 0),
(12, 310, 1, 1, 0),
(12, 311, 1, 1, 0),
(12, 313, 1, 1, 0),
(12, 314, 1, 1, 0),
(12, 316, 1, 1, 0),
(12, 317, 1, 1, 0),
(12, 318, 1, 1, 0),
(12, 319, 1, 1, 0),
(12, 320, 1, 1, 0),
(12, 321, 1, 1, 0),
(12, 322, 1, 1, 0),
(12, 326, 1, 1, 0),
(13, 194, 1, 1, 0),
(13, 195, 1, 1, 0),
(13, 196, 1, 1, 0),
(13, 199, 1, 1, 0),
(13, 200, 1, 1, 0),
(13, 201, 1, 1, 0),
(13, 202, 1, 1, 0),
(13, 203, 1, 1, 0),
(13, 204, 1, 1, 0),
(13, 205, 1, 1, 0),
(13, 206, 1, 1, 0),
(13, 207, 1, 1, 0),
(13, 208, 1, 1, 0),
(13, 209, 1, 1, 0),
(13, 210, 1, 1, 0),
(13, 211, 1, 1, 0),
(13, 212, 1, 1, 0),
(13, 213, 1, 1, 0),
(13, 214, 1, 1, 0),
(13, 215, 1, 1, 0),
(13, 216, 1, 1, 0),
(13, 217, 1, 1, 0),
(13, 218, 1, 1, 0),
(13, 219, 1, 1, 0),
(13, 220, 1, 1, 0),
(13, 221, 1, 1, 0),
(13, 222, 1, 1, 0),
(13, 223, 1, 1, 0),
(13, 224, 1, 1, 0),
(13, 225, 1, 1, 0),
(13, 226, 1, 1, 0),
(13, 227, 1, 1, 0),
(13, 228, 1, 1, 0),
(13, 229, 1, 1, 0),
(13, 230, 1, 1, 0),
(13, 231, 1, 1, 0),
(13, 232, 1, 1, 0),
(13, 233, 1, 1, 0),
(13, 235, 1, 1, 0),
(13, 236, 1, 1, 0),
(13, 237, 1, 1, 0),
(13, 238, 1, 1, 0),
(13, 239, 1, 1, 0),
(13, 240, 1, 1, 0),
(13, 241, 1, 1, 0),
(13, 242, 1, 1, 0),
(13, 243, 1, 1, 0),
(13, 244, 1, 1, 0),
(13, 245, 1, 1, 0),
(13, 246, 1, 1, 0),
(13, 247, 1, 1, 0),
(13, 262, 0, 0, 0),
(13, 263, 0, 0, 0),
(13, 264, 0, 0, 0),
(13, 269, 0, 0, 0),
(13, 271, 0, 0, 0),
(13, 272, 0, 0, 0),
(13, 273, 0, 0, 0),
(13, 274, 0, 0, 0),
(13, 275, 0, 0, 0),
(13, 276, 0, 0, 0),
(13, 277, 0, 0, 0),
(13, 278, 0, 0, 0),
(13, 279, 0, 0, 0),
(13, 280, 0, 0, 0),
(13, 281, 0, 0, 0),
(13, 282, 0, 0, 0),
(13, 283, 0, 0, 0),
(13, 285, 0, 0, 0),
(13, 288, 0, 0, 0),
(13, 289, 0, 0, 0),
(13, 291, 0, 0, 0),
(13, 292, 0, 0, 0),
(13, 293, 0, 0, 0),
(13, 295, 0, 0, 0),
(13, 296, 0, 0, 0),
(13, 297, 0, 0, 0),
(13, 298, 0, 0, 0),
(13, 299, 0, 0, 0),
(13, 300, 0, 0, 0),
(13, 301, 0, 0, 0),
(13, 302, 0, 0, 0),
(13, 303, 0, 0, 0),
(13, 304, 0, 0, 0),
(13, 306, 0, 0, 0),
(13, 307, 0, 0, 0),
(13, 308, 0, 0, 0),
(13, 309, 0, 0, 0),
(13, 310, 0, 0, 0),
(13, 311, 0, 0, 0),
(13, 313, 0, 0, 0),
(13, 314, 0, 0, 0),
(13, 316, 0, 0, 0),
(13, 317, 0, 0, 0),
(13, 318, 0, 0, 0),
(13, 319, 0, 0, 0),
(13, 320, 0, 0, 0),
(13, 321, 0, 0, 0),
(13, 322, 0, 0, 0),
(13, 326, 0, 0, 0),
(14, 194, 1, 1, 0),
(14, 195, 1, 1, 0),
(14, 196, 1, 1, 0),
(14, 199, 1, 1, 0),
(14, 200, 1, 1, 0),
(14, 201, 1, 1, 0),
(14, 202, 1, 1, 0),
(14, 203, 1, 1, 0),
(14, 204, 1, 1, 0),
(14, 205, 1, 1, 0),
(14, 206, 1, 1, 0),
(14, 207, 1, 1, 0),
(14, 208, 1, 1, 0),
(14, 209, 1, 1, 0),
(14, 210, 1, 1, 0),
(14, 211, 1, 1, 0),
(14, 212, 1, 1, 0),
(14, 213, 1, 1, 0),
(14, 214, 1, 1, 0),
(14, 215, 1, 1, 0),
(14, 216, 1, 1, 0),
(14, 217, 1, 1, 0),
(14, 218, 1, 1, 0),
(14, 219, 1, 1, 0),
(14, 220, 1, 1, 0),
(14, 221, 1, 1, 0),
(14, 222, 1, 1, 0),
(14, 223, 1, 1, 0),
(14, 224, 1, 1, 0),
(14, 225, 1, 1, 0),
(14, 226, 1, 1, 0),
(14, 227, 1, 1, 0),
(14, 228, 1, 1, 0),
(14, 229, 1, 1, 0),
(14, 230, 1, 1, 0),
(14, 231, 1, 1, 0),
(14, 232, 1, 1, 0),
(14, 233, 1, 1, 0),
(14, 235, 1, 1, 0),
(14, 236, 1, 1, 0),
(14, 237, 1, 1, 0),
(14, 238, 1, 1, 0),
(14, 239, 1, 1, 0),
(14, 240, 1, 1, 0),
(14, 241, 1, 1, 0),
(14, 242, 1, 1, 0),
(14, 243, 1, 1, 0),
(14, 244, 1, 1, 0),
(14, 245, 1, 1, 0),
(14, 246, 1, 1, 0),
(14, 247, 1, 1, 0),
(14, 262, 0, 0, 0),
(14, 263, 0, 0, 0),
(14, 264, 0, 0, 0),
(14, 269, 0, 0, 0),
(14, 271, 0, 0, 0),
(14, 272, 0, 0, 0),
(14, 273, 0, 0, 0),
(14, 274, 0, 0, 0),
(14, 275, 0, 0, 0),
(14, 276, 0, 0, 0),
(14, 277, 0, 0, 0),
(14, 278, 0, 0, 0),
(14, 279, 0, 0, 0),
(14, 280, 0, 0, 0),
(14, 281, 0, 0, 0),
(14, 282, 0, 0, 0),
(14, 283, 0, 0, 0),
(14, 285, 0, 0, 0),
(14, 288, 0, 0, 0),
(14, 289, 0, 0, 0),
(14, 291, 0, 0, 0),
(14, 292, 0, 0, 0),
(14, 293, 0, 0, 0),
(14, 295, 0, 0, 0),
(14, 296, 0, 0, 0),
(14, 297, 0, 0, 0),
(14, 298, 0, 0, 0),
(14, 299, 0, 0, 0),
(14, 300, 0, 0, 0),
(14, 301, 0, 0, 0),
(14, 302, 0, 0, 0),
(14, 303, 0, 0, 0),
(14, 304, 0, 0, 0),
(14, 306, 0, 0, 0),
(14, 307, 0, 0, 0),
(14, 308, 0, 0, 0),
(14, 309, 0, 0, 0),
(14, 310, 0, 0, 0),
(14, 311, 0, 0, 0),
(14, 313, 0, 0, 0),
(14, 314, 0, 0, 0),
(14, 316, 0, 0, 0),
(14, 317, 0, 0, 0),
(14, 318, 0, 0, 0),
(14, 319, 0, 0, 0),
(14, 320, 1, 1, 1),
(14, 321, 0, 0, 0),
(14, 322, 0, 0, 0),
(14, 326, 0, 0, 0),
(15, 194, 1, 1, 0),
(15, 195, 1, 1, 0),
(15, 196, 1, 1, 0),
(15, 199, 1, 1, 0),
(15, 200, 1, 1, 0),
(15, 201, 1, 1, 0),
(15, 202, 1, 1, 0),
(15, 203, 1, 1, 0),
(15, 204, 1, 1, 0),
(15, 205, 1, 1, 0),
(15, 206, 1, 1, 0),
(15, 207, 1, 1, 0),
(15, 208, 1, 1, 0),
(15, 209, 1, 1, 0),
(15, 210, 1, 1, 0),
(15, 211, 1, 1, 0),
(15, 212, 1, 1, 0),
(15, 213, 1, 1, 0),
(15, 214, 1, 1, 0),
(15, 215, 1, 1, 0),
(15, 216, 1, 1, 0),
(15, 217, 1, 1, 0),
(15, 218, 1, 1, 0),
(15, 219, 1, 1, 0),
(15, 220, 1, 1, 0),
(15, 221, 1, 1, 0),
(15, 222, 1, 1, 0),
(15, 223, 1, 1, 0),
(15, 224, 1, 1, 0),
(15, 225, 1, 1, 0),
(15, 226, 1, 1, 0),
(15, 227, 1, 1, 0),
(15, 228, 1, 1, 0),
(15, 229, 1, 1, 0),
(15, 230, 1, 1, 0),
(15, 231, 1, 1, 0),
(15, 232, 1, 1, 0),
(15, 233, 1, 1, 0),
(15, 235, 1, 1, 0),
(15, 236, 1, 1, 0),
(15, 237, 1, 1, 0),
(15, 238, 1, 1, 0),
(15, 239, 1, 1, 0),
(15, 240, 1, 1, 0),
(15, 241, 1, 1, 0),
(15, 242, 1, 1, 0),
(15, 243, 1, 1, 0),
(15, 244, 1, 1, 0),
(15, 245, 1, 1, 0),
(15, 246, 1, 1, 0),
(15, 247, 1, 1, 0),
(15, 262, 0, 0, 0),
(15, 263, 0, 0, 0),
(15, 264, 0, 0, 0),
(15, 269, 0, 0, 0),
(15, 271, 0, 0, 0),
(15, 272, 0, 0, 0),
(15, 273, 0, 0, 0),
(15, 274, 0, 0, 0),
(15, 275, 0, 0, 0),
(15, 276, 0, 0, 0),
(15, 277, 0, 0, 0),
(15, 278, 0, 0, 0),
(15, 279, 0, 0, 0),
(15, 280, 0, 0, 0),
(15, 281, 0, 0, 0),
(15, 282, 0, 0, 0),
(15, 283, 0, 0, 0),
(15, 285, 0, 0, 0),
(15, 288, 0, 0, 0),
(15, 289, 0, 0, 0),
(15, 291, 0, 0, 0),
(15, 292, 0, 0, 0),
(15, 293, 0, 0, 0),
(15, 295, 0, 0, 0),
(15, 296, 0, 0, 0),
(15, 297, 0, 0, 0),
(15, 298, 0, 0, 0),
(15, 299, 0, 0, 0),
(15, 300, 0, 0, 0),
(15, 301, 0, 0, 0),
(15, 302, 1, 1, 1),
(15, 303, 0, 0, 0),
(15, 304, 0, 0, 0),
(15, 306, 0, 0, 0),
(15, 307, 0, 0, 0),
(15, 308, 0, 0, 0),
(15, 309, 0, 0, 0),
(15, 310, 0, 0, 0),
(15, 311, 1, 1, 1),
(15, 313, 0, 0, 0),
(15, 314, 0, 0, 0),
(15, 316, 0, 0, 0),
(15, 317, 0, 0, 0),
(15, 318, 0, 0, 0),
(15, 319, 0, 0, 0),
(15, 320, 0, 0, 0),
(15, 321, 0, 0, 0),
(15, 322, 0, 0, 0),
(15, 326, 0, 0, 0),
(16, 194, 1, 1, 0),
(16, 195, 1, 1, 0),
(16, 196, 1, 1, 0),
(16, 199, 1, 1, 0),
(16, 200, 1, 1, 0),
(16, 201, 1, 1, 0),
(16, 202, 1, 1, 0),
(16, 203, 1, 1, 0),
(16, 204, 1, 1, 0),
(16, 205, 1, 1, 0),
(16, 206, 1, 1, 0),
(16, 207, 1, 1, 0),
(16, 208, 1, 1, 0),
(16, 209, 1, 1, 0),
(16, 210, 1, 1, 0),
(16, 211, 1, 1, 0),
(16, 212, 1, 1, 0),
(16, 213, 1, 1, 0),
(16, 214, 1, 1, 0),
(16, 215, 1, 1, 0),
(16, 216, 1, 1, 0),
(16, 217, 1, 1, 0),
(16, 218, 1, 1, 0),
(16, 219, 1, 1, 0),
(16, 220, 1, 1, 0),
(16, 221, 1, 1, 0),
(16, 222, 1, 1, 0),
(16, 223, 1, 1, 0),
(16, 224, 1, 1, 0),
(16, 225, 1, 1, 0),
(16, 226, 1, 1, 0),
(16, 227, 1, 1, 0),
(16, 228, 1, 1, 0),
(16, 229, 1, 1, 0),
(16, 230, 1, 1, 0),
(16, 231, 1, 1, 0),
(16, 232, 1, 1, 0),
(16, 233, 1, 1, 0),
(16, 235, 1, 1, 0),
(16, 236, 1, 1, 0),
(16, 237, 1, 1, 0),
(16, 238, 1, 1, 0),
(16, 239, 1, 1, 0),
(16, 240, 1, 1, 0),
(16, 241, 1, 1, 0),
(16, 242, 1, 1, 0),
(16, 243, 1, 1, 0),
(16, 244, 1, 1, 0),
(16, 245, 1, 1, 0),
(16, 246, 1, 1, 0),
(16, 247, 1, 1, 0),
(16, 262, 0, 0, 0),
(16, 263, 0, 0, 0),
(16, 264, 0, 0, 0),
(16, 269, 0, 0, 0),
(16, 271, 0, 0, 0),
(16, 272, 0, 0, 0),
(16, 273, 0, 0, 0),
(16, 274, 0, 0, 0),
(16, 275, 0, 0, 0),
(16, 276, 0, 0, 0),
(16, 277, 0, 0, 0),
(16, 278, 0, 0, 0),
(16, 279, 0, 0, 0),
(16, 280, 0, 0, 0),
(16, 281, 0, 0, 0),
(16, 282, 0, 0, 0),
(16, 283, 0, 0, 0),
(16, 285, 0, 0, 0),
(16, 288, 0, 0, 0),
(16, 289, 0, 0, 0),
(16, 291, 0, 0, 0),
(16, 292, 0, 0, 0),
(16, 293, 0, 0, 0),
(16, 295, 0, 0, 0),
(16, 296, 0, 0, 0),
(16, 297, 0, 0, 0),
(16, 298, 0, 0, 0),
(16, 299, 0, 0, 0),
(16, 300, 0, 0, 0),
(16, 301, 0, 0, 0),
(16, 302, 1, 1, 1),
(16, 303, 0, 0, 0),
(16, 304, 0, 0, 0),
(16, 306, 0, 0, 0),
(16, 307, 0, 0, 0),
(16, 308, 0, 0, 0),
(16, 309, 0, 0, 0),
(16, 310, 0, 0, 0),
(16, 311, 1, 1, 1),
(16, 313, 0, 0, 0),
(16, 314, 0, 0, 0),
(16, 316, 0, 0, 0),
(16, 317, 0, 0, 0),
(16, 318, 0, 0, 0),
(16, 319, 0, 0, 0),
(16, 320, 0, 0, 0),
(16, 321, 0, 0, 0),
(16, 322, 0, 0, 0),
(16, 326, 0, 0, 0),
(17, 194, 1, 1, 0),
(17, 195, 1, 1, 0),
(17, 196, 1, 1, 0),
(17, 199, 1, 1, 0),
(17, 200, 1, 1, 0),
(17, 201, 1, 1, 0),
(17, 202, 1, 1, 0),
(17, 203, 1, 1, 0),
(17, 204, 1, 1, 0),
(17, 205, 1, 1, 0),
(17, 206, 1, 1, 0),
(17, 207, 1, 1, 0),
(17, 208, 1, 1, 0),
(17, 209, 1, 1, 0),
(17, 210, 1, 1, 0),
(17, 211, 1, 1, 0),
(17, 212, 1, 1, 0),
(17, 213, 1, 1, 0),
(17, 214, 1, 1, 0),
(17, 215, 1, 1, 0),
(17, 216, 1, 1, 0),
(17, 217, 1, 1, 0),
(17, 218, 1, 1, 0),
(17, 219, 1, 1, 0),
(17, 220, 1, 1, 0),
(17, 221, 1, 1, 0),
(17, 222, 1, 1, 0),
(17, 223, 1, 1, 0),
(17, 224, 1, 1, 0),
(17, 225, 1, 1, 0),
(17, 226, 1, 1, 0),
(17, 227, 1, 1, 0),
(17, 228, 1, 1, 0),
(17, 229, 1, 1, 0),
(17, 230, 1, 1, 0),
(17, 231, 1, 1, 0),
(17, 232, 1, 1, 0),
(17, 233, 1, 1, 0),
(17, 235, 1, 1, 0),
(17, 236, 1, 1, 0),
(17, 237, 1, 1, 0),
(17, 238, 1, 1, 0),
(17, 239, 1, 1, 0),
(17, 240, 1, 1, 0),
(17, 241, 1, 1, 0),
(17, 242, 1, 1, 0),
(17, 243, 1, 1, 0),
(17, 244, 1, 1, 0),
(17, 245, 1, 1, 0),
(17, 246, 1, 1, 0),
(17, 247, 1, 1, 0),
(17, 262, 0, 0, 0),
(17, 263, 0, 0, 0),
(17, 264, 0, 0, 0),
(17, 269, 1, 1, 1),
(17, 271, 0, 0, 0),
(17, 272, 0, 0, 0),
(17, 273, 0, 0, 0),
(17, 274, 0, 0, 0),
(17, 275, 0, 0, 0),
(17, 276, 0, 0, 0),
(17, 277, 0, 0, 0),
(17, 278, 0, 0, 0),
(17, 279, 0, 0, 0),
(17, 280, 0, 0, 0),
(17, 281, 0, 0, 0),
(17, 282, 0, 0, 0),
(17, 283, 0, 0, 0),
(17, 285, 0, 0, 0),
(17, 288, 0, 0, 0),
(17, 289, 0, 0, 0),
(17, 291, 0, 0, 0),
(17, 292, 0, 0, 0),
(17, 293, 0, 0, 0),
(17, 295, 0, 0, 0),
(17, 296, 0, 0, 0),
(17, 297, 0, 0, 0),
(17, 298, 0, 0, 0),
(17, 299, 0, 0, 0),
(17, 300, 0, 0, 0),
(17, 301, 0, 0, 0),
(17, 302, 0, 0, 0),
(17, 303, 0, 0, 0),
(17, 304, 0, 0, 0),
(17, 306, 0, 0, 0),
(17, 307, 0, 0, 0),
(17, 308, 0, 0, 0),
(17, 309, 0, 0, 0),
(17, 310, 1, 1, 1),
(17, 311, 0, 0, 0),
(17, 313, 0, 0, 0),
(17, 314, 0, 0, 0),
(17, 316, 0, 0, 0),
(17, 317, 0, 0, 0),
(17, 318, 0, 0, 0),
(17, 319, 0, 0, 0),
(17, 320, 0, 0, 0),
(17, 321, 0, 0, 0),
(17, 322, 0, 0, 0),
(17, 326, 0, 0, 0),
(18, 181, 0, 0, 0),
(18, 194, 1, 1, 0),
(18, 195, 1, 1, 0),
(18, 196, 1, 1, 0),
(18, 199, 1, 1, 0),
(18, 200, 1, 1, 0),
(18, 201, 1, 1, 0),
(18, 202, 1, 1, 0),
(18, 203, 1, 1, 0),
(18, 204, 1, 1, 0),
(18, 205, 1, 1, 0),
(18, 206, 1, 1, 0),
(18, 207, 1, 1, 0),
(18, 208, 1, 1, 0),
(18, 209, 1, 1, 0),
(18, 210, 1, 1, 0),
(18, 211, 1, 1, 0),
(18, 212, 1, 1, 0),
(18, 213, 1, 1, 0),
(18, 214, 1, 1, 0),
(18, 215, 1, 1, 0),
(18, 216, 1, 1, 0),
(18, 217, 1, 1, 0),
(18, 218, 1, 1, 0),
(18, 219, 1, 1, 0),
(18, 220, 1, 1, 0),
(18, 221, 1, 1, 0),
(18, 222, 1, 1, 0),
(18, 223, 1, 1, 0),
(18, 224, 1, 1, 0),
(18, 225, 1, 1, 0),
(18, 226, 1, 1, 0),
(18, 227, 1, 1, 0),
(18, 228, 1, 1, 0),
(18, 229, 1, 1, 0),
(18, 230, 1, 1, 0),
(18, 231, 1, 1, 0),
(18, 232, 1, 1, 0),
(18, 233, 1, 1, 0),
(18, 235, 1, 1, 0),
(18, 236, 1, 1, 0),
(18, 237, 1, 1, 0),
(18, 238, 1, 1, 0),
(18, 239, 1, 1, 0),
(18, 240, 1, 1, 0),
(18, 241, 1, 1, 0),
(18, 242, 1, 1, 0),
(18, 243, 1, 1, 0),
(18, 244, 1, 1, 0),
(18, 245, 1, 1, 0),
(18, 246, 1, 1, 0),
(18, 247, 1, 1, 0),
(18, 262, 1, 1, 0),
(18, 263, 1, 1, 0),
(18, 264, 1, 1, 0),
(18, 269, 1, 1, 0),
(18, 271, 1, 1, 0),
(18, 272, 1, 1, 0),
(18, 273, 1, 1, 0),
(18, 274, 1, 1, 0),
(18, 275, 1, 1, 0),
(18, 276, 1, 1, 0),
(18, 277, 1, 1, 0),
(18, 278, 1, 1, 0),
(18, 279, 1, 1, 0),
(18, 280, 1, 1, 0),
(18, 281, 1, 1, 0),
(18, 282, 1, 1, 0),
(18, 283, 1, 1, 0),
(18, 285, 1, 1, 0),
(18, 288, 1, 1, 0),
(18, 289, 1, 1, 0),
(18, 291, 1, 1, 0),
(18, 292, 1, 1, 0),
(18, 293, 1, 1, 0),
(18, 295, 1, 1, 0),
(18, 296, 1, 1, 0),
(18, 297, 1, 1, 0),
(18, 298, 1, 1, 0),
(18, 299, 1, 1, 0),
(18, 300, 1, 1, 0),
(18, 301, 1, 1, 0),
(18, 302, 1, 1, 0),
(18, 303, 1, 1, 0),
(18, 304, 1, 1, 0),
(18, 306, 1, 1, 0),
(18, 307, 1, 1, 0),
(18, 308, 1, 1, 0),
(18, 309, 1, 1, 0),
(18, 310, 1, 1, 0),
(18, 311, 1, 1, 0),
(18, 313, 1, 1, 0),
(18, 314, 1, 1, 0),
(18, 316, 1, 1, 0),
(18, 317, 1, 1, 0),
(18, 318, 1, 1, 0),
(18, 319, 1, 1, 0),
(18, 320, 1, 1, 0),
(18, 321, 1, 1, 0),
(18, 322, 1, 1, 0),
(18, 326, 1, 1, 0),
(19, 181, 0, 0, 0),
(19, 194, 1, 1, 1),
(19, 195, 1, 1, 1),
(19, 196, 1, 1, 1),
(19, 199, 1, 1, 1),
(19, 200, 1, 1, 1),
(19, 201, 1, 1, 1),
(19, 202, 1, 1, 1),
(19, 203, 1, 1, 1),
(19, 204, 1, 1, 1),
(19, 205, 1, 1, 0),
(19, 206, 1, 1, 1),
(19, 207, 1, 1, 1),
(19, 208, 1, 1, 1),
(19, 209, 1, 1, 1),
(19, 210, 1, 1, 1),
(19, 211, 1, 1, 1),
(19, 212, 1, 1, 1),
(19, 213, 1, 1, 1),
(19, 214, 1, 1, 1),
(19, 215, 1, 1, 1),
(19, 216, 1, 1, 1),
(19, 217, 1, 1, 1),
(19, 218, 1, 1, 1),
(19, 219, 1, 1, 1),
(19, 220, 1, 1, 1),
(19, 221, 1, 1, 1),
(19, 222, 1, 1, 1),
(19, 223, 1, 1, 1),
(19, 224, 1, 1, 1),
(19, 225, 1, 1, 1),
(19, 226, 1, 1, 1),
(19, 227, 1, 1, 1),
(19, 228, 1, 1, 1),
(19, 229, 1, 1, 1),
(19, 230, 1, 1, 1),
(19, 231, 1, 1, 1),
(19, 232, 1, 1, 1),
(19, 233, 1, 1, 1),
(19, 235, 1, 1, 1),
(19, 236, 1, 1, 1),
(19, 237, 1, 1, 1),
(19, 238, 1, 1, 1),
(19, 239, 1, 1, 1),
(19, 240, 1, 1, 1),
(19, 241, 1, 1, 1),
(19, 242, 1, 1, 1),
(19, 243, 1, 1, 1),
(19, 244, 1, 1, 1),
(19, 245, 1, 1, 1),
(19, 246, 1, 1, 1),
(19, 247, 1, 1, 1),
(19, 262, 1, 1, 1),
(19, 263, 1, 1, 1),
(19, 264, 1, 1, 1),
(19, 269, 1, 1, 1),
(19, 271, 1, 1, 1),
(19, 272, 1, 1, 1),
(19, 273, 1, 1, 1),
(19, 274, 1, 1, 1),
(19, 275, 1, 1, 1),
(19, 276, 1, 1, 1),
(19, 277, 1, 1, 1),
(19, 278, 1, 1, 1),
(19, 279, 1, 1, 1),
(19, 280, 1, 1, 1),
(19, 281, 1, 1, 1),
(19, 282, 1, 1, 1),
(19, 283, 1, 1, 1),
(19, 285, 1, 1, 1),
(19, 288, 1, 1, 1),
(19, 289, 1, 1, 1),
(19, 291, 1, 1, 1),
(19, 292, 1, 1, 1),
(19, 293, 1, 1, 1),
(19, 295, 1, 1, 1),
(19, 296, 1, 1, 1),
(19, 297, 1, 1, 1),
(19, 298, 1, 1, 1),
(19, 299, 1, 1, 1),
(19, 300, 1, 1, 1),
(19, 301, 1, 1, 1),
(19, 302, 1, 1, 1),
(19, 303, 1, 1, 1),
(19, 304, 1, 1, 1),
(19, 306, 1, 1, 1),
(19, 307, 1, 1, 1),
(19, 308, 1, 1, 1),
(19, 309, 1, 1, 1),
(19, 310, 1, 1, 1),
(19, 311, 1, 1, 1),
(19, 313, 1, 1, 1),
(19, 314, 1, 1, 1),
(19, 316, 1, 1, 1),
(19, 317, 1, 1, 1),
(19, 318, 1, 1, 1),
(19, 319, 1, 1, 1),
(19, 320, 1, 1, 1),
(19, 321, 1, 1, 1),
(19, 322, 1, 1, 1),
(19, 326, 1, 1, 1),
(20, 181, 0, 0, 0),
(20, 194, 1, 1, 1),
(20, 195, 1, 1, 1),
(20, 196, 1, 1, 1),
(20, 199, 1, 1, 1),
(20, 200, 1, 1, 1),
(20, 201, 1, 1, 1),
(20, 202, 1, 1, 1),
(20, 203, 1, 1, 1),
(20, 204, 1, 1, 1),
(20, 205, 1, 1, 0),
(20, 206, 1, 1, 1),
(20, 207, 1, 1, 1),
(20, 208, 1, 1, 1),
(20, 209, 1, 1, 1),
(20, 210, 1, 1, 1),
(20, 211, 1, 1, 1),
(20, 212, 1, 1, 1),
(20, 213, 1, 1, 1),
(20, 214, 1, 1, 1),
(20, 215, 1, 1, 1),
(20, 216, 1, 1, 1),
(20, 217, 1, 1, 1),
(20, 218, 1, 1, 1),
(20, 219, 1, 1, 1),
(20, 220, 1, 1, 1),
(20, 221, 1, 1, 1),
(20, 222, 1, 1, 1),
(20, 223, 1, 1, 1),
(20, 224, 1, 1, 1),
(20, 225, 1, 1, 1),
(20, 226, 1, 1, 1),
(20, 227, 1, 1, 1),
(20, 228, 1, 1, 1),
(20, 229, 1, 1, 1),
(20, 230, 1, 1, 1),
(20, 231, 1, 1, 1),
(20, 232, 1, 1, 1),
(20, 233, 1, 1, 1),
(20, 235, 1, 1, 1),
(20, 236, 1, 1, 1),
(20, 237, 1, 1, 1),
(20, 238, 1, 1, 1),
(20, 239, 1, 1, 1),
(20, 240, 1, 1, 1),
(20, 241, 1, 1, 1),
(20, 242, 1, 1, 1),
(20, 243, 1, 1, 1),
(20, 244, 1, 1, 1),
(20, 245, 1, 1, 1),
(20, 246, 1, 1, 1),
(20, 247, 1, 1, 1),
(20, 262, 1, 1, 1),
(20, 263, 1, 1, 1),
(20, 264, 1, 1, 1),
(20, 269, 1, 1, 1),
(20, 271, 1, 1, 1),
(20, 272, 1, 1, 1),
(20, 273, 1, 1, 1),
(20, 274, 1, 1, 1),
(20, 275, 1, 1, 1),
(20, 276, 1, 1, 1),
(20, 277, 1, 1, 1),
(20, 278, 1, 1, 1),
(20, 279, 1, 1, 1),
(20, 280, 1, 1, 1),
(20, 281, 1, 1, 1),
(20, 282, 1, 1, 1),
(20, 283, 1, 1, 1),
(20, 285, 1, 1, 1),
(20, 288, 1, 1, 1),
(20, 289, 1, 1, 1),
(20, 291, 1, 1, 1),
(20, 292, 1, 1, 1),
(20, 293, 1, 1, 1),
(20, 295, 1, 1, 1),
(20, 296, 1, 1, 1),
(20, 297, 1, 1, 1),
(20, 298, 1, 1, 1),
(20, 299, 1, 1, 1),
(20, 300, 1, 1, 1),
(20, 301, 1, 1, 1),
(20, 302, 1, 1, 1),
(20, 303, 1, 1, 1),
(20, 304, 1, 1, 1),
(20, 306, 1, 1, 1),
(20, 307, 1, 1, 1),
(20, 308, 1, 1, 1),
(20, 309, 1, 1, 1),
(20, 310, 1, 1, 1),
(20, 311, 1, 1, 1),
(20, 313, 1, 1, 1),
(20, 314, 1, 1, 1),
(20, 316, 1, 1, 1),
(20, 317, 1, 1, 1),
(20, 318, 1, 1, 1),
(20, 319, 1, 1, 1),
(20, 320, 1, 1, 1),
(20, 321, 1, 1, 1),
(20, 322, 1, 1, 1),
(20, 326, 1, 1, 1),
(21, 181, 0, 0, 0),
(21, 194, 1, 1, 1),
(21, 195, 1, 1, 1),
(21, 196, 1, 1, 1),
(21, 199, 1, 1, 1),
(21, 200, 1, 1, 1),
(21, 201, 1, 1, 1),
(21, 202, 1, 1, 1),
(21, 203, 1, 1, 1),
(21, 204, 1, 1, 1),
(21, 205, 1, 1, 0),
(21, 206, 1, 1, 1),
(21, 207, 1, 1, 1),
(21, 208, 1, 1, 1),
(21, 209, 1, 1, 1),
(21, 210, 1, 1, 1),
(21, 211, 1, 1, 1),
(21, 212, 1, 1, 1),
(21, 213, 1, 1, 1),
(21, 214, 1, 1, 1),
(21, 215, 1, 1, 1),
(21, 216, 1, 1, 1),
(21, 217, 1, 1, 1),
(21, 218, 1, 1, 1),
(21, 219, 1, 1, 1),
(21, 220, 1, 1, 1),
(21, 221, 1, 1, 1),
(21, 222, 1, 1, 1),
(21, 223, 1, 1, 1),
(21, 224, 1, 1, 1),
(21, 225, 1, 1, 1),
(21, 226, 1, 1, 1),
(21, 227, 1, 1, 1),
(21, 228, 1, 1, 1),
(21, 229, 1, 1, 1),
(21, 230, 1, 1, 1),
(21, 231, 1, 1, 1),
(21, 232, 1, 1, 1),
(21, 233, 1, 1, 1),
(21, 235, 1, 1, 1),
(21, 236, 1, 1, 1),
(21, 237, 1, 1, 1),
(21, 238, 1, 1, 1),
(21, 239, 1, 1, 1),
(21, 240, 1, 1, 1),
(21, 241, 1, 1, 1),
(21, 242, 1, 1, 1),
(21, 243, 1, 1, 1),
(21, 244, 1, 1, 1),
(21, 245, 1, 1, 1),
(21, 246, 1, 1, 1),
(21, 247, 1, 1, 1),
(21, 262, 1, 1, 1),
(21, 263, 1, 1, 1),
(21, 264, 1, 1, 1),
(21, 269, 1, 1, 1),
(21, 271, 1, 1, 1),
(21, 272, 1, 1, 1),
(21, 273, 1, 1, 1),
(21, 274, 1, 1, 1),
(21, 275, 1, 1, 1),
(21, 276, 1, 1, 1),
(21, 277, 1, 1, 1),
(21, 278, 1, 1, 1),
(21, 279, 1, 1, 1),
(21, 280, 1, 1, 1),
(21, 281, 1, 1, 1),
(21, 282, 1, 1, 1),
(21, 283, 1, 1, 1),
(21, 285, 1, 1, 1),
(21, 288, 1, 1, 1),
(21, 289, 1, 1, 1),
(21, 291, 1, 1, 1),
(21, 292, 1, 1, 1),
(21, 293, 1, 1, 1),
(21, 295, 1, 1, 1),
(21, 296, 1, 1, 1),
(21, 297, 1, 1, 1),
(21, 298, 1, 1, 1),
(21, 299, 1, 1, 1),
(21, 300, 1, 1, 1),
(21, 301, 1, 1, 1),
(21, 302, 1, 1, 1),
(21, 303, 1, 1, 1),
(21, 304, 1, 1, 1),
(21, 306, 1, 1, 1),
(21, 307, 1, 1, 1),
(21, 308, 1, 1, 1),
(21, 309, 1, 1, 1),
(21, 310, 1, 1, 1),
(21, 311, 1, 1, 1),
(21, 313, 1, 1, 1),
(21, 314, 1, 1, 1),
(21, 316, 1, 1, 1),
(21, 317, 1, 1, 1),
(21, 318, 1, 1, 1),
(21, 319, 1, 1, 1),
(21, 320, 1, 1, 1),
(21, 321, 1, 1, 1),
(21, 322, 1, 1, 1),
(21, 326, 1, 1, 1),
(22, 194, 1, 1, 0),
(22, 195, 1, 1, 0),
(22, 196, 1, 1, 0),
(22, 199, 1, 1, 0),
(22, 200, 1, 1, 0),
(22, 201, 1, 1, 0),
(22, 202, 1, 1, 0),
(22, 203, 1, 1, 0),
(22, 204, 1, 1, 0),
(22, 205, 1, 1, 0),
(22, 206, 1, 1, 0),
(22, 207, 1, 1, 0),
(22, 208, 1, 1, 0),
(22, 209, 1, 1, 0),
(22, 210, 1, 1, 0),
(22, 211, 1, 1, 0),
(22, 212, 1, 1, 0),
(22, 213, 1, 1, 0),
(22, 214, 1, 1, 0),
(22, 215, 1, 1, 0),
(22, 216, 1, 1, 0),
(22, 217, 1, 1, 0),
(22, 218, 1, 1, 0),
(22, 219, 1, 1, 0),
(22, 220, 1, 1, 0),
(22, 221, 1, 1, 0),
(22, 222, 1, 1, 0),
(22, 223, 1, 1, 0),
(22, 224, 1, 1, 0),
(22, 225, 1, 1, 0),
(22, 226, 1, 1, 0),
(22, 227, 1, 1, 0),
(22, 228, 1, 1, 0),
(22, 229, 1, 1, 0),
(22, 230, 1, 1, 0),
(22, 231, 1, 1, 0),
(22, 232, 1, 1, 0),
(22, 233, 1, 1, 0),
(22, 235, 1, 1, 0),
(22, 236, 1, 1, 0),
(22, 237, 1, 1, 0),
(22, 238, 1, 1, 0),
(22, 239, 1, 1, 0),
(22, 240, 1, 1, 0),
(22, 241, 1, 1, 0),
(22, 242, 1, 1, 0),
(22, 243, 1, 1, 0),
(22, 244, 1, 1, 0),
(22, 245, 1, 1, 0),
(22, 246, 1, 1, 0),
(22, 247, 1, 1, 0),
(22, 262, 0, 0, 0),
(22, 263, 0, 0, 0),
(22, 264, 0, 0, 0),
(22, 269, 0, 0, 0),
(22, 271, 0, 0, 0),
(22, 272, 0, 0, 0),
(22, 273, 0, 0, 0),
(22, 274, 0, 0, 0),
(22, 275, 0, 0, 0),
(22, 276, 0, 0, 0),
(22, 277, 0, 0, 0),
(22, 278, 0, 0, 0),
(22, 279, 0, 0, 0),
(22, 280, 0, 0, 0),
(22, 281, 0, 0, 0),
(22, 282, 0, 0, 0),
(22, 283, 0, 0, 0),
(22, 285, 0, 0, 0),
(22, 288, 0, 0, 0),
(22, 289, 0, 0, 0),
(22, 291, 0, 0, 0),
(22, 292, 0, 0, 0),
(22, 293, 0, 0, 0),
(22, 295, 0, 0, 0),
(22, 296, 0, 0, 0),
(22, 297, 0, 0, 0),
(22, 298, 0, 0, 0),
(22, 299, 0, 0, 0),
(22, 300, 0, 0, 0),
(22, 301, 0, 0, 0),
(22, 302, 0, 0, 0),
(22, 303, 0, 0, 0),
(22, 304, 0, 0, 0),
(22, 306, 0, 0, 0),
(22, 307, 0, 0, 0),
(22, 308, 1, 1, 1),
(22, 309, 0, 0, 0),
(22, 310, 0, 0, 0),
(22, 311, 0, 0, 0),
(22, 313, 0, 0, 0),
(22, 314, 1, 1, 0),
(22, 316, 0, 0, 0),
(22, 317, 0, 0, 0),
(22, 318, 0, 0, 0),
(22, 319, 0, 0, 0),
(22, 320, 0, 0, 0),
(22, 321, 0, 0, 0),
(22, 322, 0, 0, 0),
(22, 326, 0, 0, 0),
(23, 194, 1, 1, 0),
(23, 195, 1, 1, 0),
(23, 196, 1, 1, 0),
(23, 199, 1, 1, 0),
(23, 200, 1, 1, 0),
(23, 201, 1, 1, 0),
(23, 202, 1, 1, 0),
(23, 203, 1, 1, 0),
(23, 204, 1, 1, 0),
(23, 205, 1, 1, 0),
(23, 206, 1, 1, 0),
(23, 207, 1, 1, 0),
(23, 208, 1, 1, 0),
(23, 209, 1, 1, 0),
(23, 210, 1, 1, 0),
(23, 211, 1, 1, 0),
(23, 212, 1, 1, 0),
(23, 213, 1, 1, 0),
(23, 214, 1, 1, 0),
(23, 215, 1, 1, 0),
(23, 216, 1, 1, 0),
(23, 217, 1, 1, 0),
(23, 218, 1, 1, 0),
(23, 219, 1, 1, 0),
(23, 220, 1, 1, 0),
(23, 221, 1, 1, 0),
(23, 222, 1, 1, 0),
(23, 223, 1, 1, 0),
(23, 224, 1, 1, 0),
(23, 225, 1, 1, 0),
(23, 226, 1, 1, 0),
(23, 227, 1, 1, 0),
(23, 228, 1, 1, 0),
(23, 229, 1, 1, 0),
(23, 230, 1, 1, 0),
(23, 231, 1, 1, 0),
(23, 232, 1, 1, 0),
(23, 233, 1, 1, 0),
(23, 235, 1, 1, 0),
(23, 236, 1, 1, 0),
(23, 237, 1, 1, 0),
(23, 238, 1, 1, 0),
(23, 239, 1, 1, 0),
(23, 240, 1, 1, 0),
(23, 241, 1, 1, 0),
(23, 242, 1, 1, 0),
(23, 243, 1, 1, 0),
(23, 244, 1, 1, 0),
(23, 245, 1, 1, 0),
(23, 246, 1, 1, 0),
(23, 247, 1, 1, 0),
(23, 262, 0, 0, 0),
(23, 263, 0, 0, 0),
(23, 264, 0, 0, 0),
(23, 269, 0, 0, 0),
(23, 271, 0, 0, 0),
(23, 272, 0, 0, 0),
(23, 273, 0, 0, 0),
(23, 274, 0, 0, 0),
(23, 275, 0, 0, 0),
(23, 276, 0, 0, 0),
(23, 277, 0, 0, 0),
(23, 278, 0, 0, 0),
(23, 279, 0, 0, 0),
(23, 280, 0, 0, 0),
(23, 281, 0, 0, 0),
(23, 282, 0, 0, 0),
(23, 283, 0, 0, 0),
(23, 285, 0, 0, 0),
(23, 288, 0, 0, 0),
(23, 289, 0, 0, 0),
(23, 291, 0, 0, 0),
(23, 292, 0, 0, 0),
(23, 293, 0, 0, 0),
(23, 295, 0, 0, 0),
(23, 296, 0, 0, 0),
(23, 297, 0, 0, 0),
(23, 298, 0, 0, 0),
(23, 299, 0, 0, 0),
(23, 300, 0, 0, 0),
(23, 301, 0, 0, 0),
(23, 302, 0, 0, 0),
(23, 303, 0, 0, 0),
(23, 304, 0, 0, 0),
(23, 306, 0, 0, 0),
(23, 307, 0, 0, 0),
(23, 308, 1, 1, 1),
(23, 309, 0, 0, 0),
(23, 310, 0, 0, 0),
(23, 311, 0, 0, 0),
(23, 313, 0, 0, 0),
(23, 314, 1, 1, 1),
(23, 316, 0, 0, 0),
(23, 317, 0, 0, 0),
(23, 318, 0, 0, 0),
(23, 319, 0, 0, 0),
(23, 320, 0, 0, 0),
(23, 321, 0, 0, 0),
(23, 322, 0, 0, 0),
(23, 326, 0, 0, 0),
(24, 181, 0, 0, 0),
(24, 194, 1, 1, 0),
(24, 195, 1, 1, 0),
(24, 196, 1, 1, 0),
(24, 199, 1, 1, 0),
(24, 200, 1, 1, 0),
(24, 201, 1, 1, 0),
(24, 202, 1, 1, 0),
(24, 203, 1, 1, 0),
(24, 204, 1, 1, 0),
(24, 205, 1, 1, 0),
(24, 206, 1, 1, 0),
(24, 207, 1, 1, 0),
(24, 208, 1, 1, 0),
(24, 209, 1, 1, 0),
(24, 210, 1, 1, 0),
(24, 211, 1, 1, 0),
(24, 212, 1, 1, 0),
(24, 213, 1, 1, 0),
(24, 214, 1, 1, 0),
(24, 215, 1, 1, 0),
(24, 216, 1, 1, 0),
(24, 217, 1, 1, 0),
(24, 218, 1, 1, 0),
(24, 219, 1, 1, 0),
(24, 220, 1, 1, 0),
(24, 221, 1, 1, 0),
(24, 222, 1, 1, 0),
(24, 223, 1, 1, 0),
(24, 224, 1, 1, 0),
(24, 225, 1, 1, 0),
(24, 226, 1, 1, 0),
(24, 227, 1, 1, 0),
(24, 228, 1, 1, 0),
(24, 229, 1, 1, 0),
(24, 230, 1, 1, 0),
(24, 231, 1, 1, 0),
(24, 232, 1, 1, 0),
(24, 233, 1, 1, 0),
(24, 235, 1, 1, 0),
(24, 236, 1, 1, 0),
(24, 237, 1, 1, 0),
(24, 238, 1, 1, 0),
(24, 239, 1, 1, 0),
(24, 240, 1, 1, 0),
(24, 241, 1, 1, 0),
(24, 242, 1, 1, 0),
(24, 243, 1, 1, 0),
(24, 244, 1, 1, 0),
(24, 245, 1, 1, 0),
(24, 246, 1, 1, 0),
(24, 247, 1, 1, 0),
(24, 262, 0, 0, 0),
(24, 263, 0, 0, 0),
(24, 264, 0, 0, 0),
(24, 269, 0, 0, 0),
(24, 271, 0, 0, 0),
(24, 272, 0, 0, 0),
(24, 273, 0, 0, 0),
(24, 274, 0, 0, 0),
(24, 275, 0, 0, 0),
(24, 276, 0, 0, 0),
(24, 277, 0, 0, 0),
(24, 278, 0, 0, 0),
(24, 279, 0, 0, 0),
(24, 280, 0, 0, 0),
(24, 281, 0, 0, 0),
(24, 282, 0, 0, 0),
(24, 283, 0, 0, 0),
(24, 285, 0, 0, 0),
(24, 288, 0, 0, 0),
(24, 289, 0, 0, 0),
(24, 291, 0, 0, 0),
(24, 292, 0, 0, 0),
(24, 293, 0, 0, 0),
(24, 295, 0, 0, 0),
(24, 296, 0, 0, 0),
(24, 297, 0, 0, 0),
(24, 298, 0, 0, 0),
(24, 299, 0, 0, 0),
(24, 300, 0, 0, 0),
(24, 301, 0, 0, 0),
(24, 302, 0, 0, 0),
(24, 303, 0, 0, 0),
(24, 304, 0, 0, 0),
(24, 306, 0, 0, 0),
(24, 307, 0, 0, 0),
(24, 308, 0, 0, 0),
(24, 309, 0, 0, 0),
(24, 310, 0, 0, 0),
(24, 311, 0, 0, 0),
(24, 313, 0, 0, 0),
(24, 314, 0, 0, 0),
(24, 316, 0, 0, 0),
(24, 317, 0, 0, 0),
(24, 318, 0, 0, 0),
(24, 319, 0, 0, 0),
(24, 320, 0, 0, 0),
(24, 321, 0, 0, 0),
(24, 322, 1, 1, 1),
(24, 326, 0, 0, 0),
(25, 194, 1, 1, 0),
(25, 195, 1, 1, 0),
(25, 196, 1, 1, 0),
(25, 199, 1, 1, 0),
(25, 200, 1, 1, 0),
(25, 201, 1, 1, 0),
(25, 202, 1, 1, 0),
(25, 203, 1, 1, 0),
(25, 204, 1, 1, 0),
(25, 205, 1, 1, 0),
(25, 206, 1, 1, 0),
(25, 207, 1, 1, 0),
(25, 208, 1, 1, 0),
(25, 209, 1, 1, 0),
(25, 210, 1, 1, 0),
(25, 211, 1, 1, 0),
(25, 212, 1, 1, 0),
(25, 213, 1, 1, 0),
(25, 214, 1, 1, 0),
(25, 215, 1, 1, 0),
(25, 216, 1, 1, 0),
(25, 217, 1, 1, 0),
(25, 218, 1, 1, 0),
(25, 219, 1, 1, 0),
(25, 220, 1, 1, 0),
(25, 221, 1, 1, 0),
(25, 222, 1, 1, 0),
(25, 223, 1, 1, 0),
(25, 224, 1, 1, 0),
(25, 225, 1, 1, 0),
(25, 226, 1, 1, 0),
(25, 227, 1, 1, 0),
(25, 228, 1, 1, 0),
(25, 229, 1, 1, 0),
(25, 230, 1, 1, 0),
(25, 231, 1, 1, 0),
(25, 232, 1, 1, 0),
(25, 233, 1, 1, 0),
(25, 235, 1, 1, 0),
(25, 236, 1, 1, 0),
(25, 237, 1, 1, 0),
(25, 238, 1, 1, 0),
(25, 239, 1, 1, 0),
(25, 240, 1, 1, 0),
(25, 241, 1, 1, 0),
(25, 242, 1, 1, 0),
(25, 243, 1, 1, 0),
(25, 244, 1, 1, 0),
(25, 245, 1, 1, 0),
(25, 246, 1, 1, 0),
(25, 247, 1, 1, 0),
(25, 262, 0, 0, 0),
(25, 263, 0, 0, 0),
(25, 264, 0, 0, 0),
(25, 269, 0, 0, 0),
(25, 271, 0, 0, 0),
(25, 272, 0, 0, 0),
(25, 273, 0, 0, 0),
(25, 274, 0, 0, 0),
(25, 275, 0, 0, 0),
(25, 276, 0, 0, 0),
(25, 277, 0, 0, 0),
(25, 278, 0, 0, 0),
(25, 279, 0, 0, 0),
(25, 280, 0, 0, 0),
(25, 281, 0, 0, 0),
(25, 282, 0, 0, 0),
(25, 283, 0, 0, 0),
(25, 285, 0, 0, 0),
(25, 288, 0, 0, 0),
(25, 289, 0, 0, 0),
(25, 291, 0, 0, 0),
(25, 292, 0, 0, 0),
(25, 293, 0, 0, 0),
(25, 295, 0, 0, 0),
(25, 296, 0, 0, 0),
(25, 297, 0, 0, 0),
(25, 298, 0, 0, 0),
(25, 299, 0, 0, 0),
(25, 300, 0, 0, 0),
(25, 301, 0, 0, 0),
(25, 302, 0, 0, 0),
(25, 303, 0, 0, 0),
(25, 304, 0, 0, 0),
(25, 306, 0, 0, 0),
(25, 307, 0, 0, 0),
(25, 308, 1, 1, 1),
(25, 309, 0, 0, 0),
(25, 310, 0, 0, 0),
(25, 311, 0, 0, 0),
(25, 313, 0, 0, 0),
(25, 314, 0, 0, 0),
(25, 316, 0, 0, 0),
(25, 317, 0, 0, 0),
(25, 318, 0, 0, 0),
(25, 319, 0, 0, 0),
(25, 320, 0, 0, 0),
(25, 321, 0, 0, 0),
(25, 322, 0, 0, 0),
(25, 326, 0, 0, 0),
(26, 194, 1, 1, 0),
(26, 195, 1, 1, 0),
(26, 196, 1, 1, 0),
(26, 199, 1, 1, 0),
(26, 200, 1, 1, 0),
(26, 201, 1, 1, 0),
(26, 202, 1, 1, 0),
(26, 203, 1, 1, 0),
(26, 204, 1, 1, 0),
(26, 205, 1, 1, 0),
(26, 206, 1, 1, 0),
(26, 207, 1, 1, 0),
(26, 208, 1, 1, 0),
(26, 209, 1, 1, 0),
(26, 210, 1, 1, 0),
(26, 211, 1, 1, 0),
(26, 212, 1, 1, 0),
(26, 213, 1, 1, 0),
(26, 214, 1, 1, 0),
(26, 215, 1, 1, 0),
(26, 216, 1, 1, 0),
(26, 217, 1, 1, 0),
(26, 218, 1, 1, 0),
(26, 219, 1, 1, 0),
(26, 220, 1, 1, 0),
(26, 221, 1, 1, 0),
(26, 222, 1, 1, 0),
(26, 223, 1, 1, 0),
(26, 224, 1, 1, 0),
(26, 225, 1, 1, 0),
(26, 226, 1, 1, 0),
(26, 227, 1, 1, 0),
(26, 228, 1, 1, 0),
(26, 229, 1, 1, 0),
(26, 230, 1, 1, 0),
(26, 231, 1, 1, 0),
(26, 232, 1, 1, 0),
(26, 233, 1, 1, 0),
(26, 235, 1, 1, 0),
(26, 236, 1, 1, 0),
(26, 237, 1, 1, 0),
(26, 238, 1, 1, 0),
(26, 239, 1, 1, 0),
(26, 240, 1, 1, 0),
(26, 241, 1, 1, 0),
(26, 242, 1, 1, 0),
(26, 243, 1, 1, 0),
(26, 244, 1, 1, 0),
(26, 245, 1, 1, 0),
(26, 246, 1, 1, 0),
(26, 247, 1, 1, 0),
(26, 262, 0, 0, 0),
(26, 263, 0, 0, 0),
(26, 264, 0, 0, 0),
(26, 269, 0, 0, 0),
(26, 271, 0, 0, 0),
(26, 272, 0, 0, 0),
(26, 273, 0, 0, 0),
(26, 274, 0, 0, 0),
(26, 275, 0, 0, 0),
(26, 276, 0, 0, 0),
(26, 277, 0, 0, 0),
(26, 278, 0, 0, 0),
(26, 279, 0, 0, 0),
(26, 280, 0, 0, 0),
(26, 281, 0, 0, 0),
(26, 282, 0, 0, 0),
(26, 283, 0, 0, 0),
(26, 285, 0, 0, 0),
(26, 288, 0, 0, 0),
(26, 289, 0, 0, 0),
(26, 291, 0, 0, 0),
(26, 292, 0, 0, 0),
(26, 293, 0, 0, 0),
(26, 295, 0, 0, 0),
(26, 296, 0, 0, 0),
(26, 297, 0, 0, 0),
(26, 298, 0, 0, 0),
(26, 299, 0, 0, 0),
(26, 300, 0, 0, 0),
(26, 301, 0, 0, 0),
(26, 302, 0, 0, 0),
(26, 303, 0, 0, 0),
(26, 304, 0, 0, 0),
(26, 306, 0, 0, 0),
(26, 307, 0, 0, 0),
(26, 308, 0, 0, 0),
(26, 309, 0, 0, 0),
(26, 310, 0, 0, 0),
(26, 311, 0, 0, 0),
(26, 313, 1, 1, 1),
(26, 314, 0, 0, 0),
(26, 316, 0, 0, 0),
(26, 317, 0, 0, 0),
(26, 318, 0, 0, 0),
(26, 319, 0, 0, 0),
(26, 320, 1, 1, 1),
(26, 321, 0, 0, 0),
(26, 322, 0, 0, 0),
(26, 326, 0, 0, 0),
(27, 194, 1, 1, 0),
(27, 195, 1, 1, 0),
(27, 196, 1, 1, 0),
(27, 199, 1, 1, 0),
(27, 200, 1, 1, 0),
(27, 201, 1, 1, 0),
(27, 202, 1, 1, 0),
(27, 203, 1, 1, 0),
(27, 204, 1, 1, 0),
(27, 205, 1, 1, 0),
(27, 206, 1, 1, 0),
(27, 207, 1, 1, 0),
(27, 208, 1, 1, 0),
(27, 209, 1, 1, 0),
(27, 210, 1, 1, 0),
(27, 211, 1, 1, 0),
(27, 212, 1, 1, 0),
(27, 213, 1, 1, 0),
(27, 214, 1, 1, 0),
(27, 215, 1, 1, 0),
(27, 216, 1, 1, 0),
(27, 217, 1, 1, 0),
(27, 218, 1, 1, 0),
(27, 219, 1, 1, 0),
(27, 220, 1, 1, 0),
(27, 221, 1, 1, 0),
(27, 222, 1, 1, 0),
(27, 223, 1, 1, 0),
(27, 224, 1, 1, 0),
(27, 225, 1, 1, 0),
(27, 226, 1, 1, 0),
(27, 227, 1, 1, 0),
(27, 228, 1, 1, 0),
(27, 229, 1, 1, 0),
(27, 230, 1, 1, 0),
(27, 231, 1, 1, 0),
(27, 232, 1, 1, 0),
(27, 233, 1, 1, 0),
(27, 235, 1, 1, 0),
(27, 236, 1, 1, 0),
(27, 237, 1, 1, 0),
(27, 238, 1, 1, 0),
(27, 239, 1, 1, 0),
(27, 240, 1, 1, 0),
(27, 241, 1, 1, 0),
(27, 242, 1, 1, 0),
(27, 243, 1, 1, 0),
(27, 244, 1, 1, 0),
(27, 245, 1, 1, 0),
(27, 246, 1, 1, 0),
(27, 247, 1, 1, 0),
(27, 262, 0, 0, 0),
(27, 263, 0, 0, 0),
(27, 264, 0, 0, 0),
(27, 269, 0, 0, 0),
(27, 271, 0, 0, 0),
(27, 272, 0, 0, 0),
(27, 273, 0, 0, 0),
(27, 274, 0, 0, 0),
(27, 275, 0, 0, 0),
(27, 276, 0, 0, 0),
(27, 277, 0, 0, 0),
(27, 278, 0, 0, 0),
(27, 279, 0, 0, 0),
(27, 280, 0, 0, 0),
(27, 281, 0, 0, 0),
(27, 282, 0, 0, 0),
(27, 283, 0, 0, 0),
(27, 285, 0, 0, 0),
(27, 288, 0, 0, 0),
(27, 289, 0, 0, 0),
(27, 291, 0, 0, 0),
(27, 292, 0, 0, 0),
(27, 293, 0, 0, 0),
(27, 295, 0, 0, 0),
(27, 296, 0, 0, 0),
(27, 297, 0, 0, 0),
(27, 298, 0, 0, 0),
(27, 299, 0, 0, 0),
(27, 300, 0, 0, 0),
(27, 301, 0, 0, 0),
(27, 302, 0, 0, 0),
(27, 303, 0, 0, 0),
(27, 304, 0, 0, 0),
(27, 306, 0, 0, 0),
(27, 307, 0, 0, 0),
(27, 308, 0, 0, 0),
(27, 309, 0, 0, 0),
(27, 310, 0, 0, 0),
(27, 311, 0, 0, 0),
(27, 313, 0, 0, 0),
(27, 314, 0, 0, 0),
(27, 316, 0, 0, 0),
(27, 317, 0, 0, 0),
(27, 318, 0, 0, 0),
(27, 319, 0, 0, 0),
(27, 320, 1, 1, 1),
(27, 321, 0, 0, 0),
(27, 322, 0, 0, 0),
(27, 326, 0, 0, 0),
(29, 194, 1, 1, 0),
(29, 195, 1, 1, 0),
(29, 196, 1, 1, 0),
(29, 199, 1, 1, 0),
(29, 200, 1, 1, 0),
(29, 201, 1, 1, 0),
(29, 202, 1, 1, 0),
(29, 203, 1, 1, 0),
(29, 204, 1, 1, 0),
(29, 205, 1, 1, 0),
(29, 206, 1, 1, 0),
(29, 207, 1, 1, 0),
(29, 208, 1, 1, 0),
(29, 209, 1, 1, 0),
(29, 210, 1, 1, 0),
(29, 211, 1, 1, 0),
(29, 212, 1, 1, 0),
(29, 213, 1, 1, 0),
(29, 214, 1, 1, 0),
(29, 215, 1, 1, 0),
(29, 216, 1, 1, 0),
(29, 217, 1, 1, 0),
(29, 218, 1, 1, 0),
(29, 219, 1, 1, 0),
(29, 220, 1, 1, 0),
(29, 221, 1, 1, 0),
(29, 222, 1, 1, 0),
(29, 223, 1, 1, 0),
(29, 224, 1, 1, 0),
(29, 225, 1, 1, 0),
(29, 226, 1, 1, 0),
(29, 227, 1, 1, 0),
(29, 228, 1, 1, 0),
(29, 229, 1, 1, 0),
(29, 230, 1, 1, 0),
(29, 231, 1, 1, 0),
(29, 232, 1, 1, 0),
(29, 233, 1, 1, 0),
(29, 235, 1, 1, 0),
(29, 236, 1, 1, 0),
(29, 237, 1, 1, 0),
(29, 238, 1, 1, 0),
(29, 239, 1, 1, 0),
(29, 240, 1, 1, 0),
(29, 241, 1, 1, 0),
(29, 242, 1, 1, 0),
(29, 243, 1, 1, 0),
(29, 244, 1, 1, 0),
(29, 245, 1, 1, 0),
(29, 246, 1, 1, 0),
(29, 247, 1, 1, 0),
(29, 262, 0, 0, 0),
(29, 263, 0, 0, 0),
(29, 264, 0, 0, 0),
(29, 269, 0, 0, 0),
(29, 271, 0, 0, 0),
(29, 272, 0, 0, 0),
(29, 273, 0, 0, 0),
(29, 274, 0, 0, 0),
(29, 275, 0, 0, 0),
(29, 276, 0, 0, 0),
(29, 277, 0, 0, 0),
(29, 278, 0, 0, 0),
(29, 279, 0, 0, 0),
(29, 280, 0, 0, 0),
(29, 281, 0, 0, 0),
(29, 282, 0, 0, 0),
(29, 283, 0, 0, 0),
(29, 285, 0, 0, 0),
(29, 288, 0, 0, 0),
(29, 289, 0, 0, 0),
(29, 291, 0, 0, 0),
(29, 292, 0, 0, 0),
(29, 293, 0, 0, 0),
(29, 295, 0, 0, 0),
(29, 296, 0, 0, 0),
(29, 297, 0, 0, 0),
(29, 298, 0, 0, 0),
(29, 299, 0, 0, 0),
(29, 300, 0, 0, 0),
(29, 301, 0, 0, 0),
(29, 302, 0, 0, 0),
(29, 303, 0, 0, 0),
(29, 304, 0, 0, 0),
(29, 306, 0, 0, 0),
(29, 307, 0, 0, 0),
(29, 308, 0, 0, 0),
(29, 309, 0, 0, 0),
(29, 310, 0, 0, 0),
(29, 311, 0, 0, 0),
(29, 313, 0, 0, 0),
(29, 314, 0, 0, 0),
(29, 316, 0, 0, 0),
(29, 317, 0, 0, 0),
(29, 318, 0, 0, 0),
(29, 319, 0, 0, 0),
(29, 320, 0, 0, 0),
(29, 321, 0, 0, 0),
(29, 322, 0, 0, 0),
(29, 326, 0, 0, 0),
(30, 194, 1, 1, 0),
(30, 195, 1, 1, 0),
(30, 196, 1, 1, 0),
(30, 199, 1, 1, 0),
(30, 200, 1, 1, 0),
(30, 201, 1, 1, 0),
(30, 202, 1, 1, 0),
(30, 203, 1, 1, 0),
(30, 204, 1, 1, 0),
(30, 205, 1, 1, 0),
(30, 206, 1, 1, 0),
(30, 207, 1, 1, 0),
(30, 208, 1, 1, 0),
(30, 209, 1, 1, 0),
(30, 210, 1, 1, 0),
(30, 211, 1, 1, 0),
(30, 212, 1, 1, 0),
(30, 213, 1, 1, 0),
(30, 214, 1, 1, 0),
(30, 215, 1, 1, 0),
(30, 216, 1, 1, 0),
(30, 217, 1, 1, 0),
(30, 218, 1, 1, 0),
(30, 219, 1, 1, 0),
(30, 220, 1, 1, 0),
(30, 221, 1, 1, 0),
(30, 222, 1, 1, 0),
(30, 223, 1, 1, 0),
(30, 224, 1, 1, 0),
(30, 225, 1, 1, 0),
(30, 226, 1, 1, 0),
(30, 227, 1, 1, 0),
(30, 228, 1, 1, 0),
(30, 229, 1, 1, 0),
(30, 230, 1, 1, 0),
(30, 231, 1, 1, 0),
(30, 232, 1, 1, 0),
(30, 233, 1, 1, 0),
(30, 235, 1, 1, 0),
(30, 236, 1, 1, 0),
(30, 237, 1, 1, 0),
(30, 238, 1, 1, 0),
(30, 239, 1, 1, 0),
(30, 240, 1, 1, 0),
(30, 241, 1, 1, 0),
(30, 242, 1, 1, 0),
(30, 243, 1, 1, 0),
(30, 244, 1, 1, 0),
(30, 245, 1, 1, 0),
(30, 246, 1, 1, 0),
(30, 247, 1, 1, 0),
(30, 262, 0, 0, 0),
(30, 263, 0, 0, 0),
(30, 264, 0, 0, 0),
(30, 269, 0, 0, 0),
(30, 271, 0, 0, 0),
(30, 272, 0, 0, 0),
(30, 273, 0, 0, 0),
(30, 274, 0, 0, 0),
(30, 275, 0, 0, 0),
(30, 276, 0, 0, 0),
(30, 277, 0, 0, 0),
(30, 278, 0, 0, 0),
(30, 279, 0, 0, 0),
(30, 280, 0, 0, 0),
(30, 281, 0, 0, 0),
(30, 282, 0, 0, 0),
(30, 283, 0, 0, 0),
(30, 285, 0, 0, 0),
(30, 288, 0, 0, 0),
(30, 289, 0, 0, 0),
(30, 291, 0, 0, 0),
(30, 292, 0, 0, 0),
(30, 293, 0, 0, 0),
(30, 295, 0, 0, 0),
(30, 296, 0, 0, 0),
(30, 297, 0, 0, 0),
(30, 298, 0, 0, 0),
(30, 299, 0, 0, 0),
(30, 300, 0, 0, 0),
(30, 301, 0, 0, 0),
(30, 302, 0, 0, 0),
(30, 303, 0, 0, 0),
(30, 304, 0, 0, 0),
(30, 306, 0, 0, 0),
(30, 307, 0, 0, 0),
(30, 308, 0, 0, 0),
(30, 309, 0, 0, 0),
(30, 310, 0, 0, 0),
(30, 311, 0, 0, 0),
(30, 313, 1, 1, 1),
(30, 314, 0, 0, 0),
(30, 316, 0, 0, 0),
(30, 317, 0, 0, 0),
(30, 318, 0, 0, 0),
(30, 319, 0, 0, 0),
(30, 320, 0, 0, 0),
(30, 321, 0, 0, 0),
(30, 322, 0, 0, 0),
(30, 326, 0, 0, 0),
(31, 194, 1, 1, 0),
(31, 195, 1, 1, 0),
(31, 196, 1, 1, 0),
(31, 199, 1, 1, 0),
(31, 200, 1, 1, 0),
(31, 201, 1, 1, 0),
(31, 202, 1, 1, 0),
(31, 203, 1, 1, 0),
(31, 204, 1, 1, 0),
(31, 205, 1, 1, 0),
(31, 206, 1, 1, 0),
(31, 207, 1, 1, 0),
(31, 208, 1, 1, 0),
(31, 209, 1, 1, 0),
(31, 210, 1, 1, 0),
(31, 211, 1, 1, 0),
(31, 212, 1, 1, 0),
(31, 213, 1, 1, 0),
(31, 214, 1, 1, 0),
(31, 215, 1, 1, 0),
(31, 216, 1, 1, 0),
(31, 217, 1, 1, 0),
(31, 218, 1, 1, 0),
(31, 219, 1, 1, 0),
(31, 220, 1, 1, 0),
(31, 221, 1, 1, 0),
(31, 222, 1, 1, 0),
(31, 223, 1, 1, 0),
(31, 224, 1, 1, 0),
(31, 225, 1, 1, 0),
(31, 226, 1, 1, 0),
(31, 227, 1, 1, 0),
(31, 228, 1, 1, 0),
(31, 229, 1, 1, 0),
(31, 230, 1, 1, 0),
(31, 231, 1, 1, 0),
(31, 232, 1, 1, 0),
(31, 233, 1, 1, 0),
(31, 235, 1, 1, 0),
(31, 236, 1, 1, 0),
(31, 237, 1, 1, 0),
(31, 238, 1, 1, 0),
(31, 239, 1, 1, 0),
(31, 240, 1, 1, 0),
(31, 241, 1, 1, 0),
(31, 242, 1, 1, 0),
(31, 243, 1, 1, 0),
(31, 244, 1, 1, 0),
(31, 245, 1, 1, 0),
(31, 246, 1, 1, 0),
(31, 247, 1, 1, 0),
(31, 262, 0, 0, 0),
(31, 263, 0, 0, 0),
(31, 264, 0, 0, 0),
(31, 269, 0, 0, 0),
(31, 271, 0, 0, 0),
(31, 272, 0, 0, 0),
(31, 273, 0, 0, 0),
(31, 274, 0, 0, 0),
(31, 275, 0, 0, 0),
(31, 276, 0, 0, 0),
(31, 277, 0, 0, 0),
(31, 278, 0, 0, 0),
(31, 279, 0, 0, 0),
(31, 280, 0, 0, 0),
(31, 281, 0, 0, 0),
(31, 282, 0, 0, 0),
(31, 283, 0, 0, 0),
(31, 285, 0, 0, 0),
(31, 288, 0, 0, 0),
(31, 289, 0, 0, 0),
(31, 291, 0, 0, 0),
(31, 292, 0, 0, 0),
(31, 293, 0, 0, 0),
(31, 295, 0, 0, 0),
(31, 296, 0, 0, 0),
(31, 297, 0, 0, 0),
(31, 298, 0, 0, 0),
(31, 299, 0, 0, 0),
(31, 300, 1, 1, 1),
(31, 301, 0, 0, 0),
(31, 302, 0, 0, 0),
(31, 303, 0, 0, 0),
(31, 304, 0, 0, 0),
(31, 306, 0, 0, 0),
(31, 307, 0, 0, 0),
(31, 308, 0, 0, 0),
(31, 309, 0, 0, 0),
(31, 310, 0, 0, 0),
(31, 311, 0, 0, 0),
(31, 313, 0, 0, 0),
(31, 314, 1, 1, 1),
(31, 316, 1, 1, 1),
(31, 317, 0, 0, 0),
(31, 318, 0, 0, 0),
(31, 319, 0, 0, 0),
(31, 320, 0, 0, 0),
(31, 321, 0, 0, 0),
(31, 322, 0, 0, 0),
(31, 326, 0, 0, 0),
(32, 194, 1, 1, 0),
(32, 195, 1, 1, 0),
(32, 196, 1, 1, 0),
(32, 199, 1, 1, 0),
(32, 200, 1, 1, 0),
(32, 201, 1, 1, 0),
(32, 202, 1, 1, 0),
(32, 203, 1, 1, 0),
(32, 204, 1, 1, 0),
(32, 205, 1, 1, 0),
(32, 206, 1, 1, 0),
(32, 207, 1, 1, 0),
(32, 208, 1, 1, 0),
(32, 209, 1, 1, 0),
(32, 210, 1, 1, 0),
(32, 211, 1, 1, 0),
(32, 212, 1, 1, 0),
(32, 213, 1, 1, 0),
(32, 214, 1, 1, 0),
(32, 215, 1, 1, 0),
(32, 216, 1, 1, 0),
(32, 217, 1, 1, 0),
(32, 218, 1, 1, 0),
(32, 219, 1, 1, 0),
(32, 220, 1, 1, 0),
(32, 221, 1, 1, 0),
(32, 222, 1, 1, 0),
(32, 223, 1, 1, 0),
(32, 224, 1, 1, 0),
(32, 225, 1, 1, 0),
(32, 226, 1, 1, 0),
(32, 227, 1, 1, 0),
(32, 228, 1, 1, 0),
(32, 229, 1, 1, 0),
(32, 230, 1, 1, 0),
(32, 231, 1, 1, 0),
(32, 232, 1, 1, 0),
(32, 233, 1, 1, 0),
(32, 235, 1, 1, 0),
(32, 236, 1, 1, 0),
(32, 237, 1, 1, 0),
(32, 238, 1, 1, 0),
(32, 239, 1, 1, 0),
(32, 240, 1, 1, 0),
(32, 241, 1, 1, 0),
(32, 242, 1, 1, 0),
(32, 243, 1, 1, 0),
(32, 244, 1, 1, 0),
(32, 245, 1, 1, 0),
(32, 246, 1, 1, 0),
(32, 247, 1, 1, 0),
(32, 262, 0, 0, 0),
(32, 263, 0, 0, 0),
(32, 264, 0, 0, 0),
(32, 269, 0, 0, 0),
(32, 271, 0, 0, 0),
(32, 272, 0, 0, 0),
(32, 273, 0, 0, 0),
(32, 274, 0, 0, 0),
(32, 275, 0, 0, 0),
(32, 276, 0, 0, 0),
(32, 277, 0, 0, 0),
(32, 278, 0, 0, 0),
(32, 279, 0, 0, 0),
(32, 280, 0, 0, 0),
(32, 281, 0, 0, 0),
(32, 282, 0, 0, 0),
(32, 283, 0, 0, 0),
(32, 285, 0, 0, 0),
(32, 288, 0, 0, 0),
(32, 289, 0, 0, 0),
(32, 291, 0, 0, 0),
(32, 292, 0, 0, 0),
(32, 293, 0, 0, 0),
(32, 295, 0, 0, 0),
(32, 296, 0, 0, 0),
(32, 297, 0, 0, 0),
(32, 298, 0, 0, 0),
(32, 299, 0, 0, 0),
(32, 300, 1, 1, 1),
(32, 301, 0, 0, 0),
(32, 302, 0, 0, 0),
(32, 303, 0, 0, 0),
(32, 304, 0, 0, 0),
(32, 306, 0, 0, 0),
(32, 307, 0, 0, 0),
(32, 308, 0, 0, 0),
(32, 309, 0, 0, 0),
(32, 310, 0, 0, 0),
(32, 311, 0, 0, 0),
(32, 313, 0, 0, 0),
(32, 314, 1, 1, 1),
(32, 316, 1, 1, 1),
(32, 317, 0, 0, 0),
(32, 318, 0, 0, 0),
(32, 319, 0, 0, 0),
(32, 320, 0, 0, 0),
(32, 321, 0, 0, 0),
(32, 322, 0, 0, 0),
(32, 326, 0, 0, 0),
(33, 194, 1, 1, 0),
(33, 195, 1, 1, 0),
(33, 196, 1, 1, 0),
(33, 199, 1, 1, 0),
(33, 200, 1, 1, 0),
(33, 201, 1, 1, 0),
(33, 202, 1, 1, 0),
(33, 203, 1, 1, 0),
(33, 204, 1, 1, 0),
(33, 205, 1, 1, 0),
(33, 206, 1, 1, 0),
(33, 207, 1, 1, 0),
(33, 208, 1, 1, 0),
(33, 209, 1, 1, 0),
(33, 210, 1, 1, 0),
(33, 211, 1, 1, 0),
(33, 212, 1, 1, 0),
(33, 213, 1, 1, 0),
(33, 214, 1, 1, 0),
(33, 215, 1, 1, 0),
(33, 216, 1, 1, 0),
(33, 217, 1, 1, 0),
(33, 218, 1, 1, 0),
(33, 219, 1, 1, 0),
(33, 220, 1, 1, 0),
(33, 221, 1, 1, 0),
(33, 222, 1, 1, 0),
(33, 223, 1, 1, 0),
(33, 224, 1, 1, 0),
(33, 225, 1, 1, 0),
(33, 226, 1, 1, 0),
(33, 227, 1, 1, 0),
(33, 228, 1, 1, 0),
(33, 229, 1, 1, 0),
(33, 230, 1, 1, 0),
(33, 231, 1, 1, 0),
(33, 232, 1, 1, 0),
(33, 233, 1, 1, 0),
(33, 235, 1, 1, 0),
(33, 236, 1, 1, 0),
(33, 237, 1, 1, 0),
(33, 238, 1, 1, 0),
(33, 239, 1, 1, 0),
(33, 240, 1, 1, 0),
(33, 241, 1, 1, 0),
(33, 242, 1, 1, 0),
(33, 243, 1, 1, 0),
(33, 244, 1, 1, 0),
(33, 245, 1, 1, 0),
(33, 246, 1, 1, 0),
(33, 247, 1, 1, 0),
(33, 262, 0, 0, 0),
(33, 263, 0, 0, 0),
(33, 264, 0, 0, 0),
(33, 269, 0, 0, 0),
(33, 271, 0, 0, 0),
(33, 272, 0, 0, 0),
(33, 273, 0, 0, 0),
(33, 274, 0, 0, 0),
(33, 275, 0, 0, 0),
(33, 276, 0, 0, 0),
(33, 277, 0, 0, 0),
(33, 278, 0, 0, 0),
(33, 279, 0, 0, 0),
(33, 280, 0, 0, 0),
(33, 281, 0, 0, 0),
(33, 282, 0, 0, 0),
(33, 283, 0, 0, 0),
(33, 285, 0, 0, 0),
(33, 288, 0, 0, 0),
(33, 289, 0, 0, 0),
(33, 291, 0, 0, 0),
(33, 292, 0, 0, 0),
(33, 293, 0, 0, 0),
(33, 295, 0, 0, 0),
(33, 296, 0, 0, 0),
(33, 297, 0, 0, 0),
(33, 298, 0, 0, 0),
(33, 299, 0, 0, 0),
(33, 300, 0, 0, 0),
(33, 301, 0, 0, 0),
(33, 302, 0, 0, 0),
(33, 303, 0, 0, 0),
(33, 304, 0, 0, 0),
(33, 306, 0, 0, 0),
(33, 307, 0, 0, 0),
(33, 308, 0, 0, 0),
(33, 309, 0, 0, 0),
(33, 310, 0, 0, 0),
(33, 311, 0, 0, 0),
(33, 313, 0, 0, 0),
(33, 314, 0, 0, 0),
(33, 316, 1, 1, 1),
(33, 317, 0, 0, 0),
(33, 318, 0, 0, 0),
(33, 319, 0, 0, 0),
(33, 320, 0, 0, 0),
(33, 321, 0, 0, 0),
(33, 322, 0, 0, 0),
(33, 326, 0, 0, 0),
(34, 194, 1, 1, 0),
(34, 195, 1, 1, 0),
(34, 196, 1, 1, 0),
(34, 199, 1, 1, 0),
(34, 200, 1, 1, 0),
(34, 201, 1, 1, 0),
(34, 202, 1, 1, 0),
(34, 203, 1, 1, 0),
(34, 204, 1, 1, 0),
(34, 205, 1, 1, 0),
(34, 206, 1, 1, 0),
(34, 207, 1, 1, 0),
(34, 208, 1, 1, 0),
(34, 209, 1, 1, 0),
(34, 210, 1, 1, 0),
(34, 211, 1, 1, 0),
(34, 212, 1, 1, 0),
(34, 213, 1, 1, 0),
(34, 214, 1, 1, 0),
(34, 215, 1, 1, 0),
(34, 216, 1, 1, 0),
(34, 217, 1, 1, 0),
(34, 218, 1, 1, 0),
(34, 219, 1, 1, 0),
(34, 220, 1, 1, 0),
(34, 221, 1, 1, 0),
(34, 222, 1, 1, 0),
(34, 223, 1, 1, 0),
(34, 224, 1, 1, 0),
(34, 225, 1, 1, 0),
(34, 226, 1, 1, 0),
(34, 227, 1, 1, 0),
(34, 228, 1, 1, 0),
(34, 229, 1, 1, 0),
(34, 230, 1, 1, 0),
(34, 231, 1, 1, 0),
(34, 232, 1, 1, 0),
(34, 233, 1, 1, 0),
(34, 235, 1, 1, 0),
(34, 236, 1, 1, 0),
(34, 237, 1, 1, 0),
(34, 238, 1, 1, 0),
(34, 239, 1, 1, 0),
(34, 240, 1, 1, 0),
(34, 241, 1, 1, 0),
(34, 242, 1, 1, 0),
(34, 243, 1, 1, 0),
(34, 244, 1, 1, 0),
(34, 245, 1, 1, 0),
(34, 246, 1, 1, 0),
(34, 247, 1, 1, 0),
(34, 262, 0, 0, 0),
(34, 263, 0, 0, 0),
(34, 264, 0, 0, 0),
(34, 269, 0, 0, 0),
(34, 271, 0, 0, 0),
(34, 272, 0, 0, 0),
(34, 273, 0, 0, 0),
(34, 274, 0, 0, 0),
(34, 275, 0, 0, 0),
(34, 276, 0, 0, 0),
(34, 277, 0, 0, 0),
(34, 278, 0, 0, 0),
(34, 279, 0, 0, 0),
(34, 280, 0, 0, 0),
(34, 281, 0, 0, 0),
(34, 282, 0, 0, 0),
(34, 283, 0, 0, 0),
(34, 285, 0, 0, 0),
(34, 288, 0, 0, 0),
(34, 289, 0, 0, 0),
(34, 291, 0, 0, 0),
(34, 292, 0, 0, 0),
(34, 293, 0, 0, 0),
(34, 295, 0, 0, 0),
(34, 296, 0, 0, 0),
(34, 297, 0, 0, 0),
(34, 298, 0, 0, 0),
(34, 299, 0, 0, 0),
(34, 300, 0, 0, 0),
(34, 301, 0, 0, 0),
(34, 302, 0, 0, 0),
(34, 303, 0, 0, 0),
(34, 304, 0, 0, 0),
(34, 306, 0, 0, 0),
(34, 307, 0, 0, 0),
(34, 308, 0, 0, 0),
(34, 309, 0, 0, 0);
INSERT INTO `tm_acl_task` (`user_id`, `task_id`, `is_read`, `is_write`, `is_executant`) VALUES
(34, 310, 0, 0, 0),
(34, 311, 0, 0, 0),
(34, 313, 0, 0, 0),
(34, 314, 0, 0, 0),
(34, 316, 1, 1, 1),
(34, 317, 0, 0, 0),
(34, 318, 0, 0, 0),
(34, 319, 0, 0, 0),
(34, 320, 0, 0, 0),
(34, 321, 0, 0, 0),
(34, 322, 0, 0, 0),
(34, 326, 0, 0, 0),
(35, 194, 1, 1, 0),
(35, 195, 1, 1, 0),
(35, 196, 1, 1, 0),
(35, 199, 1, 1, 0),
(35, 200, 1, 1, 0),
(35, 201, 1, 1, 0),
(35, 202, 1, 1, 0),
(35, 203, 1, 1, 0),
(35, 204, 1, 1, 0),
(35, 205, 1, 1, 0),
(35, 206, 1, 1, 0),
(35, 207, 1, 1, 0),
(35, 208, 1, 1, 0),
(35, 209, 1, 1, 0),
(35, 210, 1, 1, 0),
(35, 211, 1, 1, 0),
(35, 212, 1, 1, 0),
(35, 213, 1, 1, 0),
(35, 214, 1, 1, 0),
(35, 215, 1, 1, 0),
(35, 216, 1, 1, 0),
(35, 217, 1, 1, 0),
(35, 218, 1, 1, 0),
(35, 219, 1, 1, 0),
(35, 220, 1, 1, 0),
(35, 221, 1, 1, 0),
(35, 222, 1, 1, 0),
(35, 223, 1, 1, 0),
(35, 224, 1, 1, 0),
(35, 225, 1, 1, 0),
(35, 226, 1, 1, 0),
(35, 227, 1, 1, 0),
(35, 228, 1, 1, 0),
(35, 229, 1, 1, 0),
(35, 230, 1, 1, 0),
(35, 231, 1, 1, 0),
(35, 232, 1, 1, 0),
(35, 233, 1, 1, 0),
(35, 235, 1, 1, 0),
(35, 236, 1, 1, 0),
(35, 237, 1, 1, 0),
(35, 238, 1, 1, 0),
(35, 239, 1, 1, 0),
(35, 240, 1, 1, 0),
(35, 241, 1, 1, 0),
(35, 242, 1, 1, 0),
(35, 243, 1, 1, 0),
(35, 244, 1, 1, 0),
(35, 245, 1, 1, 0),
(35, 246, 1, 1, 0),
(35, 247, 1, 1, 0),
(35, 262, 0, 0, 0),
(35, 263, 0, 0, 0),
(35, 264, 0, 0, 0),
(35, 269, 0, 0, 0),
(35, 271, 0, 0, 0),
(35, 272, 0, 0, 0),
(35, 273, 0, 0, 0),
(35, 274, 0, 0, 0),
(35, 275, 1, 1, 1),
(35, 276, 0, 0, 0),
(35, 277, 0, 0, 0),
(35, 278, 0, 0, 0),
(35, 279, 0, 0, 0),
(35, 280, 0, 0, 0),
(35, 281, 0, 0, 0),
(35, 282, 0, 0, 0),
(35, 283, 0, 0, 0),
(35, 285, 0, 0, 0),
(35, 288, 0, 0, 0),
(35, 289, 0, 0, 0),
(35, 291, 0, 0, 0),
(35, 292, 0, 0, 0),
(35, 293, 0, 0, 0),
(35, 295, 0, 0, 0),
(35, 296, 0, 0, 0),
(35, 297, 0, 0, 0),
(35, 298, 0, 0, 0),
(35, 299, 0, 0, 0),
(35, 300, 0, 0, 0),
(35, 301, 0, 0, 0),
(35, 302, 0, 0, 0),
(35, 303, 0, 0, 0),
(35, 304, 0, 0, 0),
(35, 306, 0, 0, 0),
(35, 307, 0, 0, 0),
(35, 308, 0, 0, 0),
(35, 309, 0, 0, 0),
(35, 310, 0, 0, 0),
(35, 311, 0, 0, 0),
(35, 313, 0, 0, 0),
(35, 314, 0, 0, 0),
(35, 316, 1, 1, 1),
(35, 317, 0, 0, 0),
(35, 318, 0, 0, 0),
(35, 319, 0, 0, 0),
(35, 320, 0, 0, 0),
(35, 321, 0, 0, 0),
(35, 322, 0, 0, 0),
(35, 326, 0, 0, 0),
(36, 194, 1, 1, 0),
(36, 195, 1, 1, 0),
(36, 196, 1, 1, 0),
(36, 199, 1, 1, 0),
(36, 200, 1, 1, 0),
(36, 201, 1, 1, 0),
(36, 202, 1, 1, 0),
(36, 203, 1, 1, 0),
(36, 204, 1, 1, 0),
(36, 205, 1, 1, 0),
(36, 206, 1, 1, 0),
(36, 207, 1, 1, 0),
(36, 208, 1, 1, 0),
(36, 209, 1, 1, 0),
(36, 210, 1, 1, 0),
(36, 211, 1, 1, 0),
(36, 212, 1, 1, 0),
(36, 213, 1, 1, 0),
(36, 214, 1, 1, 0),
(36, 215, 1, 1, 0),
(36, 216, 1, 1, 0),
(36, 217, 1, 1, 0),
(36, 218, 1, 1, 0),
(36, 219, 1, 1, 0),
(36, 220, 1, 1, 0),
(36, 221, 1, 1, 0),
(36, 222, 1, 1, 0),
(36, 223, 1, 1, 0),
(36, 224, 1, 1, 0),
(36, 225, 1, 1, 0),
(36, 226, 1, 1, 0),
(36, 227, 1, 1, 0),
(36, 228, 1, 1, 0),
(36, 229, 1, 1, 0),
(36, 230, 1, 1, 0),
(36, 231, 1, 1, 0),
(36, 232, 1, 1, 0),
(36, 233, 1, 1, 0),
(36, 235, 1, 1, 0),
(36, 236, 1, 1, 0),
(36, 237, 1, 1, 0),
(36, 238, 1, 1, 0),
(36, 239, 1, 1, 0),
(36, 240, 1, 1, 0),
(36, 241, 1, 1, 0),
(36, 242, 1, 1, 0),
(36, 243, 1, 1, 0),
(36, 244, 1, 1, 0),
(36, 245, 1, 1, 0),
(36, 246, 1, 1, 0),
(36, 247, 1, 1, 0),
(36, 262, 0, 0, 0),
(36, 263, 0, 0, 0),
(36, 264, 0, 0, 0),
(36, 269, 0, 0, 0),
(36, 271, 0, 0, 0),
(36, 272, 0, 0, 0),
(36, 273, 0, 0, 0),
(36, 274, 0, 0, 0),
(36, 275, 0, 0, 0),
(36, 276, 0, 0, 0),
(36, 277, 0, 0, 0),
(36, 278, 0, 0, 0),
(36, 279, 0, 0, 0),
(36, 280, 0, 0, 0),
(36, 281, 0, 0, 0),
(36, 282, 0, 0, 0),
(36, 283, 0, 0, 0),
(36, 285, 0, 0, 0),
(36, 288, 0, 0, 0),
(36, 289, 0, 0, 0),
(36, 291, 0, 0, 0),
(36, 292, 0, 0, 0),
(36, 293, 0, 0, 0),
(36, 295, 0, 0, 0),
(36, 296, 0, 0, 0),
(36, 297, 0, 0, 0),
(36, 298, 0, 0, 0),
(36, 299, 0, 0, 0),
(36, 300, 0, 0, 0),
(36, 301, 0, 0, 0),
(36, 302, 0, 0, 0),
(36, 303, 0, 0, 0),
(36, 304, 0, 0, 0),
(36, 306, 0, 0, 0),
(36, 307, 0, 0, 0),
(36, 308, 0, 0, 0),
(36, 309, 0, 0, 0),
(36, 310, 0, 0, 0),
(36, 311, 0, 0, 0),
(36, 313, 0, 0, 0),
(36, 314, 0, 0, 0),
(36, 316, 0, 0, 0),
(36, 317, 0, 0, 0),
(36, 318, 0, 0, 0),
(36, 319, 0, 0, 0),
(36, 320, 0, 0, 0),
(36, 321, 0, 0, 0),
(36, 322, 0, 0, 0),
(36, 326, 0, 0, 0),
(41, 194, 1, 1, 0),
(41, 195, 1, 1, 0),
(41, 196, 1, 1, 0),
(41, 199, 1, 1, 0),
(41, 200, 1, 1, 0),
(41, 201, 1, 1, 0),
(41, 202, 1, 1, 0),
(41, 203, 1, 1, 0),
(41, 204, 1, 1, 0),
(41, 205, 1, 1, 0),
(41, 206, 1, 1, 0),
(41, 207, 1, 1, 0),
(41, 208, 1, 1, 0),
(41, 209, 1, 1, 0),
(41, 210, 1, 1, 0),
(41, 211, 1, 1, 0),
(41, 212, 1, 1, 0),
(41, 213, 1, 1, 0),
(41, 214, 1, 1, 0),
(41, 215, 1, 1, 0),
(41, 216, 1, 1, 0),
(41, 217, 1, 1, 0),
(41, 218, 1, 1, 0),
(41, 219, 1, 1, 0),
(41, 220, 1, 1, 0),
(41, 221, 1, 1, 0),
(41, 222, 1, 1, 0),
(41, 223, 1, 1, 0),
(41, 224, 1, 1, 0),
(41, 225, 1, 1, 0),
(41, 226, 1, 1, 0),
(41, 227, 1, 1, 0),
(41, 228, 1, 1, 0),
(41, 229, 1, 1, 0),
(41, 230, 1, 1, 0),
(41, 231, 1, 1, 0),
(41, 232, 1, 1, 0),
(41, 233, 1, 1, 0),
(41, 235, 1, 1, 0),
(41, 236, 1, 1, 0),
(41, 237, 1, 1, 0),
(41, 238, 1, 1, 0),
(41, 239, 1, 1, 0),
(41, 240, 1, 1, 0),
(41, 241, 1, 1, 0),
(41, 242, 1, 1, 0),
(41, 243, 1, 1, 0),
(41, 244, 1, 1, 0),
(41, 245, 1, 1, 0),
(41, 246, 1, 1, 0),
(41, 247, 1, 1, 0),
(41, 262, 0, 0, 0),
(41, 263, 0, 0, 0),
(41, 264, 0, 0, 0),
(41, 269, 0, 0, 0),
(41, 271, 0, 0, 0),
(41, 272, 0, 0, 0),
(41, 273, 0, 0, 0),
(41, 274, 0, 0, 0),
(41, 275, 0, 0, 0),
(41, 276, 0, 0, 0),
(41, 277, 0, 0, 0),
(41, 278, 0, 0, 0),
(41, 279, 0, 0, 0),
(41, 280, 0, 0, 0),
(41, 281, 0, 0, 0),
(41, 282, 0, 0, 0),
(41, 283, 0, 0, 0),
(41, 285, 0, 0, 0),
(41, 288, 0, 0, 0),
(41, 289, 0, 0, 0),
(41, 291, 0, 0, 0),
(41, 292, 0, 0, 0),
(41, 293, 0, 0, 0),
(41, 295, 0, 0, 0),
(41, 296, 0, 0, 0),
(41, 297, 0, 0, 0),
(41, 298, 0, 0, 0),
(41, 299, 0, 0, 0),
(41, 300, 0, 0, 0),
(41, 301, 0, 0, 0),
(41, 302, 0, 0, 0),
(41, 303, 0, 0, 0),
(41, 304, 0, 0, 0),
(41, 306, 0, 0, 0),
(41, 307, 0, 0, 0),
(41, 308, 0, 0, 0),
(41, 309, 0, 0, 0),
(41, 310, 0, 0, 0),
(41, 311, 0, 0, 0),
(41, 313, 0, 0, 0),
(41, 314, 0, 0, 0),
(41, 316, 0, 0, 0),
(41, 317, 0, 0, 0),
(41, 318, 0, 0, 0),
(41, 319, 0, 0, 0),
(41, 320, 0, 0, 0),
(41, 321, 0, 0, 0),
(41, 322, 0, 0, 0),
(41, 326, 0, 0, 0),
(42, 195, 0, 0, 0),
(42, 209, 0, 0, 0),
(42, 217, 0, 0, 0),
(42, 263, 0, 0, 0),
(42, 264, 0, 0, 0),
(42, 269, 0, 0, 0),
(42, 271, 0, 0, 0),
(42, 272, 0, 0, 0),
(42, 273, 0, 0, 0),
(42, 274, 0, 0, 0),
(42, 275, 0, 0, 0),
(42, 276, 0, 0, 0),
(42, 277, 0, 0, 0),
(42, 278, 0, 0, 0),
(42, 279, 0, 0, 0),
(42, 280, 0, 0, 0),
(42, 281, 0, 0, 0),
(42, 282, 0, 0, 0),
(42, 283, 0, 0, 0),
(42, 285, 0, 0, 0),
(42, 288, 0, 0, 0),
(42, 289, 0, 0, 0),
(42, 291, 0, 0, 0),
(42, 292, 0, 0, 0),
(42, 293, 0, 0, 0),
(42, 295, 0, 0, 0),
(42, 296, 0, 0, 0),
(42, 297, 0, 0, 0),
(42, 298, 0, 0, 0),
(42, 299, 0, 0, 0),
(42, 300, 0, 0, 0),
(42, 301, 0, 0, 0),
(42, 302, 0, 0, 0),
(42, 303, 0, 0, 0),
(42, 304, 0, 0, 0),
(42, 306, 0, 0, 0),
(42, 307, 0, 0, 0),
(42, 308, 0, 0, 0),
(42, 309, 0, 0, 0),
(42, 310, 0, 0, 0),
(42, 311, 0, 0, 0),
(42, 313, 0, 0, 0),
(42, 314, 0, 0, 0),
(42, 316, 0, 0, 0),
(42, 317, 0, 0, 0),
(42, 318, 0, 0, 0),
(42, 319, 0, 0, 0),
(42, 320, 0, 0, 0),
(42, 321, 0, 0, 0),
(42, 322, 0, 0, 0),
(42, 326, 0, 0, 0),
(43, 195, 0, 0, 0),
(43, 209, 0, 0, 0),
(43, 217, 0, 0, 0),
(43, 263, 0, 0, 0),
(43, 264, 0, 0, 0),
(43, 269, 0, 0, 0),
(43, 271, 0, 0, 0),
(43, 272, 0, 0, 0),
(43, 273, 0, 0, 0),
(43, 274, 0, 0, 0),
(43, 275, 0, 0, 0),
(43, 276, 0, 0, 0),
(43, 277, 0, 0, 0),
(43, 278, 0, 0, 0),
(43, 279, 0, 0, 0),
(43, 280, 0, 0, 0),
(43, 281, 0, 0, 0),
(43, 282, 0, 0, 0),
(43, 283, 0, 0, 0),
(43, 285, 0, 0, 0),
(43, 288, 0, 0, 0),
(43, 289, 0, 0, 0),
(43, 291, 0, 0, 0),
(43, 292, 0, 0, 0),
(43, 293, 0, 0, 0),
(43, 295, 0, 0, 0),
(43, 296, 0, 0, 0),
(43, 297, 0, 0, 0),
(43, 298, 0, 0, 0),
(43, 299, 0, 0, 0),
(43, 300, 0, 0, 0),
(43, 301, 0, 0, 0),
(43, 302, 0, 0, 0),
(43, 303, 0, 0, 0),
(43, 304, 0, 0, 0),
(43, 306, 0, 0, 0),
(43, 307, 0, 0, 0),
(43, 308, 0, 0, 0),
(43, 309, 0, 0, 0),
(43, 310, 0, 0, 0),
(43, 311, 0, 0, 0),
(43, 313, 0, 0, 0),
(43, 314, 0, 0, 0),
(43, 316, 0, 0, 0),
(43, 317, 0, 0, 0),
(43, 318, 0, 0, 0),
(43, 319, 0, 0, 0),
(43, 320, 0, 0, 0),
(43, 321, 0, 0, 0),
(43, 322, 0, 0, 0),
(43, 326, 0, 0, 0),
(44, 195, 0, 0, 0),
(44, 209, 0, 0, 0),
(44, 217, 0, 0, 0),
(44, 263, 0, 0, 0),
(44, 264, 0, 0, 0),
(44, 269, 0, 0, 0),
(44, 271, 0, 0, 0),
(44, 272, 0, 0, 0),
(44, 273, 0, 0, 0),
(44, 274, 0, 0, 0),
(44, 275, 0, 0, 0),
(44, 276, 0, 0, 0),
(44, 277, 0, 0, 0),
(44, 278, 0, 0, 0),
(44, 279, 0, 0, 0),
(44, 280, 0, 0, 0),
(44, 281, 0, 0, 0),
(44, 282, 0, 0, 0),
(44, 283, 0, 0, 0),
(44, 285, 0, 0, 0),
(44, 288, 0, 0, 0),
(44, 289, 0, 0, 0),
(44, 291, 0, 0, 0),
(44, 292, 0, 0, 0),
(44, 293, 0, 0, 0),
(44, 295, 0, 0, 0),
(44, 296, 0, 0, 0),
(44, 297, 0, 0, 0),
(44, 298, 0, 0, 0),
(44, 299, 0, 0, 0),
(44, 300, 0, 0, 0),
(44, 301, 0, 0, 0),
(44, 302, 0, 0, 0),
(44, 303, 0, 0, 0),
(44, 304, 0, 0, 0),
(44, 306, 0, 0, 0),
(44, 307, 0, 0, 0),
(44, 308, 0, 0, 0),
(44, 309, 0, 0, 0),
(44, 310, 0, 0, 0),
(44, 311, 0, 0, 0),
(44, 313, 0, 0, 0),
(44, 314, 0, 0, 0),
(44, 316, 0, 0, 0),
(44, 317, 0, 0, 0),
(44, 318, 0, 0, 0),
(44, 319, 0, 0, 0),
(44, 320, 0, 0, 0),
(44, 321, 0, 0, 0),
(44, 322, 0, 0, 0),
(44, 326, 0, 0, 0),
(45, 195, 0, 0, 0),
(45, 209, 0, 0, 0),
(45, 217, 0, 0, 0),
(45, 263, 0, 0, 0),
(45, 264, 0, 0, 0),
(45, 269, 0, 0, 0),
(45, 271, 0, 0, 0),
(45, 272, 0, 0, 0),
(45, 273, 0, 0, 0),
(45, 274, 0, 0, 0),
(45, 275, 0, 0, 0),
(45, 276, 0, 0, 0),
(45, 277, 0, 0, 0),
(45, 278, 0, 0, 0),
(45, 279, 0, 0, 0),
(45, 280, 0, 0, 0),
(45, 281, 0, 0, 0),
(45, 282, 0, 0, 0),
(45, 283, 0, 0, 0),
(45, 285, 0, 0, 0),
(45, 288, 0, 0, 0),
(45, 289, 0, 0, 0),
(45, 291, 0, 0, 0),
(45, 292, 0, 0, 0),
(45, 293, 0, 0, 0),
(45, 295, 0, 0, 0),
(45, 296, 0, 0, 0),
(45, 297, 0, 0, 0),
(45, 298, 0, 0, 0),
(45, 299, 0, 0, 0),
(45, 300, 0, 0, 0),
(45, 301, 0, 0, 0),
(45, 302, 0, 0, 0),
(45, 303, 0, 0, 0),
(45, 304, 0, 0, 0),
(45, 306, 0, 0, 0),
(45, 307, 0, 0, 0),
(45, 308, 0, 0, 0),
(45, 309, 0, 0, 0),
(45, 310, 0, 0, 0),
(45, 311, 0, 0, 0),
(45, 313, 0, 0, 0),
(45, 314, 0, 0, 0),
(45, 316, 0, 0, 0),
(45, 317, 0, 0, 0),
(45, 318, 0, 0, 0),
(45, 319, 0, 0, 0),
(45, 320, 0, 0, 0),
(45, 321, 0, 0, 0),
(45, 322, 0, 0, 0),
(45, 326, 0, 0, 0),
(46, 195, 0, 0, 0),
(46, 209, 0, 0, 0),
(46, 217, 0, 0, 0),
(46, 263, 0, 0, 0),
(46, 264, 0, 0, 0),
(46, 269, 0, 0, 0),
(46, 271, 0, 0, 0),
(46, 272, 0, 0, 0),
(46, 273, 0, 0, 0),
(46, 274, 0, 0, 0),
(46, 275, 0, 0, 0),
(46, 276, 0, 0, 0),
(46, 277, 0, 0, 0),
(46, 278, 0, 0, 0),
(46, 279, 0, 0, 0),
(46, 280, 0, 0, 0),
(46, 281, 0, 0, 0),
(46, 282, 0, 0, 0),
(46, 283, 0, 0, 0),
(46, 285, 0, 0, 0),
(46, 288, 0, 0, 0),
(46, 289, 0, 0, 0),
(46, 291, 0, 0, 0),
(46, 292, 0, 0, 0),
(46, 293, 0, 0, 0),
(46, 295, 0, 0, 0),
(46, 296, 0, 0, 0),
(46, 297, 0, 0, 0),
(46, 298, 0, 0, 0),
(46, 299, 0, 0, 0),
(46, 300, 0, 0, 0),
(46, 301, 0, 0, 0),
(46, 302, 0, 0, 0),
(46, 303, 0, 0, 0),
(46, 304, 0, 0, 0),
(46, 306, 0, 0, 0),
(46, 307, 0, 0, 0),
(46, 308, 0, 0, 0),
(46, 309, 0, 0, 0),
(46, 310, 0, 0, 0),
(46, 311, 0, 0, 0),
(46, 313, 0, 0, 0),
(46, 314, 0, 0, 0),
(46, 316, 0, 0, 0),
(46, 317, 0, 0, 0),
(46, 318, 0, 0, 0),
(46, 319, 0, 0, 0),
(46, 320, 0, 0, 0),
(46, 321, 0, 0, 0),
(46, 322, 0, 0, 0),
(46, 326, 0, 0, 0),
(48, 195, 0, 0, 0),
(48, 209, 0, 0, 0),
(48, 217, 0, 0, 0),
(48, 263, 0, 0, 0),
(48, 264, 0, 0, 0),
(48, 269, 0, 0, 0),
(48, 271, 0, 0, 0),
(48, 272, 0, 0, 0),
(48, 273, 0, 0, 0),
(48, 274, 0, 0, 0),
(48, 275, 0, 0, 0),
(48, 276, 0, 0, 0),
(48, 277, 0, 0, 0),
(48, 278, 0, 0, 0),
(48, 279, 0, 0, 0),
(48, 280, 0, 0, 0),
(48, 281, 0, 0, 0),
(48, 282, 0, 0, 0),
(48, 283, 0, 0, 0),
(48, 285, 0, 0, 0),
(48, 288, 0, 0, 0),
(48, 289, 0, 0, 0),
(48, 291, 0, 0, 0),
(48, 292, 0, 0, 0),
(48, 293, 0, 0, 0),
(48, 295, 0, 0, 0),
(48, 296, 0, 0, 0),
(48, 297, 0, 0, 0),
(48, 298, 0, 0, 0),
(48, 299, 0, 0, 0),
(48, 300, 0, 0, 0),
(48, 301, 0, 0, 0),
(48, 302, 0, 0, 0),
(48, 303, 0, 0, 0),
(48, 304, 0, 0, 0),
(48, 306, 0, 0, 0),
(48, 307, 0, 0, 0),
(48, 308, 0, 0, 0),
(48, 309, 0, 0, 0),
(48, 310, 0, 0, 0),
(48, 311, 0, 0, 0),
(48, 313, 0, 0, 0),
(48, 314, 0, 0, 0),
(48, 316, 0, 0, 0),
(48, 317, 0, 0, 0),
(48, 318, 0, 0, 0),
(48, 319, 0, 0, 0),
(48, 320, 0, 0, 0),
(48, 321, 0, 0, 0),
(48, 322, 0, 0, 0),
(48, 326, 0, 0, 0),
(49, 195, 0, 0, 0),
(49, 209, 0, 0, 0),
(49, 217, 0, 0, 0),
(49, 263, 0, 0, 0),
(49, 264, 0, 0, 0),
(49, 269, 0, 0, 0),
(49, 271, 0, 0, 0),
(49, 272, 0, 0, 0),
(49, 273, 0, 0, 0),
(49, 274, 0, 0, 0),
(49, 275, 0, 0, 0),
(49, 276, 0, 0, 0),
(49, 277, 0, 0, 0),
(49, 278, 0, 0, 0),
(49, 279, 0, 0, 0),
(49, 280, 0, 0, 0),
(49, 281, 0, 0, 0),
(49, 282, 0, 0, 0),
(49, 283, 0, 0, 0),
(49, 285, 0, 0, 0),
(49, 288, 0, 0, 0),
(49, 289, 0, 0, 0),
(49, 291, 0, 0, 0),
(49, 292, 0, 0, 0),
(49, 293, 0, 0, 0),
(49, 295, 0, 0, 0),
(49, 296, 0, 0, 0),
(49, 297, 0, 0, 0),
(49, 298, 0, 0, 0),
(49, 299, 0, 0, 0),
(49, 300, 0, 0, 0),
(49, 301, 0, 0, 0),
(49, 302, 0, 0, 0),
(49, 303, 0, 0, 0),
(49, 304, 0, 0, 0),
(49, 306, 0, 0, 0),
(49, 307, 0, 0, 0),
(49, 308, 0, 0, 0),
(49, 309, 0, 0, 0),
(49, 310, 0, 0, 0),
(49, 311, 0, 0, 0),
(49, 313, 0, 0, 0),
(49, 314, 0, 0, 0),
(49, 316, 0, 0, 0),
(49, 317, 0, 0, 0),
(49, 318, 0, 0, 0),
(49, 319, 0, 0, 0),
(49, 320, 0, 0, 0),
(49, 321, 0, 0, 0),
(49, 322, 0, 0, 0),
(49, 326, 0, 0, 0),
(50, 195, 0, 0, 0),
(50, 209, 0, 0, 0),
(50, 217, 0, 0, 0),
(50, 263, 0, 0, 0),
(50, 264, 0, 0, 0),
(50, 269, 0, 0, 0),
(50, 271, 0, 0, 0),
(50, 272, 0, 0, 0),
(50, 273, 0, 0, 0),
(50, 274, 0, 0, 0),
(50, 275, 0, 0, 0),
(50, 276, 0, 0, 0),
(50, 277, 0, 0, 0),
(50, 278, 0, 0, 0),
(50, 279, 0, 0, 0),
(50, 280, 0, 0, 0),
(50, 281, 0, 0, 0),
(50, 282, 0, 0, 0),
(50, 283, 0, 0, 0),
(50, 285, 0, 0, 0),
(50, 288, 0, 0, 0),
(50, 289, 0, 0, 0),
(50, 291, 0, 0, 0),
(50, 292, 0, 0, 0),
(50, 293, 0, 0, 0),
(50, 295, 0, 0, 0),
(50, 296, 0, 0, 0),
(50, 297, 0, 0, 0),
(50, 298, 0, 0, 0),
(50, 299, 0, 0, 0),
(50, 300, 0, 0, 0),
(50, 301, 0, 0, 0),
(50, 302, 0, 0, 0),
(50, 303, 0, 0, 0),
(50, 304, 0, 0, 0),
(50, 306, 0, 0, 0),
(50, 307, 0, 0, 0),
(50, 308, 0, 0, 0),
(50, 309, 0, 0, 0),
(50, 310, 0, 0, 0),
(50, 311, 0, 0, 0),
(50, 313, 0, 0, 0),
(50, 314, 0, 0, 0),
(50, 316, 0, 0, 0),
(50, 317, 0, 0, 0),
(50, 318, 0, 0, 0),
(50, 319, 0, 0, 0),
(50, 320, 0, 0, 0),
(50, 321, 0, 0, 0),
(50, 322, 0, 0, 0),
(50, 326, 0, 0, 0),
(51, 195, 0, 0, 0),
(51, 209, 0, 0, 0),
(51, 217, 0, 0, 0),
(51, 263, 0, 0, 0),
(51, 264, 0, 0, 0),
(51, 269, 0, 0, 0),
(51, 271, 0, 0, 0),
(51, 272, 0, 0, 0),
(51, 273, 0, 0, 0),
(51, 274, 0, 0, 0),
(51, 275, 0, 0, 0),
(51, 276, 0, 0, 0),
(51, 277, 0, 0, 0),
(51, 278, 0, 0, 0),
(51, 279, 0, 0, 0),
(51, 280, 0, 0, 0),
(51, 281, 0, 0, 0),
(51, 282, 0, 0, 0),
(51, 283, 0, 0, 0),
(51, 285, 0, 0, 0),
(51, 288, 0, 0, 0),
(51, 289, 0, 0, 0),
(51, 291, 0, 0, 0),
(51, 292, 0, 0, 0),
(51, 293, 0, 0, 0),
(51, 295, 0, 0, 0),
(51, 296, 0, 0, 0),
(51, 297, 0, 0, 0),
(51, 298, 0, 0, 0),
(51, 299, 0, 0, 0),
(51, 300, 0, 0, 0),
(51, 301, 0, 0, 0),
(51, 302, 0, 0, 0),
(51, 303, 0, 0, 0),
(51, 304, 0, 0, 0),
(51, 306, 0, 0, 0),
(51, 307, 0, 0, 0),
(51, 308, 0, 0, 0),
(51, 309, 0, 0, 0),
(51, 310, 0, 0, 0),
(51, 311, 0, 0, 0),
(51, 313, 0, 0, 0),
(51, 314, 0, 0, 0),
(51, 316, 0, 0, 0),
(51, 317, 0, 0, 0),
(51, 318, 0, 0, 0),
(51, 319, 0, 0, 0),
(51, 320, 0, 0, 0),
(51, 321, 0, 0, 0),
(51, 322, 0, 0, 0),
(51, 326, 0, 0, 0),
(52, 195, 0, 0, 0),
(52, 209, 0, 0, 0),
(52, 217, 0, 0, 0),
(52, 263, 0, 0, 0),
(52, 264, 0, 0, 0),
(52, 269, 0, 0, 0),
(52, 271, 0, 0, 0),
(52, 272, 0, 0, 0),
(52, 273, 0, 0, 0),
(52, 274, 0, 0, 0),
(52, 275, 0, 0, 0),
(52, 276, 0, 0, 0),
(52, 277, 0, 0, 0),
(52, 278, 0, 0, 0),
(52, 279, 0, 0, 0),
(52, 280, 0, 0, 0),
(52, 281, 0, 0, 0),
(52, 282, 0, 0, 0),
(52, 283, 0, 0, 0),
(52, 285, 0, 0, 0),
(52, 288, 0, 0, 0),
(52, 289, 0, 0, 0),
(52, 291, 0, 0, 0),
(52, 292, 0, 0, 0),
(52, 293, 0, 0, 0),
(52, 295, 0, 0, 0),
(52, 296, 0, 0, 0),
(52, 297, 0, 0, 0),
(52, 298, 0, 0, 0),
(52, 299, 0, 0, 0),
(52, 300, 0, 0, 0),
(52, 301, 0, 0, 0),
(52, 302, 0, 0, 0),
(52, 303, 0, 0, 0),
(52, 304, 0, 0, 0),
(52, 306, 0, 0, 0),
(52, 307, 0, 0, 0),
(52, 308, 0, 0, 0),
(52, 309, 0, 0, 0),
(52, 310, 0, 0, 0),
(52, 311, 0, 0, 0),
(52, 313, 0, 0, 0),
(52, 314, 0, 0, 0),
(52, 316, 0, 0, 0),
(52, 317, 0, 0, 0),
(52, 318, 0, 0, 0),
(52, 319, 0, 0, 0),
(52, 320, 0, 0, 0),
(52, 321, 0, 0, 0),
(52, 322, 0, 0, 0),
(52, 326, 0, 0, 0),
(53, 195, 0, 0, 0),
(53, 209, 0, 0, 0),
(53, 217, 0, 0, 0),
(53, 263, 0, 0, 0),
(53, 264, 0, 0, 0),
(53, 269, 1, 1, 1),
(53, 271, 0, 0, 0),
(53, 272, 0, 0, 0),
(53, 273, 0, 0, 0),
(53, 274, 0, 0, 0),
(53, 275, 0, 0, 0),
(53, 276, 0, 0, 0),
(53, 277, 0, 0, 0),
(53, 278, 0, 0, 0),
(53, 279, 0, 0, 0),
(53, 280, 0, 0, 0),
(53, 281, 0, 0, 0),
(53, 282, 0, 0, 0),
(53, 283, 0, 0, 0),
(53, 285, 0, 0, 0),
(53, 288, 0, 0, 0),
(53, 289, 0, 0, 0),
(53, 291, 0, 0, 0),
(53, 292, 0, 0, 0),
(53, 293, 0, 0, 0),
(53, 295, 0, 0, 0),
(53, 296, 0, 0, 0),
(53, 297, 0, 0, 0),
(53, 298, 0, 0, 0),
(53, 299, 0, 0, 0),
(53, 300, 0, 0, 0),
(53, 301, 0, 0, 0),
(53, 302, 0, 0, 0),
(53, 303, 0, 0, 0),
(53, 304, 0, 0, 0),
(53, 306, 0, 0, 0),
(53, 307, 0, 0, 0),
(53, 308, 0, 0, 0),
(53, 309, 0, 0, 0),
(53, 310, 0, 0, 0),
(53, 311, 0, 0, 0),
(53, 313, 0, 0, 0),
(53, 314, 0, 0, 0),
(53, 316, 0, 0, 0),
(53, 317, 0, 0, 0),
(53, 318, 0, 0, 0),
(53, 319, 0, 0, 0),
(53, 320, 0, 0, 0),
(53, 321, 0, 0, 0),
(53, 322, 0, 0, 0),
(53, 326, 0, 0, 0),
(54, 195, 0, 0, 0),
(54, 209, 0, 0, 0),
(54, 217, 0, 0, 0),
(54, 263, 0, 0, 0),
(54, 264, 0, 0, 0),
(54, 269, 0, 0, 0),
(54, 271, 0, 0, 0),
(54, 272, 0, 0, 0),
(54, 273, 0, 0, 0),
(54, 274, 0, 0, 0),
(54, 275, 0, 0, 0),
(54, 276, 0, 0, 0),
(54, 277, 0, 0, 0),
(54, 278, 0, 0, 0),
(54, 279, 0, 0, 0),
(54, 280, 0, 0, 0),
(54, 281, 0, 0, 0),
(54, 282, 0, 0, 0),
(54, 283, 0, 0, 0),
(54, 285, 0, 0, 0),
(54, 288, 0, 0, 0),
(54, 289, 0, 0, 0),
(54, 291, 0, 0, 0),
(54, 292, 0, 0, 0),
(54, 293, 0, 0, 0),
(54, 295, 0, 0, 0),
(54, 296, 0, 0, 0),
(54, 297, 0, 0, 0),
(54, 298, 0, 0, 0),
(54, 299, 0, 0, 0),
(54, 300, 0, 0, 0),
(54, 301, 0, 0, 0),
(54, 302, 0, 0, 0),
(54, 303, 0, 0, 0),
(54, 304, 0, 0, 0),
(54, 306, 0, 0, 0),
(54, 307, 0, 0, 0),
(54, 308, 0, 0, 0),
(54, 309, 0, 0, 0),
(54, 310, 0, 0, 0),
(54, 311, 0, 0, 0),
(54, 313, 0, 0, 0),
(54, 314, 0, 0, 0),
(54, 316, 0, 0, 0),
(54, 317, 0, 0, 0),
(54, 318, 0, 0, 0),
(54, 319, 0, 0, 0),
(54, 320, 0, 0, 0),
(54, 321, 0, 0, 0),
(54, 322, 0, 0, 0),
(54, 326, 0, 0, 0),
(55, 195, 0, 0, 0),
(55, 209, 0, 0, 0),
(55, 217, 0, 0, 0),
(55, 263, 0, 0, 0),
(55, 264, 0, 0, 0),
(55, 269, 0, 0, 0),
(55, 271, 0, 0, 0),
(55, 272, 0, 0, 0),
(55, 273, 0, 0, 0),
(55, 274, 0, 0, 0),
(55, 275, 0, 0, 0),
(55, 276, 0, 0, 0),
(55, 277, 0, 0, 0),
(55, 278, 0, 0, 0),
(55, 279, 0, 0, 0),
(55, 280, 0, 0, 0),
(55, 281, 0, 0, 0),
(55, 282, 0, 0, 0),
(55, 283, 0, 0, 0),
(55, 285, 0, 0, 0),
(55, 288, 0, 0, 0),
(55, 289, 0, 0, 0),
(55, 291, 0, 0, 0),
(55, 292, 0, 0, 0),
(55, 293, 0, 0, 0),
(55, 295, 0, 0, 0),
(55, 296, 0, 0, 0),
(55, 297, 0, 0, 0),
(55, 298, 0, 0, 0),
(55, 299, 0, 0, 0),
(55, 300, 0, 0, 0),
(55, 301, 0, 0, 0),
(55, 302, 0, 0, 0),
(55, 303, 0, 0, 0),
(55, 304, 0, 0, 0),
(55, 306, 0, 0, 0),
(55, 307, 0, 0, 0),
(55, 308, 0, 0, 0),
(55, 309, 0, 0, 0),
(55, 310, 0, 0, 0),
(55, 311, 0, 0, 0),
(55, 313, 0, 0, 0),
(55, 314, 0, 0, 0),
(55, 316, 0, 0, 0),
(55, 317, 0, 0, 0),
(55, 318, 0, 0, 0),
(55, 319, 0, 0, 0),
(55, 320, 0, 0, 0),
(55, 321, 0, 0, 0),
(55, 322, 0, 0, 0),
(55, 326, 0, 0, 0),
(56, 195, 0, 0, 0),
(56, 209, 0, 0, 0),
(56, 217, 0, 0, 0),
(56, 264, 0, 0, 0),
(56, 269, 0, 0, 0),
(56, 271, 0, 0, 0),
(56, 272, 0, 0, 0),
(56, 273, 0, 0, 0),
(56, 274, 0, 0, 0),
(56, 275, 0, 0, 0),
(56, 276, 0, 0, 0),
(56, 277, 0, 0, 0),
(56, 278, 0, 0, 0),
(56, 279, 0, 0, 0),
(56, 280, 0, 0, 0),
(56, 281, 0, 0, 0),
(56, 282, 0, 0, 0),
(56, 283, 0, 0, 0),
(56, 285, 0, 0, 0),
(56, 288, 0, 0, 0),
(56, 289, 0, 0, 0),
(56, 291, 0, 0, 0),
(56, 292, 0, 0, 0),
(56, 293, 0, 0, 0),
(56, 295, 0, 0, 0),
(56, 296, 0, 0, 0),
(56, 297, 0, 0, 0),
(56, 298, 0, 0, 0),
(56, 299, 0, 0, 0),
(56, 300, 0, 0, 0),
(56, 301, 0, 0, 0),
(56, 302, 0, 0, 0),
(56, 303, 0, 0, 0),
(56, 304, 0, 0, 0),
(56, 306, 0, 0, 0),
(56, 307, 0, 0, 0),
(56, 308, 0, 0, 0),
(56, 309, 0, 0, 0),
(56, 310, 0, 0, 0),
(56, 311, 0, 0, 0),
(56, 313, 0, 0, 0),
(56, 314, 0, 0, 0),
(56, 316, 0, 0, 0),
(56, 317, 0, 0, 0),
(56, 318, 0, 0, 0),
(56, 319, 0, 0, 0),
(56, 320, 0, 0, 0),
(56, 321, 0, 0, 0),
(56, 322, 0, 0, 0),
(56, 326, 0, 0, 0),
(58, 195, 0, 0, 0),
(58, 209, 0, 0, 0),
(58, 217, 0, 0, 0),
(58, 264, 0, 0, 0),
(58, 269, 0, 0, 0),
(58, 271, 0, 0, 0),
(58, 272, 0, 0, 0),
(58, 273, 0, 0, 0),
(58, 274, 0, 0, 0),
(58, 275, 0, 0, 0),
(58, 276, 0, 0, 0),
(58, 277, 0, 0, 0),
(58, 278, 0, 0, 0),
(58, 279, 0, 0, 0),
(58, 280, 0, 0, 0),
(58, 281, 0, 0, 0),
(58, 282, 0, 0, 0),
(58, 283, 0, 0, 0),
(58, 285, 0, 0, 0),
(58, 288, 0, 0, 0),
(58, 289, 0, 0, 0),
(58, 291, 0, 0, 0),
(58, 292, 0, 0, 0),
(58, 293, 0, 0, 0),
(58, 295, 0, 0, 0),
(58, 296, 0, 0, 0),
(58, 297, 0, 0, 0),
(58, 298, 0, 0, 0),
(58, 299, 0, 0, 0),
(58, 300, 0, 0, 0),
(58, 301, 0, 0, 0),
(58, 302, 0, 0, 0),
(58, 303, 0, 0, 0),
(58, 304, 0, 0, 0),
(58, 306, 0, 0, 0),
(58, 307, 0, 0, 0),
(58, 308, 0, 0, 0),
(58, 309, 0, 0, 0),
(58, 310, 0, 0, 0),
(58, 311, 0, 0, 0),
(58, 313, 0, 0, 0),
(58, 314, 0, 0, 0),
(58, 316, 0, 0, 0),
(58, 317, 0, 0, 0),
(58, 318, 0, 0, 0),
(58, 319, 0, 0, 0),
(58, 320, 0, 0, 0),
(58, 321, 0, 0, 0),
(58, 322, 0, 0, 0),
(58, 326, 0, 0, 0),
(59, 195, 0, 0, 0),
(59, 209, 0, 0, 0),
(59, 217, 0, 0, 0),
(59, 264, 0, 0, 0),
(59, 269, 0, 0, 0),
(59, 271, 0, 0, 0),
(59, 272, 0, 0, 0),
(59, 273, 0, 0, 0),
(59, 274, 0, 0, 0),
(59, 275, 0, 0, 0),
(59, 276, 0, 0, 0),
(59, 277, 0, 0, 0),
(59, 278, 0, 0, 0),
(59, 279, 0, 0, 0),
(59, 280, 0, 0, 0),
(59, 281, 0, 0, 0),
(59, 282, 0, 0, 0),
(59, 283, 0, 0, 0),
(59, 285, 0, 0, 0),
(59, 288, 0, 0, 0),
(59, 289, 0, 0, 0),
(59, 291, 0, 0, 0),
(59, 292, 0, 0, 0),
(59, 293, 0, 0, 0),
(59, 295, 0, 0, 0),
(59, 296, 0, 0, 0),
(59, 297, 0, 0, 0),
(59, 298, 0, 0, 0),
(59, 299, 0, 0, 0),
(59, 300, 0, 0, 0),
(59, 301, 0, 0, 0),
(59, 302, 0, 0, 0),
(59, 303, 0, 0, 0),
(59, 304, 0, 0, 0),
(59, 306, 0, 0, 0),
(59, 307, 0, 0, 0),
(59, 308, 0, 0, 0),
(59, 309, 0, 0, 0),
(59, 310, 0, 0, 0),
(59, 311, 0, 0, 0),
(59, 313, 0, 0, 0),
(59, 314, 0, 0, 0),
(59, 316, 0, 0, 0),
(59, 317, 0, 0, 0),
(59, 318, 0, 0, 0),
(59, 319, 0, 0, 0),
(59, 320, 0, 0, 0),
(59, 321, 0, 0, 0),
(59, 322, 0, 0, 0),
(59, 326, 0, 0, 0),
(60, 195, 0, 0, 0),
(60, 209, 0, 0, 0),
(60, 217, 0, 0, 0),
(60, 264, 0, 0, 0),
(60, 269, 0, 0, 0),
(60, 271, 0, 0, 0),
(60, 272, 0, 0, 0),
(60, 273, 0, 0, 0),
(60, 274, 0, 0, 0),
(60, 275, 0, 0, 0),
(60, 276, 0, 0, 0),
(60, 277, 0, 0, 0),
(60, 278, 0, 0, 0),
(60, 279, 0, 0, 0),
(60, 280, 0, 0, 0),
(60, 281, 0, 0, 0),
(60, 282, 0, 0, 0),
(60, 283, 0, 0, 0),
(60, 285, 0, 0, 0),
(60, 288, 0, 0, 0),
(60, 289, 0, 0, 0),
(60, 291, 0, 0, 0),
(60, 292, 0, 0, 0),
(60, 293, 0, 0, 0),
(60, 295, 0, 0, 0),
(60, 296, 0, 0, 0),
(60, 297, 0, 0, 0),
(60, 298, 0, 0, 0),
(60, 299, 0, 0, 0),
(60, 300, 0, 0, 0),
(60, 301, 0, 0, 0),
(60, 302, 0, 0, 0),
(60, 303, 0, 0, 0),
(60, 304, 0, 0, 0),
(60, 306, 0, 0, 0),
(60, 307, 0, 0, 0),
(60, 308, 0, 0, 0),
(60, 309, 0, 0, 0),
(60, 310, 0, 0, 0),
(60, 311, 0, 0, 0),
(60, 313, 0, 0, 0),
(60, 314, 0, 0, 0),
(60, 316, 0, 0, 0),
(60, 317, 0, 0, 0),
(60, 318, 0, 0, 0),
(60, 319, 0, 0, 0),
(60, 320, 0, 0, 0),
(60, 321, 0, 0, 0),
(60, 322, 0, 0, 0),
(60, 326, 0, 0, 0),
(61, 195, 0, 0, 0),
(61, 209, 0, 0, 0),
(61, 217, 0, 0, 0),
(61, 264, 0, 0, 0),
(61, 269, 0, 0, 0),
(61, 271, 0, 0, 0),
(61, 272, 0, 0, 0),
(61, 273, 0, 0, 0),
(61, 274, 0, 0, 0),
(61, 275, 0, 0, 0),
(61, 276, 0, 0, 0),
(61, 277, 0, 0, 0),
(61, 278, 0, 0, 0),
(61, 279, 0, 0, 0),
(61, 280, 0, 0, 0),
(61, 281, 0, 0, 0),
(61, 282, 0, 0, 0),
(61, 283, 0, 0, 0),
(61, 285, 0, 0, 0),
(61, 288, 0, 0, 0),
(61, 289, 0, 0, 0),
(61, 291, 0, 0, 0),
(61, 292, 0, 0, 0),
(61, 293, 0, 0, 0),
(61, 295, 0, 0, 0),
(61, 296, 0, 0, 0),
(61, 297, 0, 0, 0),
(61, 298, 0, 0, 0),
(61, 299, 0, 0, 0),
(61, 300, 0, 0, 0),
(61, 301, 0, 0, 0),
(61, 302, 0, 0, 0),
(61, 303, 0, 0, 0),
(61, 304, 0, 0, 0),
(61, 306, 0, 0, 0),
(61, 307, 0, 0, 0),
(61, 308, 0, 0, 0),
(61, 309, 0, 0, 0),
(61, 310, 0, 0, 0),
(61, 311, 0, 0, 0),
(61, 313, 0, 0, 0),
(61, 314, 0, 0, 0),
(61, 316, 0, 0, 0),
(61, 317, 0, 0, 0),
(61, 318, 0, 0, 0),
(61, 319, 0, 0, 0),
(61, 320, 0, 0, 0),
(61, 321, 0, 0, 0),
(61, 322, 0, 0, 0),
(61, 326, 0, 0, 0),
(62, 195, 0, 0, 0),
(62, 209, 0, 0, 0),
(62, 217, 0, 0, 0),
(62, 264, 0, 0, 0),
(62, 269, 0, 0, 0),
(62, 271, 0, 0, 0),
(62, 272, 0, 0, 0),
(62, 273, 0, 0, 0),
(62, 274, 0, 0, 0),
(62, 275, 0, 0, 0),
(62, 276, 0, 0, 0),
(62, 277, 0, 0, 0),
(62, 278, 0, 0, 0),
(62, 279, 0, 0, 0),
(62, 280, 0, 0, 0),
(62, 281, 0, 0, 0),
(62, 282, 0, 0, 0),
(62, 283, 0, 0, 0),
(62, 285, 1, 1, 1),
(62, 288, 0, 0, 0),
(62, 289, 0, 0, 0),
(62, 291, 0, 0, 0),
(62, 292, 0, 0, 0),
(62, 293, 0, 0, 0),
(62, 295, 0, 0, 0),
(62, 296, 0, 0, 0),
(62, 297, 0, 0, 0),
(62, 298, 0, 0, 0),
(62, 299, 0, 0, 0),
(62, 300, 0, 0, 0),
(62, 301, 0, 0, 0),
(62, 302, 0, 0, 0),
(62, 303, 0, 0, 0),
(62, 304, 0, 0, 0),
(62, 306, 0, 0, 0),
(62, 307, 0, 0, 0),
(62, 308, 0, 0, 0),
(62, 309, 0, 0, 0),
(62, 310, 0, 0, 0),
(62, 311, 0, 0, 0),
(62, 313, 0, 0, 0),
(62, 314, 0, 0, 0),
(62, 316, 0, 0, 0),
(62, 317, 0, 0, 0),
(62, 318, 0, 0, 0),
(62, 319, 0, 0, 0),
(62, 320, 0, 0, 0),
(62, 321, 0, 0, 0),
(62, 322, 0, 0, 0),
(62, 326, 0, 0, 0),
(64, 195, 0, 0, 0),
(64, 209, 0, 0, 0),
(64, 217, 0, 0, 0),
(64, 264, 1, 1, 1),
(64, 269, 0, 0, 0),
(64, 271, 0, 0, 0),
(64, 272, 0, 0, 0),
(64, 273, 0, 0, 0),
(64, 274, 0, 0, 0),
(64, 275, 0, 0, 0),
(64, 276, 0, 0, 0),
(64, 277, 0, 0, 0),
(64, 278, 0, 0, 0),
(64, 279, 0, 0, 0),
(64, 280, 0, 0, 0),
(64, 281, 0, 0, 0),
(64, 282, 0, 0, 0),
(64, 283, 0, 0, 0),
(64, 285, 0, 0, 0),
(64, 288, 0, 0, 0),
(64, 289, 0, 0, 0),
(64, 291, 0, 0, 0),
(64, 292, 0, 0, 0),
(64, 293, 0, 0, 0),
(64, 295, 0, 0, 0),
(64, 296, 0, 0, 0),
(64, 297, 0, 0, 0),
(64, 298, 0, 0, 0),
(64, 299, 0, 0, 0),
(64, 300, 0, 0, 0),
(64, 301, 0, 0, 0),
(64, 302, 0, 0, 0),
(64, 303, 0, 0, 0),
(64, 304, 0, 0, 0),
(64, 306, 0, 0, 0),
(64, 307, 0, 0, 0),
(64, 308, 0, 0, 0),
(64, 309, 0, 0, 0),
(64, 310, 0, 0, 0),
(64, 311, 0, 0, 0),
(64, 313, 0, 0, 0),
(64, 314, 0, 0, 0),
(64, 316, 0, 0, 0),
(64, 317, 0, 0, 0),
(64, 318, 0, 0, 0),
(64, 319, 0, 0, 0),
(64, 320, 0, 0, 0),
(64, 321, 0, 0, 0),
(64, 322, 0, 0, 0),
(64, 326, 0, 0, 0),
(65, 195, 0, 0, 0),
(65, 209, 0, 0, 0),
(65, 217, 0, 0, 0),
(65, 264, 0, 0, 0),
(65, 269, 0, 0, 0),
(65, 271, 0, 0, 0),
(65, 272, 0, 0, 0),
(65, 273, 0, 0, 0),
(65, 274, 0, 0, 0),
(65, 275, 0, 0, 0),
(65, 276, 0, 0, 0),
(65, 277, 0, 0, 0),
(65, 278, 0, 0, 0),
(65, 279, 0, 0, 0),
(65, 280, 0, 0, 0),
(65, 281, 0, 0, 0),
(65, 282, 0, 0, 0),
(65, 283, 0, 0, 0),
(65, 285, 0, 0, 0),
(65, 288, 0, 0, 0),
(65, 289, 1, 1, 1),
(65, 291, 0, 0, 0),
(65, 292, 0, 0, 0),
(65, 293, 0, 0, 0),
(65, 295, 0, 0, 0),
(65, 296, 0, 0, 0),
(65, 297, 0, 0, 0),
(65, 298, 0, 0, 0),
(65, 299, 0, 0, 0),
(65, 300, 0, 0, 0),
(65, 301, 0, 0, 0),
(65, 302, 0, 0, 0),
(65, 303, 0, 0, 0),
(65, 304, 0, 0, 0),
(65, 306, 0, 0, 0),
(65, 307, 0, 0, 0),
(65, 308, 0, 0, 0),
(65, 309, 0, 0, 0),
(65, 310, 0, 0, 0),
(65, 311, 0, 0, 0),
(65, 313, 0, 0, 0),
(65, 314, 0, 0, 0),
(65, 316, 0, 0, 0),
(65, 317, 0, 0, 0),
(65, 318, 0, 0, 0),
(65, 319, 0, 0, 0),
(65, 320, 0, 0, 0),
(65, 321, 0, 0, 0),
(65, 322, 0, 0, 0),
(65, 326, 0, 0, 0),
(66, 195, 0, 0, 0),
(66, 209, 0, 0, 0),
(66, 275, 1, 1, 1),
(66, 280, 0, 0, 0),
(66, 285, 0, 0, 0),
(66, 288, 0, 0, 0),
(66, 289, 0, 0, 0),
(66, 291, 0, 0, 0),
(66, 292, 0, 0, 0),
(66, 293, 0, 0, 0),
(66, 295, 0, 0, 0),
(66, 296, 0, 0, 0),
(66, 297, 0, 0, 0),
(66, 298, 0, 0, 0),
(66, 299, 0, 0, 0),
(66, 300, 0, 0, 0),
(66, 301, 0, 0, 0),
(66, 302, 0, 0, 0),
(66, 303, 0, 0, 0),
(66, 304, 0, 0, 0),
(66, 306, 0, 0, 0),
(66, 307, 0, 0, 0),
(66, 308, 0, 0, 0),
(66, 309, 0, 0, 0),
(66, 310, 0, 0, 0),
(66, 311, 0, 0, 0),
(66, 313, 0, 0, 0),
(66, 314, 0, 0, 0),
(66, 316, 0, 0, 0),
(66, 317, 0, 0, 0),
(66, 318, 0, 0, 0),
(66, 319, 0, 0, 0),
(66, 320, 0, 0, 0),
(66, 321, 0, 0, 0),
(66, 322, 0, 0, 0),
(66, 326, 0, 0, 0),
(67, 195, 0, 0, 0),
(67, 209, 0, 0, 0),
(67, 275, 0, 0, 0),
(67, 280, 0, 0, 0),
(67, 285, 0, 0, 0),
(67, 288, 0, 0, 0),
(67, 289, 0, 0, 0),
(67, 291, 0, 0, 0),
(67, 292, 0, 0, 0),
(67, 293, 0, 0, 0),
(67, 295, 0, 0, 0),
(67, 296, 0, 0, 0),
(67, 297, 0, 0, 0),
(67, 298, 0, 0, 0),
(67, 299, 0, 0, 0),
(67, 300, 0, 0, 0),
(67, 301, 0, 0, 0),
(67, 302, 0, 0, 0),
(67, 303, 0, 0, 0),
(67, 304, 0, 0, 0),
(67, 306, 0, 0, 0),
(67, 307, 0, 0, 0),
(67, 308, 0, 0, 0),
(67, 309, 0, 0, 0),
(67, 310, 0, 0, 0),
(67, 311, 0, 0, 0),
(67, 313, 0, 0, 0),
(67, 314, 0, 0, 0),
(67, 316, 0, 0, 0),
(67, 317, 0, 0, 0),
(67, 318, 0, 0, 0),
(67, 319, 0, 0, 0),
(67, 320, 0, 0, 0),
(67, 321, 0, 0, 0),
(67, 322, 0, 0, 0),
(67, 326, 0, 0, 0),
(68, 195, 0, 0, 0),
(68, 209, 0, 0, 0),
(68, 275, 0, 0, 0),
(68, 280, 0, 0, 0),
(68, 285, 0, 0, 0),
(68, 289, 0, 0, 0),
(68, 291, 0, 0, 0),
(68, 292, 0, 0, 0),
(68, 293, 0, 0, 0),
(68, 295, 0, 0, 0),
(68, 296, 0, 0, 0),
(68, 297, 0, 0, 0),
(68, 298, 0, 0, 0),
(68, 299, 0, 0, 0),
(68, 300, 0, 0, 0),
(68, 301, 0, 0, 0),
(68, 302, 0, 0, 0),
(68, 303, 0, 0, 0),
(68, 304, 0, 0, 0),
(68, 306, 0, 0, 0),
(68, 307, 0, 0, 0),
(68, 308, 0, 0, 0),
(68, 309, 0, 0, 0),
(68, 310, 0, 0, 0),
(68, 311, 0, 0, 0),
(68, 313, 0, 0, 0),
(68, 314, 0, 0, 0),
(68, 316, 0, 0, 0),
(68, 317, 0, 0, 0),
(68, 318, 0, 0, 0),
(68, 319, 0, 0, 0),
(68, 320, 0, 0, 0),
(68, 321, 0, 0, 0),
(68, 322, 0, 0, 0),
(68, 326, 0, 0, 0),
(69, 195, 0, 0, 0),
(69, 209, 0, 0, 0),
(69, 275, 0, 0, 0),
(69, 280, 0, 0, 0),
(69, 285, 0, 0, 0),
(69, 291, 0, 0, 0),
(69, 292, 0, 0, 0),
(69, 293, 0, 0, 0),
(69, 295, 0, 0, 0),
(69, 296, 0, 0, 0),
(69, 297, 0, 0, 0),
(69, 298, 0, 0, 0),
(69, 299, 0, 0, 0),
(69, 300, 0, 0, 0),
(69, 301, 0, 0, 0),
(69, 302, 0, 0, 0),
(69, 303, 0, 0, 0),
(69, 304, 0, 0, 0),
(69, 306, 0, 0, 0),
(69, 307, 0, 0, 0),
(69, 308, 0, 0, 0),
(69, 309, 0, 0, 0),
(69, 310, 0, 0, 0),
(69, 311, 0, 0, 0),
(69, 313, 0, 0, 0),
(69, 314, 0, 0, 0),
(69, 316, 0, 0, 0),
(69, 317, 0, 0, 0),
(69, 318, 0, 0, 0),
(69, 319, 0, 0, 0),
(69, 320, 0, 0, 0),
(69, 321, 0, 0, 0),
(69, 322, 1, 1, 1),
(69, 326, 0, 0, 0),
(70, 195, 0, 0, 0),
(70, 209, 0, 0, 0),
(70, 275, 0, 0, 0),
(70, 280, 0, 0, 0),
(70, 285, 0, 0, 0),
(70, 291, 0, 0, 0),
(70, 292, 0, 0, 0),
(70, 293, 0, 0, 0),
(70, 295, 0, 0, 0),
(70, 296, 0, 0, 0),
(70, 297, 0, 0, 0),
(70, 298, 0, 0, 0),
(70, 299, 0, 0, 0),
(70, 300, 0, 0, 0),
(70, 301, 0, 0, 0),
(70, 302, 0, 0, 0),
(70, 303, 0, 0, 0),
(70, 304, 0, 0, 0),
(70, 306, 0, 0, 0),
(70, 307, 0, 0, 0),
(70, 308, 0, 0, 0),
(70, 309, 0, 0, 0),
(70, 310, 0, 0, 0),
(70, 311, 0, 0, 0),
(70, 313, 0, 0, 0),
(70, 314, 0, 0, 0),
(70, 316, 0, 0, 0),
(70, 317, 0, 0, 0),
(70, 318, 0, 0, 0),
(70, 319, 0, 0, 0),
(70, 320, 1, 1, 1),
(70, 321, 0, 0, 0),
(70, 322, 0, 0, 0),
(70, 326, 0, 0, 0),
(71, 195, 0, 0, 0),
(71, 209, 0, 0, 0),
(71, 275, 0, 0, 0),
(71, 280, 0, 0, 0),
(71, 285, 0, 0, 0),
(71, 291, 0, 0, 0),
(71, 292, 0, 0, 0),
(71, 293, 0, 0, 0),
(71, 295, 0, 0, 0),
(71, 296, 0, 0, 0),
(71, 297, 0, 0, 0),
(71, 298, 0, 0, 0),
(71, 299, 0, 0, 0),
(71, 300, 0, 0, 0),
(71, 301, 0, 0, 0),
(71, 302, 0, 0, 0),
(71, 303, 0, 0, 0),
(71, 304, 0, 0, 0),
(71, 306, 0, 0, 0),
(71, 307, 0, 0, 0),
(71, 308, 0, 0, 0),
(71, 309, 0, 0, 0),
(71, 310, 0, 0, 0),
(71, 311, 0, 0, 0),
(71, 313, 0, 0, 0),
(71, 314, 0, 0, 0),
(71, 316, 0, 0, 0),
(71, 317, 0, 0, 0),
(71, 318, 0, 0, 0),
(71, 319, 0, 0, 0),
(71, 320, 0, 0, 0),
(71, 321, 0, 0, 0),
(71, 322, 0, 0, 0),
(71, 326, 0, 0, 0),
(72, 195, 0, 0, 0),
(72, 209, 0, 0, 0),
(72, 275, 0, 0, 0),
(72, 280, 0, 0, 0),
(72, 285, 0, 0, 0),
(72, 291, 0, 0, 0),
(72, 292, 0, 0, 0),
(72, 293, 0, 0, 0),
(72, 295, 0, 0, 0),
(72, 296, 0, 0, 0),
(72, 297, 0, 0, 0),
(72, 298, 0, 0, 0),
(72, 299, 0, 0, 0),
(72, 300, 0, 0, 0),
(72, 301, 0, 0, 0),
(72, 302, 0, 0, 0),
(72, 303, 0, 0, 0),
(72, 304, 0, 0, 0),
(72, 306, 0, 0, 0),
(72, 307, 0, 0, 0),
(72, 308, 0, 0, 0),
(72, 309, 0, 0, 0),
(72, 310, 0, 0, 0),
(72, 311, 0, 0, 0),
(72, 313, 0, 0, 0),
(72, 314, 0, 0, 0),
(72, 316, 0, 0, 0),
(72, 317, 0, 0, 0),
(72, 318, 0, 0, 0),
(72, 319, 0, 0, 0),
(72, 320, 0, 0, 0),
(72, 321, 0, 0, 0),
(72, 322, 0, 0, 0),
(72, 326, 0, 0, 0),
(73, 195, 0, 0, 0),
(73, 209, 0, 0, 0),
(73, 275, 0, 0, 0),
(73, 280, 0, 0, 0),
(73, 285, 0, 0, 0),
(73, 293, 0, 0, 0),
(73, 295, 0, 0, 0),
(73, 296, 0, 0, 0),
(73, 297, 0, 0, 0),
(73, 298, 0, 0, 0),
(73, 299, 0, 0, 0),
(73, 300, 0, 0, 0),
(73, 301, 0, 0, 0),
(73, 302, 0, 0, 0),
(73, 303, 0, 0, 0),
(73, 304, 0, 0, 0),
(73, 306, 0, 0, 0),
(73, 307, 0, 0, 0),
(73, 308, 0, 0, 0),
(73, 309, 0, 0, 0),
(73, 310, 0, 0, 0),
(73, 311, 0, 0, 0),
(73, 313, 0, 0, 0),
(73, 314, 0, 0, 0),
(73, 316, 0, 0, 0),
(73, 317, 0, 0, 0),
(73, 318, 0, 0, 0),
(73, 319, 0, 0, 0),
(73, 320, 0, 0, 0),
(73, 321, 0, 0, 0),
(73, 322, 0, 0, 0),
(73, 326, 0, 0, 0),
(74, 195, 0, 0, 0),
(74, 209, 0, 0, 0),
(74, 275, 0, 0, 0),
(74, 280, 0, 0, 0),
(74, 285, 0, 0, 0),
(74, 295, 0, 0, 0),
(74, 296, 0, 0, 0),
(74, 297, 0, 0, 0),
(74, 298, 0, 0, 0),
(74, 299, 0, 0, 0),
(74, 300, 0, 0, 0),
(74, 301, 0, 0, 0),
(74, 302, 0, 0, 0),
(74, 303, 0, 0, 0),
(74, 304, 0, 0, 0),
(74, 306, 0, 0, 0),
(74, 307, 0, 0, 0),
(74, 308, 0, 0, 0),
(74, 309, 0, 0, 0),
(74, 310, 0, 0, 0),
(74, 311, 0, 0, 0),
(74, 313, 0, 0, 0),
(74, 314, 0, 0, 0),
(74, 316, 0, 0, 0),
(74, 317, 0, 0, 0),
(74, 318, 0, 0, 0),
(74, 319, 0, 0, 0),
(74, 320, 0, 0, 0),
(74, 321, 0, 0, 0),
(74, 322, 0, 0, 0),
(74, 326, 0, 0, 0),
(75, 195, 0, 0, 0),
(75, 209, 0, 0, 0),
(75, 275, 0, 0, 0),
(75, 280, 0, 0, 0),
(75, 285, 0, 0, 0),
(75, 296, 0, 0, 0),
(75, 297, 0, 0, 0),
(75, 298, 0, 0, 0),
(75, 299, 0, 0, 0),
(75, 300, 0, 0, 0),
(75, 301, 0, 0, 0),
(75, 302, 0, 0, 0),
(75, 303, 0, 0, 0),
(75, 304, 0, 0, 0),
(75, 306, 0, 0, 0),
(75, 307, 0, 0, 0),
(75, 308, 0, 0, 0),
(75, 309, 0, 0, 0),
(75, 310, 0, 0, 0),
(75, 311, 0, 0, 0),
(75, 313, 0, 0, 0),
(75, 314, 0, 0, 0),
(75, 316, 0, 0, 0),
(75, 317, 0, 0, 0),
(75, 318, 0, 0, 0),
(75, 319, 0, 0, 0),
(75, 320, 0, 0, 0),
(75, 321, 0, 0, 0),
(75, 322, 0, 0, 0),
(75, 326, 0, 0, 0),
(76, 195, 0, 0, 0),
(76, 209, 0, 0, 0),
(76, 275, 0, 0, 0),
(76, 280, 0, 0, 0),
(76, 285, 0, 0, 0),
(76, 297, 0, 0, 0),
(76, 298, 0, 0, 0),
(76, 299, 0, 0, 0),
(76, 300, 0, 0, 0),
(76, 301, 0, 0, 0),
(76, 302, 0, 0, 0),
(76, 303, 0, 0, 0),
(76, 304, 0, 0, 0),
(76, 306, 0, 0, 0),
(76, 307, 0, 0, 0),
(76, 308, 0, 0, 0),
(76, 309, 0, 0, 0),
(76, 310, 0, 0, 0),
(76, 311, 0, 0, 0),
(76, 313, 0, 0, 0),
(76, 314, 0, 0, 0),
(76, 316, 0, 0, 0),
(76, 317, 0, 0, 0),
(76, 318, 0, 0, 0),
(76, 319, 0, 0, 0),
(76, 320, 0, 0, 0),
(76, 321, 0, 0, 0),
(76, 322, 0, 0, 0),
(76, 326, 0, 0, 0),
(77, 195, 0, 0, 0),
(77, 209, 0, 0, 0),
(77, 275, 0, 0, 0),
(77, 280, 0, 0, 0),
(77, 285, 0, 0, 0),
(77, 297, 0, 0, 0),
(77, 298, 0, 0, 0),
(77, 299, 0, 0, 0),
(77, 300, 0, 0, 0),
(77, 301, 0, 0, 0),
(77, 302, 0, 0, 0),
(77, 303, 0, 0, 0),
(77, 304, 0, 0, 0),
(77, 306, 0, 0, 0),
(77, 307, 0, 0, 0),
(77, 308, 0, 0, 0),
(77, 309, 0, 0, 0),
(77, 310, 0, 0, 0),
(77, 311, 0, 0, 0),
(77, 313, 0, 0, 0),
(77, 314, 0, 0, 0),
(77, 316, 0, 0, 0),
(77, 317, 0, 0, 0),
(77, 318, 0, 0, 0),
(77, 319, 0, 0, 0),
(77, 320, 0, 0, 0),
(77, 321, 0, 0, 0),
(77, 322, 0, 0, 0),
(77, 326, 0, 0, 0),
(78, 195, 0, 0, 0),
(78, 209, 0, 0, 0),
(78, 275, 0, 0, 0),
(78, 280, 0, 0, 0),
(78, 285, 0, 0, 0),
(78, 298, 0, 0, 0),
(78, 299, 0, 0, 0),
(78, 300, 0, 0, 0),
(78, 301, 0, 0, 0),
(78, 302, 0, 0, 0),
(78, 303, 0, 0, 0),
(78, 304, 0, 0, 0),
(78, 306, 0, 0, 0),
(78, 307, 0, 0, 0),
(78, 308, 0, 0, 0),
(78, 309, 0, 0, 0),
(78, 310, 0, 0, 0),
(78, 311, 0, 0, 0),
(78, 313, 0, 0, 0),
(78, 314, 0, 0, 0),
(78, 316, 0, 0, 0),
(78, 317, 0, 0, 0),
(78, 318, 0, 0, 0),
(78, 319, 0, 0, 0),
(78, 320, 0, 0, 0),
(78, 321, 0, 0, 0),
(78, 322, 0, 0, 0),
(78, 326, 0, 0, 0),
(79, 195, 0, 0, 0),
(79, 209, 0, 0, 0),
(79, 275, 0, 0, 0),
(79, 280, 0, 0, 0),
(79, 285, 0, 0, 0),
(79, 299, 0, 0, 0),
(79, 300, 0, 0, 0),
(79, 301, 0, 0, 0),
(79, 302, 0, 0, 0),
(79, 303, 0, 0, 0),
(79, 304, 0, 0, 0),
(79, 306, 0, 0, 0),
(79, 307, 0, 0, 0),
(79, 308, 0, 0, 0),
(79, 309, 0, 0, 0),
(79, 310, 0, 0, 0),
(79, 311, 0, 0, 0),
(79, 313, 0, 0, 0),
(79, 314, 0, 0, 0),
(79, 316, 0, 0, 0),
(79, 317, 0, 0, 0),
(79, 318, 0, 0, 0),
(79, 319, 0, 0, 0),
(79, 320, 0, 0, 0),
(79, 321, 0, 0, 0),
(79, 322, 0, 0, 0),
(79, 326, 0, 0, 0),
(80, 195, 0, 0, 0),
(80, 209, 0, 0, 0),
(80, 275, 0, 0, 0),
(80, 280, 0, 0, 0),
(80, 285, 0, 0, 0),
(80, 300, 1, 1, 1),
(80, 301, 0, 0, 0),
(80, 302, 0, 0, 0),
(80, 303, 0, 0, 0),
(80, 304, 0, 0, 0),
(80, 306, 0, 0, 0),
(80, 307, 0, 0, 0),
(80, 308, 0, 0, 0),
(80, 309, 0, 0, 0),
(80, 310, 0, 0, 0),
(80, 311, 0, 0, 0),
(80, 313, 0, 0, 0),
(80, 314, 0, 0, 0),
(80, 316, 0, 0, 0),
(80, 317, 0, 0, 0),
(80, 318, 0, 0, 0),
(80, 319, 0, 0, 0),
(80, 320, 0, 0, 0),
(80, 321, 0, 0, 0),
(80, 322, 0, 0, 0),
(80, 326, 0, 0, 0),
(81, 195, 0, 0, 0),
(81, 209, 0, 0, 0),
(81, 275, 0, 0, 0),
(81, 280, 0, 0, 0),
(81, 285, 0, 0, 0),
(81, 300, 0, 0, 0),
(81, 301, 0, 0, 0),
(81, 302, 0, 0, 0),
(81, 303, 0, 0, 0),
(81, 304, 0, 0, 0),
(81, 306, 0, 0, 0),
(81, 307, 0, 0, 0),
(81, 308, 0, 0, 0),
(81, 309, 0, 0, 0),
(81, 310, 0, 0, 0),
(81, 311, 0, 0, 0),
(81, 313, 0, 0, 0),
(81, 314, 0, 0, 0),
(81, 316, 0, 0, 0),
(81, 317, 0, 0, 0),
(81, 318, 0, 0, 0),
(81, 319, 0, 0, 0),
(81, 320, 0, 0, 0),
(81, 321, 0, 0, 0),
(81, 322, 0, 0, 0),
(81, 326, 0, 0, 0),
(82, 195, 0, 0, 0),
(82, 209, 0, 0, 0),
(82, 275, 0, 0, 0),
(82, 280, 0, 0, 0),
(82, 285, 0, 0, 0),
(82, 300, 0, 0, 0),
(82, 302, 1, 1, 1),
(82, 303, 0, 0, 0),
(82, 304, 0, 0, 0),
(82, 306, 0, 0, 0),
(82, 307, 0, 0, 0),
(82, 308, 0, 0, 0),
(82, 309, 0, 0, 0),
(82, 310, 0, 0, 0),
(82, 311, 0, 0, 0),
(82, 313, 0, 0, 0),
(82, 314, 0, 0, 0),
(82, 316, 0, 0, 0),
(82, 317, 0, 0, 0),
(82, 318, 0, 0, 0),
(82, 319, 0, 0, 0),
(82, 320, 0, 0, 0),
(82, 321, 0, 0, 0),
(82, 322, 0, 0, 0),
(82, 326, 0, 0, 0),
(83, 195, 0, 0, 0),
(83, 209, 0, 0, 0),
(83, 275, 0, 0, 0),
(83, 280, 0, 0, 0),
(83, 285, 0, 0, 0),
(83, 300, 0, 0, 0),
(83, 302, 0, 0, 0),
(83, 303, 0, 0, 0),
(83, 304, 0, 0, 0),
(83, 306, 0, 0, 0),
(83, 307, 0, 0, 0),
(83, 308, 0, 0, 0),
(83, 309, 0, 0, 0),
(83, 310, 0, 0, 0),
(83, 311, 0, 0, 0),
(83, 313, 0, 0, 0),
(83, 314, 0, 0, 0),
(83, 316, 0, 0, 0),
(83, 317, 0, 0, 0),
(83, 318, 0, 0, 0),
(83, 319, 0, 0, 0),
(83, 320, 0, 0, 0),
(83, 321, 0, 0, 0),
(83, 322, 0, 0, 0),
(83, 326, 0, 0, 0),
(84, 195, 0, 0, 0),
(84, 209, 0, 0, 0),
(84, 275, 0, 0, 0),
(84, 280, 0, 0, 0),
(84, 285, 0, 0, 0),
(84, 300, 0, 0, 0),
(84, 302, 0, 0, 0),
(84, 303, 0, 0, 0),
(84, 304, 0, 0, 0),
(84, 306, 0, 0, 0),
(84, 307, 0, 0, 0),
(84, 308, 0, 0, 0),
(84, 309, 0, 0, 0),
(84, 310, 0, 0, 0),
(84, 311, 0, 0, 0),
(84, 313, 0, 0, 0),
(84, 314, 0, 0, 0),
(84, 316, 0, 0, 0),
(84, 317, 0, 0, 0),
(84, 318, 0, 0, 0),
(84, 319, 0, 0, 0),
(84, 320, 0, 0, 0),
(84, 321, 0, 0, 0),
(84, 322, 0, 0, 0),
(84, 326, 0, 0, 0),
(85, 195, 0, 0, 0),
(85, 209, 0, 0, 0),
(85, 275, 0, 0, 0),
(85, 280, 0, 0, 0),
(85, 285, 0, 0, 0),
(85, 300, 0, 0, 0),
(85, 302, 0, 0, 0),
(85, 303, 0, 0, 0),
(85, 304, 0, 0, 0),
(85, 306, 0, 0, 0),
(85, 307, 0, 0, 0),
(85, 308, 0, 0, 0),
(85, 309, 0, 0, 0),
(85, 310, 0, 0, 0),
(85, 311, 0, 0, 0),
(85, 313, 0, 0, 0),
(85, 314, 0, 0, 0),
(85, 316, 0, 0, 0),
(85, 317, 0, 0, 0),
(85, 318, 0, 0, 0),
(85, 319, 0, 0, 0),
(85, 320, 0, 0, 0),
(85, 321, 0, 0, 0),
(85, 322, 0, 0, 0),
(85, 326, 0, 0, 0),
(86, 195, 0, 0, 0),
(86, 209, 0, 0, 0),
(86, 275, 0, 0, 0),
(86, 280, 0, 0, 0),
(86, 285, 0, 0, 0),
(86, 300, 0, 0, 0),
(86, 302, 0, 0, 0),
(86, 304, 0, 0, 0),
(86, 306, 0, 0, 0),
(86, 307, 0, 0, 0),
(86, 308, 0, 0, 0),
(86, 309, 0, 0, 0),
(86, 310, 0, 0, 0),
(86, 311, 0, 0, 0),
(86, 313, 0, 0, 0),
(86, 314, 0, 0, 0),
(86, 316, 0, 0, 0),
(86, 317, 0, 0, 0),
(86, 318, 0, 0, 0),
(86, 319, 0, 0, 0),
(86, 320, 0, 0, 0),
(86, 321, 0, 0, 0),
(86, 322, 0, 0, 0),
(86, 326, 0, 0, 0),
(87, 195, 0, 0, 0),
(87, 209, 0, 0, 0),
(87, 275, 0, 0, 0),
(87, 280, 0, 0, 0),
(87, 285, 0, 0, 0),
(87, 300, 0, 0, 0),
(87, 302, 0, 0, 0),
(87, 306, 0, 0, 0),
(87, 307, 0, 0, 0),
(87, 308, 0, 0, 0),
(87, 309, 0, 0, 0),
(87, 310, 0, 0, 0),
(87, 311, 0, 0, 0),
(87, 313, 0, 0, 0),
(87, 314, 0, 0, 0),
(87, 316, 0, 0, 0),
(87, 317, 0, 0, 0),
(87, 318, 0, 0, 0),
(87, 319, 0, 0, 0),
(87, 320, 0, 0, 0),
(87, 321, 0, 0, 0),
(87, 322, 0, 0, 0),
(87, 326, 0, 0, 0),
(88, 195, 0, 0, 0),
(88, 209, 0, 0, 0),
(88, 275, 0, 0, 0),
(88, 280, 0, 0, 0),
(88, 285, 0, 0, 0),
(88, 300, 0, 0, 0),
(88, 302, 0, 0, 0),
(88, 306, 0, 0, 0),
(88, 307, 0, 0, 0),
(88, 308, 0, 0, 0),
(88, 309, 0, 0, 0),
(88, 310, 0, 0, 0),
(88, 311, 0, 0, 0),
(88, 313, 0, 0, 0),
(88, 314, 0, 0, 0),
(88, 316, 0, 0, 0),
(88, 317, 0, 0, 0),
(88, 318, 0, 0, 0),
(88, 319, 0, 0, 0),
(88, 320, 0, 0, 0),
(88, 321, 0, 0, 0),
(88, 322, 0, 0, 0),
(88, 326, 0, 0, 0),
(89, 195, 0, 0, 0),
(89, 209, 0, 0, 0),
(89, 275, 0, 0, 0),
(89, 280, 0, 0, 0),
(89, 285, 0, 0, 0),
(89, 300, 0, 0, 0),
(89, 302, 0, 0, 0),
(89, 307, 0, 0, 0),
(89, 308, 0, 0, 0),
(89, 309, 0, 0, 0),
(89, 310, 0, 0, 0),
(89, 311, 0, 0, 0),
(89, 313, 0, 0, 0),
(89, 314, 0, 0, 0),
(89, 316, 0, 0, 0),
(89, 317, 0, 0, 0),
(89, 318, 0, 0, 0),
(89, 319, 0, 0, 0),
(89, 320, 0, 0, 0),
(89, 321, 0, 0, 0),
(89, 322, 0, 0, 0),
(89, 326, 0, 0, 0),
(90, 195, 0, 0, 0),
(90, 209, 0, 0, 0),
(90, 275, 0, 0, 0),
(90, 280, 0, 0, 0),
(90, 285, 0, 0, 0),
(90, 300, 0, 0, 0),
(90, 302, 0, 0, 0),
(90, 308, 0, 0, 0),
(90, 309, 0, 0, 0),
(90, 310, 0, 0, 0),
(90, 311, 0, 0, 0),
(90, 313, 0, 0, 0),
(90, 314, 0, 0, 0),
(90, 316, 0, 0, 0),
(90, 317, 0, 0, 0),
(90, 318, 1, 1, 1),
(90, 319, 0, 0, 0),
(90, 320, 0, 0, 0),
(90, 321, 0, 0, 0),
(90, 322, 0, 0, 0),
(90, 326, 0, 0, 0),
(91, 195, 0, 0, 0),
(91, 209, 0, 0, 0),
(91, 275, 0, 0, 0),
(91, 280, 0, 0, 0),
(91, 285, 0, 0, 0),
(91, 300, 0, 0, 0),
(91, 302, 0, 0, 0),
(91, 308, 1, 1, 1),
(91, 309, 0, 0, 0),
(91, 310, 0, 0, 0),
(91, 311, 0, 0, 0),
(91, 313, 0, 0, 0),
(91, 314, 0, 0, 0),
(91, 316, 0, 0, 0),
(91, 317, 0, 0, 0),
(91, 318, 0, 0, 0),
(91, 319, 0, 0, 0),
(91, 320, 0, 0, 0),
(91, 321, 0, 0, 0),
(91, 322, 0, 0, 0),
(91, 326, 0, 0, 0),
(92, 195, 0, 0, 0),
(92, 209, 0, 0, 0),
(92, 275, 0, 0, 0),
(92, 280, 0, 0, 0),
(92, 285, 0, 0, 0),
(92, 300, 0, 0, 0),
(92, 302, 0, 0, 0),
(92, 308, 1, 1, 1),
(92, 309, 0, 0, 0),
(92, 310, 0, 0, 0),
(92, 311, 0, 0, 0),
(92, 313, 0, 0, 0),
(92, 314, 0, 0, 0),
(92, 316, 0, 0, 0),
(92, 317, 0, 0, 0),
(92, 318, 0, 0, 0),
(92, 319, 0, 0, 0),
(92, 320, 0, 0, 0),
(92, 321, 0, 0, 0),
(92, 322, 0, 0, 0),
(92, 326, 0, 0, 0),
(93, 195, 0, 0, 0),
(93, 209, 0, 0, 0),
(93, 275, 0, 0, 0),
(93, 280, 0, 0, 0),
(93, 285, 0, 0, 0),
(93, 300, 0, 0, 0),
(93, 302, 0, 0, 0),
(93, 308, 1, 1, 1),
(93, 309, 0, 0, 0),
(93, 310, 0, 0, 0),
(93, 311, 0, 0, 0),
(93, 313, 0, 0, 0),
(93, 314, 0, 0, 0),
(93, 316, 0, 0, 0),
(93, 317, 0, 0, 0),
(93, 318, 0, 0, 0),
(93, 319, 0, 0, 0),
(93, 320, 0, 0, 0),
(93, 321, 0, 0, 0),
(93, 322, 0, 0, 0),
(93, 326, 0, 0, 0),
(94, 195, 0, 0, 0),
(94, 209, 0, 0, 0),
(94, 275, 0, 0, 0),
(94, 280, 0, 0, 0),
(94, 285, 0, 0, 0),
(94, 300, 0, 0, 0),
(94, 302, 0, 0, 0),
(94, 308, 0, 0, 0),
(94, 309, 0, 0, 0),
(94, 310, 0, 0, 0),
(94, 311, 0, 0, 0),
(94, 313, 0, 0, 0),
(94, 314, 0, 0, 0),
(94, 316, 0, 0, 0),
(94, 317, 0, 0, 0),
(94, 318, 0, 0, 0),
(94, 319, 0, 0, 0),
(94, 320, 0, 0, 0),
(94, 321, 0, 0, 0),
(94, 322, 0, 0, 0),
(94, 326, 0, 0, 0),
(95, 195, 0, 0, 0),
(95, 209, 0, 0, 0),
(95, 275, 0, 0, 0),
(95, 280, 0, 0, 0),
(95, 285, 0, 0, 0),
(95, 300, 0, 0, 0),
(95, 302, 0, 0, 0),
(95, 308, 0, 0, 0),
(95, 310, 1, 1, 1),
(95, 311, 0, 0, 0),
(95, 313, 0, 0, 0),
(95, 314, 0, 0, 0),
(95, 316, 0, 0, 0),
(95, 317, 0, 0, 0),
(95, 318, 0, 0, 0),
(95, 319, 0, 0, 0),
(95, 320, 0, 0, 0),
(95, 321, 0, 0, 0),
(95, 322, 0, 0, 0),
(95, 326, 0, 0, 0),
(96, 195, 0, 0, 0),
(96, 209, 0, 0, 0),
(96, 275, 0, 0, 0),
(96, 280, 0, 0, 0),
(96, 285, 0, 0, 0),
(96, 300, 0, 0, 0),
(96, 302, 0, 0, 0),
(96, 308, 0, 0, 0),
(96, 310, 0, 0, 0),
(96, 311, 1, 1, 1),
(96, 313, 0, 0, 0),
(96, 314, 0, 0, 0),
(96, 316, 0, 0, 0),
(96, 317, 0, 0, 0),
(96, 318, 0, 0, 0),
(96, 319, 0, 0, 0),
(96, 320, 0, 0, 0),
(96, 321, 0, 0, 0),
(96, 322, 0, 0, 0),
(96, 326, 0, 0, 0),
(97, 195, 0, 0, 0),
(97, 209, 0, 0, 0),
(97, 275, 0, 0, 0),
(97, 280, 0, 0, 0),
(97, 285, 0, 0, 0),
(97, 300, 0, 0, 0),
(97, 302, 0, 0, 0),
(97, 308, 0, 0, 0),
(97, 310, 0, 0, 0),
(97, 311, 1, 1, 1),
(97, 313, 0, 0, 0),
(97, 314, 0, 0, 0),
(97, 316, 0, 0, 0),
(97, 317, 0, 0, 0),
(97, 318, 0, 0, 0),
(97, 319, 0, 0, 0),
(97, 320, 0, 0, 0),
(97, 321, 0, 0, 0),
(97, 322, 0, 0, 0),
(97, 326, 0, 0, 0),
(98, 195, 0, 0, 0),
(98, 209, 0, 0, 0),
(98, 275, 0, 0, 0),
(98, 280, 0, 0, 0),
(98, 285, 0, 0, 0),
(98, 300, 0, 0, 0),
(98, 302, 0, 0, 0),
(98, 308, 0, 0, 0),
(98, 310, 0, 0, 0),
(98, 311, 1, 1, 1),
(98, 313, 0, 0, 0),
(98, 314, 0, 0, 0),
(98, 316, 0, 0, 0),
(98, 317, 0, 0, 0),
(98, 318, 0, 0, 0),
(98, 319, 0, 0, 0),
(98, 320, 0, 0, 0),
(98, 321, 0, 0, 0),
(98, 322, 0, 0, 0),
(98, 326, 0, 0, 0),
(99, 195, 0, 0, 0),
(99, 209, 0, 0, 0),
(99, 275, 0, 0, 0),
(99, 280, 0, 0, 0),
(99, 285, 0, 0, 0),
(99, 300, 0, 0, 0),
(99, 302, 0, 0, 0),
(99, 308, 0, 0, 0),
(99, 310, 0, 0, 0),
(99, 311, 0, 0, 0),
(99, 313, 1, 1, 1),
(99, 314, 0, 0, 0),
(99, 316, 0, 0, 0),
(99, 317, 0, 0, 0),
(99, 318, 0, 0, 0),
(99, 319, 0, 0, 0),
(99, 320, 0, 0, 0),
(99, 321, 0, 0, 0),
(99, 322, 0, 0, 0),
(99, 326, 0, 0, 0),
(100, 195, 0, 0, 0),
(100, 209, 0, 0, 0),
(100, 275, 0, 0, 0),
(100, 280, 0, 0, 0),
(100, 285, 0, 0, 0),
(100, 300, 0, 0, 0),
(100, 302, 0, 0, 0),
(100, 308, 0, 0, 0),
(100, 310, 0, 0, 0),
(100, 311, 0, 0, 0),
(100, 313, 0, 0, 0),
(100, 314, 0, 0, 0),
(100, 316, 0, 0, 0),
(100, 317, 0, 0, 0),
(100, 318, 0, 0, 0),
(100, 319, 0, 0, 0),
(100, 320, 0, 0, 0),
(100, 321, 0, 0, 0),
(100, 322, 0, 0, 0),
(100, 326, 0, 0, 0),
(101, 195, 0, 0, 0),
(101, 209, 0, 0, 0),
(101, 275, 0, 0, 0),
(101, 280, 0, 0, 0),
(101, 285, 0, 0, 0),
(101, 300, 0, 0, 0),
(101, 302, 0, 0, 0),
(101, 308, 0, 0, 0),
(101, 310, 0, 0, 0),
(101, 311, 0, 0, 0),
(101, 313, 0, 0, 0),
(101, 314, 1, 1, 1),
(101, 316, 0, 0, 0),
(101, 317, 0, 0, 0),
(101, 318, 0, 0, 0),
(101, 319, 0, 0, 0),
(101, 320, 0, 0, 0),
(101, 321, 0, 0, 0),
(101, 322, 0, 0, 0),
(101, 326, 0, 0, 0),
(102, 195, 0, 0, 0),
(102, 209, 0, 0, 0),
(102, 275, 0, 0, 0),
(102, 280, 0, 0, 0),
(102, 285, 0, 0, 0),
(102, 300, 0, 0, 0),
(102, 302, 0, 0, 0),
(102, 308, 0, 0, 0),
(102, 310, 0, 0, 0),
(102, 311, 0, 0, 0),
(102, 313, 0, 0, 0),
(102, 314, 1, 1, 1),
(102, 316, 0, 0, 0),
(102, 317, 0, 0, 0),
(102, 318, 0, 0, 0),
(102, 319, 0, 0, 0),
(102, 320, 0, 0, 0),
(102, 321, 0, 0, 0),
(102, 322, 0, 0, 0),
(102, 326, 0, 0, 0),
(103, 195, 0, 0, 0),
(103, 209, 0, 0, 0),
(103, 275, 0, 0, 0),
(103, 280, 0, 0, 0),
(103, 285, 0, 0, 0),
(103, 300, 0, 0, 0),
(103, 302, 0, 0, 0),
(103, 308, 0, 0, 0),
(103, 310, 0, 0, 0),
(103, 311, 0, 0, 0),
(103, 313, 0, 0, 0),
(103, 314, 1, 1, 1),
(103, 316, 0, 0, 0),
(103, 317, 0, 0, 0),
(103, 318, 0, 0, 0),
(103, 319, 0, 0, 0),
(103, 320, 0, 0, 0),
(103, 321, 0, 0, 0),
(103, 322, 0, 0, 0),
(103, 326, 0, 0, 0),
(104, 195, 0, 0, 0),
(104, 209, 0, 0, 0),
(104, 275, 0, 0, 0),
(104, 280, 0, 0, 0),
(104, 285, 0, 0, 0),
(104, 300, 0, 0, 0),
(104, 302, 0, 0, 0),
(104, 308, 0, 0, 0),
(104, 310, 0, 0, 0),
(104, 311, 0, 0, 0),
(104, 313, 0, 0, 0),
(104, 314, 1, 1, 1),
(104, 316, 0, 0, 0),
(104, 317, 0, 0, 0),
(104, 318, 0, 0, 0),
(104, 319, 0, 0, 0),
(104, 320, 0, 0, 0),
(104, 321, 0, 0, 0),
(104, 322, 0, 0, 0),
(104, 326, 0, 0, 0),
(105, 195, 0, 0, 0),
(105, 209, 0, 0, 0),
(105, 280, 0, 0, 0),
(105, 308, 0, 0, 0),
(105, 311, 0, 0, 0),
(105, 313, 0, 0, 0),
(105, 317, 1, 1, 1),
(105, 318, 0, 0, 0),
(105, 319, 0, 0, 0),
(105, 320, 0, 0, 0),
(105, 321, 0, 0, 0),
(105, 322, 0, 0, 0),
(105, 326, 0, 0, 0),
(106, 195, 0, 0, 0),
(106, 209, 0, 0, 0),
(106, 280, 0, 0, 0),
(106, 311, 0, 0, 0),
(106, 313, 0, 0, 0),
(106, 318, 0, 0, 0),
(106, 319, 1, 1, 1),
(106, 320, 0, 0, 0),
(106, 321, 0, 0, 0),
(106, 322, 0, 0, 0),
(106, 326, 0, 0, 0),
(107, 195, 0, 0, 0),
(107, 209, 0, 0, 0),
(107, 280, 0, 0, 0),
(107, 311, 0, 0, 0),
(107, 313, 0, 0, 0),
(107, 318, 1, 1, 1),
(107, 319, 0, 0, 0),
(107, 320, 0, 0, 0),
(107, 321, 0, 0, 0),
(107, 322, 0, 0, 0),
(107, 326, 0, 0, 0),
(108, 195, 0, 0, 0),
(108, 209, 0, 0, 0),
(108, 280, 0, 0, 0),
(108, 311, 0, 0, 0),
(108, 313, 0, 0, 0),
(108, 318, 1, 1, 1),
(108, 319, 0, 0, 0),
(108, 320, 0, 0, 0),
(108, 321, 0, 0, 0),
(108, 322, 0, 0, 0),
(108, 326, 0, 0, 0),
(109, 195, 0, 0, 0),
(109, 280, 0, 0, 0),
(109, 311, 0, 0, 0),
(109, 313, 0, 0, 0),
(109, 321, 1, 1, 1),
(109, 322, 0, 0, 0),
(109, 326, 0, 0, 0),
(110, 195, 0, 0, 0),
(110, 280, 0, 0, 0),
(110, 322, 0, 0, 0),
(110, 326, 0, 0, 0),
(111, 322, 0, 0, 0),
(111, 326, 1, 1, 1);

-- --------------------------------------------------------

--
-- Структура таблицы `tm_activity`
--

DROP TABLE IF EXISTS `tm_activity`;
CREATE TABLE IF NOT EXISTS `tm_activity` (
  `id` int(10) unsigned NOT NULL AUTO_INCREMENT,
  `date_action` datetime NOT NULL,
  `user_id` int(10) unsigned NOT NULL,
  `razdel` varchar(30) NOT NULL,
  `message` text NOT NULL,
  PRIMARY KEY (`id`),
  KEY `user_id` (`user_id`)
) ENGINE=InnoDB  DEFAULT CHARSET=utf8 AUTO_INCREMENT=189 ;

--
-- Дамп данных таблицы `tm_activity`
--

INSERT INTO `tm_activity` (`id`, `date_action`, `user_id`, `razdel`, `message`) VALUES
(1, '2012-04-17 12:12:13', 1, 'Проекты', 'Удалена задача проверочка'),
(2, '2012-04-17 12:35:12', 1, 'Проекты', 'Добавлена задача проверка'),
(3, '2012-04-17 12:35:37', 1, 'Проекты', 'Добавлена задача проверка 1'),
(4, '2012-04-17 12:36:02', 1, 'Проекты', 'Изменения в задаче проверка 1'),
(5, '2012-04-17 12:37:16', 1, 'Проекты', 'Изменения в задаче проверка 1'),
(6, '2012-04-17 12:37:17', 1, 'Проекты', 'Изменения в задаче проверка 1'),
(7, '2012-04-17 12:37:18', 1, 'Проекты', 'Изменения в задаче проверка 1'),
(8, '2012-04-17 12:37:20', 1, 'Проекты', 'Изменения в задаче проверка 1'),
(9, '2012-04-17 12:37:21', 1, 'Проекты', 'Изменения в задаче проверка 1'),
(10, '2012-04-17 12:37:22', 1, 'Проекты', 'Изменения в задаче проверка 1'),
(11, '2012-04-17 12:37:22', 1, 'Проекты', 'Изменения в задаче проверка 1'),
(12, '2012-04-17 12:37:23', 1, 'Проекты', 'Изменения в задаче проверка 1'),
(13, '2012-04-17 12:37:23', 1, 'Проекты', 'Изменения в задаче проверка 1'),
(14, '2012-04-17 12:38:11', 1, 'Проекты', 'Удалена задача проверка'),
(15, '2012-04-17 12:38:17', 1, 'Проекты', 'Удалена задача проверка 1'),
(16, '2012-05-10 13:01:21', 9, 'Проекты', 'Добавлена задача ОАО Завод Универсал'),
(17, '2012-05-10 13:03:03', 9, 'Проекты', 'Изменения в задаче ООО Электросетевая Компания Кузбасса'),
(18, '2012-05-10 13:03:22', 9, 'Проекты', 'Удалена задача ООО Электросетевая Компания Кузбасса'),
(19, '2012-05-10 13:03:38', 9, 'Проекты', 'Добавлена задача ООО Электросетевая Компания Кузбасса'),
(20, '2012-05-11 08:16:07', 10, 'Проекты', 'Добавлена задача МУП ЖКУ Белогорск (Тисульский район) (потери)'),
(21, '2012-05-29 10:41:14', 10, 'Проекты', 'Добавлена задача ООО СДС-Тепло'),
(22, '2012-05-29 10:42:53', 10, 'Проекты', 'Добавлена задача ЗАО Железнодорожная котельная'),
(23, '2012-05-29 10:44:30', 10, 'Проекты', 'Добавлена задача ОАО ДЭП № 233'),
(24, '2012-05-29 10:45:36', 10, 'Проекты', 'Добавлена задача ООО Безруковское ЖКХ'),
(25, '2012-05-29 10:47:09', 10, 'Проекты', 'Добавлена задача ОАО Санаторий Прокопьевский'),
(26, '2012-05-29 10:51:31', 10, 'Проекты', 'Добавлена задача ООО Литвиновец'),
(27, '2012-05-29 10:53:02', 10, 'Проекты', 'Добавлена задача ООО ЗагорскКомСервис'),
(28, '2012-05-29 10:54:25', 10, 'Проекты', 'Добавлена задача ОАО «Алтайские гербициды» на 2012 (тепловые нормативы)'),
(29, '2012-05-29 10:54:59', 10, 'Проекты', 'Добавлена задача ОАО Каскад -  Энерго'),
(30, '2012-05-29 10:55:26', 10, 'Проекты', 'Добавлена задача ОАО СУЭК-Кузбасс ПЕ Спецналадка'),
(31, '2012-05-29 10:56:21', 10, 'Проекты', 'Добавлена задача ООО Авангард (г. Ленинск-Кузнецкий)'),
(32, '2012-05-29 10:56:45', 10, 'Проекты', 'Добавлена задача ООО Коммунальщик (с.Красное  Ленинск-Кузнецкий район)'),
(33, '2012-05-29 10:57:10', 10, 'Проекты', 'Добавлена задача ЗАО Сибирский колос (г. Анжеро-Судженск)'),
(34, '2012-05-29 10:57:43', 10, 'Проекты', 'Добавлена задача ООО Калининское ЖКХ '),
(35, '2012-05-29 10:58:07', 10, 'Проекты', 'Добавлена задача ООО СПК Чистогорский'),
(36, '2012-05-29 10:58:33', 10, 'Проекты', 'Добавлена задача ОАО Энергетическая компания г. Полысаево'),
(37, '2012-05-29 10:59:05', 10, 'Проекты', 'Добавлена задача ООО Технотрейд'),
(38, '2012-05-29 10:59:26', 10, 'Проекты', 'Добавлена задача МУП ЖКХ Новокузнецкого района'),
(39, '2012-05-29 10:59:55', 10, 'Проекты', 'Добавлена задача ООО Плотниковский ТеплоВодСнаб'),
(40, '2012-05-29 11:00:22', 10, 'Проекты', 'Добавлена задача ООО КУЗБАСС-ОЙЛ'),
(41, '2012-05-29 11:00:44', 10, 'Проекты', 'Добавлена задача ООО ТЭК'),
(42, '2012-05-29 11:01:08', 10, 'Проекты', 'Добавлена задача ООО ВМ-ЖКХ'),
(43, '2012-05-29 11:01:28', 10, 'Проекты', 'Добавлена задача ОАО Алтайвагон'),
(44, '2012-05-29 11:01:50', 10, 'Проекты', 'Добавлена задача ООО Новая сетевая компания'),
(45, '2012-05-29 11:02:17', 10, 'Проекты', 'Добавлена задача ООО ТеплоСервис'),
(46, '2012-05-29 11:02:41', 10, 'Проекты', 'Добавлена задача ЗАО ЯТЭК'),
(47, '2012-05-29 11:03:04', 10, 'Проекты', 'Добавлена задача ООО УК Серебряный бор на 2012'),
(48, '2012-05-29 11:03:51', 10, 'Проекты', 'Изменения в задаче ООО УК Серебряный бор '),
(49, '2012-05-29 11:04:23', 10, 'Проекты', 'Добавлена задача ФГЛПУ НКЦОЗШ'),
(50, '2012-05-29 11:04:42', 10, 'Проекты', 'Добавлена задача ООО Жилкомсервис'),
(51, '2012-05-29 11:05:05', 10, 'Проекты', 'Добавлена задача ООО Веста'),
(52, '2012-05-29 11:05:31', 10, 'Проекты', 'Добавлена задача ООО Теплосетевая компания Южного Кузбасса по узлу теплоснабжения г. Осинники'),
(53, '2012-05-29 11:05:52', 10, 'Проекты', 'Добавлена задача ООО Теплосетевая компания Южного Кузбасса по узлу теплоснабжения г. Калтан'),
(54, '2012-05-29 11:06:17', 10, 'Проекты', 'Добавлена задача ООО Вектор'),
(55, '2012-05-29 11:07:16', 10, 'Проекты', 'Добавлена задача ООО Топкинский цемен (г. Топки)'),
(56, '2012-05-29 11:07:36', 10, 'Проекты', 'Добавлена задача ОАО Знамя (г. Киселевск)'),
(57, '2012-05-29 11:08:01', 10, 'Проекты', 'Добавлена задача ООО Сибирь-Городская котельная-2 (г. Салаир)'),
(58, '2012-05-29 11:08:25', 10, 'Проекты', 'Добавлена задача ООО СЭЛФ'),
(59, '2012-05-29 11:08:53', 10, 'Проекты', 'Добавлена задача ООО Управляющая компания Энерготранс-АГРО'),
(60, '2012-05-29 11:09:13', 10, 'Проекты', 'Добавлена задача МП Тепловые сети города Кемерово'),
(61, '2012-05-29 11:09:34', 10, 'Проекты', 'Добавлена задача ФГКУ комбинат Алтай Росрезерва'),
(62, '2012-05-29 11:10:04', 10, 'Проекты', 'Добавлена задача ООО Теплоэнергетик (г. Белово)'),
(63, '2012-05-29 11:10:26', 10, 'Проекты', 'Добавлена задача ОАО ИжморВодСтрой'),
(64, '2012-05-29 11:12:08', 10, 'Проекты', 'Добавлена задача МП Городская тепловая компания'),
(65, '2012-05-29 11:57:38', 10, 'Проекты', 'Добавлена задача ООО Управляющая Коммунальная Сервисная Компания'),
(66, '2012-05-29 11:58:00', 10, 'Проекты', 'Добавлена задача ООО Южно-Кузбасская энергетическая компания'),
(67, '2012-05-29 11:58:26', 10, 'Проекты', 'Добавлена задача ОАО Энергетик'),
(68, '2012-05-29 12:00:10', 10, 'Проекты', 'Добавлена задача МУП ЖКУ Белогорск (Тисульский район) (НУР, Запасы)'),
(69, '2012-05-29 12:00:43', 10, 'Проекты', 'Добавлена задача МУП Теплокоммунэнерго'),
(70, '2012-05-29 12:01:15', 10, 'Проекты', 'Добавлена задача МУП Источник'),
(71, '2012-05-29 12:01:41', 10, 'Проекты', 'Добавлена задача ООО Чистогорское ЖКХ'),
(72, '2012-05-29 12:02:02', 10, 'Проекты', 'Добавлена задача ОАО Угольная компания Северный Кузбасс'),
(73, '2012-05-29 12:02:26', 10, 'Проекты', 'Добавлена задача ОАО Теплосервис  (г. Тайга)'),
(74, '2012-05-29 12:02:52', 10, 'Проекты', 'Добавлена задача ОАО Кузбассконсервмолоко'),
(75, '2012-06-13 19:14:04', 10, 'Проекты', 'Удалена задача МУП ЖКУ Белогорск (Тисульский район) (потери)'),
(76, '2012-06-13 19:14:08', 10, 'Проекты', 'Удалена задача МУП ЖКУ Белогорск (Тисульский район) (потери)'),
(77, '2012-06-13 19:14:11', 10, 'Проекты', 'Удалена задача МУП ЖКУ Белогорск (Тисульский район) (потери)'),
(78, '2012-06-13 19:14:15', 10, 'Проекты', 'Удалена задача МУП ЖКУ Белогорск (Тисульский район) (потери)'),
(79, '2012-06-13 19:14:20', 10, 'Проекты', 'Удалена задача МУП ЖКУ &quot;Белогорск&quot; (Тисульский район) (потери)'),
(80, '2012-06-13 19:14:24', 10, 'Проекты', 'Удалена задача МУП ЖКУ &quot;Белогорск&quot; (Тисульский район) (потери)'),
(81, '2012-06-13 19:14:28', 10, 'Проекты', 'Удалена задача МУП ЖКУ &quot;Белогорск&quot; (Тисульский район) (потери)'),
(82, '2012-06-13 19:14:54', 10, 'Проекты', 'Удалена задача МУП ЖКУ &quot;Белогорск&quot; (Тисульский район) (потери)'),
(83, '2012-06-13 19:16:36', 10, 'Проекты', 'Добавлена задача МУП ЖКУ &quot;Белогорск&quot; (Тисульский район) (потери)'),
(84, '2012-06-20 12:53:13', 10, 'Проекты', 'Добавлена задача ООО Новокузнецкие тепловые сети'),
(85, '2012-07-10 08:30:26', 10, 'Проекты', 'Добавлена задача ООО Шахта Юбилейная'),
(86, '2012-07-12 06:59:46', 10, 'Проекты', 'Добавлена задача '),
(87, '2012-07-12 06:59:55', 10, 'Проекты', 'Удалена задача '),
(88, '2012-07-18 13:01:55', 10, 'Проекты', 'Изменения в задаче ООО Шахта Юбилейная'),
(89, '2012-07-20 05:58:16', 10, 'Проекты', 'Добавлена задача '),
(90, '2012-07-20 05:58:44', 10, 'Проекты', 'Изменения в задаче ОАО Алтайвагон'),
(91, '2012-07-20 05:59:03', 10, 'Проекты', 'Добавлена задача '),
(92, '2012-07-20 06:01:59', 10, 'Проекты', 'Удалена задача '),
(93, '2012-07-20 06:02:04', 10, 'Проекты', 'Удалена задача '),
(94, '2012-07-20 06:03:30', 10, 'Проекты', 'Добавлена задача '),
(95, '2012-07-20 06:04:04', 10, 'Проекты', 'Изменения в задаче '),
(96, '2012-07-20 06:06:50', 10, 'Проекты', 'Изменения в задаче ОАО Алтайвагон'),
(97, '2012-07-20 06:12:43', 10, 'Проекты', 'Удалена задача '),
(98, '2012-07-20 06:27:14', 10, 'Проекты', 'Добавлена задача '),
(99, '2012-07-20 06:28:08', 10, 'Проекты', 'Изменения в задаче '),
(100, '2012-07-20 06:28:46', 10, 'Проекты', 'Изменения в задаче ООО Авангард'),
(101, '2012-07-20 08:05:50', 10, 'Проекты', 'Удалена задача ФГКУ комбинат Алтай Росрезерва'),
(102, '2012-10-16 10:54:26', 10, 'Проекты', 'Добавлена задача ООО Коммунальщик с.Красное  Ленинск-Кузнецкий район'),
(103, '2012-10-16 10:54:49', 10, 'Проекты', 'Удалена задача ООО Коммунальщик с.Красное  Ленинск-Кузнецкий район'),
(104, '2012-10-17 06:56:39', 10, 'Проекты', 'Добавлена задача ООО Железобетон-сервис'),
(105, '2012-10-17 07:19:31', 10, 'Проекты', 'Добавлена задача ООО Теплоресурс'),
(106, '2012-10-17 07:24:00', 10, 'Проекты', 'Добавлена задача ООО Мысковская электросетевая'),
(107, '2012-10-17 07:27:54', 10, 'Проекты', 'Добавлена задача ООО Безруковское ЖКХ'),
(108, '2012-10-17 07:30:49', 10, 'Проекты', 'Добавлена задача ООО Топкинский цемент'),
(109, '2012-10-17 07:38:57', 10, 'Проекты', 'Добавлена задача ООО УК Энерготранс-Агро'),
(110, '2012-10-17 07:41:10', 10, 'Проекты', 'Добавлена задача ЗАО Водоканал'),
(111, '2012-10-17 07:47:28', 10, 'Проекты', 'Добавлена задача ООО Кристал 1'),
(112, '2012-10-17 07:50:22', 10, 'Проекты', 'Добавлена задача ЗАО Тепловые сети г Мыски'),
(113, '2012-10-17 07:53:20', 10, 'Проекты', 'Добавлена задача СУЭК-КУЗБАС Энергоупровление'),
(114, '2012-10-17 07:57:50', 10, 'Проекты', 'Добавлена задача ЗАО Сибэлектросервис'),
(115, '2012-10-17 09:49:22', 10, 'Проекты', 'Добавлена задача ООО Химпром'),
(116, '2012-10-17 10:19:53', 10, 'Проекты', 'Добавлена задача ОАО Томусинский ремонтномеханический завод'),
(117, '2012-10-17 12:22:45', 10, 'Проекты', 'Добавлена задача ОАО Знамя'),
(118, '2012-10-17 12:23:08', 10, 'Проекты', 'Удалена задача ОАО Знамя'),
(119, '2012-10-17 12:33:13', 10, 'Проекты', 'Добавлена задача ООО ЕвразЭнергоТранс'),
(120, '2013-01-30 13:30:41', 10, 'Проекты', 'Добавлена задача ООО ТЭП'),
(121, '2013-04-26 07:35:27', 10, 'Проекты', 'Добавлена задача ОАО Теплосервис г Тайга'),
(122, '2013-05-29 14:10:15', 10, 'Проекты', 'Изменения в задаче ООО Топкинский цемент'),
(123, '2013-08-22 06:34:51', 10, 'Проекты', 'Добавлена задача МУП Жилищно-коммунальное управление Кемеровского района '),
(124, '2013-08-22 06:34:51', 10, 'Проекты', 'Добавлена задача МУП Жилищно-коммунальное управление Кемеровского района '),
(125, '2013-08-22 06:49:07', 10, 'Проекты', 'Добавлена задача ООО Обогатительная фабрика Прокопьевскуголь'),
(126, '2013-08-23 06:29:59', 10, 'Проекты', 'Добавлена задача ООО РПС-М'),
(127, '2013-08-23 06:34:40', 10, 'Проекты', 'Изменения в задаче ООО РСП-М'),
(128, '2013-08-23 06:35:10', 10, 'Проекты', 'Удалена задача ООО РСП-М'),
(129, '2013-08-23 06:39:54', 10, 'Проекты', 'Добавлена задача ООО Структурное Подразделение Рельсосварочное Предприятие'),
(130, '2013-08-23 06:54:56', 10, 'Проекты', 'Добавлена задача ООО Теплотех'),
(131, '2013-08-23 07:46:38', 10, 'Проекты', 'Добавлена задача ОАО Тепловодоканал-Сервис'),
(132, '2013-08-23 08:06:32', 10, 'Проекты', 'Добавлена задача МУП ЖКХ Белогорск'),
(133, '2013-08-23 08:17:13', 10, 'Проекты', 'Добавлена задача ООО Акация'),
(134, '2013-08-26 10:40:58', 10, 'Проекты', 'Добавлена задача ООО Теплосетевая компания Южного Кузбасса'),
(135, '2013-08-26 13:16:23', 10, 'Проекты', 'Добавлена задача Мп г Киселевск Тепло'),
(136, '2013-08-27 11:53:20', 10, 'Проекты', 'Добавлена задача ООО Кузнецкэнерго'),
(137, '2013-08-28 10:07:24', 10, 'Проекты', 'Добавлена задача ФГБ ЛПУ Научно-клинический центр охраны здоровья  шахтеров'),
(138, '2013-08-28 10:45:51', 10, 'Проекты', 'Добавлена задача МУП Котельные и тепловые сети'),
(139, '2013-08-28 10:46:07', 10, 'Проекты', 'Добавлена задача МУП Котельные и тепловые сети'),
(140, '2013-08-28 10:46:31', 10, 'Проекты', 'Удалена задача МУП Котельные и тепловые сети'),
(141, '2013-08-29 10:25:15', 10, 'Проекты', 'Добавлена задача ООО  Водоканал'),
(142, '2013-08-29 10:33:42', 10, 'Проекты', 'Добавлена задача ОАО Угольная компания Кузбассразрезуголь'),
(143, '2013-08-29 10:57:12', 10, 'Проекты', 'Добавлена задача ООО Энергосбытовая  компания Кузбасса'),
(144, '2013-08-30 06:23:54', 10, 'Проекты', 'Добавлена задача МУП Прокопьевское Теплоснабжающее хозяйство'),
(145, '2013-09-02 05:53:22', 10, 'Проекты', 'Добавлена задача ООО СПК Чистогорский  '),
(146, '2013-09-02 06:37:40', 10, 'Проекты', 'Добавлена задача ООО Электросеть'),
(147, '2013-09-02 06:37:40', 10, 'Проекты', 'Добавлена задача ООО Электросеть'),
(148, '2013-09-02 06:37:47', 10, 'Проекты', 'Удалена задача ООО Электросеть'),
(149, '2013-09-02 10:24:06', 10, 'Проекты', 'Добавлена задача ООО КузнецкТеплоСбыт'),
(150, '2013-09-03 06:32:20', 10, 'Проекты', 'Добавлена задача ООО Кузбасская Энергосетевая Компания'),
(151, '2013-09-03 08:30:45', 10, 'Проекты', 'Изменения в задаче ООО Кузбасская Энергосетевая Компания'),
(152, '2013-09-03 08:34:59', 10, 'Проекты', 'Изменения в задаче ООО КузнецкТеплоСбыт'),
(153, '2013-09-03 12:31:06', 10, 'Проекты', 'Изменения в задаче ООО Электросеть'),
(154, '2013-09-03 12:33:19', 10, 'Проекты', 'Изменения в задаче ООО СПК Чистогорский  '),
(155, '2013-09-03 12:33:50', 10, 'Проекты', 'Изменения в задаче ООО СПК Чистогорский  '),
(156, '2013-09-03 12:34:18', 10, 'Проекты', 'Изменения в задаче ООО Электросеть'),
(157, '2013-09-03 12:40:46', 10, 'Проекты', 'Изменения в задаче ООО Топкинский цемент'),
(158, '2013-09-04 06:11:07', 10, 'Проекты', 'Изменения в задаче ООО ЕвразЭнергоТранс'),
(159, '2013-09-04 14:15:38', 10, 'Проекты', 'Добавлена задача ООО Теплоснаб'),
(160, '2013-09-05 07:09:37', 10, 'Проекты', 'Изменения в задаче ООО Кузнецкэнерго'),
(161, '2013-09-09 08:23:06', 10, 'Проекты', 'Изменения в задаче ООО Электросеть'),
(162, '2013-09-09 10:42:16', 10, 'Проекты', 'Изменения в задаче ООО Теплосетевая компания Южного Кузбасса'),
(163, '2013-09-09 10:44:32', 10, 'Проекты', 'Изменения в задаче ООО Теплосетевая компания Южного Кузбасса'),
(164, '2013-09-10 06:20:43', 10, 'Проекты', 'Добавлена задача ООО Теплоэнерго'),
(165, '2013-09-10 08:17:56', 10, 'Проекты', 'Изменения в задаче ООО Энергосбытовая  компания Кузбасса'),
(166, '2013-09-10 08:20:07', 10, 'Проекты', 'Изменения в задаче ООО Энергосбытовая  компания Кузбасса'),
(167, '2013-09-10 08:26:26', 10, 'Проекты', 'Добавлена задача ООО СДС-Энерго'),
(168, '2013-09-10 08:35:26', 10, 'Проекты', 'Добавлена задача ООО Горэлектросеть   (г Новокузнецк) '),
(169, '2013-09-10 08:47:34', 10, 'Проекты', 'Изменения в задаче ООО СДС-Энерго'),
(170, '2013-09-10 10:42:04', 10, 'Проекты', 'Изменения в задаче ООО СПК Чистогорский'),
(171, '2013-09-11 14:07:20', 10, 'Проекты', 'Изменения в задаче ООО Горэлектросеть   (г Новокузнецк) '),
(172, '2013-09-12 13:18:38', 10, 'Проекты', 'Добавлена задача Кузбассэнергосбыт'),
(173, '2013-09-13 11:31:23', 10, 'Проекты', 'Добавлена задача ЗАО Прокопьевскэнерго'),
(174, '2013-09-18 10:27:26', 10, 'Проекты', 'Добавлена задача ООО Тепло плюс'),
(175, '2013-09-26 09:36:00', 10, 'Проекты', 'Изменения в задаче ООО Электросеть (4223052779)'),
(176, '2013-09-26 09:37:46', 10, 'Проекты', 'Изменения в задаче ООО КузнецкТеплоСбыт (4217146884)'),
(177, '2013-09-26 11:56:05', 10, 'Проекты', 'Добавлена задача СУЭК Энергоуправление'),
(178, '2013-09-26 11:56:06', 10, 'Проекты', 'Добавлена задача СУЭК Энергоуправление'),
(179, '2013-09-26 11:58:45', 10, 'Проекты', 'Изменения в задаче ООО СДС-Тепло  (4205161006)'),
(180, '2013-09-26 16:13:47', 10, 'Проекты', 'Удалена задача СУЭК Энергоуправление'),
(181, '2013-09-26 16:13:53', 10, 'Проекты', 'Удалена задача СУЭК Энергоуправление'),
(182, '2013-09-26 16:14:18', 10, 'Проекты', 'Изменения в задаче СУЭК Энергоуправление Ленинск-Кузнецк (4212024138)'),
(183, '2013-09-26 18:02:02', 1, 'Проекты', 'Удалена задача ООО Безруковское ЖКХ'),
(184, '2013-09-27 14:49:12', 10, 'Проекты', 'Добавлена задача ООО Киселевская Объединенная Тепловая Компания (4211023156)'),
(185, '2013-09-30 14:08:52', 10, 'Проекты', 'Удалена задача ОАО ДЭП № 233'),
(186, '2013-09-30 15:42:09', 10, 'Проекты', 'Изменения в задаче ООО Тепло плюс (4246018608)'),
(187, '2013-09-30 16:40:22', 10, 'Проекты', 'Изменения в задаче ООО Электросетевая Компания Кузбасса'),
(188, '2013-09-30 16:40:39', 10, 'Проекты', 'Удалена задача ООО Электросетевая Компания Кузбасса');

-- --------------------------------------------------------

--
-- Структура таблицы `tm_discussion`
--

DROP TABLE IF EXISTS `tm_discussion`;
CREATE TABLE IF NOT EXISTS `tm_discussion` (
  `id` int(10) unsigned NOT NULL AUTO_INCREMENT,
  `message` text NOT NULL,
  `date_create` datetime NOT NULL,
  `is_first` tinyint(1) NOT NULL DEFAULT '0',
  `is_message` tinyint(1) NOT NULL DEFAULT '0',
  `topic_id` int(10) unsigned DEFAULT NULL,
  `parent_id` int(10) unsigned DEFAULT NULL,
  `user_id` int(10) unsigned NOT NULL,
  `to_user_id` int(10) unsigned DEFAULT NULL,
  `is_request` tinyint(1) NOT NULL DEFAULT '0',
  `is_complete` tinyint(1) NOT NULL DEFAULT '0',
  `is_archive` tinyint(1) NOT NULL DEFAULT '0',
  PRIMARY KEY (`id`),
  KEY `fk_tm_discussion_tm_discussion1` (`parent_id`),
  KEY `fk_tm_discussion_tm_user1` (`user_id`),
  KEY `topic_id` (`topic_id`),
  KEY `to_user_id` (`to_user_id`)
) ENGINE=InnoDB  DEFAULT CHARSET=utf8 AUTO_INCREMENT=358 ;

--
-- Дамп данных таблицы `tm_discussion`
--

INSERT INTO `tm_discussion` (`id`, `message`, `date_create`, `is_first`, `is_message`, `topic_id`, `parent_id`, `user_id`, `to_user_id`, `is_request`, `is_complete`, `is_archive`) VALUES
(191, 'Заказы с сайта', '2011-12-22 21:08:41', 0, 0, NULL, NULL, 1, NULL, 0, 0, 0),
(200, 'Тестовый док', '2012-04-10 11:37:28', 0, 0, 191, NULL, 1, NULL, 0, 0, 0),
(201, 'Еще док', '2012-04-10 11:37:44', 0, 0, 191, NULL, 1, NULL, 0, 0, 0),
(208, 'ООО Электросетевая Компания Кузбасса', '2012-05-10 13:03:38', 0, 0, NULL, NULL, 9, NULL, 0, 0, 0),
(210, 'Договор', '2012-05-28 18:04:57', 0, 0, 208, NULL, 1, NULL, 0, 0, 0),
(211, 'Gthdsq', '2012-05-28 18:05:07', 0, 1, 210, NULL, 1, NULL, 0, 0, 0),
(212, 'Счет', '2012-05-28 18:05:22', 0, 0, 208, NULL, 1, NULL, 0, 0, 0),
(213, 'ООО СДС-Тепло', '2012-05-29 10:41:14', 0, 0, NULL, NULL, 10, NULL, 0, 0, 0),
(214, 'ЗАО Железнодорожная котельная', '2012-05-29 10:42:52', 0, 0, NULL, NULL, 10, NULL, 0, 0, 0),
(215, 'ОАО ДЭП № 233', '2012-05-29 10:44:30', 0, 0, NULL, NULL, 10, NULL, 0, 0, 0),
(217, 'ОАО Санаторий Прокопьевский', '2012-05-29 10:47:09', 0, 0, NULL, NULL, 10, NULL, 0, 0, 0),
(218, 'ООО Литвиновец', '2012-05-29 10:51:31', 0, 0, NULL, NULL, 10, NULL, 0, 0, 0),
(219, 'ООО ЗагорскКомСервис', '2012-05-29 10:53:02', 0, 0, NULL, NULL, 10, NULL, 0, 0, 0),
(220, 'ОАО «Алтайские гербициды» на 2012 (тепловые нормативы)', '2012-05-29 10:54:25', 0, 0, NULL, NULL, 10, NULL, 0, 0, 0),
(221, 'ОАО Каскад -  Энерго', '2012-05-29 10:54:59', 0, 0, NULL, NULL, 10, NULL, 0, 0, 0),
(222, 'ОАО СУЭК-Кузбасс ПЕ Спецналадка', '2012-05-29 10:55:26', 0, 0, NULL, NULL, 10, NULL, 0, 0, 0),
(223, 'ООО Авангард (г. Ленинск-Кузнецкий)', '2012-05-29 10:56:21', 0, 0, NULL, NULL, 10, NULL, 0, 0, 1),
(224, 'ООО Коммунальщик (с.Красное  Ленинск-Кузнецкий район)', '2012-05-29 10:56:44', 0, 0, NULL, NULL, 10, NULL, 0, 0, 0),
(225, 'ЗАО Сибирский колос (г. Анжеро-Судженск)', '2012-05-29 10:57:10', 0, 0, NULL, NULL, 10, NULL, 0, 0, 0),
(226, 'ООО Калининское ЖКХ ', '2012-05-29 10:57:43', 0, 0, NULL, NULL, 10, NULL, 0, 0, 0),
(227, 'ООО СПК Чистогорский', '2012-05-29 10:58:07', 0, 0, NULL, NULL, 10, NULL, 0, 0, 0),
(228, 'ОАО Энергетическая компания г. Полысаево', '2012-05-29 10:58:33', 0, 0, NULL, NULL, 10, NULL, 0, 0, 0),
(229, 'ООО Технотрейд', '2012-05-29 10:59:05', 0, 0, NULL, NULL, 10, NULL, 0, 0, 0),
(230, 'МУП ЖКХ Новокузнецкого района', '2012-05-29 10:59:26', 0, 0, NULL, NULL, 10, NULL, 0, 0, 0),
(231, 'ООО Плотниковский ТеплоВодСнаб', '2012-05-29 10:59:55', 0, 0, NULL, NULL, 10, NULL, 0, 0, 0),
(232, 'ООО КУЗБАСС-ОЙЛ', '2012-05-29 11:00:22', 0, 0, NULL, NULL, 10, NULL, 0, 0, 0),
(233, 'ООО ТЭК', '2012-05-29 11:00:44', 0, 0, NULL, NULL, 10, NULL, 0, 0, 0),
(234, 'ООО ВМ-ЖКХ', '2012-05-29 11:01:08', 0, 0, NULL, NULL, 10, NULL, 0, 0, 0),
(235, 'ОАО Алтайвагон', '2012-05-29 11:01:28', 0, 0, NULL, NULL, 10, NULL, 0, 0, 0),
(236, 'ООО Новая сетевая компания', '2012-05-29 11:01:50', 0, 0, NULL, NULL, 10, NULL, 0, 0, 0),
(237, 'ООО ТеплоСервис', '2012-05-29 11:02:17', 0, 0, NULL, NULL, 10, NULL, 0, 0, 0),
(238, 'ЗАО ЯТЭК', '2012-05-29 11:02:41', 0, 0, NULL, NULL, 10, NULL, 0, 0, 0),
(239, 'ООО УК Серебряный бор на 2012', '2012-05-29 11:03:04', 0, 0, NULL, NULL, 10, NULL, 0, 0, 0),
(240, 'ФГЛПУ НКЦОЗШ', '2012-05-29 11:04:23', 0, 0, NULL, NULL, 10, NULL, 0, 0, 0),
(241, 'ООО Жилкомсервис', '2012-05-29 11:04:42', 0, 0, NULL, NULL, 10, NULL, 0, 0, 0),
(242, 'ООО Веста', '2012-05-29 11:05:05', 0, 0, NULL, NULL, 10, NULL, 0, 0, 0),
(243, 'ООО Теплосетевая компания Южного Кузбасса по узлу теплоснабжения г. Осинники', '2012-05-29 11:05:31', 0, 0, NULL, NULL, 10, NULL, 0, 0, 0),
(244, 'ООО Теплосетевая компания Южного Кузбасса по узлу теплоснабжения г. Калтан', '2012-05-29 11:05:52', 0, 0, NULL, NULL, 10, NULL, 0, 0, 0),
(245, 'ООО Вектор', '2012-05-29 11:06:17', 0, 0, NULL, NULL, 10, NULL, 0, 0, 0),
(246, 'ООО Топкинский цемен (г. Топки)', '2012-05-29 11:07:15', 0, 0, NULL, NULL, 10, NULL, 0, 0, 0),
(247, 'ОАО Знамя (г. Киселевск)', '2012-05-29 11:07:36', 0, 0, NULL, NULL, 10, NULL, 0, 0, 0),
(248, 'ООО Сибирь-Городская котельная-2 (г. Салаир)', '2012-05-29 11:08:01', 0, 0, NULL, NULL, 10, NULL, 0, 0, 0),
(249, 'ООО СЭЛФ', '2012-05-29 11:08:25', 0, 0, NULL, NULL, 10, NULL, 0, 0, 0),
(250, 'ООО Управляющая компания Энерготранс-АГРО', '2012-05-29 11:08:53', 0, 0, NULL, NULL, 10, NULL, 0, 0, 0),
(251, 'МП Тепловые сети города Кемерово', '2012-05-29 11:09:13', 0, 0, NULL, NULL, 10, NULL, 0, 0, 0),
(252, 'ФГКУ комбинат Алтай Росрезерва', '2012-05-29 11:09:33', 0, 0, NULL, NULL, 10, NULL, 0, 0, 0),
(253, 'ООО Теплоэнергетик (г. Белово)', '2012-05-29 11:10:04', 0, 0, NULL, NULL, 10, NULL, 0, 0, 0),
(254, 'ОАО ИжморВодСтрой', '2012-05-29 11:10:26', 0, 0, NULL, NULL, 10, NULL, 0, 0, 0),
(255, 'МП Городская тепловая компания', '2012-05-29 11:12:08', 0, 0, NULL, NULL, 10, NULL, 0, 0, 0),
(256, 'ООО Управляющая Коммунальная Сервисная Компания', '2012-05-29 11:57:38', 0, 0, NULL, NULL, 10, NULL, 0, 0, 0),
(257, 'ООО Южно-Кузбасская энергетическая компания', '2012-05-29 11:58:00', 0, 0, NULL, NULL, 10, NULL, 0, 0, 0),
(258, 'ОАО Энергетик', '2012-05-29 11:58:26', 0, 0, NULL, NULL, 10, NULL, 0, 0, 0),
(259, 'МУП ЖКУ Белогорск (Тисульский район) (НУР, Запасы)', '2012-05-29 12:00:10', 0, 0, NULL, NULL, 10, NULL, 0, 0, 0),
(260, 'МУП Теплокоммунэнерго', '2012-05-29 12:00:43', 0, 0, NULL, NULL, 10, NULL, 0, 0, 0),
(261, 'МУП Источник', '2012-05-29 12:01:15', 0, 0, NULL, NULL, 10, NULL, 0, 0, 0),
(262, 'ООО Чистогорское ЖКХ', '2012-05-29 12:01:40', 0, 0, NULL, NULL, 10, NULL, 0, 0, 0),
(263, 'ОАО Угольная компания Северный Кузбасс', '2012-05-29 12:02:02', 0, 0, NULL, NULL, 10, NULL, 0, 0, 0),
(264, 'ОАО Теплосервис  (г. Тайга)', '2012-05-29 12:02:26', 0, 0, NULL, NULL, 10, NULL, 0, 0, 0),
(265, 'ОАО Кузбассконсервмолоко', '2012-05-29 12:02:52', 0, 0, NULL, NULL, 10, NULL, 0, 0, 0),
(266, 'МУП ЖКУ \\"Белогорск\\" (Тисульский район) (потери)', '2012-06-13 19:16:36', 0, 0, NULL, NULL, 10, NULL, 0, 0, 0),
(267, 'ООО Новокузнецкие тепловые сети', '2012-06-20 12:53:13', 0, 0, NULL, NULL, 10, NULL, 0, 0, 0),
(268, 'Договор', '2012-06-20 13:11:44', 0, 0, 267, NULL, 56, NULL, 0, 0, 0),
(269, '', '2012-06-22 12:13:36', 0, 1, 268, NULL, 35, NULL, 0, 0, 0),
(270, '', '2012-06-22 12:15:06', 0, 1, 268, NULL, 35, NULL, 0, 0, 0),
(271, 'ООО Шахта Юбилейная', '2012-07-10 08:30:25', 0, 0, NULL, NULL, 10, NULL, 0, 0, 0),
(272, '', '2012-07-10 13:59:53', 0, 0, 271, NULL, 10, NULL, 0, 0, 0),
(273, '', '2012-07-12 06:59:45', 0, 0, 271, NULL, 10, NULL, 0, 0, 0),
(274, '', '2012-07-20 05:58:16', 0, 0, 235, NULL, 10, NULL, 0, 0, 0),
(275, '', '2012-07-20 05:59:03', 0, 0, 235, NULL, 10, NULL, 0, 0, 0),
(276, '', '2012-07-20 06:03:30', 0, 0, 223, NULL, 10, NULL, 0, 0, 0),
(278, 'Договор', '2012-07-27 07:17:38', 0, 0, 262, NULL, 65, NULL, 0, 0, 0),
(279, 'Письмо по срокам', '2012-09-04 13:24:39', 0, 0, 267, NULL, 56, NULL, 0, 0, 0),
(280, 'ООО Коммунальщик с.Красное  Ленинск-Кузнецкий район', '2012-10-16 10:54:26', 0, 0, NULL, NULL, 10, NULL, 0, 0, 0),
(281, 'ООО Железобетон-сервис', '2012-10-17 06:56:38', 0, 0, NULL, NULL, 10, NULL, 0, 0, 0),
(282, 'ООО Теплоресурс', '2012-10-17 07:19:30', 0, 0, NULL, NULL, 10, NULL, 0, 0, 0),
(283, 'ООО Мысковская электросетевая', '2012-10-17 07:24:00', 0, 0, NULL, NULL, 10, NULL, 0, 0, 0),
(284, 'ООО Безруковское ЖКХ', '2012-10-17 07:27:54', 0, 0, NULL, NULL, 10, NULL, 0, 0, 0),
(285, 'ООО Топкинский цемент', '2012-10-17 07:30:49', 0, 0, NULL, NULL, 10, NULL, 0, 0, 0),
(286, 'ООО УК Энерготранс-Агро', '2012-10-17 07:38:56', 0, 0, NULL, NULL, 10, NULL, 0, 0, 0),
(287, 'ЗАО Водоканал', '2012-10-17 07:41:10', 0, 0, NULL, NULL, 10, NULL, 0, 0, 0),
(288, 'ООО Кристал 1', '2012-10-17 07:47:28', 0, 0, NULL, NULL, 10, NULL, 0, 0, 0),
(289, 'ЗАО Тепловые сети г Мыски', '2012-10-17 07:50:22', 0, 0, NULL, NULL, 10, NULL, 0, 0, 0),
(290, 'СУЭК-КУЗБАС Энергоупровление', '2012-10-17 07:53:20', 0, 0, NULL, NULL, 10, NULL, 0, 0, 0),
(291, 'ЗАО Сибэлектросервис', '2012-10-17 07:57:50', 0, 0, NULL, NULL, 10, NULL, 0, 0, 0),
(292, 'ООО Химпром', '2012-10-17 09:49:22', 0, 0, NULL, NULL, 10, NULL, 0, 0, 0),
(293, 'ОАО Томусинский ремонтномеханический завод', '2012-10-17 10:19:53', 0, 0, NULL, NULL, 10, NULL, 0, 0, 0),
(294, 'ОАО Знамя', '2012-10-17 12:22:45', 0, 0, NULL, NULL, 10, NULL, 0, 0, 0),
(295, 'ООО ЕвразЭнергоТранс', '2012-10-17 12:33:13', 0, 0, NULL, NULL, 10, NULL, 0, 0, 0),
(296, '', '2012-10-29 10:32:15', 0, 0, 255, NULL, 10, NULL, 0, 0, 0),
(297, '', '2012-10-31 07:02:51', 0, 0, 293, NULL, 10, NULL, 0, 0, 0),
(298, '', '2012-10-31 10:56:12', 0, 0, 291, NULL, 10, NULL, 0, 0, 0),
(299, 'ООО ТЭП', '2013-01-30 13:30:40', 0, 0, NULL, NULL, 10, NULL, 0, 0, 0),
(300, '', '2013-02-05 12:07:25', 0, 0, 282, NULL, 50, NULL, 0, 0, 0),
(301, '', '2013-04-22 13:30:14', 0, 0, 290, NULL, 10, NULL, 0, 0, 0),
(302, '', '2013-04-25 06:07:28', 0, 0, 291, NULL, 10, NULL, 0, 0, 0),
(303, 'ОАО Теплосервис г Тайга', '2013-04-26 07:35:26', 0, 0, NULL, NULL, 10, NULL, 0, 0, 0),
(304, 'Экспертное заключение по расчету нормативов потерь тепловой энергии', '2013-04-26 09:53:57', 0, 0, 303, NULL, 65, NULL, 0, 0, 0),
(305, '', '2013-05-13 10:42:08', 0, 0, 295, NULL, 10, NULL, 0, 0, 0),
(306, 'Договор № 03/ЭСО – 2110/11-2/3-12 на оказание услуг от  «21» декабря 2011 г.', '2013-05-13 10:45:09', 0, 0, 295, NULL, 10, NULL, 0, 0, 0),
(307, '', '2013-05-13 10:54:25', 0, 0, 295, NULL, 10, NULL, 0, 0, 0),
(308, 'Экспертное заключение по расчету нормативов потерь тепловой энергии', '2013-05-16 07:10:40', 0, 0, 303, NULL, 10, NULL, 0, 0, 0),
(309, '', '2013-05-29 14:00:15', 0, 0, 285, NULL, 10, NULL, 0, 0, 0),
(310, 'Пишем комментарии к документу.', '2013-05-29 14:00:32', 0, 1, 309, NULL, 10, NULL, 0, 0, 0),
(311, 'Отвечаем на вопрос', '2013-05-29 14:00:49', 0, 1, 309, 310, 10, NULL, 0, 0, 0),
(312, 'Выкладываем документы', '2013-05-29 14:02:33', 0, 1, 309, NULL, 10, NULL, 0, 0, 0),
(313, 'Выкладываем документы', '2013-05-29 14:03:26', 0, 1, 309, NULL, 10, NULL, 0, 0, 0),
(314, 'Комментарий', '2013-05-29 14:06:54', 0, 1, 246, NULL, 10, NULL, 0, 0, 0),
(315, 'Проверка связи', '2013-05-29 14:07:37', 0, 1, 246, NULL, 10, 9, 0, 0, 0),
(316, 'про', '2013-05-29 14:11:01', 0, 1, 285, NULL, 10, NULL, 0, 0, 0),
(317, 'Проверка заявки', '2013-05-29 14:11:46', 0, 1, 285, NULL, 10, 9, 1, 0, 0),
(319, '', '2013-08-13 13:25:19', 0, 1, 210, NULL, 9, NULL, 0, 0, 0),
(320, '', '2013-08-13 13:26:36', 0, 1, 201, NULL, 9, NULL, 0, 0, 0),
(321, 'Экспертное заключение по расчету норматива удельного расхода топлива', '2013-08-13 13:29:39', 0, 0, 303, NULL, 9, NULL, 0, 0, 0),
(322, 'МУП Жилищно-коммунальное управление Кемеровского района ', '2013-08-22 06:34:44', 0, 0, NULL, NULL, 10, NULL, 0, 0, 0),
(323, 'МУП Жилищно-коммунальное управление Кемеровского района ', '2013-08-22 06:34:51', 0, 0, NULL, NULL, 10, NULL, 0, 0, 0),
(324, 'ООО Обогатительная фабрика Прокопьевскуголь', '2013-08-22 06:49:03', 0, 0, NULL, NULL, 10, NULL, 0, 0, 0),
(325, 'ООО РПС-М', '2013-08-23 06:29:58', 0, 0, NULL, NULL, 10, NULL, 0, 0, 0),
(326, 'ООО Структурное Подразделение Рельсосварочное Предприятие', '2013-08-23 06:39:54', 0, 0, NULL, NULL, 10, NULL, 0, 0, 0),
(327, 'ООО Теплотех', '2013-08-23 06:54:53', 0, 0, NULL, NULL, 10, NULL, 0, 0, 0),
(328, 'ОАО Тепловодоканал-Сервис', '2013-08-23 07:46:38', 0, 0, NULL, NULL, 10, NULL, 0, 0, 0),
(329, 'МУП ЖКХ Белогорск', '2013-08-23 08:06:32', 0, 0, NULL, NULL, 10, NULL, 0, 0, 0),
(330, 'ООО Акация', '2013-08-23 08:17:13', 0, 0, NULL, NULL, 10, NULL, 0, 0, 0),
(331, 'ООО Теплосетевая компания Южного Кузбасса', '2013-08-26 10:40:57', 0, 0, NULL, NULL, 10, NULL, 0, 0, 0),
(332, 'Мп г Киселевск Тепло', '2013-08-26 13:16:22', 0, 0, NULL, NULL, 10, NULL, 0, 0, 0),
(333, 'ООО Кузнецкэнерго', '2013-08-27 11:53:19', 0, 0, NULL, NULL, 10, NULL, 0, 0, 0),
(334, 'ФГБ ЛПУ Научно-клинический центр охраны здоровья  шахтеров', '2013-08-28 10:07:22', 0, 0, NULL, NULL, 10, NULL, 0, 0, 0),
(335, 'МУП Котельные и тепловые сети', '2013-08-28 10:45:49', 0, 0, NULL, NULL, 10, NULL, 0, 0, 0),
(336, 'МУП Котельные и тепловые сети', '2013-08-28 10:46:06', 0, 0, NULL, NULL, 10, NULL, 0, 0, 0),
(337, 'ООО  Водоканал', '2013-08-29 10:25:14', 0, 0, NULL, NULL, 10, NULL, 0, 0, 0),
(338, 'ОАО Угольная компания Кузбассразрезуголь', '2013-08-29 10:33:41', 0, 0, NULL, NULL, 10, NULL, 0, 0, 0),
(339, 'ООО Энергосбытовая  компания Кузбасса', '2013-08-29 10:57:12', 0, 0, NULL, NULL, 10, NULL, 0, 0, 0),
(340, 'МУП Прокопьевское Теплоснабжающее хозяйство', '2013-08-30 06:23:53', 0, 0, NULL, NULL, 10, NULL, 0, 0, 0),
(341, 'ООО СПК Чистогорский  ', '2013-09-02 05:53:22', 0, 0, NULL, NULL, 10, NULL, 0, 0, 0),
(342, 'ООО Электросеть', '2013-09-02 06:37:39', 0, 0, NULL, NULL, 10, NULL, 0, 0, 0),
(343, 'ООО Электросеть', '2013-09-02 06:37:40', 0, 0, NULL, NULL, 10, NULL, 0, 0, 0),
(344, 'ООО КузнецкТеплоСбыт', '2013-09-02 10:24:05', 0, 0, NULL, NULL, 10, NULL, 0, 0, 0),
(345, 'ООО Кузбасская Энергосетевая Компания', '2013-09-03 06:32:17', 0, 0, NULL, NULL, 10, NULL, 0, 0, 0),
(346, 'ООО Теплоснаб', '2013-09-04 14:15:37', 0, 0, NULL, NULL, 10, NULL, 0, 0, 0),
(347, 'ООО Теплоэнерго', '2013-09-10 06:20:39', 0, 0, NULL, NULL, 10, NULL, 0, 0, 0),
(348, 'ООО СДС-Энерго', '2013-09-10 08:26:26', 0, 0, NULL, NULL, 10, NULL, 0, 0, 0),
(349, 'ООО Горэлектросеть   (г Новокузнецк) ', '2013-09-10 08:35:26', 0, 0, NULL, NULL, 10, NULL, 0, 0, 0),
(350, 'Кузбассэнергосбыт', '2013-09-12 13:18:37', 0, 0, NULL, NULL, 10, NULL, 0, 0, 0),
(351, 'ЗАО Прокопьевскэнерго', '2013-09-13 11:31:22', 0, 0, NULL, NULL, 10, NULL, 0, 0, 0),
(352, 'ООО Тепло плюс', '2013-09-18 10:27:26', 0, 0, NULL, NULL, 10, NULL, 0, 0, 0),
(353, 'СУЭК Энергоуправление', '2013-09-26 11:56:01', 0, 0, NULL, NULL, 10, NULL, 0, 0, 0),
(354, 'СУЭК Энергоуправление', '2013-09-26 11:56:05', 0, 0, NULL, NULL, 10, NULL, 0, 0, 0),
(355, 'ООО Киселевская Объединенная Тепловая Компания (4211023156)', '2013-09-27 14:49:10', 0, 0, NULL, NULL, 10, NULL, 0, 0, 0),
(356, 'счет-фактура №466 от 20.09.2013г.', '2013-09-30 15:46:32', 0, 0, 328, NULL, 77, NULL, 0, 0, 0),
(357, 'счет-фактура №419 от 11.09.2013г.', '2013-10-01 11:03:57', 0, 0, 271, NULL, 10, NULL, 0, 0, 0);

-- --------------------------------------------------------

--
-- Структура таблицы `tm_discussion_document`
--

DROP TABLE IF EXISTS `tm_discussion_document`;
CREATE TABLE IF NOT EXISTS `tm_discussion_document` (
  `document_id` int(10) unsigned NOT NULL,
  `discussion_id` int(10) unsigned NOT NULL,
  `is_doc` tinyint(1) NOT NULL DEFAULT '0',
  PRIMARY KEY (`document_id`,`discussion_id`),
  KEY `document_id` (`document_id`),
  KEY `discussion_id` (`discussion_id`)
) ENGINE=InnoDB DEFAULT CHARSET=utf8;

--
-- Дамп данных таблицы `tm_discussion_document`
--

INSERT INTO `tm_discussion_document` (`document_id`, `discussion_id`, `is_doc`) VALUES
(314, 268, 0),
(314, 269, 0),
(314, 270, 0),
(320, 272, 0),
(355, 278, 0),
(358, 279, 0),
(428, 306, 0),
(434, 297, 0),
(553, 308, 0),
(555, 321, 0),
(568, 315, 1),
(761, 357, 0),
(771, 356, 0);

-- --------------------------------------------------------

--
-- Структура таблицы `tm_document`
--

DROP TABLE IF EXISTS `tm_document`;
CREATE TABLE IF NOT EXISTS `tm_document` (
  `id` int(10) unsigned NOT NULL AUTO_INCREMENT,
  `title` varchar(255) NOT NULL,
  `date_create` datetime NOT NULL,
  `user_id` int(10) unsigned NOT NULL,
  `file` varchar(255) DEFAULT NULL,
  `is_folder` tinyint(1) NOT NULL DEFAULT '0',
  `parent_id` int(10) unsigned DEFAULT NULL,
  `is_archive` tinyint(1) NOT NULL DEFAULT '0',
  PRIMARY KEY (`id`),
  KEY `fk_tm_document_tm_document1` (`parent_id`),
  KEY `fk_tm_document_tm_user1` (`user_id`)
) ENGINE=InnoDB  DEFAULT CHARSET=utf8 AUTO_INCREMENT=803 ;

--
-- Дамп данных таблицы `tm_document`
--

INSERT INTO `tm_document` (`id`, `title`, `date_create`, `user_id`, `file`, `is_folder`, `parent_id`, `is_archive`) VALUES
(215, 'Заказы с сайта', '2011-12-22 21:08:41', 1, 'Zakazyi_s_sayta', 1, NULL, 0),
(251, 'ООО СДС-Тепло  (4205161006)', '2012-05-29 10:41:14', 10, 'OOO_SDSTeplo', 1, NULL, 0),
(259, 'ОАО Каскад -  Энерго (4246003760)', '2012-05-29 10:54:59', 10, 'OAO_Kaskad___Energo', 1, NULL, 0),
(261, 'ООО Авангард (г. Ленинск-Кузнецкий)', '2012-05-29 10:56:21', 10, 'OOO_Avangard_g_LeninskKuznetskiy', 1, NULL, 1),
(265, 'ООО СПК Чистогорский (4238013194)', '2012-05-29 10:58:07', 10, 'OOO_SPK_CHistogorskiy', 1, NULL, 0),
(284, 'ООО Топкинский цемен (г. Топки)  (4229004316)', '2012-05-29 11:07:15', 10, 'OOO_Topkinskiy_tsemen_g_Topki', 1, NULL, 0),
(285, 'ОАО Знамя (г. Киселевск)  (4211002950)', '2012-05-29 11:07:36', 10, 'OAO_Znamya_g_Kiselevsk', 1, NULL, 0),
(288, 'ООО Управляющая компания Энерготранс-АГРО  (4230021588)', '2012-05-29 11:08:53', 10, 'OOO_Upravlyayuschaya_kompaniya_EnergotransAGRO', 1, NULL, 0),
(293, 'МП Городское тепловое хозяйство Киселевск  (4211024505)', '2012-05-29 11:12:08', 10, 'MP_Gorodskoe_teplovoe_hozyaystvo', 1, NULL, 0),
(300, 'ООО Чистогорское ЖКХ Новокузнецкий район (4238013412)', '2012-05-29 12:01:40', 10, 'OOO_CHistogorskoe_JKH', 1, NULL, 0),
(313, 'ООО Новокузнецкие тепловые сети  (4217127120)', '2012-06-20 12:53:12', 10, 'OOO_Novokuznetskie_teplovyie_seti', 1, NULL, 0),
(314, 'Запрос информации в соответствии с договором №НТС-34-12 от 19 апреля 2012 года', '2012-06-21 11:10:12', 35, 'file_25-06-2012-05-28-08.rar', 0, 313, 0),
(319, 'ООО Шахта Юбилейная (4218107045)', '2012-07-10 08:30:25', 10, 'OOO_SHahta_YUbileynaya', 1, NULL, 0),
(320, 'ИСХОДНЫЕ ДАННЫЕ, РАСЧЕТ И ОБОСНОВАНИЕ  НОРМАТИВОВ ТЕХНОЛОГИЧЕСКИХ ПОТЕРЬ ПРИ ПЕРЕДАЧЕ ТЕПЛОВОЙ ЭНЕРГИИ ООО «ШАХТА «ЮБИЛЕЙНАЯ»  (НОВОКУЗНЕЦКИЙ РАЙОН, КЕМЕРОВСКОЙ ОБЛАСТИ)', '2012-07-10 08:30:48', 10, 'file_10-07-2012-08-31-28.doc', 0, 319, 0),
(321, '', '2012-07-12 06:59:45', 10, '', 1, 319, 0),
(324, '', '2012-07-20 05:46:52', 10, 'file_20-07-2012-05-48-43.doc', 0, 261, 0),
(326, '', '2012-07-20 05:53:11', 10, 'file_20-07-2012-05-53-26.doc', 0, 261, 0),
(327, '', '2012-07-20 05:53:31', 10, 'file_20-07-2012-05-53-50.doc', 0, 261, 0),
(328, '', '2012-07-20 05:53:53', 10, 'file_20-07-2012-05-54-02.doc', 0, 261, 0),
(329, '', '2012-07-20 05:54:15', 10, 'file_20-07-2012-05-54-41.doc', 0, 261, 0),
(330, '', '2012-07-20 05:54:46', 10, 'file_20-07-2012-05-54-56.doc', 0, 261, 0),
(331, '', '2012-07-20 05:54:59', 10, 'file_20-07-2012-05-55-12.doc', 0, 261, 0),
(332, '', '2012-07-20 05:55:15', 10, 'file_20-07-2012-05-55-22.doc', 0, 261, 0),
(333, '', '2012-07-20 05:55:23', 10, 'file_20-07-2012-05-55-32.doc', 0, 261, 0),
(339, 'ООО Авангард Ленинск-Кузнецк  (4212016828)', '2012-07-20 06:20:14', 10, 'OOO_Avangard', 1, NULL, 0),
(345, 'Исходные данные для расчетов НУР', '2012-07-20 06:21:52', 10, 'file_20-07-2012-06-22-01.doc', 0, 339, 0),
(346, 'Исходные данные для расчета', '2012-07-20 06:22:02', 10, 'file_20-07-2012-06-22-09.doc', 0, 339, 0),
(347, 'Исходные данные для расчета', '2012-07-20 06:22:11', 10, 'file_20-07-2012-06-22-24.doc', 0, 339, 0),
(348, 'Исходные данные для расчета', '2012-07-20 06:22:37', 10, 'file_20-07-2012-06-22-45.doc', 0, 339, 0),
(350, 'ООО ОФ Прокопьевскуголь  (4223036696)', '2012-07-26 10:37:53', 10, 'OOO_OF_Prokopevskugol', 1, NULL, 0),
(351, ' ПОСТАНОВЛЕНИЕ', '2012-07-26 11:11:13', 10, '_POSTANOVLENIE', 1, 350, 0),
(352, '', '2012-07-26 11:11:31', 10, 'file_26-07-2012-11-11-51.docx', 0, 351, 0),
(353, '', '2012-07-26 11:11:54', 10, 'file_26-07-2012-11-12-00.docx', 0, 351, 0),
(354, '', '2012-07-26 11:12:02', 10, 'file_26-07-2012-11-12-15.docx', 0, 351, 0),
(355, 'Договор', '2012-07-27 07:15:39', 65, 'file_27-07-2012-07-16-20.doc', 0, 300, 0),
(356, 'Расчет норматива потерь тепловой энергии при передаче', '2012-07-27 07:16:45', 65, 'file_27-07-2012-07-17-33.doc', 0, 300, 0),
(358, 'Письмо по срокам', '2012-08-22 11:17:47', 35, 'file_22-08-2012-11-18-25.rar', 0, 313, 0),
(359, 'Акт, Счет-фактура', '2012-08-27 11:44:56', 35, 'file_27-08-2012-11-45-54.pdf', 0, 284, 0),
(360, 'Акт', '2012-08-27 11:46:21', 35, 'file_27-08-2012-11-46-34.pdf', 0, 284, 0),
(361, 'Расход холодной воды', '2012-09-04 13:25:01', 56, 'file_04-09-2012-13-26-36.xls', 0, 313, 0),
(363, 'ООО Железобетон-сервис Кемерово (4205065912)', '2012-10-17 06:56:38', 10, 'OOO_Jelezobetonservis', 1, NULL, 0),
(371, 'ООО Теплоресурс Гурьевский район (4202042410)', '2012-10-17 07:19:30', 10, 'OOO_Teploresurs', 1, NULL, 0),
(375, 'ООО Мысковская электросетевая организация (4214026476)', '2012-10-17 07:24:00', 10, 'OOO_Myiskovskaya_elektrosetevaya_organizatsiya', 1, NULL, 0),
(376, 'ООО Безруковское ЖКХ (4238018957)', '2012-10-17 07:27:54', 10, 'OOO_Bezrukovskoe_JKH', 1, NULL, 0),
(377, '', '2012-10-17 07:28:25', 10, 'file_17-10-2012-07-29-19.doc', 0, 376, 0),
(378, '', '2012-10-17 07:29:21', 10, 'file_17-10-2012-07-29-27.doc', 0, 376, 0),
(379, '', '2012-10-17 07:29:29', 10, 'file_17-10-2012-07-29-35.doc', 0, 376, 0),
(389, 'ООО УК Энерготранс-Агро (4230021588)', '2012-10-17 07:38:56', 10, 'OOO_UK_EnergotransAgro', 1, NULL, 0),
(393, 'ЗАО Водоканал г Новокузнецк  (4216002311)', '2012-10-17 07:41:10', 10, 'ZAO_Vodokanal', 1, NULL, 0),
(401, 'ООО Кристал 1  Анжеро-Судженск  (4246016985)', '2012-10-17 07:47:28', 10, 'OOO_Kristal_1', 1, NULL, 0),
(405, 'ЗАО Тепловые сети г Мыски (4215009184)', '2012-10-17 07:50:22', 10, 'ZAO_Teplovyie_seti_g_Myiski', 1, NULL, 0),
(406, '', '2012-10-17 07:50:31', 10, 'file_17-10-2012-07-50-41.doc', 0, 405, 0),
(407, '', '2012-10-17 07:50:42', 10, 'file_17-10-2012-07-50-47.doc', 0, 405, 0),
(408, '', '2012-10-17 07:50:49', 10, 'file_17-10-2012-07-50-55.doc', 0, 405, 0),
(409, 'СУЭК Энергоуправление Ленинск-Кузнецк (4212024138)', '2012-10-17 07:53:20', 10, 'SUEKKUZBAS_Energouprovlenie', 1, NULL, 0),
(412, 'ЗАО Сибэлектросервис Кемерово (4205059813)', '2012-10-17 07:57:50', 10, 'ZAO_Sibelektroservis', 1, NULL, 0),
(418, 'ООО Химпром Кемерово ( 4205072099)', '2012-10-17 09:49:22', 10, 'OOO_Himprom', 1, NULL, 0),
(424, 'ОАО Томусинский ремонтномеханический завод (421000693)', '2012-10-17 10:19:53', 10, 'OAO_Tomusinskiy_remontnomehanicheskiy_zavod', 1, NULL, 0),
(425, 'ДОГОВОР № 05-02р/т-2012 на оказание услуг по расчету тарифов на тепловую энергию', '2012-10-17 10:20:02', 10, 'file_17-10-2012-10-20-08.doc', 0, 424, 0),
(427, 'ООО Металлэнергофинанс  (4217039402)', '2012-10-17 12:33:13', 10, 'OOO_EvrazEnergoTrans', 1, NULL, 0),
(428, 'Договор № 03/ЭСО – 2110/11-2/3-12 на оказание услуг от  «21» декабря 2011 г.', '2012-10-17 12:49:20', 10, 'file_17-10-2012-12-49-52.doc', 0, 427, 0),
(429, 'Экспертное заключение  по результатам проведения экспертизы расчета норматива технологических потерь электрической энергии при ее передаче по электрическим сетям  ООО «ЕвразЭнергоТранс» (г. Новокузнецк) на территории Свердловской области на 2013 год', '2012-10-17 12:50:30', 10, 'file_17-10-2012-12-50-36.doc', 0, 427, 0),
(430, 'ЗАКЛЮЧЕНИЕ по результатам экспертизы материалов, обосновывающих значение нормативов технологических потерь электроэнергии при ее передаче по электрическим сетям на 2013 год по ООО «ЕвразЭнергоТранс» на территории Свердловской области.', '2012-10-17 12:50:43', 10, 'file_17-10-2012-12-50-51.doc', 0, 427, 0),
(434, 'Экспертное заключение по результатам проведения экспертизы расчета нормативов технологических  потерь при передаче тепловой энергии ОАО «Томусинский ремонтно- механический завод» г. ', '2012-10-31 07:01:41', 10, 'file_31-10-2012-07-02-21.pdf', 0, 424, 0),
(435, 'Заключение по результатам экспертизы материалов, обосновывающих  значение нормативов создания запасов топлива на 2013 г. по ОАО  «Томусинский ремонтно- механический завод» г. Междуреченск Кемеровской  области', '2012-10-31 07:02:26', 10, 'file_31-10-2012-07-02-33.pdf', 0, 424, 0),
(436, 'Заключение по результатам экспертизы материалов, обосновывающих  значение нормативов удельных расходов топлива на отпущенную тепловую  энергию на 2013 г. по ОАО «Томусинский ремонтно- механический завод» г.  Междуреченск Кемеровской области', '2012-10-31 07:02:36', 10, 'file_31-10-2012-07-02-47.pdf', 0, 424, 0),
(438, '', '2012-11-01 13:17:45', 10, 'file_01-11-2012-13-18-03.pdf', 0, 300, 0),
(439, '', '2012-11-01 13:18:07', 10, 'file_01-11-2012-13-18-15.pdf', 0, 300, 0),
(440, '', '2012-11-01 13:18:18', 10, 'file_01-11-2012-13-18-27.pdf', 0, 300, 0),
(441, '', '2012-11-01 13:18:30', 10, 'file_01-11-2012-13-18-37.pdf', 0, 300, 0),
(446, 'Приложение № 1 к договору № 03/ЭСО - 94', '2012-11-01 13:20:29', 10, 'file_01-11-2012-13-20-37.pdf', 0, 424, 0),
(448, 'Приложение № 1 к договору № 03/ЭСО - 94', '2012-11-01 13:21:22', 10, 'file_01-11-2012-13-21-28.pdf', 0, 409, 0),
(449, 'Протокол разногласий к договору', '2012-11-01 13:21:29', 10, 'file_01-11-2012-13-21-36.pdf', 0, 409, 0),
(451, 'О процедуре экспертизы нормативов  на 2013 год', '2012-11-01 13:22:10', 10, 'file_01-11-2012-13-22-21.pdf', 0, 363, 0),
(452, 'Приложение № 1 к договору № 03/ЭСО - 101', '2012-11-01 13:22:22', 10, 'file_01-11-2012-13-22-29.pdf', 0, 363, 0),
(453, 'Приложение № 1 к договору № 03/ЭСО - 24', '2012-11-01 13:22:31', 10, 'file_01-11-2012-13-22-35.pdf', 0, 363, 0),
(454, 'Договор № 03/ЭСО - 2104 на оказание услуг ', '2012-11-01 13:22:58', 10, 'file_01-11-2012-13-23-09.pdf', 0, 375, 0),
(455, 'Экспертное заключение по результатам проведения экспертизы расчета норматива технологических потерь электрической энергии при ее передаче по электрическим сетям ООО «Мысковская электросетевая организация» на 2013 год', '2012-11-01 13:23:11', 10, 'file_01-11-2012-13-23-15.pdf', 0, 375, 0),
(456, 'ЗАКЛЮЧЕНИЕ по результатам экспертизы материалов, обосновывающих значение нормативов технологических потерь электроэнергии при ее передаче по электрическим сетям на 2013 год по ООО «Мысковская электросетевая организация».', '2012-11-01 13:23:17', 10, 'file_01-11-2012-13-23-22.pdf', 0, 375, 0),
(459, 'Договор № 03/ЭСО - 2112 на оказание услуг', '2012-11-01 13:24:31', 10, 'file_01-11-2012-13-24-41.pdf', 0, 418, 0),
(460, 'Экспертное заключение по результатам проведения экспертизы расчета  норматива технологических потерь электрической  энергии при ее передаче по электрическим сетям ООО «Химпром» на 2013 год', '2012-11-01 13:24:42', 10, 'file_01-11-2012-13-24-48.pdf', 0, 418, 0),
(461, 'ЗАКЛЮЧЕНИЕ по результатам экспертизы материалов, обосновывающих значение норматива технологических потерь электроэнергии при ее передаче по электрическим сетям на 2013 год по ООО «Химпром».', '2012-11-01 13:24:50', 10, 'file_01-11-2012-13-24-57.pdf', 0, 418, 0),
(463, 'Экспертное заключение  по результатам проведения экспертизы расчета  норматива технологических потерь электрической  энергии при ее передаче по электрическим сетям  ООО «ЕвразЭнергоТранс» (г. Новокузнецк) на территории Кемеровской области на 2013 год', '2012-11-01 13:26:44', 10, 'file_01-11-2012-13-26-55.pdf', 0, 427, 0),
(466, 'Техническое задание', '2012-11-01 13:27:17', 10, 'file_01-11-2012-13-27-24.pdf', 0, 427, 0),
(467, 'Приложение № 2 к договору № 03/ЭСО - 2109', '2012-11-01 13:27:26', 10, 'file_01-11-2012-13-27-31.pdf', 0, 427, 0),
(468, 'Протокол разногласий к договору', '2012-11-01 13:27:33', 10, 'file_01-11-2012-13-27-39.pdf', 0, 427, 0),
(470, 'Техническое задание', '2012-11-01 13:27:56', 10, 'file_01-11-2012-13-28-03.pdf', 0, 427, 0),
(471, 'Приложение № 2 к договору № 03/ЭСО - 2110', '2012-11-01 13:28:05', 10, 'file_01-11-2012-13-28-12.pdf', 0, 427, 0),
(472, 'Протокол разногласий к договору', '2012-11-01 13:28:14', 10, 'file_01-11-2012-13-28-20.pdf', 0, 427, 0),
(473, 'О процедуре экспертизы нормативов  на 2013 год', '2012-11-01 13:49:16', 10, 'file_01-11-2012-13-49-29.pdf', 0, 339, 0),
(474, 'Договор № 03/ЭСО - 02 на оказание услуг', '2012-11-01 13:49:31', 10, 'file_01-11-2012-13-49-37.pdf', 0, 339, 0),
(475, 'Приложение № 1 к договору № 03/ЭСО - 02', '2012-11-01 13:49:39', 10, 'file_01-11-2012-13-49-45.pdf', 0, 339, 0),
(476, 'Договор № 03/ЭСО - 07 на оказание услуг', '2012-11-07 12:00:10', 10, 'file_07-11-2012-12-00-32.pdf', 0, 285, 0),
(477, 'Договор № 03/ЭСО - 95 ', '2012-11-07 12:00:34', 10, 'file_07-11-2012-12-00-41.pdf', 0, 285, 0),
(478, 'Приложение № 1 к договору № 03/ЭСО -07', '2012-11-07 12:00:42', 10, 'file_07-11-2012-12-00-49.pdf', 0, 285, 0),
(479, 'Приложение № 1 к договору № 03/ЭСО - 95', '2012-11-07 12:00:50', 10, 'file_07-11-2012-12-00-57.pdf', 0, 285, 0),
(481, 'О процедуре экспертизы нормативов  на 2013 год', '2012-11-07 12:01:47', 10, 'file_07-11-2012-12-01-59.pdf', 0, 389, 0),
(482, 'Договор № 03/ЭСО - 21 на оказание услуг', '2012-11-07 12:02:01', 10, 'file_07-11-2012-12-02-07.pdf', 0, 389, 0),
(483, 'Приложение № 1 к договору № 03/ЭСО - 21', '2012-11-07 12:02:13', 10, 'file_07-11-2012-12-02-20.pdf', 0, 389, 0),
(484, 'Протокол разногласий к договору', '2012-11-07 12:02:21', 10, 'file_07-11-2012-12-02-30.pdf', 0, 389, 0),
(485, '', '2012-11-07 12:02:54', 10, 'file_07-11-2012-12-03-21.pdf', 0, 284, 0),
(486, '', '2012-11-07 12:03:23', 10, 'file_07-11-2012-12-03-29.pdf', 0, 284, 0),
(487, '', '2012-11-07 12:03:30', 10, 'file_07-11-2012-12-03-37.pdf', 0, 284, 0),
(488, '', '2012-11-07 12:03:39', 10, 'file_07-11-2012-12-03-46.pdf', 0, 284, 0),
(489, '', '2012-11-07 12:03:47', 10, 'file_07-11-2012-12-03-53.pdf', 0, 284, 0),
(490, '', '2012-11-07 12:03:55', 10, 'file_07-11-2012-12-04-04.pdf', 0, 284, 0),
(491, '', '2012-11-07 12:04:06', 10, 'file_07-11-2012-12-04-11.pdf', 0, 284, 0),
(492, 'О процедуре экспертизы нормативов  на 2013 год', '2012-11-07 12:05:53', 10, 'file_07-11-2012-12-06-03.pdf', 0, 371, 0),
(493, 'Договор № 03/ЭСО - 72 на оказание услуг ', '2012-11-07 12:06:04', 10, 'file_07-11-2012-12-06-12.pdf', 0, 371, 0),
(494, 'Приложение № 1 к договору № 03/ЭСО - 72', '2012-11-07 12:06:15', 10, 'file_07-11-2012-12-06-20.pdf', 0, 371, 0),
(495, 'О процедуре экспертизы нормативов на 2013 год', '2012-11-07 12:07:00', 10, 'file_07-11-2012-12-07-14.pdf', 0, 293, 0),
(496, 'Договор ', '2012-11-07 12:07:15', 10, 'file_07-11-2012-12-07-21.pdf', 0, 293, 0),
(497, 'Приложение № 1 к договору', '2012-11-07 12:07:22', 10, 'file_07-11-2012-12-07-27.pdf', 0, 293, 0),
(499, 'Экспертное заключение  по результатам проведения экспертизы расчета норматива  технологических потерь электрической энергии при ее  передаче по электрическим сетям  ЗАО «Сибэлектросервис» г. Кемерово Кемеровской области на 2013 год', '2012-11-07 12:08:12', 10, 'file_07-11-2012-12-08-18.pdf', 0, 412, 0),
(500, 'О процедуре экспертизы нормативов  на 2013 год', '2012-11-07 12:08:46', 10, 'file_07-11-2012-12-08-56.pdf', 0, 401, 0),
(501, 'Договор № 03/ЭСО - 20 на оказание услуг', '2012-11-07 12:08:57', 10, 'file_07-11-2012-12-09-04.pdf', 0, 401, 0),
(502, 'Приложение № 1 к договору № 03/ЭСО - 20', '2012-11-07 12:09:06', 10, 'file_07-11-2012-12-09-11.pdf', 0, 401, 0),
(503, 'О процедуре экспертизы нормативов  на 2013 год', '2012-11-07 12:09:23', 10, 'file_07-11-2012-12-09-31.pdf', 0, 251, 0),
(504, 'Договор № 03/ЭСО - 01 на оказание услуг', '2012-11-07 12:09:33', 10, 'file_07-11-2012-12-09-39.pdf', 0, 251, 0),
(505, 'Доплнительное согошение', '2012-11-07 12:09:40', 10, 'file_07-11-2012-12-09-46.pdf', 0, 251, 0),
(506, 'Приложение №1', '2012-11-07 12:09:49', 10, 'file_07-11-2012-12-09-58.pdf', 0, 251, 0),
(507, 'Коммерческое предложение', '2012-11-07 12:29:32', 10, 'file_07-11-2012-12-29-43.pdf', 0, 350, 0),
(510, 'Техническое задание', '2012-11-07 12:30:02', 10, 'file_07-11-2012-12-30-11.pdf', 0, 350, 0),
(511, 'Акт №240', '2012-11-21 10:33:22', 10, 'file_21-11-2012-10-33-52.pdf', 0, 251, 0),
(512, 'Счет-фактура №240', '2012-11-21 10:33:57', 10, 'file_21-11-2012-10-34-05.pdf', 0, 251, 0),
(513, '', '2012-11-21 10:34:40', 10, 'file_21-11-2012-10-34-55.pdf', 0, 300, 0),
(514, '', '2012-11-21 10:34:58', 10, 'file_21-11-2012-10-35-04.pdf', 0, 300, 0),
(515, 'Акт № 286', '2012-11-21 10:35:38', 10, 'file_21-11-2012-10-35-49.pdf', 0, 424, 0),
(516, 'Счет-фактура №286', '2012-11-21 10:35:52', 10, 'file_21-11-2012-10-35-58.pdf', 0, 424, 0),
(517, 'Акт № 89', '2012-11-21 10:36:28', 10, 'file_21-11-2012-10-36-39.pdf', 0, 350, 0),
(518, 'Счет-фактура №89', '2012-11-21 10:36:41', 10, 'file_21-11-2012-10-36-50.pdf', 0, 350, 0),
(519, 'Акт № 250', '2012-11-21 10:37:21', 10, 'file_21-11-2012-10-37-35.pdf', 0, 409, 0),
(520, 'Счет-фактура №250', '2012-11-21 10:37:37', 10, 'file_21-11-2012-10-37-44.pdf', 0, 409, 0),
(521, 'Счет-фактура №136', '2012-11-21 10:38:31', 10, 'file_21-11-2012-10-38-41.pdf', 0, 412, 0),
(522, 'Счет-фактура №251', '2012-11-21 10:39:00', 10, 'file_21-11-2012-10-39-15.pdf', 0, 339, 0),
(523, 'Счет-фактура №295', '2012-11-21 10:39:39', 10, 'file_21-11-2012-10-39-58.pdf', 0, 363, 0),
(524, 'Акт №257', '2012-11-21 10:40:45', 10, 'file_21-11-2012-10-41-00.pdf', 0, 371, 0),
(525, 'Счет-фактура №257', '2012-11-21 10:41:02', 10, 'file_21-11-2012-10-41-07.pdf', 0, 371, 0),
(526, 'Акт № 253', '2012-11-21 10:41:28', 10, 'file_21-11-2012-10-41-55.pdf', 0, 375, 0),
(527, 'Акт № 254', '2012-11-21 10:43:30', 10, 'file_21-11-2012-10-43-42.pdf', 0, 418, 0),
(528, 'Счет-фактура №254', '2012-11-21 10:43:43', 10, 'file_21-11-2012-10-43-54.pdf', 0, 418, 0),
(529, 'Акт № 119', '2012-11-21 10:44:15', 10, 'file_21-11-2012-10-44-32.pdf', 0, 285, 0),
(530, 'Счет-фактура №119', '2012-11-21 10:44:35', 10, 'file_21-11-2012-10-44-42.pdf', 0, 285, 0),
(531, 'Акт № 116', '2012-11-21 10:45:05', 10, 'file_21-11-2012-10-45-23.pdf', 0, 427, 0),
(532, 'Счет-фактура №116', '2012-11-21 10:45:25', 10, 'file_21-11-2012-10-45-36.pdf', 0, 427, 0),
(533, 'Акт № 117', '2012-11-21 10:45:38', 10, 'file_21-11-2012-10-45-50.pdf', 0, 427, 0),
(534, 'Счет-фактура №117', '2012-11-21 10:45:58', 10, 'file_21-11-2012-10-46-13.pdf', 0, 427, 0),
(536, 'Акт № 295', '2012-11-22 07:55:18', 10, 'file_22-11-2012-07-55-31.pdf', 0, 363, 0),
(537, 'ООО ТЭП (4212427497)', '2013-01-30 13:30:40', 10, 'OOO_TEP', 1, NULL, 0),
(538, '', '2013-02-15 06:47:03', 10, '', 1, 537, 0),
(552, 'ОАО Теплосервис г Тайга  (4246000304)', '2013-04-26 07:35:26', 10, 'OAO_Teploservis_g_Tayga', 1, NULL, 0),
(553, 'Экспертное заключение по расчету нормативов потерь тепловой энергии', '2013-04-26 08:01:55', 65, '', 0, 552, 0),
(555, 'Экспертное заключение по расчету норматива удельного расхода топлива', '2013-04-26 08:05:19', 65, '', 0, 552, 0),
(557, 'Экспертное заключение по расчету создания запасов топлива на котельной', '2013-04-26 08:05:52', 65, '', 0, 552, 0),
(559, 'Акты выполненных работы', '2013-04-26 08:19:27', 65, '', 0, 552, 0),
(561, 'Счет-фактура', '2013-04-26 08:19:59', 65, '', 0, 552, 0),
(563, 'Отметка о сдачи документов в РЭК на утверждение нормативов', '2013-04-26 08:20:17', 65, '', 0, 552, 0),
(568, 'Бланк', '2013-05-29 14:07:37', 10, 'file_29-05-2013-14-07-37.pdf', 0, 284, 0),
(590, 'Договор № 03/ЭСО - 2103 на оказание услуг', '2013-08-19 11:32:42', 10, 'file_19-08-2013-11-33-27.pdf', 0, 393, 0),
(591, 'Приложение № 1 к договору № 03/ЭСО - 2103', '2013-08-19 11:34:18', 10, 'file_19-08-2013-11-34-28.pdf', 0, 393, 0),
(592, 'Счет- фактура', '2013-08-19 11:35:09', 10, 'file_19-08-2013-11-35-21.pdf', 0, 393, 0),
(593, 'Договор ', '2013-08-19 13:36:06', 10, 'file_19-08-2013-13-36-41.pdf', 0, 409, 0),
(594, 'Экспертное  заключение на 2013', '2013-08-19 13:36:56', 10, 'file_19-08-2013-13-37-15.pdf', 0, 409, 0),
(595, 'Договор ', '2013-08-19 13:39:42', 10, 'file_19-08-2013-13-40-40.pdf', 0, 412, 0),
(596, 'ООО Тепло плюс (4246018608)', '2013-08-21 07:43:22', 10, 'OOO_Teplo_plyus', 1, NULL, 0),
(598, 'ООО Теплоснаб Юрга-2 (4230004328)', '2013-08-21 11:35:50', 10, 'OOO_Teplosnab', 1, NULL, 0),
(599, 'МУП Жилищно-коммунальное управление Кемеровского района (4205242791)', '2013-08-22 06:32:09', 10, 'MUP_Jilischnokommunalnoe_upravlenie_Kemerovskogo_rayona_', 1, NULL, 0),
(602, 'ООО Обогатительная фабрика Прокопьевскуголь (4223036696)', '2013-08-22 06:47:57', 10, 'OOO_Obogatitelnaya_fabrika_Prokopevskugol', 1, NULL, 0),
(604, 'ООО Структурное Подразделение Рельсосварочное Предприятие  ( 97701794058)', '2013-08-23 06:28:47', 10, 'OOO_Strukturnoe_Podrazdelenie_Relsosvarochnoe_Predpriyatie___', 1, NULL, 0),
(607, 'ООО Теплотех (4212031142)', '2013-08-23 06:51:54', 10, 'OOO_Teploteh', 1, NULL, 0),
(609, 'ОАО Южно-Кузбасская ГРЭС (4222010511)', '2013-08-23 07:04:12', 10, 'OAO_YUjnoKuzbasskaya_GRES', 1, NULL, 0),
(610, 'ОАО Тепловодоканал-Сервис (4205169051)', '2013-08-23 07:46:14', 10, 'OAO_TeplovodokanalServis', 1, NULL, 0),
(612, 'МУП ЖКХ Белогорск (4243015398)', '2013-08-23 08:06:31', 10, 'MUP_JKH_Belogorsk', 1, NULL, 0),
(613, 'ООО Акация(4247004686)', '2013-08-23 08:17:13', 10, 'OOO_Akatsiya', 1, NULL, 0),
(614, 'ООО Теплосетевая компания Южного Кузбасса (4222013223)', '2013-08-26 10:40:57', 10, 'OOO_Teplosetevaya_kompaniya_YUjnogo_Kuzbassa', 1, NULL, 0),
(615, 'Мп г Киселевск Тепло (4211023237)', '2013-08-26 13:16:22', 10, 'Mp_g_Kiselevsk_Teplo', 1, NULL, 0),
(616, 'ООО Кузнецкэнерго (4217076771)', '2013-08-27 11:53:19', 10, 'OOO_Kuznetskenergo', 1, NULL, 0),
(617, 'ФГБ ЛПУ Научно-клинический центр охраны здоровья  шахтеров (4212007870)', '2013-08-28 10:07:22', 10, 'FGB_LPU_Nauchnoklinicheskiy_tsentr_ohranyi_zdorovya__shahterov', 1, NULL, 0),
(618, 'МУП Котельные и тепловые сети Новокузнецкого района (4252003487)', '2013-08-28 10:45:48', 10, 'MUP_Kotelnyie_i_teplovyie_seti', 1, NULL, 0),
(620, 'ООО  Водоканал Ленинск-Кузнецкий (4212027153)', '2013-08-29 10:25:14', 10, 'OOO__Vodokanal', 1, NULL, 0),
(621, 'ОАО Угольная компания Кузбассразрезуголь (4205049090)', '2013-08-29 10:33:41', 10, 'OAO_Ugolnaya_kompaniya_Kuzbassrazrezugol', 1, NULL, 0),
(622, ' прогнозируемых объемов производства ТЭ', '2013-08-29 13:36:00', 71, 'file_29-08-2013-10-37-03.tif', 0, 598, 0),
(623, ' аренды', '2013-08-29 10:37:10', 71, 'file_29-08-2013-10-38-38.tif', 0, 598, 0),
(624, 'договор на поставку нефтепродуктов', '2013-08-29 10:39:16', 71, 'file_29-08-2013-10-39-57.tif', 0, 598, 0),
(625, 'договор поставки газа', '2013-08-29 10:40:01', 71, 'file_29-08-2013-10-55-43.tif', 0, 598, 0),
(626, 'ООО Энергосбытовая  компания Кузбасса (4205140782)', '2013-08-29 10:57:12', 10, 'OOO_Energosbyitovaya__kompaniya_Kuzbassa', 1, NULL, 0),
(627, 'договор СУЭК', '2013-08-29 11:10:58', 71, 'file_29-08-2013-11-11-46.pdf', 0, 598, 0),
(628, 'доп.согл.газ', '2013-08-29 11:11:57', 71, 'file_29-08-2013-11-12-25.tif', 0, 598, 0),
(629, 'качество газ', '2013-08-29 11:12:38', 71, 'file_29-08-2013-11-13-55.tif', 0, 598, 0),
(630, 'качество уголь', '2013-08-29 11:14:00', 71, 'file_29-08-2013-11-14-22.tif', 0, 598, 0),
(631, 'паспорт на газ.котел', '2013-08-29 11:14:25', 71, 'file_29-08-2013-11-14-51.pdf', 0, 598, 0),
(632, 'паспорт КВр-0,8', '2013-08-29 11:14:53', 71, 'file_29-08-2013-11-15-30.pdf', 0, 598, 0),
(633, 'положение об учетной политике', '2013-08-29 11:15:35', 71, 'file_29-08-2013-11-17-01.tif', 0, 598, 0),
(634, 'пояснительная записка', '2013-08-29 11:17:06', 71, 'file_29-08-2013-11-17-33.tif', 0, 598, 0),
(635, 'сведения и краткое описание ХВО', '2013-08-29 11:17:40', 71, 'file_29-08-2013-11-18-17.tif', 0, 598, 0),
(636, 'температурный график', '2013-08-29 11:18:20', 71, 'file_29-08-2013-11-18-41.tif', 0, 598, 0),
(637, 'техническая характеристика оборудования котельных', '2013-08-29 11:18:43', 71, 'file_29-08-2013-11-19-23.tif', 0, 598, 0),
(638, 'характеристика тепловых сетей', '2013-08-29 11:19:26', 71, 'file_29-08-2013-11-19-58.tif', 0, 598, 0),
(639, 'штатное расписание', '2013-08-29 11:20:00', 71, 'file_29-08-2013-11-20-32.tif', 0, 598, 0),
(640, 'МУП Прокопьевское Теплоснабжающее хозяйство (4223713002)', '2013-08-30 06:23:53', 10, 'MUP_Prokopevskoe_Teplosnabjayuschee_hozyaystvo', 1, NULL, 0),
(642, 'ООО Электросеть Г Прокопьевск (4223052779)', '2013-09-02 06:37:39', 10, 'OOO_Elektroset', 1, NULL, 0),
(644, 'ООО КузнецкТеплоСбыт (4217146884)', '2013-09-02 10:24:05', 10, 'OOO_KuznetskTeploSbyit', 1, NULL, 0),
(645, 'ООО Кузбасская Энергосетевая Компания (4205109750)', '2013-09-03 06:32:17', 10, 'OOO_Kuzbasskaya_Energosetevaya_Kompaniya', 1, NULL, 0),
(647, 'ООО Теплоэнерго (4205049011)', '2013-09-10 06:20:39', 10, 'OOO_Teploenergo', 1, NULL, 0),
(648, 'ООО СДС-Энерго (4250003450)', '2013-09-10 08:26:26', 10, 'OOO_SDSEnergo', 1, NULL, 0),
(649, 'ООО Горэлектросеть   (г Новокузнецк) (421727144)', '2013-09-10 08:35:26', 10, 'OOO_Gorelektroset___g_Novokuznetsk_', 1, NULL, 0),
(655, 'акт выполненных работ №247 от 30.06.2013г.', '2013-09-11 15:33:13', 20, 'file_11-09-2013-15-36-12.jpg', 0, 265, 0),
(656, 'счет-фактура №247 от 30.06.2013г.', '2013-09-11 15:41:22', 20, 'file_11-09-2013-15-41-53.jpg', 0, 265, 0),
(657, 'счет-фактура №211 от 07.06.2013г.', '2013-09-11 15:45:25', 20, 'file_11-09-2013-15-45-57.jpg', 0, 265, 0),
(658, 'акт выполненных работ №211 от 07.06.2013г.', '2013-09-11 15:46:29', 20, 'file_11-09-2013-15-46-54.jpg', 0, 265, 0),
(659, 'счет-фактура №407 от 31.08.2013г.', '2013-09-11 15:47:49', 20, 'file_11-09-2013-15-48-26.jpg', 0, 265, 0),
(660, 'счет-фактура №351 от 30.07.2013г.', '2013-09-11 15:49:00', 20, 'file_11-09-2013-15-49-29.jpg', 0, 265, 0),
(661, 'Кузбассэнергосбыт (4205109214)', '2013-09-12 13:18:37', 10, 'Kuzbassenergosbyit', 1, NULL, 0),
(663, 'счет-фактура №317 от 30.06.2013г.', '2013-09-12 16:48:06', 20, 'file_12-09-2013-16-48-36.jpg', 0, 617, 0),
(665, 'акт выполненных работ №421 от 12.09.2013', '2013-09-12 16:49:21', 20, 'file_12-09-2013-16-49-45.jpg', 0, 617, 0),
(666, 'счет-фактура №133 от 31.03.2013г.', '2013-09-12 16:49:48', 20, 'file_12-09-2013-16-50-14.jpg', 0, 617, 0),
(667, 'счет-фактура №66 от 31.03.2013г.', '2013-09-12 17:15:58', 20, 'file_12-09-2013-17-16-34.jpg', 0, 645, 0),
(668, 'акт выполненных работ №66 от 31.03.2013', '2013-09-12 17:16:55', 20, 'file_12-09-2013-17-17-15.jpg', 0, 645, 0),
(669, 'счет-фактура №238 от 30.06.2013г.', '2013-09-12 17:17:31', 20, 'file_12-09-2013-17-17-55.jpg', 0, 645, 0),
(670, 'акт выполненных работ №238 от 30.06.2013', '2013-09-12 17:18:07', 20, 'file_12-09-2013-17-18-28.jpg', 0, 645, 0),
(671, 'ЗАО Прокопьевскэнерго (4223028991', '2013-09-13 11:31:19', 10, 'ZAO_Prokopevskenergo', 1, NULL, 0),
(675, 'акт выполненных работ №423 от 16.09.2013г.', '2013-09-16 14:51:55', 20, 'file_16-09-2013-14-52-18.jpg', 0, 661, 0),
(676, 'счет-фактура №217 от 18.06.2013г.', '2013-09-16 14:52:20', 20, 'file_16-09-2013-14-52-39.jpg', 0, 661, 0),
(677, 'акт выполненных работ №217 от 18.06.2013г.', '2013-09-16 14:52:40', 20, 'file_16-09-2013-14-53-02.jpg', 0, 661, 0),
(678, 'счет-фактура №63 от 31.03.2013г.', '2013-09-16 14:53:04', 20, 'file_16-09-2013-14-53-26.jpg', 0, 661, 0),
(679, 'акт выполненных работ №63 от 31.03.2013г.', '2013-09-16 14:53:28', 20, 'file_16-09-2013-14-53-51.jpg', 0, 661, 0),
(685, 'счет-фактура №119 от 31.03.2013г.', '2013-09-17 15:04:41', 20, 'file_17-09-2013-15-05-42.jpg', 0, 613, 0),
(686, 'счет-фактура №311 от 30.06.2013г.', '2013-09-17 15:06:02', 20, 'file_17-09-2013-15-06-37.jpg', 0, 613, 0),
(688, 'акт выполненных работ №133 от 31.03.2013', '2013-09-18 09:27:32', 20, 'file_18-09-2013-09-28-21.jpg', 0, 617, 0),
(690, 'счет-фактура №426 от 18.09.2013г.', '2013-09-18 10:23:58', 20, 'file_18-09-2013-10-24-48.jpg', 0, 596, 0),
(691, 'акт выполненных работ №426 от 18.09.2013г.', '2013-09-18 10:25:05', 20, 'file_18-09-2013-10-25-29.jpg', 0, 596, 0),
(699, 'счет-фактура №505 от 20.09.2013г.', '2013-09-25 13:35:44', 20, 'file_25-09-2013-13-36-16.jpg', 0, 251, 0),
(700, 'акт выполненных работ №505 от 20.09.2013', '2013-09-25 13:36:30', 20, 'file_25-09-2013-13-37-06.jpg', 0, 251, 0),
(710, 'счет-фактура №516 от 20.09.2013г.', '2013-09-25 14:03:50', 20, 'file_25-09-2013-14-05-11.jpg', 0, 613, 0),
(711, 'акт выполненных работ №516 от 20.09.2013', '2013-09-25 14:05:38', 20, 'file_25-09-2013-14-05-55.jpg', 0, 613, 0),
(712, 'счет-фактура №510 от 20.09.2013г.', '2013-09-25 14:08:28', 20, 'file_25-09-2013-14-10-24.jpg', 0, 393, 0),
(713, 'акт выполненных работ №510 от 20.09.2013', '2013-09-25 14:10:26', 20, 'file_25-09-2013-14-10-40.jpg', 0, 393, 0),
(714, 'акт выполненных работ №510 от 20.09.2013', '2013-09-25 14:10:26', 20, 'file_25-09-2013-14-10-41.jpg', 0, 393, 0),
(720, 'счет-фактура №427 от 20.09.2013г.', '2013-09-25 14:32:44', 20, 'file_25-09-2013-14-33-14.jpg', 0, 259, 0),
(721, 'акт выполненных работ №427 от 20.09.2013', '2013-09-25 14:33:28', 20, 'file_25-09-2013-14-33-43.jpg', 0, 259, 0),
(725, 'счет-фактура №435 от 20.09.2013г.', '2013-09-25 14:59:45', 20, 'file_25-09-2013-15-00-23.jpg', 0, 409, 0),
(726, 'акт выполненных работ №435 от 20.09.2013', '2013-09-25 15:00:25', 20, 'file_25-09-2013-15-00-45.jpg', 0, 409, 0),
(730, 'счет-фактура №437 от 20.09.2013г.', '2013-09-25 15:14:31', 20, 'file_25-09-2013-15-14-52.jpg', 0, 405, 0),
(731, 'акт выполненных работ №440 от 20.09.2013', '2013-09-25 15:15:23', 20, 'file_25-09-2013-15-15-39.jpg', 0, 405, 0),
(733, 'счет-фактура №444 от 20.09.2013г.', '2013-09-25 15:47:57', 20, 'file_25-09-2013-15-48-36.jpg', 0, 649, 0),
(734, 'акт выполненных работ №444 от 20.09.2013', '2013-09-25 15:48:38', 20, 'file_25-09-2013-15-48-58.jpg', 0, 649, 0),
(748, 'счет-фактура №455 от 20.09.2013г.', '2013-09-25 16:14:27', 20, 'file_25-09-2013-16-14-52.jpg', 0, 371, 0),
(749, 'акт выполненных работ №455 от 20.09.2013', '2013-09-25 16:15:04', 20, 'file_25-09-2013-16-15-19.jpg', 0, 371, 0),
(758, 'счет-фактура №423 от 16.09.2013г.', '2013-09-26 15:16:49', 20, 'file_26-09-2013-15-17-10.jpg', 0, 661, 0),
(759, 'счет-фактура №431 от 20.09.2013г.', '2013-09-26 15:48:06', 20, 'file_26-09-2013-15-48-32.jpg', 0, 363, 0),
(760, 'счет-фактура №422 от 12.09.2013г.', '2013-09-26 15:56:33', 20, 'file_26-09-2013-15-57-02.jpg', 0, 621, 0),
(761, 'счет-фактура №419 от 11.09.2013г.', '2013-09-26 15:59:54', 20, 'file_26-09-2013-16-00-18.jpg', 0, 319, 0),
(762, 'счет-фактура №421 от 12.09.2013г.', '2013-09-26 16:01:55', 20, 'file_26-09-2013-16-02-38.jpg', 0, 617, 0),
(763, 'счет-фактура №418 от 11.09.2013г.', '2013-09-26 16:04:25', 20, 'file_26-09-2013-16-04-59.jpg', 0, 617, 0),
(764, 'счет-фактура №417 от 11.09.2013г.', '2013-09-26 16:08:36', 20, 'file_26-09-2013-16-09-18.jpg', 0, 371, 0),
(765, 'счет-фактура №458 от 20.09.2013г.', '2013-09-26 16:12:27', 20, 'file_26-09-2013-16-12-48.jpg', 0, 285, 0),
(766, 'акт выполненных работ №458 от 20.09.2013', '2013-09-26 16:13:09', 20, 'file_26-09-2013-16-13-25.jpg', 0, 285, 0),
(769, 'счет-фактура №464 от 20.09.2013г.', '2013-09-26 16:29:47', 20, 'file_26-09-2013-16-30-07.jpg', 0, 537, 0),
(770, 'акт выполненных работ №464 от 20.09.2013', '2013-09-26 16:30:11', 20, 'file_26-09-2013-16-30-29.jpg', 0, 537, 0),
(771, 'счет-фактура №466 от 20.09.2013г.', '2013-09-26 16:32:40', 20, 'file_26-09-2013-16-33-03.jpg', 0, 610, 0),
(772, 'акт выполненных работ №466 от 20.09.2013', '2013-09-26 16:33:05', 20, 'file_26-09-2013-16-33-16.jpg', 0, 610, 0),
(773, 'счет-фактура №467 от 20.09.2013г.', '2013-09-26 16:35:59', 20, 'file_26-09-2013-16-37-10.jpg', 0, 288, 0),
(774, 'акт выполненных работ №467 от 20.09.2013', '2013-09-26 16:37:13', 20, 'file_26-09-2013-16-37-34.jpg', 0, 288, 0),
(775, 'счет-фактура №500 от 20.09.2013г.', '2013-09-26 16:47:58', 20, 'file_26-09-2013-16-49-10.jpg', 0, 339, 0),
(776, 'акт выполненных работ №500 от 20.09.2013', '2013-09-26 16:49:24', 20, 'file_26-09-2013-16-49-46.jpg', 0, 339, 0),
(777, 'счет-фактура №489 от 20.09.2013г.', '2013-09-26 16:53:28', 20, 'file_26-09-2013-16-54-18.jpg', 0, 265, 0),
(778, 'акт выполненных работ №489 от 20.09.2013', '2013-09-26 16:54:20', 20, 'file_26-09-2013-16-54-34.jpg', 0, 265, 0),
(779, 'счет-фактура №461 от 20.09.2013г.', '2013-09-26 16:56:29', 20, 'file_26-09-2013-16-57-23.jpg', 0, 552, 0),
(780, 'акт выполненных работ №461 от 20.09.2013', '2013-09-26 16:57:26', 20, 'file_26-09-2013-16-58-52.jpg', 0, 552, 0),
(781, 'счет-фактура №481 от 20.09.2013г.', '2013-09-26 17:10:54', 20, 'file_26-09-2013-17-11-11.jpg', 0, 621, 0),
(782, 'акт выполненных работ №481 от 20.09.2013', '2013-09-26 17:11:13', 20, 'file_26-09-2013-17-11-29.jpg', 0, 621, 0),
(783, 'акт выполненных работ №479 от 20.09.2013', '2013-09-26 17:11:38', 20, 'file_26-09-2013-17-11-57.jpg', 0, 621, 0),
(784, 'счет-фактура №479 от 20.09.2013г.', '2013-09-26 17:13:16', 20, 'file_26-09-2013-17-13-46.jpg', 0, 621, 0),
(785, 'счет-фактура №480 от 20.09.2013г.', '2013-09-26 17:14:38', 20, 'file_26-09-2013-17-15-17.jpg', 0, 621, 0),
(786, 'акт выполненных работ №480 от 30.06.2013', '2013-09-26 17:16:15', 20, 'file_26-09-2013-17-16-49.jpg', 0, 621, 0),
(787, 'счет-фактура №482 от 20.09.2013г.', '2013-09-26 17:16:52', 20, 'file_26-09-2013-17-17-17.jpg', 0, 621, 0),
(788, 'акт выполненных работ №482 от 20.09.2013', '2013-09-26 17:17:22', 20, 'file_26-09-2013-17-17-53.jpg', 0, 621, 0),
(789, 'file_19-08-2013-11-00-35', '2013-09-27 10:38:06', 10, 'file_27-09-2013-10-38-16.pdf', 0, 284, 0),
(790, 'file_19-08-2013-11-02-00', '2013-09-27 10:38:20', 10, 'file_27-09-2013-10-38-30.pdf', 0, 284, 0),
(791, 'file_19-08-2013-11-03-49', '2013-09-27 10:38:33', 10, 'file_27-09-2013-10-38-40.pdf', 0, 284, 0),
(792, 'file_19-08-2013-11-04-13', '2013-09-27 10:38:43', 10, 'file_27-09-2013-10-38-50.pdf', 0, 284, 0),
(793, 'file_19-08-2013-11-04-58', '2013-09-27 10:38:52', 10, 'file_27-09-2013-10-39-02.pdf', 0, 284, 0),
(794, 'file_19-08-2013-11-05-17', '2013-09-27 10:39:05', 10, 'file_27-09-2013-10-39-13.pdf', 0, 284, 0),
(795, '', '2013-09-27 13:50:54', 21, '', 0, 251, 0),
(796, 'ООО Киселевская Объединенная Тепловая Компания (4211023156)', '2013-09-27 14:49:10', 10, 'OOO_Kiselevskaya_Obyedinennaya_Teplovaya_Kompaniya_4211023156', 1, NULL, 0),
(798, 'Постановления', '2013-09-30 16:03:23', 24, 'file_30-09-2013-16-03-52.pdf', 0, 596, 0),
(800, 'Договор 2', '2013-10-01 10:41:05', 10, 'file_01-10-2013-10-41-43.rar', 0, 596, 0),
(801, 'Постановления 2', '2013-10-01 10:42:56', 10, 'file_01-10-2013-10-43-22.rar', 0, 596, 0),
(802, 'Договор на оказание услуг', '2013-10-01 13:58:16', 24, 'file_01-10-2013-13-58-58.pdf', 0, 596, 0);

-- --------------------------------------------------------

--
-- Структура таблицы `tm_document_attribute`
--

DROP TABLE IF EXISTS `tm_document_attribute`;
CREATE TABLE IF NOT EXISTS `tm_document_attribute` (
  `document_id` int(10) unsigned NOT NULL,
  `attribute_key` varchar(255) NOT NULL,
  `type_id` int(10) unsigned NOT NULL,
  `attribute_value` text NOT NULL,
  `attribute_order` int(10) unsigned NOT NULL DEFAULT '0',
  `is_fill` tinyint(1) NOT NULL DEFAULT '0',
  PRIMARY KEY (`document_id`,`attribute_key`),
  KEY `fk_tm_task_attribute_tm_task1` (`document_id`),
  KEY `fk_tm_document_attribute_tm_document_attribute_type1` (`type_id`)
) ENGINE=InnoDB DEFAULT CHARSET=utf8;

--
-- Дамп данных таблицы `tm_document_attribute`
--

INSERT INTO `tm_document_attribute` (`document_id`, `attribute_key`, `type_id`, `attribute_value`, `attribute_order`, `is_fill`) VALUES
(251, 'description', 2, '', 0, 0),
(259, 'description', 2, '', 0, 0),
(265, 'description', 2, '', 0, 0),
(284, 'description', 2, '', 0, 0),
(285, 'description', 2, '', 0, 0),
(288, 'description', 2, '', 0, 0),
(293, 'description', 2, '', 0, 1),
(300, 'description', 2, '', 0, 0),
(313, 'description', 2, '', 0, 0),
(314, 'description', 2, '', 0, 1),
(319, 'description', 2, '', 0, 0),
(320, 'description', 2, '', 0, 0),
(339, 'description', 2, '', 0, 0),
(345, 'description', 2, '', 0, 1),
(346, 'description', 2, '', 0, 0),
(347, 'description', 2, '', 0, 0),
(348, 'description', 2, '', 0, 0),
(350, 'description', 2, '', 0, 0),
(361, 'description', 2, '', 0, 0),
(363, 'description', 2, '', 0, 0),
(371, 'description', 2, '', 0, 0),
(375, 'description', 2, '', 0, 1),
(376, 'description', 2, '', 0, 0),
(389, 'description', 2, '', 0, 0),
(393, 'description', 2, '', 0, 0),
(401, 'description', 2, '', 0, 0),
(405, 'description', 2, '', 0, 0),
(409, 'description', 2, '', 0, 0),
(412, 'description', 2, '', 0, 0),
(418, 'description', 2, '', 0, 0),
(424, 'description', 2, '', 0, 0),
(425, 'description', 2, '', 0, 0),
(427, 'description', 2, '', 0, 0),
(428, 'description', 2, '', 0, 0),
(429, 'description', 2, '', 0, 0),
(430, 'description', 2, '', 0, 0),
(434, 'description', 2, '', 0, 0),
(435, 'description', 2, '', 0, 0),
(436, 'description', 2, '', 0, 0),
(446, 'description', 2, '', 0, 0),
(448, 'description', 2, '', 0, 1),
(449, 'description', 2, '', 0, 0),
(451, 'description', 2, '', 0, 0),
(452, 'description', 2, '', 0, 1),
(453, 'description', 2, '', 0, 1),
(454, 'description', 2, '', 0, 0),
(455, 'description', 2, '', 0, 0),
(456, 'description', 2, '', 0, 0),
(459, 'description', 2, '', 0, 0),
(460, 'description', 2, '', 0, 0),
(461, 'description', 2, '', 0, 0),
(463, 'description', 2, '', 0, 0),
(466, 'description', 2, '', 0, 0),
(467, 'description', 2, '', 0, 0),
(468, 'description', 2, '', 0, 0),
(470, 'description', 2, '', 0, 0),
(471, 'description', 2, '', 0, 0),
(472, 'description', 2, '', 0, 0),
(473, 'description', 2, '', 0, 0),
(474, 'description', 2, '', 0, 0),
(475, 'description', 2, '', 0, 0),
(476, 'description', 2, '', 0, 0),
(477, 'description', 2, '', 0, 0),
(478, 'description', 2, '', 0, 0),
(479, 'description', 2, '', 0, 0),
(481, 'description', 2, '', 0, 0),
(482, 'description', 2, '', 0, 0),
(483, 'description', 2, '', 0, 0),
(484, 'description', 2, '', 0, 1),
(492, 'description', 2, '', 0, 0),
(493, 'description', 2, '', 0, 0),
(494, 'description', 2, '', 0, 0),
(495, 'description', 2, '', 0, 0),
(496, 'description', 2, '', 0, 0),
(497, 'description', 2, '', 0, 0),
(499, 'description', 2, '', 0, 0),
(500, 'description', 2, '', 0, 0),
(501, 'description', 2, '', 0, 0),
(502, 'description', 2, '', 0, 0),
(503, 'description', 2, '', 0, 0),
(504, 'description', 2, '', 0, 1),
(505, 'description', 2, '', 0, 0),
(506, 'description', 2, '', 0, 0),
(507, 'description', 2, '', 0, 0),
(510, 'description', 2, '', 0, 0),
(511, 'description', 2, '', 0, 0),
(512, 'description', 2, '', 0, 0),
(515, 'description', 2, '', 0, 0),
(516, 'description', 2, '', 0, 0),
(517, 'description', 2, '', 0, 0),
(518, 'description', 2, '', 0, 0),
(519, 'description', 2, '', 0, 0),
(520, 'description', 2, '', 0, 0),
(521, 'description', 2, '', 0, 0),
(522, 'description', 2, '', 0, 0),
(523, 'description', 2, '', 0, 0),
(524, 'description', 2, '', 0, 0),
(525, 'description', 2, '', 0, 0),
(526, 'description', 2, '', 0, 0),
(527, 'description', 2, '', 0, 1),
(528, 'description', 2, '', 0, 0),
(529, 'description', 2, '', 0, 0),
(530, 'description', 2, '', 0, 0),
(531, 'description', 2, '', 0, 0),
(532, 'description', 2, '', 0, 0),
(533, 'description', 2, '', 0, 0),
(534, 'description', 2, '', 0, 0),
(536, 'description', 2, '', 0, 0),
(537, 'description', 2, '', 0, 0),
(552, 'description', 2, '', 0, 0),
(568, 'description', 2, '', 0, 0),
(590, 'description', 2, '', 0, 0),
(591, 'description', 2, '', 0, 1),
(592, 'description', 2, '', 0, 0),
(593, 'description', 2, '', 0, 0),
(594, 'description', 2, '', 0, 0),
(595, 'description', 2, '', 0, 0),
(596, 'description', 2, '', 0, 1),
(598, 'description', 2, '', 0, 0),
(599, 'description', 2, '', 0, 0),
(602, 'description', 2, '', 0, 1),
(604, 'description', 2, '', 0, 1),
(607, 'description', 2, '', 0, 0),
(609, 'description', 2, '', 0, 0),
(610, 'description', 2, '', 0, 0),
(612, 'description', 2, '', 0, 0),
(613, 'description', 2, '', 0, 0),
(614, 'description', 2, '', 0, 0),
(615, 'description', 2, '', 0, 0),
(616, 'description', 2, '', 0, 0),
(617, 'description', 2, '', 0, 0),
(618, 'description', 2, '', 0, 0),
(620, 'description', 2, '', 0, 0),
(621, 'description', 2, '', 0, 0),
(626, 'description', 2, '', 0, 0),
(640, 'description', 2, '', 0, 0),
(642, 'description', 2, '', 0, 1),
(644, 'description', 2, '', 0, 0),
(645, 'description', 2, '', 0, 0),
(647, 'description', 2, '', 0, 0),
(648, 'description', 2, '', 0, 0),
(649, 'description', 2, '', 0, 0),
(655, 'description', 2, '', 0, 1),
(661, 'description', 2, '', 0, 0),
(671, 'description', 2, '', 0, 0),
(675, 'description', 2, '', 0, 0),
(677, 'description', 2, '', 0, 0),
(679, 'description', 2, '', 0, 0),
(725, 'description', 2, '', 0, 0),
(726, 'description', 2, '', 0, 0),
(733, 'description', 2, '', 0, 0),
(762, 'description', 2, '', 0, 0),
(763, 'description', 2, '', 0, 0),
(764, 'description', 2, '', 0, 1),
(775, 'description', 2, '', 0, 0),
(776, 'description', 2, '', 0, 0),
(779, 'description', 2, '', 0, 0),
(780, 'description', 2, '', 0, 1),
(800, 'description', 2, '', 0, 0);

-- --------------------------------------------------------

--
-- Структура таблицы `tm_document_attribute_type`
--

DROP TABLE IF EXISTS `tm_document_attribute_type`;
CREATE TABLE IF NOT EXISTS `tm_document_attribute_type` (
  `id` int(10) unsigned NOT NULL AUTO_INCREMENT,
  `title` varchar(50) NOT NULL,
  `handler` varchar(100) NOT NULL,
  `description` varchar(255) NOT NULL,
  PRIMARY KEY (`id`),
  UNIQUE KEY `title_UNIQUE` (`title`)
) ENGINE=InnoDB  DEFAULT CHARSET=utf8 AUTO_INCREMENT=4 ;

--
-- Дамп данных таблицы `tm_document_attribute_type`
--

INSERT INTO `tm_document_attribute_type` (`id`, `title`, `handler`, `description`) VALUES
(1, 'Строка', 'TM_Attribute_AttributeType', 'Любое строковое значение'),
(2, 'Текст', 'TM_Attribute_AttributeTypeText', 'Многострочный  текст'),
(3, 'Список', 'TM_Attribute_AttributeTypeList', 'Список из возможных вариантов');

-- --------------------------------------------------------

--
-- Структура таблицы `tm_document_hash`
--

DROP TABLE IF EXISTS `tm_document_hash`;
CREATE TABLE IF NOT EXISTS `tm_document_hash` (
  `document_id` int(10) unsigned DEFAULT NULL,
  `attribute_key` varchar(255) NOT NULL,
  `title` varchar(255) NOT NULL,
  `type_id` int(10) unsigned NOT NULL,
  `list_value` text,
  PRIMARY KEY (`attribute_key`),
  KEY `fk_tm_document_hash_tm_task_attribute_type1` (`type_id`),
  KEY `fk_tm_document_hash_tm_task1` (`document_id`)
) ENGINE=InnoDB DEFAULT CHARSET=utf8;

--
-- Дамп данных таблицы `tm_document_hash`
--

INSERT INTO `tm_document_hash` (`document_id`, `attribute_key`, `title`, `type_id`, `list_value`) VALUES
(NULL, 'description', 'Описание документа', 2, ' ');

-- --------------------------------------------------------

--
-- Структура таблицы `tm_task`
--

DROP TABLE IF EXISTS `tm_task`;
CREATE TABLE IF NOT EXISTS `tm_task` (
  `id` int(10) unsigned NOT NULL AUTO_INCREMENT,
  `title` varchar(255) NOT NULL,
  `parent_id` int(10) unsigned DEFAULT NULL,
  `user_id` int(10) unsigned NOT NULL,
  `date_create` datetime NOT NULL,
  `type` int(10) unsigned NOT NULL DEFAULT '1',
  `is_archive` tinyint(1) NOT NULL DEFAULT '0',
  PRIMARY KEY (`id`),
  KEY `fk_tm_task_tm_user1` (`user_id`),
  KEY `parent_id` (`parent_id`)
) ENGINE=InnoDB  DEFAULT CHARSET=utf8 AUTO_INCREMENT=328 ;

--
-- Дамп данных таблицы `tm_task`
--

INSERT INTO `tm_task` (`id`, `title`, `parent_id`, `user_id`, `date_create`, `type`, `is_archive`) VALUES
(181, 'Заказы с сайта', NULL, 1, '2011-12-22 21:08:02', 2, 0),
(184, 'Проверка заказа', 181, 1, '2011-12-23 00:00:00', 1, 0),
(194, 'МУП ЖКУ Белогорск (Тисульский район) (потери)', NULL, 10, '2012-05-11 08:15:52', 1, 0),
(195, 'ООО СДС-Тепло  (4205161006)', NULL, 10, '2012-05-29 10:40:18', 1, 0),
(196, 'ЗАО Железнодорожная котельная', NULL, 10, '2012-05-29 10:42:03', 1, 0),
(199, 'ОАО Санаторий Прокопьевский', NULL, 10, '2012-05-29 10:46:26', 1, 0),
(200, 'ООО Литвиновец', NULL, 10, '2012-05-29 10:50:38', 1, 0),
(201, 'ООО ЗагорскКомСервис', NULL, 10, '2012-05-29 10:52:02', 1, 0),
(202, 'ОАО «Алтайские гербициды» на 2012 (тепловые нормативы)', NULL, 10, '2012-05-29 10:54:14', 1, 0),
(203, 'ОАО Каскад -  Энерго', NULL, 10, '2012-05-29 10:54:29', 1, 0),
(204, 'ОАО СУЭК-Кузбасс ПЕ Спецналадка', NULL, 10, '2012-05-29 10:55:01', 1, 0),
(205, 'ООО Авангард (г. Ленинск-Кузнецкий)', NULL, 10, '2012-05-29 10:55:29', 1, 1),
(206, 'ООО Коммунальщик (с.Красное  Ленинск-Кузнецкий район)', NULL, 10, '2012-05-29 10:56:24', 1, 0),
(207, 'ЗАО Сибирский колос (г. Анжеро-Судженск)', NULL, 10, '2012-05-29 10:56:48', 1, 0),
(208, 'ООО Калининское ЖКХ ', NULL, 10, '2012-05-29 10:57:14', 1, 0),
(209, 'ООО СПК Чистогорский', NULL, 10, '2012-05-29 10:57:47', 1, 0),
(210, 'ОАО Энергетическая компания г. Полысаево', NULL, 10, '2012-05-29 10:58:10', 1, 0),
(211, 'ООО Технотрейд', NULL, 10, '2012-05-29 10:58:37', 1, 0),
(212, 'МУП ЖКХ Новокузнецкого района', NULL, 10, '2012-05-29 10:59:08', 1, 0),
(213, 'ООО Плотниковский ТеплоВодСнаб', NULL, 10, '2012-05-29 10:59:28', 1, 0),
(214, 'ООО КУЗБАСС-ОЙЛ', NULL, 10, '2012-05-29 10:59:58', 1, 0),
(215, 'ООО ТЭК', NULL, 10, '2012-05-29 11:00:25', 1, 0),
(216, 'ООО ВМ-ЖКХ', NULL, 10, '2012-05-29 11:00:47', 1, 0),
(217, 'ОАО Алтайвагон', NULL, 10, '2012-05-29 11:01:10', 1, 0),
(218, 'ООО Новая сетевая компания', NULL, 10, '2012-05-29 11:01:30', 1, 0),
(219, 'ООО ТеплоСервис', NULL, 10, '2012-05-29 11:01:54', 1, 0),
(220, 'ЗАО ЯТЭК', NULL, 10, '2012-05-29 11:02:23', 1, 0),
(221, 'ООО УК Серебряный бор ', NULL, 10, '2012-05-29 11:02:43', 1, 0),
(222, 'ФГЛПУ НКЦОЗШ', NULL, 10, '2012-05-29 11:04:02', 1, 0),
(223, 'ООО Жилкомсервис', NULL, 10, '2012-05-29 11:04:25', 1, 0),
(224, 'ООО Веста', NULL, 10, '2012-05-29 11:04:45', 1, 0),
(225, 'ООО Теплосетевая компания Южного Кузбасса по узлу теплоснабжения г. Осинники', NULL, 10, '2012-05-29 11:05:07', 1, 0),
(226, 'ООО Теплосетевая компания Южного Кузбасса по узлу теплоснабжения г. Калтан', NULL, 10, '2012-05-29 11:05:33', 1, 0),
(227, 'ООО Вектор', NULL, 10, '2012-05-29 11:05:54', 1, 0),
(228, 'ООО Топкинский цемен (г. Топки)', NULL, 10, '2012-05-29 11:06:19', 1, 0),
(229, 'ОАО Знамя (г. Киселевск)', NULL, 10, '2012-05-29 11:07:18', 1, 0),
(230, 'ООО Сибирь-Городская котельная-2 (г. Салаир)', NULL, 10, '2012-05-29 11:07:39', 1, 0),
(231, 'ООО СЭЛФ', NULL, 10, '2012-05-29 11:08:05', 1, 0),
(232, 'ООО Управляющая компания Энерготранс-АГРО', NULL, 10, '2012-05-29 11:08:29', 1, 0),
(233, 'МП Тепловые сети города Кемерово', NULL, 10, '2012-05-29 11:08:56', 1, 0),
(235, 'ООО Теплоэнергетик (г. Белово)', NULL, 10, '2012-05-29 11:09:37', 1, 0),
(236, 'ОАО ИжморВодСтрой', NULL, 10, '2012-05-29 11:10:06', 1, 0),
(237, 'МП Городская тепловая компания', NULL, 10, '2012-05-29 11:10:29', 1, 0),
(238, 'ООО Управляющая Коммунальная Сервисная Компания', NULL, 10, '2012-05-29 11:57:29', 1, 0),
(239, 'ООО Южно-Кузбасская энергетическая компания', NULL, 10, '2012-05-29 11:57:40', 1, 0),
(240, 'ОАО Энергетик', NULL, 10, '2012-05-29 11:58:04', 1, 0),
(241, 'МУП ЖКУ Белогорск (Тисульский район) (НУР, Запасы)', NULL, 10, '2012-05-29 11:58:29', 1, 0),
(242, 'МУП Теплокоммунэнерго', NULL, 10, '2012-05-29 12:00:13', 1, 0),
(243, 'МУП Источник', NULL, 10, '2012-05-29 12:00:54', 1, 0),
(244, 'ООО Чистогорское ЖКХ', NULL, 10, '2012-05-29 12:01:18', 1, 0),
(245, 'ОАО Угольная компания Северный Кузбасс', NULL, 10, '2012-05-29 12:01:44', 1, 0),
(246, 'ОАО Теплосервис  (г. Тайга)', NULL, 10, '2012-05-29 12:02:05', 1, 0),
(247, 'ОАО Кузбассконсервмолоко', NULL, 10, '2012-05-29 12:02:30', 1, 0),
(248, 'Прошу выдать индивидуальный логин и пароль для входа в личный кабинет организации', 181, 1, '2012-06-01 00:00:00', 1, 0),
(249, 'Что желаете заказать?', 181, 1, '2012-06-06 00:00:00', 1, 0),
(250, 'Прошу выдать индивидуальный логин и пароль для входа в систему.', 181, 1, '2012-06-06 00:00:00', 1, 0),
(251, 'Прошу выдать индивидуальный логин и пароль для входа в личный кабинет ', 181, 1, '2012-06-07 00:00:00', 1, 0),
(252, 'Прошу выдать индивидуальный логин и пароль для входа в личный кабинет', 181, 1, '2012-06-07 00:00:00', 1, 0),
(253, 'Логин и Пароль для входа в систему', 181, 1, '2012-06-13 00:00:00', 1, 0),
(262, 'МУП ЖКУ \\"Белогорск\\" (Тисульский район) (потери)', NULL, 10, '2012-06-13 08:46:00', 1, 0),
(263, 'ООО Новокузнецкие тепловые сети', NULL, 10, '2012-06-20 12:52:49', 1, 0),
(264, 'ООО Шахта Юбилейная', NULL, 10, '2012-07-10 08:30:08', 2, 0),
(269, 'ООО Авангард', NULL, 10, '2012-07-20 06:26:35', 1, 0),
(271, 'ООО Железобетон-сервис', NULL, 10, '2012-10-17 06:56:31', 1, 0),
(272, 'ООО Теплоресурс', NULL, 10, '2012-10-17 07:18:51', 1, 0),
(273, 'ООО Мысковская электросетевая', NULL, 10, '2012-10-17 07:23:08', 1, 0),
(274, 'ООО Безруковское ЖКХ', NULL, 10, '2012-10-17 07:27:13', 1, 0),
(275, 'ООО Топкинский цемент', NULL, 10, '2012-10-17 07:30:15', 1, 0),
(276, 'ООО УК Энерготранс-Агро', NULL, 10, '2012-10-17 07:38:06', 1, 0),
(277, 'ЗАО Водоканал', NULL, 10, '2012-10-17 07:40:44', 1, 0),
(278, 'ООО Кристал 1', NULL, 10, '2012-10-17 07:47:01', 1, 0),
(279, 'ЗАО Тепловые сети г Мыски', NULL, 10, '2012-10-17 07:49:36', 1, 0),
(280, 'СУЭК Энергоуправление Ленинск-Кузнецк (4212024138)', NULL, 10, '2012-10-17 07:52:19', 1, 0),
(281, 'ЗАО Сибэлектросервис', NULL, 10, '2012-10-17 07:57:15', 1, 0),
(282, 'ООО Химпром', NULL, 10, '2012-10-17 09:48:57', 1, 0),
(283, 'ОАО Томусинский ремонтномеханический завод', NULL, 10, '2012-10-17 10:18:50', 1, 0),
(285, 'ООО ЕвразЭнергоТранс', NULL, 10, '2012-10-17 12:32:35', 1, 0),
(286, 'Прошу Вас направить коммерческое предложение на проведение энергоаудита и экспертизы нормирования ТЭР при передачи тепла, электроэнергии, газа, жидкого топлива.', 181, 1, '2012-10-18 00:00:00', 1, 0),
(287, 'Что желаете заказать?', 181, 1, '2013-01-30 00:00:00', 1, 0),
(288, 'ООО ТЭП', NULL, 10, '2013-01-30 13:30:25', 1, 0),
(289, 'ОАО Теплосервис г Тайга', NULL, 10, '2013-04-26 07:34:26', 1, 0),
(290, 'Прошу выдать индивидуальный логин и пароль для входа в систему', 181, 1, '2013-08-20 00:00:00', 1, 0),
(291, 'МУП Жилищно-коммунальное управление Кемеровского района ', NULL, 10, '2013-08-22 06:33:43', 2, 0),
(292, 'МУП Жилищно-коммунальное управление Кемеровского района ', NULL, 10, '2013-08-22 06:33:43', 2, 0),
(293, 'ООО Обогатительная фабрика Прокопьевскуголь', NULL, 10, '2013-08-22 06:48:50', 2, 0),
(295, 'ООО Структурное Подразделение Рельсосварочное Предприятие', NULL, 10, '2013-08-23 06:39:38', 1, 0),
(296, 'ООО Теплотех', NULL, 10, '2013-08-23 06:54:46', 1, 0),
(297, 'ОАО Тепловодоканал-Сервис', NULL, 10, '2013-08-23 07:46:30', 1, 0),
(298, 'МУП ЖКХ Белогорск', NULL, 10, '2013-08-23 08:06:25', 1, 0),
(299, 'ООО Акация', NULL, 10, '2013-08-23 08:17:01', 1, 0),
(300, 'ООО Теплосетевая компания Южного Кузбасса', NULL, 10, '2013-08-26 10:40:50', 1, 0),
(301, 'Мп г Киселевск Тепло', NULL, 10, '2013-08-26 13:16:16', 1, 0),
(302, 'ООО Кузнецкэнерго', NULL, 10, '2013-08-27 11:53:08', 1, 0),
(303, 'ФГБ ЛПУ Научно-клинический центр охраны здоровья  шахтеров', NULL, 10, '2013-08-28 10:07:08', 1, 0),
(304, 'МУП Котельные и тепловые сети', NULL, 10, '2013-08-28 10:45:11', 1, 0),
(306, 'ООО  Водоканал', NULL, 10, '2013-08-29 10:25:08', 1, 0),
(307, 'ОАО Угольная компания Кузбассразрезуголь', NULL, 10, '2013-08-29 10:33:35', 1, 0),
(308, 'ООО Энергосбытовая  компания Кузбасса', NULL, 10, '2013-08-29 10:57:05', 1, 0),
(309, 'МУП Прокопьевское Теплоснабжающее хозяйство', NULL, 10, '2013-08-30 06:23:40', 1, 0),
(310, 'ООО СПК Чистогорский  ', NULL, 10, '2013-09-02 05:53:11', 1, 0),
(311, 'ООО Электросеть (4223052779)', NULL, 10, '2013-09-02 06:37:25', 1, 0),
(313, 'ООО КузнецкТеплоСбыт (4217146884)', NULL, 10, '2013-09-02 10:23:57', 1, 0),
(314, 'ООО Кузбасская Энергосетевая Компания', NULL, 10, '2013-09-03 06:32:10', 1, 0),
(315, 'индивидуальный логин и пароль для входа в систему  согласно письму от 19  августа №397', 181, 1, '2013-09-03 00:00:00', 1, 0),
(316, 'ООО Теплоснаб', NULL, 10, '2013-09-04 14:13:36', 1, 0),
(317, 'ООО Теплоэнерго', NULL, 10, '2013-09-10 06:19:53', 1, 0),
(318, 'ООО СДС-Энерго', NULL, 10, '2013-09-10 08:25:04', 1, 0),
(319, 'ООО Горэлектросеть   (г Новокузнецк) ', NULL, 10, '2013-09-10 08:34:43', 1, 0),
(320, 'Кузбассэнергосбыт', NULL, 10, '2013-09-12 13:17:17', 1, 0),
(321, 'ЗАО Прокопьевскэнерго', NULL, 10, '2013-09-13 11:30:38', 1, 0),
(322, 'ООО Тепло плюс (4246018608)', NULL, 10, '2013-09-18 10:26:18', 1, 0),
(325, 'Что желаете заказать?', 181, 1, '2013-09-27 00:00:00', 1, 0),
(326, 'ООО Киселевская Объединенная Тепловая Компания (4211023156)', NULL, 10, '2013-09-27 14:47:47', 1, 0),
(327, 'Сертификат качества электроэнергии. Прорабатываю цену вопроса на будущий год (в нашем составе ЗАО "Прокопьевскэнерго" - сетевая организация)\r\n', NULL, 1, '2013-10-02 00:00:00', 1, 0);

-- --------------------------------------------------------

--
-- Структура таблицы `tm_task_attribute`
--

DROP TABLE IF EXISTS `tm_task_attribute`;
CREATE TABLE IF NOT EXISTS `tm_task_attribute` (
  `task_id` int(10) unsigned NOT NULL,
  `attribute_key` varchar(255) NOT NULL,
  `type_id` int(10) unsigned NOT NULL,
  `attribute_value` text NOT NULL,
  `attribute_order` int(10) unsigned NOT NULL DEFAULT '0',
  `is_fill` tinyint(1) NOT NULL DEFAULT '0',
  PRIMARY KEY (`task_id`,`attribute_key`),
  KEY `fk_tm_task_attribute_tm_task_attribute_type1` (`type_id`),
  KEY `fk_tm_task_attribute_tm_task1` (`task_id`)
) ENGINE=InnoDB DEFAULT CHARSET=utf8;

--
-- Дамп данных таблицы `tm_task_attribute`
--

INSERT INTO `tm_task_attribute` (`task_id`, `attribute_key`, `type_id`, `attribute_value`, `attribute_order`, `is_fill`) VALUES
(181, 'deadline', 4, '31.12.2011 09:00:00', 0, 0),
(181, 'description', 2, '', 0, 0),
(181, 'prior', 3, 'Средний', 0, 0),
(181, 'reason_for_idle', 2, '', 0, 0),
(181, 'state', 3, 'Не выполнена', 0, 0),
(181, 'who_adopted', 6, 'admin', 0, 0),
(181, 'who_responsible', 5, '-', 0, 0),
(181, 'who_set', 7, '1', 0, 0),
(184, 'deadline', 4, '2011-12-23', 0, 0),
(184, 'description', 2, 'Поступил новый заказ: \r\nДата: 2011-12-23\r\nКомпания: Заказчик\r\nФИО: Иван\r\nТелефон: 4646696\r\nE-mail: adc@gg.com\r\nЧто желаете заказать?Проверка заказа', 0, 0),
(194, 'deadline', 4, '11.05.2012 08:15:52', 0, 0),
(194, 'description', 2, '', 0, 0),
(194, 'prior', 3, 'Средний', 0, 0),
(194, 'reason_for_idle', 2, '', 0, 0),
(194, 'state', 3, 'Не выполнена', 0, 0),
(194, 'who_responsible', 5, '-', 0, 0),
(194, 'who_set', 7, '10', 0, 0),
(195, 'deadline', 4, '29.05.2012 10:40:18', 0, 0),
(195, 'description', 2, '', 0, 0),
(195, 'prior', 3, 'Средний', 0, 0),
(195, 'reason_for_idle', 2, '', 0, 0),
(195, 'state', 3, 'Не выполнена', 0, 0),
(195, 'who_responsible', 5, '-', 0, 0),
(195, 'who_set', 7, '10', 0, 0),
(196, 'deadline', 4, '29.05.2012 10:42:03', 0, 0),
(196, 'description', 2, '', 0, 0),
(196, 'prior', 3, 'Средний', 0, 0),
(196, 'reason_for_idle', 2, '', 0, 0),
(196, 'state', 3, 'Не выполнена', 0, 0),
(196, 'who_responsible', 5, '-', 0, 0),
(196, 'who_set', 7, '10', 0, 0),
(199, 'deadline', 4, '29.05.2012 10:46:26', 0, 0),
(199, 'description', 2, '', 0, 0),
(199, 'prior', 3, 'Средний', 0, 0),
(199, 'reason_for_idle', 2, '', 0, 0),
(199, 'state', 3, 'Не выполнена', 0, 0),
(199, 'who_responsible', 5, '-', 0, 0),
(199, 'who_set', 7, '10', 0, 0),
(200, 'deadline', 4, '29.05.2012 10:50:38', 0, 0),
(200, 'description', 2, '', 0, 0),
(200, 'prior', 3, 'Средний', 0, 0),
(200, 'reason_for_idle', 2, '', 0, 0),
(200, 'state', 3, 'Не выполнена', 0, 0),
(200, 'who_responsible', 5, '-', 0, 0),
(200, 'who_set', 7, '10', 0, 0),
(201, 'deadline', 4, '29.05.2012 10:52:02', 0, 0),
(201, 'description', 2, '', 0, 0),
(201, 'prior', 3, 'Средний', 0, 0),
(201, 'reason_for_idle', 2, '', 0, 0),
(201, 'state', 3, 'Не выполнена', 0, 0),
(201, 'who_responsible', 5, '-', 0, 0),
(201, 'who_set', 7, '10', 0, 0),
(202, 'deadline', 4, '29.05.2012 10:54:15', 0, 0),
(202, 'description', 2, '', 0, 0),
(202, 'prior', 3, 'Средний', 0, 0),
(202, 'reason_for_idle', 2, '', 0, 0),
(202, 'state', 3, 'Не выполнена', 0, 0),
(202, 'who_responsible', 5, '-', 0, 0),
(202, 'who_set', 7, '10', 0, 0),
(203, 'deadline', 4, '29.05.2012 10:54:29', 0, 0),
(203, 'description', 2, '', 0, 0),
(203, 'prior', 3, 'Средний', 0, 0),
(203, 'reason_for_idle', 2, '', 0, 0),
(203, 'state', 3, 'Не выполнена', 0, 0),
(203, 'who_responsible', 5, '-', 0, 0),
(203, 'who_set', 7, '10', 0, 0),
(204, 'deadline', 4, '29.05.2012 10:55:01', 0, 0),
(204, 'description', 2, '', 0, 0),
(204, 'prior', 3, 'Средний', 0, 0),
(204, 'reason_for_idle', 2, '', 0, 0),
(204, 'state', 3, 'Не выполнена', 0, 0),
(204, 'who_responsible', 5, '-', 0, 0),
(204, 'who_set', 7, '10', 0, 0),
(205, 'deadline', 4, '20.07.2012 06:02', 0, 0),
(205, 'description', 2, '', 0, 0),
(205, 'prior', 3, 'Средний', 0, 0),
(205, 'reason_for_idle', 2, '', 0, 0),
(205, 'state', 3, 'Не выполнена', 0, 0),
(205, 'who_responsible', 5, '-', 0, 0),
(205, 'who_set', 7, '10', 0, 0),
(206, 'deadline', 4, '29.05.2012 10:56:24', 0, 0),
(206, 'description', 2, '', 0, 0),
(206, 'prior', 3, 'Средний', 0, 0),
(206, 'reason_for_idle', 2, '', 0, 0),
(206, 'state', 3, 'Не выполнена', 0, 0),
(206, 'who_responsible', 5, '-', 0, 0),
(206, 'who_set', 7, '10', 0, 0),
(207, 'deadline', 4, '29.05.2012 10:56:48', 0, 0),
(207, 'description', 2, '', 0, 0),
(207, 'prior', 3, 'Средний', 0, 0),
(207, 'reason_for_idle', 2, '', 0, 0),
(207, 'state', 3, 'Не выполнена', 0, 0),
(207, 'who_responsible', 5, '-', 0, 0),
(207, 'who_set', 7, '10', 0, 0),
(208, 'deadline', 4, '29.05.2012 10:57:14', 0, 0),
(208, 'description', 2, '', 0, 0),
(208, 'prior', 3, 'Средний', 0, 0),
(208, 'reason_for_idle', 2, '', 0, 0),
(208, 'state', 3, 'Не выполнена', 0, 0),
(208, 'who_responsible', 5, '-', 0, 0),
(208, 'who_set', 7, '10', 0, 0),
(209, 'deadline', 4, '29.05.2012 10:57:47', 0, 0),
(209, 'description', 2, '', 0, 0),
(209, 'prior', 3, 'Средний', 0, 0),
(209, 'reason_for_idle', 2, '', 0, 0),
(209, 'state', 3, 'Не выполнена', 0, 0),
(209, 'who_responsible', 5, '-', 0, 0),
(209, 'who_set', 7, '10', 0, 0),
(210, 'deadline', 4, '29.05.2012 10:58:10', 0, 0),
(210, 'description', 2, '', 0, 0),
(210, 'prior', 3, 'Средний', 0, 0),
(210, 'reason_for_idle', 2, '', 0, 0),
(210, 'state', 3, 'Не выполнена', 0, 0),
(210, 'who_responsible', 5, '-', 0, 0),
(210, 'who_set', 7, '10', 0, 0),
(211, 'deadline', 4, '29.05.2012 10:58:37', 0, 0),
(211, 'description', 2, '', 0, 0),
(211, 'prior', 3, 'Средний', 0, 0),
(211, 'reason_for_idle', 2, '', 0, 0),
(211, 'state', 3, 'Не выполнена', 0, 0),
(211, 'who_responsible', 5, '-', 0, 0),
(211, 'who_set', 7, '10', 0, 0),
(212, 'deadline', 4, '29.05.2012 10:59:09', 0, 0),
(212, 'description', 2, '', 0, 0),
(212, 'prior', 3, 'Средний', 0, 0),
(212, 'reason_for_idle', 2, '', 0, 0),
(212, 'state', 3, 'Не выполнена', 0, 0),
(212, 'who_responsible', 5, '-', 0, 0),
(212, 'who_set', 7, '10', 0, 0),
(213, 'deadline', 4, '29.05.2012 10:59:28', 0, 0),
(213, 'description', 2, '', 0, 0),
(213, 'prior', 3, 'Средний', 0, 0),
(213, 'reason_for_idle', 2, '', 0, 0),
(213, 'state', 3, 'Не выполнена', 0, 0),
(213, 'who_responsible', 5, '-', 0, 0),
(213, 'who_set', 7, '10', 0, 0),
(214, 'deadline', 4, '29.05.2012 10:59:58', 0, 0),
(214, 'description', 2, '', 0, 0),
(214, 'prior', 3, 'Средний', 0, 0),
(214, 'reason_for_idle', 2, '', 0, 0),
(214, 'state', 3, 'Не выполнена', 0, 0),
(214, 'who_responsible', 5, '-', 0, 0),
(214, 'who_set', 7, '10', 0, 0),
(215, 'deadline', 4, '29.05.2012 11:00:25', 0, 0),
(215, 'description', 2, '', 0, 0),
(215, 'prior', 3, 'Средний', 0, 0),
(215, 'reason_for_idle', 2, '', 0, 0),
(215, 'state', 3, 'Не выполнена', 0, 0),
(215, 'who_responsible', 5, '-', 0, 0),
(215, 'who_set', 7, '10', 0, 0),
(216, 'deadline', 4, '29.05.2012 11:00:47', 0, 0),
(216, 'description', 2, '', 0, 0),
(216, 'prior', 3, 'Средний', 0, 0),
(216, 'reason_for_idle', 2, '', 0, 0),
(216, 'state', 3, 'Не выполнена', 0, 0),
(216, 'who_responsible', 5, '-', 0, 0),
(216, 'who_set', 7, '10', 0, 0),
(217, 'deadline', 4, '20.07.2012 05:58:00', 0, 0),
(217, 'description', 2, '', 0, 0),
(217, 'prior', 3, 'Средний', 0, 0),
(217, 'reason_for_idle', 2, '', 0, 0),
(217, 'state', 3, 'Не выполнена', 0, 0),
(217, 'who_responsible', 5, '-', 0, 0),
(217, 'who_set', 7, '10', 0, 0),
(218, 'deadline', 4, '29.05.2012 11:01:30', 0, 0),
(218, 'description', 2, '', 0, 0),
(218, 'prior', 3, 'Средний', 0, 0),
(218, 'reason_for_idle', 2, '', 0, 0),
(218, 'state', 3, 'Не выполнена', 0, 0),
(218, 'who_responsible', 5, '-', 0, 0),
(218, 'who_set', 7, '10', 0, 0),
(219, 'deadline', 4, '29.05.2012 11:01:54', 0, 0),
(219, 'description', 2, '', 0, 0),
(219, 'prior', 3, 'Средний', 0, 0),
(219, 'reason_for_idle', 2, '', 0, 0),
(219, 'state', 3, 'Не выполнена', 0, 0),
(219, 'who_responsible', 5, '-', 0, 0),
(219, 'who_set', 7, '10', 0, 0),
(220, 'deadline', 4, '29.05.2012 11:02:23', 0, 0),
(220, 'description', 2, '', 0, 0),
(220, 'prior', 3, 'Средний', 0, 0),
(220, 'reason_for_idle', 2, '', 0, 0),
(220, 'state', 3, 'Не выполнена', 0, 0),
(220, 'who_responsible', 5, '-', 0, 0),
(220, 'who_set', 7, '10', 0, 0),
(221, 'deadline', 4, '29.05.2012 11:02:43', 0, 0),
(221, 'description', 2, '', 0, 0),
(221, 'prior', 3, 'Средний', 0, 0),
(221, 'reason_for_idle', 2, '', 0, 0),
(221, 'state', 3, 'Не выполнена', 0, 0),
(221, 'who_responsible', 5, '-', 0, 0),
(221, 'who_set', 7, '10', 0, 0),
(222, 'deadline', 4, '29.05.2012 11:04:02', 0, 0),
(222, 'description', 2, '', 0, 0),
(222, 'prior', 3, 'Средний', 0, 0),
(222, 'reason_for_idle', 2, '', 0, 0),
(222, 'state', 3, 'Не выполнена', 0, 0),
(222, 'who_responsible', 5, '-', 0, 0),
(222, 'who_set', 7, '10', 0, 0),
(223, 'deadline', 4, '29.05.2012 11:04:25', 0, 0),
(223, 'description', 2, '', 0, 0),
(223, 'prior', 3, 'Средний', 0, 0),
(223, 'reason_for_idle', 2, '', 0, 0),
(223, 'state', 3, 'Не выполнена', 0, 0),
(223, 'who_responsible', 5, '-', 0, 0),
(223, 'who_set', 7, '10', 0, 0),
(224, 'deadline', 4, '29.05.2012 11:04:45', 0, 0),
(224, 'description', 2, '', 0, 0),
(224, 'prior', 3, 'Средний', 0, 0),
(224, 'reason_for_idle', 2, '', 0, 0),
(224, 'state', 3, 'Не выполнена', 0, 0),
(224, 'who_responsible', 5, '-', 0, 0),
(224, 'who_set', 7, '10', 0, 0),
(225, 'deadline', 4, '29.05.2012 11:05:08', 0, 0),
(225, 'description', 2, '', 0, 0),
(225, 'prior', 3, 'Средний', 0, 0),
(225, 'reason_for_idle', 2, '', 0, 0),
(225, 'state', 3, 'Не выполнена', 0, 0),
(225, 'who_responsible', 5, '-', 0, 0),
(225, 'who_set', 7, '10', 0, 0),
(226, 'deadline', 4, '29.05.2012 11:05:33', 0, 0),
(226, 'description', 2, '', 0, 0),
(226, 'prior', 3, 'Средний', 0, 0),
(226, 'reason_for_idle', 2, '', 0, 0),
(226, 'state', 3, 'Не выполнена', 0, 0),
(226, 'who_responsible', 5, '-', 0, 0),
(226, 'who_set', 7, '10', 0, 0),
(227, 'deadline', 4, '29.05.2012 11:05:55', 0, 0),
(227, 'description', 2, '', 0, 0),
(227, 'prior', 3, 'Средний', 0, 0),
(227, 'reason_for_idle', 2, '', 0, 0),
(227, 'state', 3, 'Не выполнена', 0, 0),
(227, 'who_responsible', 5, '-', 0, 0),
(227, 'who_set', 7, '10', 0, 0),
(228, 'deadline', 4, '29.05.2012 11:06:19', 0, 0),
(228, 'description', 2, '', 0, 0),
(228, 'prior', 3, 'Средний', 0, 0),
(228, 'reason_for_idle', 2, '', 0, 0),
(228, 'state', 3, 'Не выполнена', 0, 0),
(228, 'who_responsible', 5, '-', 0, 0),
(228, 'who_set', 7, '10', 0, 0),
(229, 'deadline', 4, '29.05.2012 11:07:18', 0, 0),
(229, 'description', 2, '', 0, 0),
(229, 'prior', 3, 'Средний', 0, 0),
(229, 'reason_for_idle', 2, '', 0, 0),
(229, 'state', 3, 'Не выполнена', 0, 0),
(229, 'who_responsible', 5, '-', 0, 0),
(229, 'who_set', 7, '10', 0, 0),
(230, 'deadline', 4, '29.05.2012 11:07:39', 0, 0),
(230, 'description', 2, '', 0, 0),
(230, 'prior', 3, 'Средний', 0, 0),
(230, 'reason_for_idle', 2, '', 0, 0),
(230, 'state', 3, 'Не выполнена', 0, 0),
(230, 'who_responsible', 5, '-', 0, 0),
(230, 'who_set', 7, '10', 0, 0),
(231, 'deadline', 4, '29.05.2012 11:08:05', 0, 0),
(231, 'description', 2, '', 0, 0),
(231, 'prior', 3, 'Средний', 0, 0),
(231, 'reason_for_idle', 2, '', 0, 0),
(231, 'state', 3, 'Не выполнена', 0, 0),
(231, 'who_responsible', 5, '-', 0, 0),
(231, 'who_set', 7, '10', 0, 0),
(232, 'deadline', 4, '29.05.2012 11:08:29', 0, 0),
(232, 'description', 2, '', 0, 0),
(232, 'prior', 3, 'Средний', 0, 0),
(232, 'reason_for_idle', 2, '', 0, 0),
(232, 'state', 3, 'Не выполнена', 0, 0),
(232, 'who_responsible', 5, '-', 0, 0),
(232, 'who_set', 7, '10', 0, 0),
(233, 'deadline', 4, '29.05.2012 11:08:56', 0, 0),
(233, 'description', 2, '', 0, 0),
(233, 'prior', 3, 'Средний', 0, 0),
(233, 'reason_for_idle', 2, '', 0, 0),
(233, 'state', 3, 'Не выполнена', 0, 0),
(233, 'who_responsible', 5, '-', 0, 0),
(233, 'who_set', 7, '10', 0, 0),
(235, 'deadline', 4, '29.05.2012 11:09:37', 0, 0),
(235, 'description', 2, '', 0, 0),
(235, 'prior', 3, 'Средний', 0, 0),
(235, 'reason_for_idle', 2, '', 0, 0),
(235, 'state', 3, 'Не выполнена', 0, 0),
(235, 'who_responsible', 5, '-', 0, 0),
(235, 'who_set', 7, '10', 0, 0),
(236, 'deadline', 4, '29.05.2012 11:10:07', 0, 0),
(236, 'description', 2, '', 0, 0),
(236, 'prior', 3, 'Средний', 0, 0),
(236, 'reason_for_idle', 2, '', 0, 0),
(236, 'state', 3, 'Не выполнена', 0, 0),
(236, 'who_responsible', 5, '-', 0, 0),
(236, 'who_set', 7, '10', 0, 0),
(237, 'deadline', 4, '29.05.2012 11:10:29', 0, 0),
(237, 'description', 2, '', 0, 0),
(237, 'prior', 3, 'Средний', 0, 0),
(237, 'reason_for_idle', 2, '', 0, 0),
(237, 'state', 3, 'Не выполнена', 0, 0),
(237, 'who_responsible', 5, '-', 0, 0),
(237, 'who_set', 7, '10', 0, 0),
(238, 'deadline', 4, '29.05.2012 11:57:29', 0, 0),
(238, 'description', 2, '', 0, 0),
(238, 'prior', 3, 'Средний', 0, 0),
(238, 'reason_for_idle', 2, '', 0, 0),
(238, 'state', 3, 'Не выполнена', 0, 0),
(238, 'who_responsible', 5, '-', 0, 0),
(238, 'who_set', 7, '10', 0, 0),
(239, 'deadline', 4, '29.05.2012 11:57:40', 0, 0),
(239, 'description', 2, '', 0, 0),
(239, 'prior', 3, 'Средний', 0, 0),
(239, 'reason_for_idle', 2, '', 0, 0),
(239, 'state', 3, 'Не выполнена', 0, 0),
(239, 'who_responsible', 5, '-', 0, 0),
(239, 'who_set', 7, '10', 0, 0),
(240, 'deadline', 4, '29.05.2012 11:58:04', 0, 0),
(240, 'description', 2, '', 0, 0),
(240, 'prior', 3, 'Средний', 0, 0),
(240, 'reason_for_idle', 2, '', 0, 0),
(240, 'state', 3, 'Не выполнена', 0, 0),
(240, 'who_responsible', 5, '-', 0, 0),
(240, 'who_set', 7, '10', 0, 0),
(241, 'deadline', 4, '29.05.2012 11:58:29', 0, 0),
(241, 'description', 2, '', 0, 0),
(241, 'prior', 3, 'Средний', 0, 0),
(241, 'reason_for_idle', 2, '', 0, 0),
(241, 'state', 3, 'Не выполнена', 0, 0),
(241, 'who_responsible', 5, '-', 0, 0),
(241, 'who_set', 7, '10', 0, 0),
(242, 'deadline', 4, '29.05.2012 12:00:13', 0, 0),
(242, 'description', 2, '', 0, 0),
(242, 'prior', 3, 'Средний', 0, 0),
(242, 'reason_for_idle', 2, '', 0, 0),
(242, 'state', 3, 'Не выполнена', 0, 0),
(242, 'who_responsible', 5, '-', 0, 0),
(242, 'who_set', 7, '10', 0, 0),
(243, 'deadline', 4, '29.05.2012 12:00:55', 0, 0),
(243, 'description', 2, '', 0, 0),
(243, 'prior', 3, 'Средний', 0, 0),
(243, 'reason_for_idle', 2, '', 0, 0),
(243, 'state', 3, 'Не выполнена', 0, 0),
(243, 'who_responsible', 5, '-', 0, 0),
(243, 'who_set', 7, '10', 0, 0),
(244, 'deadline', 4, '29.05.2012 12:01:18', 0, 0),
(244, 'description', 2, '', 0, 0),
(244, 'prior', 3, 'Средний', 0, 0),
(244, 'reason_for_idle', 2, '', 0, 0),
(244, 'state', 3, 'Не выполнена', 0, 0),
(244, 'who_responsible', 5, '-', 0, 0),
(244, 'who_set', 7, '10', 0, 0),
(245, 'deadline', 4, '29.05.2012 12:01:44', 0, 0),
(245, 'description', 2, '', 0, 0),
(245, 'prior', 3, 'Средний', 0, 0),
(245, 'reason_for_idle', 2, '', 0, 0),
(245, 'state', 3, 'Не выполнена', 0, 0),
(245, 'who_responsible', 5, '-', 0, 0),
(245, 'who_set', 7, '10', 0, 0),
(246, 'deadline', 4, '29.05.2012 12:02:05', 0, 0),
(246, 'description', 2, '', 0, 0),
(246, 'prior', 3, 'Средний', 0, 0),
(246, 'reason_for_idle', 2, '', 0, 0),
(246, 'state', 3, 'Не выполнена', 0, 0),
(246, 'who_responsible', 5, '-', 0, 0),
(246, 'who_set', 7, '10', 0, 0),
(247, 'deadline', 4, '29.05.2012 12:02:30', 0, 0),
(247, 'description', 2, '', 0, 0),
(247, 'prior', 3, 'Средний', 0, 0),
(247, 'reason_for_idle', 2, '', 0, 0),
(247, 'state', 3, 'Не выполнена', 0, 0),
(247, 'who_responsible', 5, '-', 0, 0),
(247, 'who_set', 7, '10', 0, 0),
(248, 'deadline', 4, '2012-06-01', 0, 0),
(248, 'description', 2, 'Поступил новый заказ: \r\nДата: 2012-06-01\r\nКомпания:  ОАО \\"Энергетик\\"\r\nФИО: Лопаницына Ирина Николаевна, коммерческий директор\r\nТелефон: 8384251351\r\nE-mail: energetic.05@mail.ru\r\nЧто желаете заказать?Прошу выдать индивидуальный логин и пароль для входа в личный кабинет организации', 0, 0),
(249, 'deadline', 4, '2012-06-06', 0, 0),
(249, 'description', 2, 'Поступил новый заказ: \r\nДата: 2012-06-06\r\nКомпания: Компания\r\nФИО: ФИО\r\nТелефон: Телефон\r\nE-mail: E-mail\r\nЧто желаете заказать?Что желаете заказать?', 0, 0),
(250, 'deadline', 4, '2012-06-06', 0, 0),
(250, 'description', 2, 'Поступил новый заказ: \r\nДата: 2012-06-06\r\nКомпания: ЗАО \\"Сибэлектросервис\\"\r\nФИО: Гаринов Виктор Донатович\r\nТелефон: 64-33-00\r\nE-mail: bad2310@mail.ru\r\nЧто желаете заказать?Прошу выдать индивидуальный логин и пароль для входа в систему.', 0, 0),
(251, 'deadline', 4, '2012-06-07', 0, 0),
(251, 'description', 2, 'Поступил новый заказ: \r\nДата: 2012-06-07\r\nКомпания: ООО \\"Литвиновец\\" Яшкинский район\r\nФИО: Варенников Виктор Федорович\r\nТелефон: (38455) 2-55-46\r\nE-mail: Litvinovec@mail.ru\r\nЧто желаете заказать?Прошу выдать индивидуальный логин и пароль для входа в личный кабинет ', 0, 0),
(252, 'deadline', 4, '2012-06-07', 0, 0),
(252, 'description', 2, 'Поступил новый заказ: \r\nДата: 2012-06-07\r\nКомпания: ООО \\"Сэлф\\" Яшкинского района\r\nФИО: Варенников Виктор Федорович\r\nТелефон: (38455) 2-55-46\r\nE-mail: oooself@rambler.ru\r\nЧто желаете заказать?Прошу выдать индивидуальный логин и пароль для входа в личный кабинет', 0, 0),
(253, 'deadline', 4, '2012-06-13', 0, 0),
(253, 'description', 2, 'Поступил новый заказ: \r\nДата: 2012-06-13\r\nКомпания: ЗАО \\"ЯТЭК\\"\r\nФИО: Тюльпин Даниил Евгеньевич\r\nТелефон: 89617223382\r\nE-mail: zaoyatek@mail.ru\r\nЧто желаете заказать?Логин и Пароль для входа в систему', 0, 0),
(262, 'deadline', 4, '13.06.2012 08:46', 0, 0),
(262, 'description', 2, '', 0, 0),
(262, 'prior', 3, 'Средний', 0, 0),
(262, 'reason_for_idle', 2, '', 0, 0),
(262, 'state', 3, 'Не выполнена', 0, 0),
(262, 'who_responsible', 5, '-', 0, 0),
(262, 'who_set', 7, '10', 0, 0),
(263, 'deadline', 4, '20.06.2012 12:52:49', 0, 0),
(263, 'description', 2, '', 0, 0),
(263, 'prior', 3, 'Средний', 0, 0),
(263, 'reason_for_idle', 2, '', 0, 0),
(263, 'state', 3, 'Не выполнена', 0, 0),
(263, 'who_responsible', 5, '-', 0, 0),
(263, 'who_set', 7, '10', 0, 0),
(264, 'deadline', 4, '12.07.2012 06:59:00', 0, 0),
(264, 'description', 2, '', 0, 0),
(264, 'prior', 3, 'Средний', 0, 0),
(264, 'reason_for_idle', 2, '', 0, 0),
(264, 'state', 3, 'Не выполнена', 0, 0),
(264, 'who_responsible', 5, '-', 0, 0),
(264, 'who_set', 7, '10', 0, 0),
(269, 'deadline', 4, '20.07.2012 06:26:35', 0, 0),
(269, 'description', 2, '', 0, 0),
(269, 'prior', 3, 'Средний', 0, 0),
(269, 'reason_for_idle', 2, '', 0, 0),
(269, 'state', 3, 'Не выполнена', 0, 0),
(269, 'who_responsible', 5, '17', 0, 0),
(269, 'who_set', 7, '10', 0, 0),
(271, 'deadline', 4, '17.10.2012 06:56:32', 0, 0),
(271, 'description', 2, '', 0, 0),
(271, 'prior', 3, 'Средний', 0, 0),
(271, 'reason_for_idle', 2, '', 0, 0),
(271, 'state', 3, 'Не выполнена', 0, 0),
(271, 'who_responsible', 5, '-', 0, 0),
(271, 'who_set', 7, '10', 0, 0),
(272, 'deadline', 4, '17.10.2012 07:18:51', 0, 0),
(272, 'description', 2, '', 0, 0),
(272, 'prior', 3, 'Средний', 0, 0),
(272, 'reason_for_idle', 2, '', 0, 0),
(272, 'state', 3, 'Не выполнена', 0, 0),
(272, 'who_responsible', 5, '-', 0, 0),
(272, 'who_set', 7, '10', 0, 0),
(273, 'deadline', 4, '17.10.2012 07:23:08', 0, 0),
(273, 'description', 2, '', 0, 0),
(273, 'prior', 3, 'Средний', 0, 0),
(273, 'reason_for_idle', 2, '', 0, 0),
(273, 'state', 3, 'Не выполнена', 0, 0),
(273, 'who_responsible', 5, '-', 0, 0),
(273, 'who_set', 7, '10', 0, 0),
(274, 'deadline', 4, '17.10.2012 07:27:13', 0, 0),
(274, 'description', 2, '', 0, 0),
(274, 'prior', 3, 'Средний', 0, 0),
(274, 'reason_for_idle', 2, '', 0, 0),
(274, 'state', 3, 'Не выполнена', 0, 0),
(274, 'who_responsible', 5, '-', 0, 0),
(274, 'who_set', 7, '10', 0, 0),
(275, 'deadline', 4, '17.10.2012 07:30:15', 0, 0),
(275, 'description', 2, '', 0, 0),
(275, 'prior', 3, 'Средний', 0, 0),
(275, 'reason_for_idle', 2, '', 0, 0),
(275, 'state', 3, 'Не выполнена', 0, 0),
(275, 'who_responsible', 5, '-', 0, 0),
(275, 'who_set', 7, '10', 0, 0),
(276, 'deadline', 4, '17.10.2012 07:38:06', 0, 0),
(276, 'description', 2, '', 0, 0),
(276, 'prior', 3, 'Средний', 0, 0),
(276, 'reason_for_idle', 2, '', 0, 0),
(276, 'state', 3, 'Не выполнена', 0, 0),
(276, 'who_responsible', 5, '-', 0, 0),
(276, 'who_set', 7, '10', 0, 0),
(277, 'deadline', 4, '17.10.2012 07:40:45', 0, 0),
(277, 'description', 2, '', 0, 0),
(277, 'prior', 3, 'Средний', 0, 0),
(277, 'reason_for_idle', 2, '', 0, 0),
(277, 'state', 3, 'Не выполнена', 0, 0),
(277, 'who_responsible', 5, '-', 0, 0),
(277, 'who_set', 7, '10', 0, 0),
(278, 'deadline', 4, '17.10.2012 07:47:01', 0, 0),
(278, 'description', 2, '', 0, 0),
(278, 'prior', 3, 'Средний', 0, 0),
(278, 'reason_for_idle', 2, '', 0, 0),
(278, 'state', 3, 'Не выполнена', 0, 0),
(278, 'who_responsible', 5, '-', 0, 0),
(278, 'who_set', 7, '10', 0, 0),
(279, 'deadline', 4, '17.10.2012 07:49:36', 0, 0),
(279, 'description', 2, '', 0, 0),
(279, 'prior', 3, 'Средний', 0, 0),
(279, 'reason_for_idle', 2, '', 0, 0),
(279, 'state', 3, 'Не выполнена', 0, 0),
(279, 'who_responsible', 5, '-', 0, 0),
(279, 'who_set', 7, '10', 0, 0),
(280, 'deadline', 4, '17.10.2012 07:52:19', 0, 0),
(280, 'description', 2, '', 0, 0),
(280, 'prior', 3, 'Средний', 0, 0),
(280, 'reason_for_idle', 2, '', 0, 0),
(280, 'state', 3, 'Не выполнена', 0, 0),
(280, 'who_responsible', 5, '-', 0, 0),
(280, 'who_set', 7, '10', 0, 0),
(281, 'deadline', 4, '17.10.2012 07:57:15', 0, 0),
(281, 'description', 2, '', 0, 0),
(281, 'prior', 3, 'Средний', 0, 0),
(281, 'reason_for_idle', 2, '', 0, 0),
(281, 'state', 3, 'Не выполнена', 0, 0),
(281, 'who_responsible', 5, '-', 0, 0),
(281, 'who_set', 7, '10', 0, 0),
(282, 'deadline', 4, '17.10.2012 09:48:58', 0, 0),
(282, 'description', 2, '', 0, 0),
(282, 'prior', 3, 'Средний', 0, 0),
(282, 'reason_for_idle', 2, '', 0, 0),
(282, 'state', 3, 'Не выполнена', 0, 0),
(282, 'who_responsible', 5, '-', 0, 0),
(282, 'who_set', 7, '10', 0, 0),
(283, 'deadline', 4, '17.10.2012 10:18:50', 0, 0),
(283, 'description', 2, '', 0, 0),
(283, 'prior', 3, 'Средний', 0, 0),
(283, 'reason_for_idle', 2, '', 0, 0),
(283, 'state', 3, 'Не выполнена', 0, 0),
(283, 'who_responsible', 5, '-', 0, 0),
(283, 'who_set', 7, '10', 0, 0),
(285, 'deadline', 4, '17.10.2012 12:32:35', 0, 0),
(285, 'description', 2, '', 0, 0),
(285, 'prior', 3, 'Средний', 0, 0),
(285, 'reason_for_idle', 2, '', 0, 0),
(285, 'state', 3, 'Не выполнена', 0, 0),
(285, 'who_responsible', 5, '-', 0, 0),
(285, 'who_set', 7, '10', 0, 0),
(286, 'deadline', 4, '2012-10-18', 0, 0),
(286, 'description', 2, 'Поступил новый заказ: \r\nДата: 2012-10-18\r\nКомпания: ООО \\"Семечко\\"\r\nФИО: Прокопенко Илларион Ждугашвили\r\nТелефон: Телефон\r\nE-mail: semechko@gmail.com\r\nЧто желаете заказать?Прошу Вас направить коммерческое предложение на проведение энергоаудита и экспертизы нормирования ТЭР при передачи тепла, электроэнергии, газа, жидкого топлива.', 0, 0),
(287, 'deadline', 4, '2013-01-30', 0, 0),
(287, 'description', 2, 'Поступил новый заказ: \r\nДата: 2013-01-30\r\nКомпания: Компания\r\nФИО: ФИО\r\nТелефон: Телефон\r\nE-mail: E-mail\r\nЧто желаете заказать?Что желаете заказать?', 0, 0),
(288, 'deadline', 4, '30.01.2013 13:30:26', 0, 0),
(288, 'description', 2, '', 0, 0),
(288, 'prior', 3, 'Средний', 0, 0),
(288, 'reason_for_idle', 2, '', 0, 0),
(288, 'state', 3, 'Не выполнена', 0, 0),
(288, 'who_responsible', 5, '-', 0, 0),
(288, 'who_set', 7, '10', 0, 0),
(289, 'deadline', 4, '26.04.2013 07:34:27', 0, 0),
(289, 'description', 2, '', 0, 0),
(289, 'prior', 3, 'Средний', 0, 0),
(289, 'reason_for_idle', 2, '', 0, 0),
(289, 'state', 3, 'Не выполнена', 0, 0),
(289, 'who_responsible', 5, '-', 0, 0),
(289, 'who_set', 7, '10', 0, 0),
(290, 'deadline', 4, '2013-08-20', 0, 0),
(290, 'description', 2, 'Поступил новый заказ: \r\nДата: 2013-08-20\r\nКомпания:  ОАО "Энергетик"\r\nФИО: Лопаницына Ирина Николаевна, коммерческий директор\r\nТелефон: 93845551351, 89069264671\r\nE-mail: energetic.05@mail.ru\r\nЧто желаете заказать?Прошу выдать индивидуальный логин и пароль для входа в систему', 0, 0),
(291, 'deadline', 4, '22.08.2013 06:33:55', 0, 0),
(291, 'description', 2, '', 0, 0),
(291, 'prior', 3, 'Средний', 0, 0),
(291, 'reason_for_idle', 2, '', 0, 0),
(291, 'state', 3, 'Не выполнена', 0, 0),
(291, 'who_responsible', 5, '-', 0, 0),
(291, 'who_set', 7, '10', 0, 0),
(292, 'deadline', 4, '22.08.2013 06:33:55', 0, 0),
(292, 'description', 2, '', 0, 0),
(292, 'prior', 3, 'Средний', 0, 0),
(292, 'reason_for_idle', 2, '', 0, 0),
(292, 'state', 3, 'Не выполнена', 0, 0),
(292, 'who_responsible', 5, '-', 0, 0),
(292, 'who_set', 7, '10', 0, 0),
(293, 'deadline', 4, '22.08.2013 06:48:51', 0, 0),
(293, 'description', 2, '', 0, 0),
(293, 'prior', 3, 'Средний', 0, 0),
(293, 'reason_for_idle', 2, '', 0, 0),
(293, 'state', 3, 'Не выполнена', 0, 0),
(293, 'who_responsible', 5, '-', 0, 0),
(293, 'who_set', 7, '10', 0, 0),
(295, 'deadline', 4, '23.08.2013 06:39:38', 0, 0),
(295, 'description', 2, '', 0, 0),
(295, 'prior', 3, 'Средний', 0, 0),
(295, 'reason_for_idle', 2, '', 0, 0),
(295, 'state', 3, 'Не выполнена', 0, 0),
(295, 'who_responsible', 5, '-', 0, 0),
(295, 'who_set', 7, '10', 0, 0),
(296, 'deadline', 4, '23.08.2013 06:54:46', 0, 0),
(296, 'description', 2, '', 0, 0),
(296, 'prior', 3, 'Средний', 0, 0),
(296, 'reason_for_idle', 2, '', 0, 0),
(296, 'state', 3, 'Не выполнена', 0, 0),
(296, 'who_responsible', 5, '-', 0, 0),
(296, 'who_set', 7, '10', 0, 0),
(297, 'deadline', 4, '23.08.2013 07:46:30', 0, 0),
(297, 'description', 2, '', 0, 0),
(297, 'prior', 3, 'Средний', 0, 0),
(297, 'reason_for_idle', 2, '', 0, 0),
(297, 'state', 3, 'Не выполнена', 0, 0),
(297, 'who_responsible', 5, '-', 0, 0),
(297, 'who_set', 7, '10', 0, 0),
(298, 'deadline', 4, '23.08.2013 08:06:26', 0, 0),
(298, 'description', 2, '', 0, 0),
(298, 'prior', 3, 'Средний', 0, 0),
(298, 'reason_for_idle', 2, '', 0, 0),
(298, 'state', 3, 'Не выполнена', 0, 0),
(298, 'who_responsible', 5, '-', 0, 0),
(298, 'who_set', 7, '10', 0, 0),
(299, 'deadline', 4, '23.08.2013 08:17:01', 0, 0),
(299, 'description', 2, '', 0, 0),
(299, 'prior', 3, 'Средний', 0, 0),
(299, 'reason_for_idle', 2, '', 0, 0),
(299, 'state', 3, 'Не выполнена', 0, 0),
(299, 'who_responsible', 5, '-', 0, 0),
(299, 'who_set', 7, '10', 0, 0),
(300, 'deadline', 4, '26.08.2013 10:40:51', 0, 0),
(300, 'description', 2, '', 0, 0),
(300, 'prior', 3, 'Средний', 0, 0),
(300, 'reason_for_idle', 2, '', 0, 0),
(300, 'state', 3, 'Не выполнена', 0, 0),
(300, 'who_responsible', 5, '-', 0, 0),
(300, 'who_set', 7, '10', 0, 0),
(301, 'deadline', 4, '26.08.2013 13:16:16', 0, 0),
(301, 'description', 2, '', 0, 0),
(301, 'prior', 3, 'Средний', 0, 0),
(301, 'reason_for_idle', 2, '', 0, 0),
(301, 'state', 3, 'Не выполнена', 0, 0),
(301, 'who_responsible', 5, '-', 0, 0),
(301, 'who_set', 7, '10', 0, 0),
(302, 'deadline', 4, '27.08.2013 11:53:08', 0, 0),
(302, 'description', 2, '', 0, 0),
(302, 'prior', 3, 'Средний', 0, 0),
(302, 'reason_for_idle', 2, '', 0, 0),
(302, 'state', 3, 'Не выполнена', 0, 0),
(302, 'who_responsible', 5, '-', 0, 0),
(302, 'who_set', 7, '10', 0, 0),
(303, 'deadline', 4, '28.08.2013 10:07:08', 0, 0),
(303, 'description', 2, '', 0, 0),
(303, 'prior', 3, 'Средний', 0, 0),
(303, 'reason_for_idle', 2, '', 0, 0),
(303, 'state', 3, 'Не выполнена', 0, 0),
(303, 'who_responsible', 5, '-', 0, 0),
(303, 'who_set', 7, '10', 0, 0),
(304, 'deadline', 4, '28.08.2013 10:45:12', 0, 0),
(304, 'description', 2, '', 0, 0),
(304, 'prior', 3, 'Средний', 0, 0),
(304, 'reason_for_idle', 2, '', 0, 0),
(304, 'state', 3, 'Не выполнена', 0, 0),
(304, 'who_responsible', 5, '-', 0, 0),
(304, 'who_set', 7, '10', 0, 0),
(306, 'deadline', 4, '29.08.2013 10:25:08', 0, 0),
(306, 'description', 2, '', 0, 0),
(306, 'prior', 3, 'Средний', 0, 0),
(306, 'reason_for_idle', 2, '', 0, 0),
(306, 'state', 3, 'Не выполнена', 0, 0),
(306, 'who_responsible', 5, '-', 0, 0),
(306, 'who_set', 7, '10', 0, 0),
(307, 'deadline', 4, '29.08.2013 10:33:36', 0, 0),
(307, 'description', 2, '', 0, 0),
(307, 'prior', 3, 'Средний', 0, 0),
(307, 'reason_for_idle', 2, '', 0, 0),
(307, 'state', 3, 'Не выполнена', 0, 0),
(307, 'who_responsible', 5, '-', 0, 0),
(307, 'who_set', 7, '10', 0, 0),
(308, 'deadline', 4, '29.08.2013 10:57:06', 0, 0),
(308, 'description', 2, '', 0, 0),
(308, 'prior', 3, 'Средний', 0, 0),
(308, 'reason_for_idle', 2, '', 0, 0),
(308, 'state', 3, 'Не выполнена', 0, 0),
(308, 'who_responsible', 5, '-', 0, 0),
(308, 'who_set', 7, '10', 0, 0),
(309, 'deadline', 4, '30.08.2013 06:23:40', 0, 0),
(309, 'description', 2, '', 0, 0),
(309, 'prior', 3, 'Средний', 0, 0),
(309, 'reason_for_idle', 2, '', 0, 0),
(309, 'state', 3, 'Не выполнена', 0, 0),
(309, 'who_responsible', 5, '-', 0, 0),
(309, 'who_set', 7, '10', 0, 0),
(310, 'deadline', 4, '02.09.2013 05:53:11', 0, 0),
(310, 'description', 2, '', 0, 0),
(310, 'prior', 3, 'Средний', 0, 0),
(310, 'reason_for_idle', 2, '', 0, 0),
(310, 'state', 3, 'Не выполнена', 0, 0),
(310, 'who_responsible', 5, '-', 0, 0),
(310, 'who_set', 7, '10', 0, 0),
(311, 'deadline', 4, '02.09.2013 06:37:26', 0, 0),
(311, 'description', 2, '', 0, 0),
(311, 'prior', 3, 'Средний', 0, 0),
(311, 'reason_for_idle', 2, '', 0, 0),
(311, 'state', 3, 'Не выполнена', 0, 0),
(311, 'who_responsible', 5, '-', 0, 0),
(311, 'who_set', 7, '10', 0, 0),
(313, 'deadline', 4, '02.09.2013 10:23:58', 0, 0),
(313, 'description', 2, '', 0, 0),
(313, 'prior', 3, 'Средний', 0, 0),
(313, 'reason_for_idle', 2, '', 0, 0),
(313, 'state', 3, 'Не выполнена', 0, 0),
(313, 'who_responsible', 5, '-', 0, 0),
(313, 'who_set', 7, '10', 0, 0),
(314, 'deadline', 4, '03.09.2013 06:32:10', 0, 0),
(314, 'description', 2, '', 0, 0),
(314, 'prior', 3, 'Средний', 0, 0),
(314, 'reason_for_idle', 2, '', 0, 0),
(314, 'state', 3, 'Не выполнена', 0, 0),
(314, 'who_responsible', 5, '-', 0, 0),
(314, 'who_set', 7, '10', 0, 0),
(315, 'deadline', 4, '2013-09-03', 0, 0),
(315, 'description', 2, 'Поступил новый заказ: \r\nДата: 2013-09-03\r\nКомпания: ЗАО "Прокопьевскэнерго"\r\nФИО: Ященко Ольга Борисовна - руководитель финансово-экономической группы\r\nТелефон: 8 933 300 15 15 \r\nE-mail: o.yaschenko@prokopenergo.ru\r\nЧто желаете заказать?индивидуальный логин и пароль для входа в систему  согласно письму от 19  августа №397', 0, 0),
(316, 'deadline', 4, '04.09.2013 14:13:37', 0, 0),
(316, 'description', 2, '', 0, 0),
(316, 'prior', 3, 'Средний', 0, 0),
(316, 'reason_for_idle', 2, '', 0, 0),
(316, 'state', 3, 'Не выполнена', 0, 0),
(316, 'who_responsible', 5, '-', 0, 0),
(316, 'who_set', 7, '10', 0, 0),
(317, 'deadline', 4, '10.09.2013 06:19:54', 0, 0),
(317, 'description', 2, '', 0, 0),
(317, 'prior', 3, 'Средний', 0, 0),
(317, 'reason_for_idle', 2, '', 0, 0),
(317, 'state', 3, 'Не выполнена', 0, 0),
(317, 'who_responsible', 5, '-', 0, 0),
(317, 'who_set', 7, '10', 0, 0),
(318, 'deadline', 4, '10.09.2013 08:25:04', 0, 0),
(318, 'description', 2, '', 0, 0),
(318, 'prior', 3, 'Средний', 0, 0),
(318, 'reason_for_idle', 2, '', 0, 0),
(318, 'state', 3, 'Не выполнена', 0, 0),
(318, 'who_responsible', 5, '-', 0, 0),
(318, 'who_set', 7, '10', 0, 0),
(319, 'deadline', 4, '10.09.2013 08:34:43', 0, 0),
(319, 'description', 2, '', 0, 0),
(319, 'prior', 3, 'Средний', 0, 0),
(319, 'reason_for_idle', 2, '', 0, 0),
(319, 'state', 3, 'Не выполнена', 0, 0),
(319, 'who_responsible', 5, '-', 0, 0),
(319, 'who_set', 7, '10', 0, 0),
(320, 'deadline', 4, '12.09.2013 13:17:17', 0, 0),
(320, 'description', 2, '', 0, 0),
(320, 'prior', 3, 'Средний', 0, 0),
(320, 'reason_for_idle', 2, '', 0, 0),
(320, 'state', 3, 'Не выполнена', 0, 0),
(320, 'who_responsible', 5, '-', 0, 0),
(320, 'who_set', 7, '10', 0, 0),
(321, 'deadline', 4, '13.09.2013 11:30:38', 0, 0),
(321, 'description', 2, '', 0, 0),
(321, 'prior', 3, 'Средний', 0, 0),
(321, 'reason_for_idle', 2, '', 0, 0),
(321, 'state', 3, 'Не выполнена', 0, 0),
(321, 'who_responsible', 5, '-', 0, 0),
(321, 'who_set', 7, '10', 0, 0),
(322, 'deadline', 4, '18.09.2013 10:26:18', 0, 0),
(322, 'description', 2, '', 0, 0),
(322, 'prior', 3, 'Средний', 0, 0),
(322, 'reason_for_idle', 2, '', 0, 0),
(322, 'state', 3, 'Не выполнена', 0, 0),
(322, 'who_responsible', 5, '-', 0, 0),
(322, 'who_set', 7, '10', 0, 0),
(325, 'deadline', 4, '2013-09-27', 0, 0),
(325, 'description', 2, 'Поступил новый заказ: \r\nДата: 2013-09-27\r\nКомпания: Компания\r\nФИО: ФИО\r\nТелефон: Телефон\r\nE-mail: E-mail\r\nЧто желаете заказать?Что желаете заказать?', 0, 0),
(326, 'deadline', 4, '27.09.2013 14:47:47', 0, 0),
(326, 'description', 2, '', 0, 0),
(326, 'prior', 3, 'Средний', 0, 0),
(326, 'reason_for_idle', 2, '', 0, 0),
(326, 'state', 3, 'Не выполнена', 0, 0),
(326, 'who_adopted', 6, 'varakin.s', 0, 0),
(326, 'who_responsible', 5, '-', 0, 0),
(326, 'who_set', 7, '10', 0, 0);

-- --------------------------------------------------------

--
-- Структура таблицы `tm_task_attribute_type`
--

DROP TABLE IF EXISTS `tm_task_attribute_type`;
CREATE TABLE IF NOT EXISTS `tm_task_attribute_type` (
  `id` int(10) unsigned NOT NULL AUTO_INCREMENT,
  `title` varchar(50) NOT NULL,
  `handler` varchar(100) NOT NULL,
  `description` varchar(255) NOT NULL,
  PRIMARY KEY (`id`),
  UNIQUE KEY `title_UNIQUE` (`title`)
) ENGINE=InnoDB  DEFAULT CHARSET=utf8 AUTO_INCREMENT=8 ;

--
-- Дамп данных таблицы `tm_task_attribute_type`
--

INSERT INTO `tm_task_attribute_type` (`id`, `title`, `handler`, `description`) VALUES
(1, 'Строка', 'TM_Attribute_AttributeType', 'Любое строковое значение'),
(2, 'Текст', 'TM_Attribute_AttributeTypeText', 'Многострочный  текст'),
(3, 'Список', 'TM_Attribute_AttributeTypeList', 'Список из возможных вариантов'),
(4, 'Дата', 'TM_Attribute_AttributeTypeDate', ''),
(5, 'Список пользователей', 'TM_Attribute_AttributeTypeUserList', 'Список пользователей'),
(6, 'Условие с активным пользователем', 'TM_Attribute_AttributeTypeActiveUser', 'Условие с активным пользователем'),
(7, 'Список пользователей с активным пользователем', 'TM_Attribute_AttributeTypeActiveUserList', 'Список пользователей с активным пользователем');

-- --------------------------------------------------------

--
-- Структура таблицы `tm_task_discussion`
--

DROP TABLE IF EXISTS `tm_task_discussion`;
CREATE TABLE IF NOT EXISTS `tm_task_discussion` (
  `task_id` int(10) unsigned NOT NULL,
  `discussion_id` int(10) unsigned NOT NULL,
  PRIMARY KEY (`task_id`,`discussion_id`),
  KEY `fk_tm_task_discussion_tm_discussion1` (`discussion_id`)
) ENGINE=InnoDB DEFAULT CHARSET=utf8;

--
-- Дамп данных таблицы `tm_task_discussion`
--

INSERT INTO `tm_task_discussion` (`task_id`, `discussion_id`) VALUES
(181, 191),
(195, 213),
(196, 214),
(199, 217),
(200, 218),
(201, 219),
(202, 220),
(203, 221),
(204, 222),
(205, 223),
(206, 224),
(207, 225),
(208, 226),
(209, 227),
(210, 228),
(211, 229),
(212, 230),
(213, 231),
(214, 232),
(215, 233),
(216, 234),
(217, 235),
(218, 236),
(219, 237),
(220, 238),
(221, 239),
(222, 240),
(223, 241),
(224, 242),
(225, 243),
(226, 244),
(227, 245),
(228, 246),
(229, 247),
(230, 248),
(231, 249),
(232, 250),
(233, 251),
(235, 253),
(236, 254),
(237, 255),
(238, 256),
(239, 257),
(240, 258),
(241, 259),
(242, 260),
(243, 261),
(244, 262),
(245, 263),
(246, 264),
(247, 265),
(262, 266),
(263, 267),
(264, 271),
(271, 281),
(272, 282),
(273, 283),
(274, 284),
(275, 285),
(276, 286),
(277, 287),
(278, 288),
(279, 289),
(280, 290),
(281, 291),
(282, 292),
(283, 293),
(285, 295),
(288, 299),
(289, 303),
(228, 314),
(228, 315),
(275, 316),
(275, 317),
(291, 322),
(292, 323),
(293, 324),
(295, 326),
(296, 327),
(297, 328),
(298, 329),
(299, 330),
(300, 331),
(301, 332),
(302, 333),
(303, 334),
(304, 335),
(306, 337),
(307, 338),
(308, 339),
(309, 340),
(310, 341),
(311, 342),
(313, 344),
(314, 345),
(316, 346),
(317, 347),
(318, 348),
(319, 349),
(320, 350),
(321, 351),
(322, 352),
(326, 355);

-- --------------------------------------------------------

--
-- Структура таблицы `tm_task_document`
--

DROP TABLE IF EXISTS `tm_task_document`;
CREATE TABLE IF NOT EXISTS `tm_task_document` (
  `task_id` int(10) unsigned NOT NULL,
  `document_id` int(10) unsigned NOT NULL,
  PRIMARY KEY (`task_id`,`document_id`),
  KEY `fk_tm_task_document_tm_task1` (`task_id`),
  KEY `fk_tm_task_document_tm_document1` (`document_id`)
) ENGINE=InnoDB DEFAULT CHARSET=utf8;

--
-- Дамп данных таблицы `tm_task_document`
--

INSERT INTO `tm_task_document` (`task_id`, `document_id`) VALUES
(181, 215),
(195, 251),
(203, 259),
(205, 261),
(205, 339),
(209, 265),
(228, 284),
(229, 285),
(232, 288),
(237, 293),
(244, 300),
(263, 313),
(264, 319),
(271, 363),
(272, 371),
(273, 375),
(274, 376),
(276, 389),
(277, 393),
(278, 401),
(279, 405),
(280, 409),
(281, 412),
(282, 418),
(283, 424),
(285, 427),
(288, 537),
(289, 552),
(292, 599),
(293, 350),
(293, 602),
(295, 604),
(296, 607),
(297, 610),
(298, 612),
(299, 613),
(300, 614),
(301, 615),
(302, 616),
(303, 617),
(304, 618),
(306, 620),
(307, 621),
(308, 626),
(309, 640),
(311, 642),
(313, 644),
(314, 645),
(316, 598),
(317, 647),
(318, 648),
(319, 649),
(320, 661),
(321, 671),
(322, 596),
(326, 796);

-- --------------------------------------------------------

--
-- Структура таблицы `tm_task_hash`
--

DROP TABLE IF EXISTS `tm_task_hash`;
CREATE TABLE IF NOT EXISTS `tm_task_hash` (
  `task_id` int(10) unsigned DEFAULT NULL,
  `attribute_key` varchar(255) NOT NULL,
  `title` varchar(255) NOT NULL,
  `type_id` int(10) unsigned NOT NULL,
  `list_value` text,
  `list_order` varchar(255) NOT NULL DEFAULT '',
  `required` tinyint(1) NOT NULL DEFAULT '0',
  `sort_order` int(11) NOT NULL DEFAULT '1000',
  PRIMARY KEY (`attribute_key`),
  KEY `fk_tm_task_hash_tm_task_attribute_type1` (`type_id`),
  KEY `fk_tm_task_hash_tm_task1` (`task_id`)
) ENGINE=InnoDB DEFAULT CHARSET=utf8;

--
-- Дамп данных таблицы `tm_task_hash`
--

INSERT INTO `tm_task_hash` (`task_id`, `attribute_key`, `title`, `type_id`, `list_value`, `list_order`, `required`, `sort_order`) VALUES
(NULL, 'deadline', 'Срок выполнения задачи', 4, '  ', '', 1, 1),
(NULL, 'description', 'Описание задачи', 2, '  ', '', 0, 7),
(NULL, 'prior', 'Приоритет', 3, 'Очень высокий||Высоки||*Средний||Низкий||Очень низкий    ', '', 0, 6),
(NULL, 'reason_for_idle', 'Причина простоя', 2, '  ', '', 0, 3),
(NULL, 'state', 'Статус выполения задачи', 3, 'Выполнена||*Не выполнена||Возникли вопросы ', '', 1, 2),
(NULL, 'who_adopted', 'Кто принял?', 6, '    ', '', 0, 5),
(NULL, 'who_responsible', 'Кто ответственный?', 5, '  ', '', 0, 4),
(NULL, 'who_set', 'Кем поставлена?', 7, '    ', '', 0, 4);

-- --------------------------------------------------------

--
-- Структура таблицы `tm_task_relation_old`
--

DROP TABLE IF EXISTS `tm_task_relation_old`;
CREATE TABLE IF NOT EXISTS `tm_task_relation_old` (
  `parent_id` int(10) unsigned NOT NULL,
  `child_id` int(10) unsigned NOT NULL,
  PRIMARY KEY (`parent_id`,`child_id`),
  KEY `fk_tm_task_relation_tm_task2` (`child_id`)
) ENGINE=InnoDB DEFAULT CHARSET=utf8;

--
-- Дамп данных таблицы `tm_task_relation_old`
--

INSERT INTO `tm_task_relation_old` (`parent_id`, `child_id`) VALUES
(181, 184),
(181, 248),
(181, 249),
(181, 250),
(181, 251),
(181, 252),
(181, 253),
(181, 286),
(181, 287),
(181, 290),
(181, 315),
(181, 325);

-- --------------------------------------------------------

--
-- Структура таблицы `tm_user`
--

DROP TABLE IF EXISTS `tm_user`;
CREATE TABLE IF NOT EXISTS `tm_user` (
  `id` int(10) unsigned NOT NULL AUTO_INCREMENT,
  `login` varchar(32) NOT NULL,
  `password` varchar(32) NOT NULL,
  `role_id` int(10) unsigned NOT NULL,
  `date_create` datetime NOT NULL,
  `type` varchar(15) NOT NULL DEFAULT 'client',
  PRIMARY KEY (`id`),
  UNIQUE KEY `login_UNIQUE` (`login`),
  KEY `fk_tm_user_tm_user_role1` (`role_id`),
  KEY `type` (`type`)
) ENGINE=InnoDB  DEFAULT CHARSET=utf8 AUTO_INCREMENT=112 ;

--
-- Дамп данных таблицы `tm_user`
--

INSERT INTO `tm_user` (`id`, `login`, `password`, `role_id`, `date_create`, `type`) VALUES
(1, 'admin', '123', 1, '2011-11-16 16:26:00', 'administrator'),
(5, 'boss', '654', 3, '2011-11-25 21:50:00', 'administrator'),
(7, 'dima', '321', 1, '2011-12-04 11:19:06', 'administrator'),
(8, 'ivan', '321', 4, '2011-12-04 11:19:47', 'administrator'),
(9, 'sergey', '321', 1, '2011-12-04 11:20:00', 'administrator'),
(10, 'varakin.s', 'varakin', 11, '2011-12-19 16:35:00', 'administrator'),
(12, 'Малюта', 'Малюта', 3, '2012-01-31 11:47:00', 'administrator'),
(13, 'Юрьев', 'Юрьев', 4, '2012-01-31 11:50:00', 'administrator'),
(14, 'Федоров', 'Федоров', 4, '2012-01-31 11:53:00', 'administrator'),
(15, 'Омельченко', 'Омельченко', 4, '2012-01-31 11:57:00', 'administrator'),
(16, 'Овчинников', 'Овчинников', 4, '2012-01-31 11:59:00', 'administrator'),
(17, 'Хамзин', 'Хамзин', 4, '2012-01-31 12:01:00', 'administrator'),
(18, 'Гаристов', 'Гаристов', 3, '2012-01-31 12:02:00', 'administrator'),
(19, 'Соловьева', 'Соловьева', 4, '2012-01-31 12:04:00', 'administrator'),
(20, 'Набатникова', 'Набатникова', 4, '2012-01-31 12:06:00', 'administrator'),
(21, 'Кайль', 'Кайль', 4, '2012-01-31 12:08:00', 'administrator'),
(22, 'Демченко', 'Демченко', 4, '2012-01-31 12:10:00', 'administrator'),
(23, 'Джосан', 'Джосан', 4, '2012-01-31 12:12:00', 'administrator'),
(24, 'Тупкалов', 'Тупкалов', 4, '2012-01-31 12:13:00', 'administrator'),
(25, 'Алексина', 'Алексина', 4, '2012-01-31 12:15:00', 'administrator'),
(26, 'Холкина', 'Холкина', 4, '2012-01-31 12:16:00', 'administrator'),
(27, 'Ешкилева', 'Ешкилева', 4, '2012-01-31 12:17:00', 'administrator'),
(29, 'Ковалева', 'Ковалева', 4, '2012-01-31 12:20:00', 'administrator'),
(30, 'Михайлевич', 'Михайлевич', 4, '2012-01-31 12:26:00', 'administrator'),
(31, 'Алексина М', 'Алексина М', 4, '2012-01-31 12:27:00', 'administrator'),
(32, 'Венгер', 'Венгер', 4, '2012-01-31 12:29:00', 'administrator'),
(33, 'Борзенко', 'Борзенко', 4, '2012-01-31 12:30:00', 'administrator'),
(34, 'Толкачева', 'Толкачева', 4, '2012-01-31 12:31:00', 'administrator'),
(35, 'Ляпустин', 'Дима', 4, '2012-01-31 12:32:00', 'administrator'),
(36, 'Заживихин', 'Заживихин', 8, '2012-02-14 10:43:00', 'administrator'),
(41, 'Борисенко', 'Борисенко', 7, '2012-05-10 14:44:00', 'client'),
(42, 'Трофимова', 'Трофимова', 7, '2012-06-14 10:28:00', 'client'),
(43, 'Варенова', 'Варенова', 7, '2012-06-14 10:30:00', 'client'),
(44, 'Муковников', 'Муковников', 7, '2012-06-14 10:33:00', 'client'),
(45, 'Волков', 'Волков', 7, '2012-06-14 10:35:00', 'client'),
(46, 'Пушкарева', 'Пушкарева', 7, '2012-06-14 10:37:00', 'client'),
(48, 'Гаринов', 'Гаринов', 7, '2012-06-14 10:41:00', 'client'),
(49, 'Мартынов', 'Мартынов', 7, '2012-06-14 10:42:00', 'client'),
(50, 'Чекрыжева', 'Чекрыжева', 7, '2012-06-14 10:44:00', 'client'),
(51, 'Андреев', 'Андреев', 7, '2012-06-14 10:46:00', 'client'),
(52, 'Иванов', 'Иванов', 7, '2012-06-14 11:42:00', 'client'),
(53, 'Дубарь', 'Дубарь', 7, '2012-06-14 11:45:00', 'client'),
(54, 'Мусияченко', 'Мусияченко', 7, '2012-06-14 11:47:00', 'client'),
(55, 'Усачев', 'Усачев', 7, '2012-06-14 11:48:00', 'client'),
(56, 'Семдянкин', '111', 7, '2012-06-20 12:53:00', 'client'),
(58, 'Кочетов', 'Кочетов', 7, '2012-06-21 06:32:00', 'client'),
(59, 'Киселева', 'Киселева', 7, '2012-06-25 13:14:00', 'client'),
(60, 'Фликов', 'Фликов', 7, '2012-06-26 06:52:00', 'client'),
(61, 'Диков', 'Диков', 7, '2012-06-29 11:20:00', 'client'),
(62, 'Яшина', 'Яшина', 7, '2012-06-29 11:37:00', 'client'),
(64, 'Кран', 'Кран', 7, '2012-07-05 11:31:00', 'client'),
(65, 'Дюков', 'Дюков', 4, '2012-07-11 07:01:00', 'administrator'),
(66, 'Штаненко', 'Штаненко', 7, '2012-10-17 12:53:00', 'client'),
(67, 'Миллер', 'Миллер', 7, '2013-01-30 13:26:00', 'client'),
(68, 'Телицын', 'Телицын', 7, '2013-04-26 07:25:00', 'client'),
(69, 'Родченко', 'Родченко', 7, '2013-08-21 07:38:00', 'client'),
(70, 'Цыба', 'Цыба', 7, '2013-08-21 07:44:00', 'client'),
(71, 'Трубицына', 'Трубицына', 7, '2013-08-21 11:32:00', 'client'),
(72, 'Рогова', 'Рогова', 7, '2013-08-22 06:29:00', 'client'),
(73, 'Кирьянов', 'Кирьянов', 7, '2013-08-22 06:45:00', 'client'),
(74, 'Швец', 'Швец', 7, '2013-08-23 06:25:00', 'client'),
(75, 'Илларионов', 'Илларионов', 7, '2013-08-23 06:49:00', 'client'),
(76, 'Русалеева', 'Русалеева', 7, '2013-08-23 06:55:00', 'client'),
(77, 'Рейникова', 'Рейникова', 7, '2013-08-23 07:13:00', 'client'),
(78, 'Нехорошкова', 'Нехорошкова', 7, '2013-08-23 08:04:00', 'client'),
(79, 'Котович', 'Котович', 7, '2013-08-23 08:15:00', 'client'),
(80, 'Малиновская', 'Малиновская', 7, '2013-08-26 10:38:00', 'client'),
(81, 'Зенкова', 'Зенкова', 7, '2013-08-26 13:10:00', 'client'),
(82, 'Добрянский', 'Добрянский', 7, '2013-08-27 11:50:00', 'client'),
(83, 'Елизарова', 'Елизарова', 7, '2013-08-27 13:35:00', 'client'),
(84, 'Анненкова', 'Анненкова', 7, '2013-08-28 10:04:00', 'client'),
(85, 'Насыбулина', 'Насыбулина', 7, '2013-08-28 10:04:00', 'client'),
(86, 'Сильдимешев', 'Сильдимешев', 7, '2013-08-28 10:42:00', 'client'),
(87, 'Хрипченко', 'Хрипченко', 7, '2013-08-28 10:51:00', 'client'),
(88, 'Савелькина', 'Савелькина', 7, '2013-08-29 10:23:00', 'client'),
(89, 'Гончарова', 'Гончарова', 7, '2013-08-29 10:31:00', 'client'),
(90, 'Лаптева', 'Лаптева', 7, '2013-08-29 10:54:00', 'client'),
(91, 'Швыдко', 'Швыдко', 7, '2013-08-29 10:57:00', 'client'),
(92, 'Ботвинникова', 'Ботвинникова', 7, '2013-08-29 10:59:00', 'client'),
(93, 'Стафеева', 'Стафеева', 7, '2013-08-29 11:01:00', 'client'),
(94, 'Курдюкова', 'Курдюкова', 7, '2013-08-30 06:21:00', 'client'),
(95, 'Никулин', 'Никулин', 7, '2013-09-02 05:48:00', 'client'),
(96, 'Ширяев', 'Ширяев', 7, '2013-09-02 06:35:00', 'client'),
(97, 'Калиниченко', 'Калиниченко', 7, '2013-09-02 06:38:00', 'client'),
(98, 'Рулева', 'Рулева', 7, '2013-09-02 06:41:00', 'client'),
(99, 'Ямпольская', 'Ямпольская', 7, '2013-09-02 10:21:00', 'client'),
(100, 'Игонин', 'Игонин', 4, '2013-09-02 10:32:00', 'administrator'),
(101, 'Деревягина', 'Деревягина', 7, '2013-09-03 06:29:00', 'client'),
(102, 'Андреева', 'Андреева', 7, '2013-09-03 06:33:00', 'client'),
(103, 'Соловьян', 'Соловьян', 7, '2013-09-03 06:36:00', 'client'),
(104, 'Бодрова', 'Бодрова', 7, '2013-09-03 06:39:00', 'client'),
(105, 'Клапшина', 'Клапшина', 7, '2013-09-10 06:17:00', 'client'),
(106, 'Кусакина', 'Кусакина', 7, '2013-09-10 08:32:00', 'client'),
(107, 'Кузьмин', 'Кузьмин', 7, '2013-09-10 08:43:00', 'client'),
(108, 'Останина', 'Останина', 7, '2013-09-10 08:45:00', 'client'),
(109, 'Ященко', 'Ященко', 7, '2013-09-13 11:27:00', 'client'),
(110, 'Якишин', 'Якишин', 1, '2013-09-26 11:50:00', 'client'),
(111, 'Алинская', 'Алинская', 7, '2013-09-27 14:45:00', 'client');

-- --------------------------------------------------------

--
-- Структура таблицы `tm_user_attribute`
--

DROP TABLE IF EXISTS `tm_user_attribute`;
CREATE TABLE IF NOT EXISTS `tm_user_attribute` (
  `user_id` int(10) unsigned NOT NULL,
  `attribute_key` varchar(255) NOT NULL,
  `type_id` int(10) unsigned NOT NULL,
  `attribute_value` text NOT NULL,
  `attribute_order` int(10) unsigned NOT NULL DEFAULT '0',
  `is_fill` tinyint(1) NOT NULL DEFAULT '0',
  PRIMARY KEY (`user_id`,`attribute_key`),
  KEY `fk_tm_task_attribute_tm_task1` (`user_id`),
  KEY `fk_tm_document_attribute_tm_document_attribute_type1` (`type_id`)
) ENGINE=InnoDB DEFAULT CHARSET=utf8;

--
-- Дамп данных таблицы `tm_user_attribute`
--

INSERT INTO `tm_user_attribute` (`user_id`, `attribute_key`, `type_id`, `attribute_value`, `attribute_order`, `is_fill`) VALUES
(1, 'address', 1, '', 0, 1),
(1, 'birthday', 1, '', 0, 1),
(1, 'name', 1, 'Администратор', 0, 1),
(1, 'note', 2, '', 0, 1),
(1, 'organization', 1, '', 0, 1),
(1, 'phone', 1, '', 0, 1),
(1, 'position', 1, '', 0, 1),
(5, 'name', 1, 'Руководитель', 0, 1),
(5, 'organization', 1, '', 0, 1),
(5, 'position', 1, '', 0, 1),
(7, 'name', 1, 'Кудрявцев Дмитрий', 0, 1),
(7, 'organization', 1, '', 0, 1),
(7, 'position', 1, '', 0, 1),
(8, 'name', 1, 'Харлампенков Иван', 0, 1),
(8, 'organization', 1, '', 0, 1),
(8, 'position', 1, '', 0, 1),
(9, 'address', 1, '', 0, 1),
(9, 'birthday', 1, '', 0, 1),
(9, 'name', 1, 'Щеглов Сергей', 0, 1),
(9, 'note', 2, '', 0, 1),
(9, 'organization', 1, 'ГП КО АЭЭ', 0, 1),
(9, 'phone', 1, '', 0, 1),
(9, 'position', 1, 'Системный администратор', 0, 1),
(10, 'address', 1, '', 0, 1),
(10, 'birthday', 1, '', 0, 1),
(10, 'name', 1, 'Варакин Сергей Анатольевич', 0, 1),
(10, 'note', 2, '', 0, 1),
(10, 'organization', 1, 'АЭЭ', 0, 1),
(10, 'phone', 1, '36-29-50', 0, 1),
(10, 'position', 1, 'Инженер', 0, 1),
(12, 'address', 1, '', 0, 1),
(12, 'birthday', 1, '', 0, 1),
(12, 'name', 1, 'Малюта Дмитрий Владимирович', 0, 1),
(12, 'note', 2, '', 0, 1),
(12, 'organization', 1, 'ГП КО АЭЭ', 0, 1),
(12, 'phone', 1, '', 0, 1),
(12, 'position', 1, 'Заместитель директора', 0, 1),
(13, 'name', 1, 'Юрьев Михаил Владимирович', 0, 1),
(13, 'organization', 1, 'ГП КО АЭЭ', 0, 1),
(13, 'position', 1, 'Начальник отдела', 0, 1),
(14, 'name', 1, 'Федоров Андрей Иванович', 0, 1),
(14, 'organization', 1, 'ГП КО АЭЭ', 0, 1),
(14, 'position', 1, 'Заместитель начальника отдела', 0, 1),
(15, 'name', 1, 'Омельченко Андрей Алексеевич', 0, 1),
(15, 'organization', 1, 'ГП КО АЭЭ', 0, 1),
(15, 'position', 1, 'Инженер', 0, 1),
(16, 'name', 1, 'Овчинников Александр Геннадьевич', 0, 1),
(16, 'organization', 1, 'ГП КО АЭЭ', 0, 1),
(16, 'position', 1, 'Инженер', 0, 1),
(17, 'name', 1, 'Хамзин Родион Шакурович', 0, 1),
(17, 'organization', 1, 'ГП КО АЭЭ', 0, 1),
(17, 'position', 1, 'Инженер', 0, 1),
(18, 'address', 1, '', 0, 1),
(18, 'birthday', 1, '', 0, 1),
(18, 'name', 1, 'Гаристов Николай Николаевич', 0, 1),
(18, 'note', 2, '', 0, 1),
(18, 'organization', 1, 'ГП КО АЭЭ', 0, 1),
(18, 'phone', 1, '', 0, 1),
(18, 'position', 1, 'Начальник отдела', 0, 1),
(19, 'name', 1, 'Соловьева Светлана Витальевна', 0, 1),
(19, 'organization', 1, 'ГП КО АЭЭ', 0, 1),
(19, 'position', 1, 'Начальник отдела', 0, 1),
(20, 'name', 1, 'Набатникова Олеся Юрьевна', 0, 1),
(20, 'organization', 1, 'ГП КО АЭЭ', 0, 1),
(20, 'position', 1, 'Заместитель начальника отдела', 0, 1),
(21, 'address', 1, '', 0, 1),
(21, 'birthday', 1, '', 0, 1),
(21, 'name', 1, 'Кайль Марина Валерьевна', 0, 1),
(21, 'note', 2, '', 0, 1),
(21, 'organization', 1, 'ГП КО АЭЭ', 0, 1),
(21, 'phone', 1, '', 0, 1),
(21, 'position', 1, 'Бухгалтер', 0, 1),
(22, 'name', 1, 'Демченко Сергей Яковлевич', 0, 1),
(22, 'organization', 1, 'ГП КО АЭЭ', 0, 1),
(22, 'position', 1, 'Начальник отдела', 0, 1),
(23, 'name', 1, 'Джосан Галина Владимировна', 0, 1),
(23, 'organization', 1, 'ГП КО АЭЭ', 0, 1),
(23, 'position', 1, 'Заместитель начальника отдела', 0, 1),
(24, 'name', 1, 'Тупкалов Максим Анатольевич', 0, 1),
(24, 'organization', 1, 'ГП КО АЭЭ', 0, 1),
(24, 'position', 1, 'Экономист', 0, 1),
(25, 'name', 1, 'Алексина Наталья Валериевна', 0, 1),
(25, 'organization', 1, 'ГП КО АЭЭ', 0, 1),
(25, 'position', 1, 'Экономист', 0, 1),
(26, 'name', 1, 'Холкина Лариса Александровна', 0, 1),
(26, 'organization', 1, 'ГП КО АЭЭ', 0, 1),
(26, 'position', 1, 'Начальник отдела', 0, 1),
(27, 'name', 1, 'Ешкилева Оксана Валерьевна', 0, 1),
(27, 'organization', 1, 'ГП КО АЭЭ', 0, 1),
(27, 'position', 1, 'Экономист', 0, 1),
(29, 'name', 1, 'Ковалева Ольга Владимировна', 0, 1),
(29, 'organization', 1, 'ГП КО АЭЭ', 0, 1),
(29, 'position', 1, 'специалист по кадрам аппарата управления', 0, 1),
(30, 'name', 1, 'Михайлевич Максим Евгеньевич', 0, 1),
(30, 'organization', 1, 'ГП КО АЭЭ', 0, 1),
(30, 'position', 1, 'Инженер', 0, 1),
(31, 'name', 1, 'Алексина Марина Валерьевна', 0, 1),
(31, 'organization', 1, 'ГП КО АЭЭ', 0, 1),
(31, 'position', 1, 'Начальник отдела', 0, 1),
(32, 'name', 1, 'Венгер Александр Николаевич', 0, 1),
(32, 'organization', 1, 'ГП КО АЭЭ', 0, 1),
(32, 'position', 1, 'Заместитель начальника отдела', 0, 1),
(33, 'name', 1, 'Борзенко Андрей Викторович', 0, 1),
(33, 'organization', 1, 'ГП КО АЭЭ', 0, 1),
(33, 'position', 1, 'Экономист', 0, 1),
(34, 'name', 1, 'Толкачева Ольга Ивановна', 0, 1),
(34, 'organization', 1, 'ГП КО АЭЭ', 0, 1),
(34, 'position', 1, 'Экономист', 0, 1),
(35, 'address', 1, '', 0, 1),
(35, 'birthday', 1, '', 0, 1),
(35, 'name', 1, 'Ляпустин Дмитрий Сергеевич', 0, 1),
(35, 'note', 2, '', 0, 1),
(35, 'organization', 1, 'ГП КО АЭЭ', 0, 1),
(35, 'phone', 1, '', 0, 1),
(35, 'position', 1, 'Инженер', 0, 1),
(36, 'address', 1, '', 0, 1),
(36, 'birthday', 1, '', 0, 1),
(36, 'name', 1, 'Заживихин Юрий Юрьевич', 0, 1),
(36, 'note', 2, '', 0, 1),
(36, 'organization', 1, '', 0, 1),
(36, 'phone', 1, '', 0, 1),
(36, 'position', 1, '', 0, 1),
(41, 'address', 1, '', 0, 1),
(41, 'birthday', 1, '', 0, 1),
(41, 'name', 1, 'Борисенко Илья Андреевич', 0, 1),
(41, 'note', 2, '', 0, 1),
(41, 'organization', 1, 'ООО Электросетевая Компания Кузбасса', 0, 1),
(41, 'phone', 1, '', 0, 1),
(41, 'position', 1, '', 0, 1),
(42, 'address', 1, '', 0, 1),
(42, 'birthday', 1, '', 0, 1),
(42, 'name', 1, 'Трофимова Юлия Николаевна', 0, 1),
(42, 'note', 2, '', 0, 1),
(42, 'organization', 1, 'ООО СДС-Тепло', 0, 1),
(42, 'phone', 1, 'Сот 8-933-300-92-03', 0, 1),
(42, 'position', 1, 'Инженер производственно-технического отдела', 0, 1),
(43, 'address', 1, 'Кемеровская область г,Новокузнецкий. р-он, п. Чистогорский', 0, 1),
(43, 'birthday', 1, '', 0, 1),
(43, 'name', 1, 'Варенова Светлана Васильевна', 0, 1),
(43, 'note', 2, '', 0, 1),
(43, 'organization', 1, 'ООО Чистогорское ЖКХ', 0, 1),
(43, 'phone', 1, '8-3843-551-605', 0, 1),
(43, 'position', 1, '?', 0, 1),
(44, 'address', 1, 'Кемеровская область , г.Анжеро-Судженск,п.Рудничный,ул.Советская,2а', 0, 1),
(44, 'birthday', 1, '', 0, 1),
(44, 'name', 1, 'Муковников С.Л', 0, 1),
(44, 'note', 2, '', 0, 1),
(44, 'organization', 1, 'ООО Кристал 1', 0, 1),
(44, 'phone', 1, '3-22-84 Сот 8-903-070-98-28', 0, 1),
(44, 'position', 1, 'Зам директора', 0, 1),
(45, 'address', 1, 'Кемеровская область,г Прокопьевск', 0, 1),
(45, 'birthday', 1, '', 0, 1),
(45, 'name', 1, 'Волков Сергей', 0, 1),
(45, 'note', 2, '', 0, 1),
(45, 'organization', 1, 'ООО ОФ Прокопьевскуголь', 0, 1),
(45, 'phone', 1, '8-3846-67-05-18 Сот 8-906-931-65-46', 0, 1),
(45, 'position', 1, 'Главный специалист по программному обеспеченею', 0, 1),
(46, 'address', 1, 'Кемеровская область , г.Ленинск-Кузнецкий,ул.Аккумуляторная,11', 0, 1),
(46, 'birthday', 1, '', 0, 1),
(46, 'name', 1, 'Пушкарева Анастасия Юрьевна', 0, 1),
(46, 'note', 2, '', 0, 1),
(46, 'organization', 1, 'СУЭК-КУЗБАС Энергоупровление', 0, 1),
(46, 'phone', 1, '8-38456-5-31-44', 0, 1),
(46, 'position', 1, 'Начальник отдела учета пропуска электроэнергии', 0, 1),
(48, 'address', 1, 'г.Кемерово,ул.Шахтерская,6а', 0, 1),
(48, 'birthday', 1, '', 0, 1),
(48, 'name', 1, 'Гаринов В.Д', 0, 1),
(48, 'note', 2, '', 0, 1),
(48, 'organization', 1, 'ЗАО Сибэлектросервис', 0, 1),
(48, 'phone', 1, '64-33-00', 0, 1),
(48, 'position', 1, '?', 0, 1),
(49, 'address', 1, 'Кемеровская область , г.Киселевск,ул.Охотская 10', 0, 1),
(49, 'birthday', 1, '', 0, 1),
(49, 'name', 1, 'Мартынов Ю.Н', 0, 1),
(49, 'note', 2, '', 0, 1),
(49, 'organization', 1, 'МП Городское тепловое хозяйство', 0, 1),
(49, 'phone', 1, '8-38464-3-31-36', 0, 1),
(49, 'position', 1, '?', 0, 1),
(50, 'address', 1, 'Кемеровская область , Гурьевский район,с.Малая Салаирка', 0, 1),
(50, 'birthday', 1, '', 0, 1),
(50, 'name', 1, 'Чекрыжева О.А', 0, 1),
(50, 'note', 2, '', 0, 1),
(50, 'organization', 1, 'ООО Теплоресурс', 0, 1),
(50, 'phone', 1, '8-38463-312-91', 0, 1),
(50, 'position', 1, '?', 0, 1),
(51, 'address', 1, 'Кемеровская область , г.Мыски,ул. Первомайская 22', 0, 1),
(51, 'birthday', 1, '', 0, 1),
(51, 'name', 1, 'Андреев А.В', 0, 1),
(51, 'note', 2, '', 0, 1),
(51, 'organization', 1, 'ООО Мысковская электросетевая организация', 0, 1),
(51, 'phone', 1, '8-38474-2-23-91', 0, 1),
(51, 'position', 1, '?', 0, 1),
(52, 'address', 1, '?', 0, 1),
(52, 'birthday', 1, '', 0, 1),
(52, 'name', 1, 'Иванов Б.И', 0, 1),
(52, 'note', 2, '', 0, 1),
(52, 'organization', 1, 'ЗАО Тепловые сети', 0, 1),
(52, 'phone', 1, '?', 0, 1),
(52, 'position', 1, '?', 0, 1),
(53, 'address', 1, 'Кемеровская область .Ленинск-Кузнецкого,района с Подгорное.пер.Кольцевой 7', 0, 1),
(53, 'birthday', 1, '', 0, 1),
(53, 'name', 1, 'Дубарь', 0, 1),
(53, 'note', 2, '', 0, 1),
(53, 'organization', 1, 'ООО Авангард', 0, 1),
(53, 'phone', 1, '8-38456-3-23-84', 0, 1),
(53, 'position', 1, 'Директор', 0, 1),
(54, 'address', 1, 'Кемеровская область ,г Междуреченск,ул.Комарова', 0, 1),
(54, 'birthday', 1, '', 0, 1),
(54, 'name', 1, 'Мусияченко Н.А', 0, 1),
(54, 'note', 2, '', 0, 1),
(54, 'organization', 1, 'ОАО Томусинский ремонтно-механический завод', 0, 1),
(54, 'phone', 1, '8-38475-6-41-86(доб.138).', 0, 1),
(54, 'position', 1, 'Директор по экономике', 0, 1),
(55, 'address', 1, 'Кемерово, п. Предзаводской', 0, 1),
(55, 'birthday', 1, '', 0, 1),
(55, 'name', 1, 'Усачев С.А', 0, 1),
(55, 'note', 2, '', 0, 1),
(55, 'organization', 1, 'ООО Железобетон-сервис', 0, 1),
(55, 'phone', 1, '?', 0, 1),
(55, 'position', 1, 'Директор', 0, 1),
(56, 'address', 1, 'г. Новокузнецк ул. Орджоникидзе д.12', 0, 1),
(56, 'birthday', 1, '', 0, 1),
(56, 'name', 1, 'Семдянкин Николай Михайлович', 0, 1),
(56, 'note', 2, '', 0, 1),
(56, 'organization', 1, 'ООО Новокузнецкие тепловые сети', 0, 1),
(56, 'phone', 1, '', 0, 1),
(56, 'position', 1, 'Технический директор', 0, 1),
(58, 'address', 1, 'Кемеровская область ,г. Юрга,ул.Шоссейная,54а', 0, 1),
(58, 'birthday', 1, '', 0, 1),
(58, 'name', 1, 'Кочетов В.В', 0, 1),
(58, 'note', 2, '', 0, 1),
(58, 'organization', 1, 'ООО УК Энерготранс-Агро', 0, 1),
(58, 'phone', 1, '8-38451-4-90-20', 0, 1),
(58, 'position', 1, 'Управляющий Директор', 0, 1),
(59, 'address', 1, '', 0, 1),
(59, 'birthday', 1, '', 0, 1),
(59, 'name', 1, 'Киселева О.В', 0, 1),
(59, 'note', 2, '', 0, 1),
(59, 'organization', 1, 'ЗАО Водоканал', 0, 1),
(59, 'phone', 1, '', 0, 1),
(59, 'position', 1, '', 0, 1),
(60, 'address', 1, 'г.Кемерово,ул.1-я Стахановская,35', 0, 1),
(60, 'birthday', 1, '', 0, 1),
(60, 'name', 1, 'Фликов К.Ю', 0, 1),
(60, 'note', 2, '', 0, 1),
(60, 'organization', 1, 'ООО Химпром', 0, 1),
(60, 'phone', 1, '57-07-71', 0, 1),
(60, 'position', 1, '?', 0, 1),
(61, 'address', 1, 'Кемеровская область г Киселевск, ул.Ускатная 6а', 0, 1),
(61, 'birthday', 1, '', 0, 1),
(61, 'name', 1, 'Диков Ю.И', 0, 1),
(61, 'note', 2, '', 0, 1),
(61, 'organization', 1, 'ОАО Знамя', 0, 1),
(61, 'phone', 1, '8-384-64-7-48-79', 0, 1),
(61, 'position', 1, 'Гл.энергетик', 0, 1),
(62, 'address', 1, 'Кемеровская область г,Новокузнецк,ул.Рудокопровая 4', 0, 1),
(62, 'birthday', 1, '', 0, 1),
(62, 'name', 1, 'ЯшинаТ.А', 0, 1),
(62, 'note', 2, '', 0, 1),
(62, 'organization', 1, 'ООО Металлэнергофинанс', 0, 1),
(62, 'phone', 1, '8-3843-357-662', 0, 1),
(62, 'position', 1, 'Директор по экономике и финансам', 0, 1),
(64, 'address', 1, 'Кемеровская область г,Новокузнецк,пр.Щедрухинский 17', 0, 1),
(64, 'birthday', 1, '', 0, 1),
(64, 'name', 1, 'Кран А. С', 0, 1),
(64, 'note', 2, '', 0, 1),
(64, 'organization', 1, 'ООО Шахта Юбилейная', 0, 1),
(64, 'phone', 1, '8-3843-99-66-16', 0, 1),
(64, 'position', 1, 'Гл.энергетик', 0, 1),
(65, 'address', 1, '', 0, 1),
(65, 'birthday', 1, '', 0, 1),
(65, 'name', 1, 'Дюков Ярослав Андреевич', 0, 1),
(65, 'note', 2, '', 0, 1),
(65, 'organization', 1, '', 0, 1),
(65, 'phone', 1, '', 0, 1),
(65, 'position', 1, '', 0, 1),
(66, 'address', 1, 'Кемеровская область,г.Топки', 0, 1),
(66, 'birthday', 1, '', 0, 1),
(66, 'name', 1, 'Штаненко Ирина Павловна', 0, 1),
(66, 'note', 2, '', 0, 1),
(66, 'organization', 1, 'ООО Топкинский цемент', 0, 1),
(66, 'phone', 1, '8-38454-3-80-33', 0, 1),
(66, 'position', 1, 'Инженер ОГЭ', 0, 1),
(67, 'address', 1, 'Кемеровская область,Крапивинский район,п.г.т.Зеленогорский 63', 0, 1),
(67, 'birthday', 1, '', 0, 1),
(67, 'name', 1, 'Миллер А.Ф', 0, 1),
(67, 'note', 2, '', 0, 1),
(67, 'organization', 1, 'ООО ТЭП', 0, 1),
(67, 'phone', 1, '8-38446-25-3-50', 0, 1),
(67, 'position', 1, 'Директор', 0, 1),
(68, 'address', 1, 'Кемеровская область,г.Тайга.Кирова.44в', 0, 1),
(68, 'birthday', 1, '', 0, 1),
(68, 'name', 1, 'Телицын Денис Юрьевич', 0, 1),
(68, 'note', 2, '', 0, 1),
(68, 'organization', 1, 'ОАО Теплосервис', 0, 1),
(68, 'phone', 1, '8384(48)2-39-64, сот 8-950-263-26-90', 0, 1),
(68, 'position', 1, 'Праграмист', 0, 1),
(69, 'address', 1, '?', 0, 1),
(69, 'birthday', 1, '', 0, 1),
(69, 'name', 1, 'Родченко Елена Геннадьевна', 0, 1),
(69, 'note', 2, '', 0, 1),
(69, 'organization', 1, 'ООО Тепло плюс', 0, 1),
(69, 'phone', 1, '8(384-2)21-2-65', 0, 1),
(69, 'position', 1, 'Начальник ПТО ООО', 0, 1),
(70, 'address', 1, 'г. Кемерово,пр-т.Ленина,90/4', 0, 1),
(70, 'birthday', 1, '', 0, 1),
(70, 'name', 1, 'Цыба Сергей Валерьевич', 0, 1),
(70, 'note', 2, '', 0, 1),
(70, 'organization', 1, 'ОАО  Кузбассэнергосбыт', 0, 1),
(70, 'phone', 1, '8(384-2)45-33-12', 0, 1),
(70, 'position', 1, 'Начальник планово-экономического отдела', 0, 1),
(71, 'address', 1, '652092 Кемеровская область,станция Юрга-2,ул.Ахцигера11-1', 0, 1),
(71, 'birthday', 1, '', 0, 1),
(71, 'name', 1, 'Трубицына Александра Евгеньевна', 0, 1),
(71, 'note', 2, '', 0, 1),
(71, 'organization', 1, 'ООО Теплоснаб', 0, 1),
(71, 'phone', 1, 'Т 8(38451)555-42, сот 8-951-174-11-70', 0, 1),
(71, 'position', 1, 'Заместитель главного бухгалтера.', 0, 1),
(72, 'address', 1, '650051,г Кемерово, ул.Пчелобоза,2', 0, 1),
(72, 'birthday', 1, '', 0, 1),
(72, 'name', 1, 'Рогова Лидия Освальдовна', 0, 1),
(72, 'note', 2, '', 0, 1),
(72, 'organization', 1, 'МУП Жилищно-коммунальное управление Кемеровского района', 0, 1),
(72, 'phone', 1, 'т 8(384-2)64-60-68 сот 8923-528-26-30', 0, 1),
(72, 'position', 1, 'Экономист', 0, 1),
(73, 'address', 1, 'Кемеровская обл г Прокопьевск, ул.Фрунзе 1', 0, 1),
(73, 'birthday', 1, '', 0, 1),
(73, 'name', 1, 'Кирьянов Игорь Валерьевич', 0, 1),
(73, 'note', 2, '', 0, 1),
(73, 'organization', 1, 'ООО Обогатительная фабрика Прокопьевскуголь', 0, 1),
(73, 'phone', 1, 'т 8(3846)67-65-42 сот 8-933-300-85-12', 0, 1),
(73, 'position', 1, 'Заместитель генерального директора по экономике финансам', 0, 1),
(74, 'address', 1, 'Кемеровская область прт Промышленная,ул.Зеленая,1', 0, 1),
(74, 'birthday', 1, '', 0, 1),
(74, 'name', 1, 'Швец Руслан Николаевич', 0, 1),
(74, 'note', 2, '', 0, 1),
(74, 'organization', 1, 'ООО Структурное Подразделение Рельсосварочное Предприятие    (РСП-М)', 0, 1),
(74, 'phone', 1, 'т 8(38442)30-809', 0, 1),
(74, 'position', 1, 'Инженер по стандартизации и метрологии', 0, 1),
(75, 'address', 1, '652393 Кемеровская область Промышленновский  район, с. Тарасово, ул. Южная 18/2', 0, 1),
(75, 'birthday', 1, '', 0, 1),
(75, 'name', 1, 'Илларионов Александр Николаевич', 0, 1),
(75, 'note', 2, '', 0, 1),
(75, 'organization', 1, 'ООО Теплотех', 0, 1),
(75, 'phone', 1, 'т 8(38442)6-42-38', 0, 1),
(75, 'position', 1, 'Бухгалтер', 0, 1),
(76, 'address', 1, '652740 Кемеровская область г Калтан, ул. Комсомольская 20', 0, 1),
(76, 'birthday', 1, '', 0, 1),
(76, 'name', 1, 'Русалеева Елена Петровна', 0, 1),
(76, 'note', 2, '', 0, 1),
(76, 'organization', 1, 'ОАО Южно-Кузбасская ГРЭС', 0, 1),
(76, 'phone', 1, 'т 8(38472)3-01-45', 0, 1),
(76, 'position', 1, 'Экономист планового отдела', 0, 1),
(77, 'address', 1, '', 0, 1),
(77, 'birthday', 1, '', 0, 1),
(77, 'name', 1, 'Рейникова Юлия Борисовна', 0, 1),
(77, 'note', 2, '', 0, 1),
(77, 'organization', 1, 'ОАО Тепловодоканал-Сервис', 0, 1),
(77, 'phone', 1, 'т 8(384?)36-16-46, 44-20-91', 0, 1),
(77, 'position', 1, 'Главный экономист', 0, 1),
(78, 'address', 1, '?', 0, 1),
(78, 'birthday', 1, '', 0, 1),
(78, 'name', 1, 'Нехорошкова Людмила Александровна', 0, 1),
(78, 'note', 2, '', 0, 1),
(78, 'organization', 1, 'МУП ЖКХ Белогорск', 0, 1),
(78, 'phone', 1, 'Т 8(38447)63-1-21', 0, 1),
(78, 'position', 1, 'Экономист', 0, 1),
(79, 'address', 1, '?', 0, 1),
(79, 'birthday', 1, '', 0, 1),
(79, 'name', 1, 'Котович Татьяна Николаевна', 0, 1),
(79, 'note', 2, '', 0, 1),
(79, 'organization', 1, 'ООО Акация', 0, 1),
(79, 'phone', 1, 'Т 8(38455)3-55-44', 0, 1),
(79, 'position', 1, 'Главный бухгалтер', 0, 1),
(80, 'address', 1, '652800 Кемеровская область г Осинники, ул. Кирова 2 пер д 1', 0, 1),
(80, 'birthday', 1, '', 0, 1),
(80, 'name', 1, 'Малиновская Елена Викторовна', 0, 1),
(80, 'note', 2, '', 0, 1),
(80, 'organization', 1, 'ООО Теплосетевая компания Южного Кузбасса', 0, 1),
(80, 'phone', 1, 'т 8(38471)-5-32-74  сот 8-905-900-56-82', 0, 1),
(80, 'position', 1, 'Директор по экономике и финансам', 0, 1),
(81, 'address', 1, '652715 Кемеровская область  г Киселевск ул. Краснобродская 6', 0, 1),
(81, 'birthday', 1, '', 0, 1),
(81, 'name', 1, 'Зенкова Ольга Валерьевна', 0, 1),
(81, 'note', 2, '', 0, 1),
(81, 'organization', 1, 'Мп г Киселевск Тепло', 0, 1),
(81, 'phone', 1, 'т 8(38464)5-73-16', 0, 1),
(81, 'position', 1, 'Главный экономист', 0, 1),
(82, 'address', 1, '654000 Кемеровская область г. Новокузнецк, пр. Дружбы, 39', 0, 1),
(82, 'birthday', 1, '', 0, 1),
(82, 'name', 1, 'Добрянский Владимир Ильич', 0, 1),
(82, 'note', 2, '', 0, 1),
(82, 'organization', 1, 'ООО Кузнецкэнерго', 0, 1),
(82, 'phone', 1, 'т 8(384)37-26-48', 0, 1),
(82, 'position', 1, 'Директор', 0, 1),
(83, 'address', 1, '652470 Кемеровская область ,Анжеро-Судженск, ул. Ленина,4', 0, 1),
(83, 'birthday', 1, '', 0, 1),
(83, 'name', 1, 'Елизарова Юлия Олеговна', 0, 1),
(83, 'note', 2, '', 0, 1),
(83, 'organization', 1, 'ООО Каскад-энерго', 0, 1),
(83, 'phone', 1, '8(38453) 6-21-05', 0, 1),
(83, 'position', 1, 'Начальник планово-экономического отдела', 0, 1),
(84, 'address', 1, '652509 Кемеровская область , г . Ленинск-Кузнецк 7 Микрорайон 9', 0, 1),
(84, 'birthday', 1, '', 0, 1),
(84, 'name', 1, 'Анненкова Татьяна Александровна', 0, 1),
(84, 'note', 2, '', 0, 1),
(84, 'organization', 1, 'ФГБ ЛПУ Научно-клинический центр охраны здоровья  шахтеров', 0, 1),
(84, 'phone', 1, 'т 8(38456)2-39-21', 0, 1),
(84, 'position', 1, 'Начальник  планово-экономического отдела', 0, 1),
(85, 'address', 1, '652509 Кемеровская область , г . Ленинск-Кузнецк 7 Микрорайон 9', 0, 1),
(85, 'birthday', 1, '', 0, 1),
(85, 'name', 1, 'Насыбулина Наталья Борисовна', 0, 1),
(85, 'note', 2, '', 0, 1),
(85, 'organization', 1, 'ФГБ ЛПУ Научно-клинический центр охраны здоровья  шахтеров', 0, 1),
(85, 'phone', 1, 'т 8(38456)2-34-24', 0, 1),
(85, 'position', 1, 'Экономист планово-экономического отдела', 0, 1),
(86, 'address', 1, '?', 0, 1),
(86, 'birthday', 1, '', 0, 1),
(86, 'name', 1, 'Сильдимешев Сергей Юрьевич', 0, 1),
(86, 'note', 2, '', 0, 1),
(86, 'organization', 1, 'МУП Котельные и тепловые сети', 0, 1),
(86, 'phone', 1, 'т 8-905-912-91-01', 0, 1),
(86, 'position', 1, 'Зам. директора по экономике и финансам', 0, 1),
(87, 'address', 1, '?', 0, 1),
(87, 'birthday', 1, '', 0, 1),
(87, 'name', 1, 'Хрипченко Ирина Николаевна', 0, 1),
(87, 'note', 2, '', 0, 1),
(87, 'organization', 1, 'МУП Котельные и тепловые сети', 0, 1),
(87, 'phone', 1, 'т 8-905-912-90-93', 0, 1),
(87, 'position', 1, 'Начальник планово-экономического отдела', 0, 1),
(88, 'address', 1, '652523, Кемеровская область, г Ленинск-Кузнецк.   Ул. Телефонная 7', 0, 1),
(88, 'birthday', 1, '', 0, 1),
(88, 'name', 1, 'Савелькина А А', 0, 1),
(88, 'note', 2, '', 0, 1),
(88, 'organization', 1, 'ООО  Водоканал', 0, 1),
(88, 'phone', 1, 'т 8(38456) 2-27-20', 0, 1),
(88, 'position', 1, 'Ведущий экономист по планированию', 0, 1),
(89, 'address', 1, '650054 г Кемерово Пионерский бульвар, 4а', 0, 1),
(89, 'birthday', 1, '', 0, 1),
(89, 'name', 1, 'Гончарова Ирина Владимировна', 0, 1),
(89, 'note', 2, '', 0, 1),
(89, 'organization', 1, 'ОАО Угольная компания Кузбассразрезуголь', 0, 1),
(89, 'phone', 1, '44-06-06', 0, 1),
(89, 'position', 1, 'Начальник сектора по планированию и расчетам за электроэнергию', 0, 1),
(90, 'address', 1, '650066  г Кемерово пр-т Октябрьский,53/2', 0, 1),
(90, 'birthday', 1, '', 0, 1),
(90, 'name', 1, 'Лаптева Ксения Александровна', 0, 1),
(90, 'note', 2, '', 0, 1),
(90, 'organization', 1, 'ООО СДС-Энерго', 0, 1),
(90, 'phone', 1, '57-41-54', 0, 1),
(90, 'position', 1, 'Ведущий специалист управления по тарифной политике', 0, 1),
(91, 'address', 1, '650066  г Кемерово пр-т Октябрьский,53/2', 0, 1),
(91, 'birthday', 1, '', 0, 1),
(91, 'name', 1, 'Швыдко С.П', 0, 1),
(91, 'note', 2, '', 0, 1),
(91, 'organization', 1, 'ООО Энергосбытовая  компания Кузбасса', 0, 1),
(91, 'phone', 1, '57-42-00', 0, 1),
(91, 'position', 1, 'Заместитель начальника финансово-экономического отдела', 0, 1),
(92, 'address', 1, '650066  г Кемерово пр-т Октябрьский,53/2', 0, 1),
(92, 'birthday', 1, '', 0, 1),
(92, 'name', 1, 'Ботвинникова О.В', 0, 1),
(92, 'note', 2, '', 0, 1),
(92, 'organization', 1, 'ООО Энергосбытовая  компания Кузбасса', 0, 1),
(92, 'phone', 1, '57-42-00', 0, 1),
(92, 'position', 1, 'экономист финансово-экономического отдела', 0, 1),
(93, 'address', 1, '650066  г Кемерово пр-т Октябрьский,53/2', 0, 1),
(93, 'birthday', 1, '', 0, 1),
(93, 'name', 1, 'Стафеева Н.А', 0, 1),
(93, 'note', 2, '', 0, 1),
(93, 'organization', 1, 'ООО Энергосбытовая  компания Кузбасса', 0, 1),
(93, 'phone', 1, '57-42-00', 0, 1),
(93, 'position', 1, 'финансист финансово-экономического отдела', 0, 1),
(94, 'address', 1, '653035 Кемеровская область г Прокопьевск, ул. Маганак,47', 0, 1),
(94, 'birthday', 1, '', 0, 1),
(94, 'name', 1, 'Курдюкова Людмила Петровна', 0, 1),
(94, 'note', 2, '', 0, 1),
(94, 'organization', 1, 'МУП Прокопьевское Теплоснабжающее хозяйство', 0, 1),
(94, 'phone', 1, 'т 8(3846) 67-26-32  сот 8-923-463-55-74', 0, 1),
(94, 'position', 1, 'Главный экономист', 0, 1),
(95, 'address', 1, '654235 Кемеровская область Новокузнецкий район п. Чистогорский.', 0, 1),
(95, 'birthday', 1, '', 0, 1),
(95, 'name', 1, 'Никулин Андрей Андреевич', 0, 1),
(95, 'note', 2, '', 0, 1),
(95, 'organization', 1, 'ООО СПК  Чистогорский', 0, 1),
(95, 'phone', 1, 'т 8(3843)551-119', 0, 1),
(95, 'position', 1, 'Экономист ПЭО', 0, 1),
(96, 'address', 1, '653000 Кемеровская область .г Прокопьевск, ул космонавта Волынова,15', 0, 1),
(96, 'birthday', 1, '', 0, 1),
(96, 'name', 1, 'Ширяев Николай Анатольевич', 0, 1),
(96, 'note', 2, '', 0, 1),
(96, 'organization', 1, 'ООО Электросеть (4223052779)', 0, 1),
(96, 'phone', 1, 'т 8(3846)61-33-34  сот 8-903-047-04-70', 0, 1),
(96, 'position', 1, 'Ведущий инженер ПТО', 0, 1),
(97, 'address', 1, '653000 Кемеровская область .г Прокопьевск, ул космонавта Волынова,15', 0, 1),
(97, 'birthday', 1, '', 0, 1),
(97, 'name', 1, 'Калиниченко Ирина Борисовна', 0, 1),
(97, 'note', 2, '', 0, 1),
(97, 'organization', 1, 'ООО Электросеть (4223052779)', 0, 1),
(97, 'phone', 1, 'т 8(3846)61-33-34  сот 8-961-712-96-66', 0, 1),
(97, 'position', 1, 'Начальник ОРУ', 0, 1),
(98, 'address', 1, '653000 Кемеровская область .г Прокопьевск, ул космонавта Волынова,15', 0, 1),
(98, 'birthday', 1, '', 0, 1),
(98, 'name', 1, 'Рулева Татьяна Сергеевна', 0, 1),
(98, 'note', 2, '', 0, 1),
(98, 'organization', 1, 'ООО Электросеть (4223052779)', 0, 1),
(98, 'phone', 1, 'т 8(3846)61-33-34  сот 8-961-718-55-77', 0, 1),
(98, 'position', 1, 'Главный экономист', 0, 1),
(99, 'address', 1, '654005 Кемеровская область г Новокузнецк . ул. Рудокопровая .4', 0, 1),
(99, 'birthday', 1, '', 0, 1),
(99, 'name', 1, 'Ямпольская Анна Георгиевна', 0, 1),
(99, 'note', 2, '', 0, 1),
(99, 'organization', 1, 'ООО КузнецкТеплоСбыт (4217146884)', 0, 1),
(99, 'phone', 1, 'т 8(3843) 79-20-96', 0, 1),
(99, 'position', 1, 'Специалист по тарифному регулированию', 0, 1),
(100, 'address', 1, '', 0, 1),
(100, 'birthday', 1, '', 0, 1),
(100, 'name', 1, 'Игонин Станислав Евгенывич', 0, 1),
(100, 'note', 2, '', 0, 1),
(100, 'organization', 1, '', 0, 1),
(100, 'phone', 1, '', 0, 1),
(100, 'position', 1, '', 0, 1),
(101, 'address', 1, '650000 г Кемерово  ул. Н. Островского. 32', 0, 1),
(101, 'birthday', 1, '', 0, 1),
(101, 'name', 1, 'Деревягина С.Н', 0, 1),
(101, 'note', 2, '', 0, 1),
(101, 'organization', 1, 'ООО Кузбасская Энергосетевая Компания (4205109750)', 0, 1),
(101, 'phone', 1, 'т 36-80-25', 0, 1),
(101, 'position', 1, 'Заместитель генерального директора по экономике', 0, 1),
(102, 'address', 1, '650000 г Кемерово  ул. Н. Островского. 32', 0, 1),
(102, 'birthday', 1, '', 0, 1),
(102, 'name', 1, 'Андреева Н.Г', 0, 1),
(102, 'note', 2, '', 0, 1),
(102, 'organization', 1, 'ООО Кузбасская Энергосетевая Компания (4205109750)', 0, 1),
(102, 'phone', 1, 'т 57-92-57', 0, 1),
(102, 'position', 1, 'Заместитель главного бухгалтера', 0, 1),
(103, 'address', 1, '650000 г Кемерово  ул. Н. Островского. 32', 0, 1),
(103, 'birthday', 1, '', 0, 1),
(103, 'name', 1, 'Соловьян О.С.', 0, 1),
(103, 'note', 2, '', 0, 1),
(103, 'organization', 1, 'ООО Кузбасская Энергосетевая Компания (4205109750)', 0, 1),
(103, 'phone', 1, 'т 57-92-57', 0, 1),
(103, 'position', 1, 'Ведущей бухгалтер', 0, 1),
(104, 'address', 1, '650000 г Кемерово  ул. Н. Островского. 32', 0, 1),
(104, 'birthday', 1, '', 0, 1),
(104, 'name', 1, 'Бодрова Л.А', 0, 1),
(104, 'note', 2, '', 0, 1),
(104, 'organization', 1, 'ООО Кузбасская Энергосетевая Компания (4205109750)', 0, 1),
(104, 'phone', 1, 'т 36-80-25', 0, 1),
(104, 'position', 1, 'Ведущей  экономист', 0, 1),
(105, 'address', 1, '650044 г Кемерово, ул. Шахтерская-3а', 0, 1),
(105, 'birthday', 1, '', 0, 1),
(105, 'name', 1, 'Клапшина Ирина Ивановна', 0, 1),
(105, 'note', 2, '', 0, 1),
(105, 'organization', 1, 'ООО Теплоэнерго (4205049011)', 0, 1),
(105, 'phone', 1, '8-913-306-81-12', 0, 1),
(105, 'position', 1, '?', 0, 1),
(106, 'address', 1, '654005 Кемеровская область г Новокузнец,ул. Орджоникидзе,12', 0, 1),
(106, 'birthday', 1, '', 0, 1),
(106, 'name', 1, 'Кусакина Екатерина Владимеровна', 0, 1),
(106, 'note', 2, '', 0, 1),
(106, 'organization', 1, 'ООО Горэлектросеть   (г Новокузнецк) (421727144)', 0, 1),
(106, 'phone', 1, 'сот 8-960-900-79=20', 0, 1),
(106, 'position', 1, 'Ведущий экономист', 0, 1),
(107, 'address', 1, '650066   г. Кемерово  пр-т Октябрьский,53/2', 0, 1),
(107, 'birthday', 1, '', 0, 1),
(107, 'name', 1, 'Кузьмин Дмитрий Геннадьевич', 0, 1),
(107, 'note', 2, '', 0, 1),
(107, 'organization', 1, 'ООО СДС-Энерго (4250003450)', 0, 1),
(107, 'phone', 1, 'т 57-41-44', 0, 1),
(107, 'position', 1, 'Вице-президент по энергетической отрасли', 0, 1),
(108, 'address', 1, '650066   г. Кемерово  пр-т Октябрьский,53/2', 0, 1),
(108, 'birthday', 1, '', 0, 1),
(108, 'name', 1, 'Останина А.А', 0, 1),
(108, 'note', 2, '', 0, 1),
(108, 'organization', 1, 'ООО СДС-Энерго (4250003450)', 0, 1),
(108, 'phone', 1, 'т 57-42-02', 0, 1),
(108, 'position', 1, 'Директор по экономике и финансам', 0, 1),
(109, 'address', 1, '65300 Кемеровская область, г  Прокопьевск, ул. Энергетическая, 14.', 0, 1),
(109, 'birthday', 1, '', 0, 1),
(109, 'name', 1, 'Ященко Ольга Борисовна', 0, 1),
(109, 'note', 2, '', 0, 1),
(109, 'organization', 1, 'ЗАО Прокопьевскэнерго (4223028991)', 0, 1),
(109, 'phone', 1, 'Т 8(384-6) 61-08-14, сот 8-933-300-15-15', 0, 1),
(109, 'position', 1, 'Руководитель Финансово-экономической группы', 0, 1),
(110, 'address', 1, '652518  Кемеровская область г Ленинск-Кузнецкий  ул Акумуляторная .11', 0, 1),
(110, 'birthday', 1, '', 0, 1),
(110, 'name', 1, 'Якишин В.В', 0, 1),
(110, 'note', 2, '', 0, 1),
(110, 'organization', 1, 'СУЭК Энергоуправление', 0, 1),
(110, 'phone', 1, '8 (38456) 5-25-22', 0, 1),
(110, 'position', 1, '', 0, 1),
(111, 'address', 1, '652704, Кемеровская область., г Киселевск,ул. Лутугина, 10', 0, 1),
(111, 'birthday', 1, '', 0, 1),
(111, 'name', 1, 'Алинская Лариса Валентиновна', 0, 1),
(111, 'note', 2, '', 0, 1),
(111, 'organization', 1, 'ООО Киселевская Объединенная Тепловая Компания', 0, 1),
(111, 'phone', 1, 'Т 8-905-948-85-45  8(38464) 7-13-64', 0, 1),
(111, 'position', 1, '', 0, 1);

-- --------------------------------------------------------

--
-- Структура таблицы `tm_user_attribute_type`
--

DROP TABLE IF EXISTS `tm_user_attribute_type`;
CREATE TABLE IF NOT EXISTS `tm_user_attribute_type` (
  `id` int(10) unsigned NOT NULL AUTO_INCREMENT,
  `title` varchar(50) NOT NULL,
  `handler` varchar(100) NOT NULL,
  `description` varchar(255) NOT NULL,
  PRIMARY KEY (`id`),
  UNIQUE KEY `title_UNIQUE` (`title`)
) ENGINE=InnoDB  DEFAULT CHARSET=utf8 AUTO_INCREMENT=4 ;

--
-- Дамп данных таблицы `tm_user_attribute_type`
--

INSERT INTO `tm_user_attribute_type` (`id`, `title`, `handler`, `description`) VALUES
(1, 'Строка', 'TM_Attribute_AttributeType', 'Любое строковое значение'),
(2, 'Текст', 'TM_Attribute_AttributeTypeText', 'Многострочный  текст'),
(3, 'Список', 'TM_Attribute_AttributeTypeList', 'Список из возможных вариантов');

-- --------------------------------------------------------

--
-- Структура таблицы `tm_user_hash`
--

DROP TABLE IF EXISTS `tm_user_hash`;
CREATE TABLE IF NOT EXISTS `tm_user_hash` (
  `user_id` int(10) unsigned DEFAULT NULL,
  `attribute_key` varchar(255) NOT NULL,
  `title` varchar(255) NOT NULL,
  `type_id` int(10) unsigned NOT NULL,
  `list_value` text,
  PRIMARY KEY (`attribute_key`),
  KEY `fk_tm_document_hash_tm_task_attribute_type1` (`type_id`),
  KEY `fk_tm_document_hash_tm_task1` (`user_id`)
) ENGINE=InnoDB DEFAULT CHARSET=utf8;

--
-- Дамп данных таблицы `tm_user_hash`
--

INSERT INTO `tm_user_hash` (`user_id`, `attribute_key`, `title`, `type_id`, `list_value`) VALUES
(NULL, 'address', 'Адрес', 1, ' '),
(NULL, 'birthday', 'Дата рождения', 1, ' '),
(NULL, 'name', 'ФИО', 1, ' '),
(NULL, 'note', 'Дополнительно', 2, ' '),
(NULL, 'organization', 'Организация', 1, ' '),
(NULL, 'phone', 'Телефон', 1, ' '),
(NULL, 'position', 'Должность', 1, ' ');

-- --------------------------------------------------------

--
-- Структура таблицы `tm_user_profile`
--

DROP TABLE IF EXISTS `tm_user_profile`;
CREATE TABLE IF NOT EXISTS `tm_user_profile` (
  `user_id` int(10) unsigned NOT NULL AUTO_INCREMENT,
  `profile_key` varchar(255) NOT NULL,
  `profile_value` text NOT NULL,
  PRIMARY KEY (`user_id`,`profile_key`),
  KEY `fk_tm_user_profile_tm_user1` (`user_id`)
) ENGINE=InnoDB DEFAULT CHARSET=utf8 AUTO_INCREMENT=1 ;

-- --------------------------------------------------------

--
-- Структура таблицы `tm_user_resource`
--

DROP TABLE IF EXISTS `tm_user_resource`;
CREATE TABLE IF NOT EXISTS `tm_user_resource` (
  `id` int(10) unsigned NOT NULL AUTO_INCREMENT,
  `title` varchar(45) DEFAULT NULL,
  `rtitle` varchar(255) NOT NULL,
  PRIMARY KEY (`id`),
  UNIQUE KEY `title` (`title`)
) ENGINE=InnoDB  DEFAULT CHARSET=utf8 AUTO_INCREMENT=95 ;

--
-- Дамп данных таблицы `tm_user_resource`
--

INSERT INTO `tm_user_resource` (`id`, `title`, `rtitle`) VALUES
(1, 'login', 'Страница для входа в систему'),
(2, 'login/index', 'Вход в систему'),
(3, 'login/logout', 'Выход из системы'),
(4, 'index/index', 'Главная страница'),
(5, 'user', 'Пользователи'),
(6, 'user/add', 'Пользователи/Добавить пользователя'),
(7, 'user/edit', 'Пользователи/Редактировать'),
(8, 'user/delete', 'Пользователи/Удалить'),
(15, 'user/index', 'Пользователи'),
(19, 'user/addRole', 'Пользователи/Добавить роль'),
(20, 'user/editRole', 'Пользователи/Редактировать роль'),
(21, 'user/deleteRole', 'Пользователи/Удалить роль'),
(22, 'user/addResource', 'Пользователи/Добавить ресурс'),
(23, 'user/editResource', 'Пользователи/Редактировать ресурс'),
(24, 'user/deleteResource', 'Пользователи/Удалить ресурс'),
(25, 'user/fillResource', 'Пользователи/Заполнить список ресурсов'),
(26, 'task/index', 'Проекты'),
(27, 'task/add', 'Проекты/Добавить'),
(28, 'task/edit', 'Проекты/Редактировать'),
(29, 'task/delete', 'Проекты/Удалить'),
(30, 'task/addAttributeType', 'Проекты/Добавить новый тип атрибута'),
(31, 'task/editAttributeType', 'Проекты/Редактировать тип атрибута'),
(32, 'task/deleteAttributeType', 'Проекты/Удалить тип атрибута'),
(33, 'task/addAttributeHash', 'Проекты/Добавить новый атрибут'),
(34, 'task/editAttributeHash', 'Проекты/Редактировать список атрибутов'),
(35, 'task/deleteAttributeHash', 'Проекты/Удалить атрибут из списка'),
(36, 'task/deleteLinkToDoc', 'Проекты/Удалить ссылку на документ'),
(37, 'document/index', 'Документы'),
(38, 'document/add', 'Документ/Добавить документ'),
(39, 'document/edit', 'Документы/Редактировать документ'),
(40, 'document/delete', 'Документ/Удалить документ'),
(41, 'document/addFolder', 'Документ/Добавить папку'),
(42, 'document/editFolder', 'Документ/Редактировать папку'),
(43, 'document/deleteFolder', 'Документы/Удалить папку'),
(44, 'document/addAttributeType', 'Документ/Добавить тип атрибута для документов'),
(45, 'document/editAttributeType', 'Документ/Редактировать тип атрибута для документов'),
(46, 'document/deleteAttributeType', 'Документ/Удалить тип атрибута'),
(47, 'document/addAttributeHash', 'Документ/Добавить атрибут к документу'),
(48, 'document/editAttributeHash', 'Документы/Редактировать список атрибутов'),
(49, 'document/deleteAttributeHash', 'Документ/Удалить атрибут документа'),
(50, 'discussion/index', 'Обсуждение/Обсуждения'),
(51, 'discussion/add', 'Обсуждения/Добавить комментарий'),
(52, 'discussion/edit', 'Обсуждение/Редактировать комментарий'),
(53, 'discussion/delete', 'Обсуждение/Удалить комментарий'),
(54, 'discussion/addTopic', 'Обсуждение/Добавить тему'),
(55, 'discussion/editTopic', 'Обсуждение/Редактировать тему'),
(56, 'discussion/deleteTopic', 'Обсуждение/Удалить тему'),
(57, 'files/', 'Файлы'),
(58, 'reposrts', 'Отчеты'),
(59, 'user/showRoleAcl', 'Пользователи/Показать права роли'),
(60, 'reports/index', 'Аналитика/Аналитика'),
(61, 'task/showAcl', 'Проекты/Показать права'),
(62, 'document/showAcl', 'Документы/Показать права пользователей'),
(63, 'discussion/showAcl', 'Обсуждение/Назначить права на обсуждения'),
(64, 'reports/generateReport', 'Аналитика/Стандартный отчет'),
(65, 'reports/showDesigner', 'Аналитика/Редактор отчетов'),
(66, 'task/showDiscussion', 'Проекты/Показать обсуждение'),
(67, 'user/addAttributeType', 'Пользователи/Добавить тип атрибута'),
(68, 'user/editAttributeType', 'Пользователи/Редактировать тип атрибута'),
(69, 'user/deleteAttributeType', 'Пользователи/Удалить тип атрибута'),
(70, 'user/addAttributeHash', 'Пользователи/Добавить новый атрибут'),
(71, 'user/editAttributeHash', 'Пользователи/Редактировать список атрибутов'),
(72, 'user/deleteAttributeHash', 'Пользователи/Удалить атрибут из списка'),
(73, 'task/view', 'Проекты/Просмотреть информацию о проекте'),
(74, 'document/view', 'Документы/Смотреть'),
(75, 'document/showDiscussion', 'Документы/Показать обсуждение'),
(76, 'task/showTaskBlock', 'Проекты/Показать список задач'),
(77, 'reports/showTaskBlock', 'Аналитика/Показать блок задач'),
(78, 'reports/print', 'Аналитика/Печать'),
(79, 'task/viewHash', 'Проекты/Показать список атрибутов'),
(80, 'task/viewAttributeType', 'Проекты/Показать типы атрибутов'),
(81, 'document/viewAttributeType', 'Документы/Показать типы атрибутов'),
(82, 'user/viewAttributeType', 'Пользователи/Показать типы атрибутов'),
(83, 'document/viewHash', 'Документы/Показать список атрибутов'),
(84, 'user/viewHash', 'Пользователи/Показать список атрибутов'),
(85, 'user/viewResource', 'Пользователи/Показать ресурсы'),
(86, 'index/showTaskBlock', 'Главная/Показать блок задач'),
(87, 'task/archive', 'Проекты/Архив'),
(88, 'task/toArchive', 'Проекты/В архив'),
(89, 'task/fromArchive', 'Проекты/Из архива'),
(90, 'task/showArchiveBlock', 'Проекты/Просмотреть архив'),
(91, 'task/info', 'Проекты/Показать информацию о задаче'),
(92, 'user/showUserAcl', 'Пользователи/Показать права пользователя'),
(93, 'user/showUserAclBlock', 'Пользователи/Показать блок задач'),
(94, 'user/showPrivateTask', 'Пользователи/Показать задачи пользователя');

-- --------------------------------------------------------

--
-- Структура таблицы `tm_user_role`
--

DROP TABLE IF EXISTS `tm_user_role`;
CREATE TABLE IF NOT EXISTS `tm_user_role` (
  `id` int(10) unsigned NOT NULL AUTO_INCREMENT,
  `title` varchar(32) NOT NULL,
  `rtitle` varchar(255) NOT NULL,
  PRIMARY KEY (`id`)
) ENGINE=InnoDB  DEFAULT CHARSET=utf8 AUTO_INCREMENT=12 ;

--
-- Дамп данных таблицы `tm_user_role`
--

INSERT INTO `tm_user_role` (`id`, `title`, `rtitle`) VALUES
(1, 'admin', 'Администратор'),
(3, 'chief', 'Руководитель'),
(4, 'manager', 'Исполнитель'),
(5, 'guest', 'Гость'),
(7, 'client', 'Клиент'),
(8, 'subcontractor', 'Субподрядчик'),
(9, 'responsible', 'Ответственный'),
(10, 'operator', 'Оператор'),
(11, 'adminsystem', 'Администратор сайта');

--
-- Ограничения внешнего ключа сохраненных таблиц
--

--
-- Ограничения внешнего ключа таблицы `tm_acl_discussion`
--
ALTER TABLE `tm_acl_discussion`
  ADD CONSTRAINT `tm_acl_discussion_ibfk_1` FOREIGN KEY (`user_id`) REFERENCES `tm_user` (`id`) ON DELETE CASCADE ON UPDATE CASCADE,
  ADD CONSTRAINT `tm_acl_discussion_ibfk_2` FOREIGN KEY (`discussion_id`) REFERENCES `tm_discussion` (`id`) ON DELETE CASCADE ON UPDATE CASCADE;

--
-- Ограничения внешнего ключа таблицы `tm_acl_document`
--
ALTER TABLE `tm_acl_document`
  ADD CONSTRAINT `tm_acl_document_ibfk_1` FOREIGN KEY (`user_id`) REFERENCES `tm_user` (`id`) ON DELETE CASCADE ON UPDATE CASCADE,
  ADD CONSTRAINT `tm_acl_document_ibfk_2` FOREIGN KEY (`document_id`) REFERENCES `tm_document` (`id`) ON DELETE CASCADE ON UPDATE CASCADE;

--
-- Ограничения внешнего ключа таблицы `tm_acl_role`
--
ALTER TABLE `tm_acl_role`
  ADD CONSTRAINT `tm_acl_role_ibfk_1` FOREIGN KEY (`tm_user_role_id`) REFERENCES `tm_user_role` (`id`) ON DELETE CASCADE ON UPDATE CASCADE,
  ADD CONSTRAINT `tm_acl_role_ibfk_2` FOREIGN KEY (`tm_user_resource_id`) REFERENCES `tm_user_resource` (`id`) ON DELETE CASCADE ON UPDATE CASCADE;

--
-- Ограничения внешнего ключа таблицы `tm_acl_task`
--
ALTER TABLE `tm_acl_task`
  ADD CONSTRAINT `tm_acl_task_ibfk_1` FOREIGN KEY (`user_id`) REFERENCES `tm_user` (`id`) ON DELETE CASCADE ON UPDATE CASCADE,
  ADD CONSTRAINT `tm_acl_task_ibfk_2` FOREIGN KEY (`task_id`) REFERENCES `tm_task` (`id`) ON DELETE CASCADE ON UPDATE CASCADE;

--
-- Ограничения внешнего ключа таблицы `tm_activity`
--
ALTER TABLE `tm_activity`
  ADD CONSTRAINT `tm_activity_ibfk_1` FOREIGN KEY (`user_id`) REFERENCES `tm_user` (`id`) ON DELETE CASCADE ON UPDATE CASCADE;

--
-- Ограничения внешнего ключа таблицы `tm_discussion`
--
ALTER TABLE `tm_discussion`
  ADD CONSTRAINT `tm_discussion_ibfk_1` FOREIGN KEY (`parent_id`) REFERENCES `tm_discussion` (`id`) ON DELETE CASCADE ON UPDATE CASCADE,
  ADD CONSTRAINT `tm_discussion_ibfk_2` FOREIGN KEY (`user_id`) REFERENCES `tm_user` (`id`) ON DELETE CASCADE ON UPDATE CASCADE,
  ADD CONSTRAINT `tm_discussion_ibfk_3` FOREIGN KEY (`topic_id`) REFERENCES `tm_discussion` (`id`) ON DELETE CASCADE ON UPDATE CASCADE,
  ADD CONSTRAINT `tm_discussion_ibfk_4` FOREIGN KEY (`to_user_id`) REFERENCES `tm_user` (`id`) ON DELETE CASCADE ON UPDATE CASCADE;

--
-- Ограничения внешнего ключа таблицы `tm_discussion_document`
--
ALTER TABLE `tm_discussion_document`
  ADD CONSTRAINT `tm_discussion_document_ibfk_1` FOREIGN KEY (`document_id`) REFERENCES `tm_document` (`id`) ON DELETE CASCADE ON UPDATE CASCADE,
  ADD CONSTRAINT `tm_discussion_document_ibfk_2` FOREIGN KEY (`discussion_id`) REFERENCES `tm_discussion` (`id`) ON DELETE CASCADE ON UPDATE CASCADE;

--
-- Ограничения внешнего ключа таблицы `tm_document`
--
ALTER TABLE `tm_document`
  ADD CONSTRAINT `tm_document_ibfk_1` FOREIGN KEY (`user_id`) REFERENCES `tm_user` (`id`) ON DELETE CASCADE ON UPDATE CASCADE,
  ADD CONSTRAINT `tm_document_ibfk_2` FOREIGN KEY (`parent_id`) REFERENCES `tm_document` (`id`) ON DELETE CASCADE ON UPDATE CASCADE;

--
-- Ограничения внешнего ключа таблицы `tm_document_attribute`
--
ALTER TABLE `tm_document_attribute`
  ADD CONSTRAINT `tm_document_attribute_ibfk_1` FOREIGN KEY (`document_id`) REFERENCES `tm_document` (`id`) ON DELETE CASCADE ON UPDATE CASCADE,
  ADD CONSTRAINT `tm_document_attribute_ibfk_2` FOREIGN KEY (`type_id`) REFERENCES `tm_document_attribute_type` (`id`) ON DELETE CASCADE ON UPDATE CASCADE;

--
-- Ограничения внешнего ключа таблицы `tm_document_hash`
--
ALTER TABLE `tm_document_hash`
  ADD CONSTRAINT `fk_tm_document_hash_tm_document1` FOREIGN KEY (`document_id`) REFERENCES `tm_document` (`id`) ON DELETE NO ACTION ON UPDATE NO ACTION,
  ADD CONSTRAINT `fk_tm_document_hash_tm_document_attribute_type1` FOREIGN KEY (`type_id`) REFERENCES `tm_document_attribute_type` (`id`) ON DELETE NO ACTION ON UPDATE NO ACTION;

--
-- Ограничения внешнего ключа таблицы `tm_task`
--
ALTER TABLE `tm_task`
  ADD CONSTRAINT `tm_task_ibfk_1` FOREIGN KEY (`parent_id`) REFERENCES `tm_task` (`id`),
  ADD CONSTRAINT `fk_tm_task_tm_user1` FOREIGN KEY (`user_id`) REFERENCES `tm_user` (`id`) ON DELETE NO ACTION ON UPDATE NO ACTION;

--
-- Ограничения внешнего ключа таблицы `tm_task_attribute`
--
ALTER TABLE `tm_task_attribute`
  ADD CONSTRAINT `tm_task_attribute_ibfk_1` FOREIGN KEY (`task_id`) REFERENCES `tm_task` (`id`) ON DELETE CASCADE ON UPDATE CASCADE,
  ADD CONSTRAINT `tm_task_attribute_ibfk_2` FOREIGN KEY (`type_id`) REFERENCES `tm_task_attribute_type` (`id`) ON DELETE CASCADE ON UPDATE CASCADE;

--
-- Ограничения внешнего ключа таблицы `tm_task_discussion`
--
ALTER TABLE `tm_task_discussion`
  ADD CONSTRAINT `tm_task_discussion_ibfk_1` FOREIGN KEY (`task_id`) REFERENCES `tm_task` (`id`) ON DELETE CASCADE ON UPDATE CASCADE,
  ADD CONSTRAINT `tm_task_discussion_ibfk_2` FOREIGN KEY (`discussion_id`) REFERENCES `tm_discussion` (`id`) ON DELETE CASCADE ON UPDATE CASCADE;

--
-- Ограничения внешнего ключа таблицы `tm_task_document`
--
ALTER TABLE `tm_task_document`
  ADD CONSTRAINT `tm_task_document_ibfk_1` FOREIGN KEY (`task_id`) REFERENCES `tm_task` (`id`) ON DELETE CASCADE ON UPDATE CASCADE,
  ADD CONSTRAINT `tm_task_document_ibfk_2` FOREIGN KEY (`document_id`) REFERENCES `tm_document` (`id`) ON DELETE CASCADE ON UPDATE CASCADE;

--
-- Ограничения внешнего ключа таблицы `tm_task_hash`
--
ALTER TABLE `tm_task_hash`
  ADD CONSTRAINT `fk_tm_task_hash_tm_task1` FOREIGN KEY (`task_id`) REFERENCES `tm_task` (`id`) ON DELETE NO ACTION ON UPDATE NO ACTION,
  ADD CONSTRAINT `fk_tm_task_hash_tm_task_attribute_type1` FOREIGN KEY (`type_id`) REFERENCES `tm_task_attribute_type` (`id`) ON DELETE NO ACTION ON UPDATE NO ACTION;

--
-- Ограничения внешнего ключа таблицы `tm_task_relation_old`
--
ALTER TABLE `tm_task_relation_old`
  ADD CONSTRAINT `tm_task_relation_old_ibfk_1` FOREIGN KEY (`parent_id`) REFERENCES `tm_task` (`id`) ON DELETE CASCADE ON UPDATE CASCADE,
  ADD CONSTRAINT `tm_task_relation_old_ibfk_2` FOREIGN KEY (`child_id`) REFERENCES `tm_task` (`id`) ON DELETE CASCADE ON UPDATE CASCADE;

--
-- Ограничения внешнего ключа таблицы `tm_user`
--
ALTER TABLE `tm_user`
  ADD CONSTRAINT `tm_user_ibfk_1` FOREIGN KEY (`role_id`) REFERENCES `tm_user_role` (`id`);

--
-- Ограничения внешнего ключа таблицы `tm_user_attribute`
--
ALTER TABLE `tm_user_attribute`
  ADD CONSTRAINT `tm_user_attribute_ibfk_1` FOREIGN KEY (`user_id`) REFERENCES `tm_user` (`id`) ON DELETE CASCADE ON UPDATE CASCADE,
  ADD CONSTRAINT `tm_user_attribute_ibfk_2` FOREIGN KEY (`type_id`) REFERENCES `tm_user_attribute_type` (`id`) ON DELETE CASCADE ON UPDATE CASCADE;

--
-- Ограничения внешнего ключа таблицы `tm_user_hash`
--
ALTER TABLE `tm_user_hash`
  ADD CONSTRAINT `tm_user_hash_ibfk_1` FOREIGN KEY (`type_id`) REFERENCES `tm_user_attribute_type` (`id`) ON DELETE CASCADE ON UPDATE CASCADE;

--
-- Ограничения внешнего ключа таблицы `tm_user_profile`
--
ALTER TABLE `tm_user_profile`
  ADD CONSTRAINT `fk_tm_user_profile_tm_user1` FOREIGN KEY (`user_id`) REFERENCES `tm_user` (`id`) ON DELETE NO ACTION ON UPDATE NO ACTION;
SET FOREIGN_KEY_CHECKS=1;
COMMIT;

/*!40101 SET CHARACTER_SET_CLIENT=@OLD_CHARACTER_SET_CLIENT */;
/*!40101 SET CHARACTER_SET_RESULTS=@OLD_CHARACTER_SET_RESULTS */;
/*!40101 SET COLLATION_CONNECTION=@OLD_COLLATION_CONNECTION */;
