-- phpMyAdmin SQL Dump
-- version 3.5.5
-- http://www.phpmyadmin.net
--
-- Хост: localhost
-- Время создания: Июн 18 2013 г., 20:14
-- Версия сервера: 5.1.58
-- Версия PHP: 5.3.18

SET FOREIGN_KEY_CHECKS=0;
SET SQL_MODE="NO_AUTO_VALUE_ON_ZERO";
SET AUTOCOMMIT=0;
START TRANSACTION;
SET time_zone = "+00:00";


/*!40101 SET @OLD_CHARACTER_SET_CLIENT=@@CHARACTER_SET_CLIENT */;
/*!40101 SET @OLD_CHARACTER_SET_RESULTS=@@CHARACTER_SET_RESULTS */;
/*!40101 SET @OLD_COLLATION_CONNECTION=@@COLLATION_CONNECTION */;
/*!40101 SET NAMES utf8 */;

--
-- База данных: `cl71252_tm`
--

-- --------------------------------------------------------

--
-- Структура таблицы `tm_acl_discussion`
--

DROP TABLE IF EXISTS `tm_acl_discussion`;
CREATE TABLE IF NOT EXISTS `tm_acl_discussion` (
  `user_id` int(10) unsigned NOT NULL,
  `discussion_id` int(10) unsigned NOT NULL,
  `is_read` tinyint(1) NOT NULL DEFAULT '0',
  `is_write` tinyint(1) NOT NULL DEFAULT '0',
  PRIMARY KEY (`user_id`,`discussion_id`),
  KEY `fk_tm_acl_discussion_tm_discussion1` (`discussion_id`),
  KEY `fk_tm_acl_discussion_tm_user1` (`user_id`)
) ENGINE=InnoDB DEFAULT CHARSET=utf8;

--
-- Дамп данных таблицы `tm_acl_discussion`
--

INSERT INTO `tm_acl_discussion` (`user_id`, `discussion_id`, `is_read`, `is_write`) VALUES
(1, 191, 1, 1),
(1, 200, 1, 1),
(1, 201, 1, 1),
(1, 208, 1, 1),
(1, 210, 1, 1),
(1, 211, 1, 1),
(1, 212, 1, 1),
(1, 213, 1, 1),
(1, 214, 1, 1),
(1, 215, 1, 1),
(1, 216, 1, 1),
(1, 217, 1, 1),
(1, 218, 1, 1),
(1, 219, 1, 1),
(1, 220, 1, 1),
(1, 221, 1, 1),
(1, 222, 1, 1),
(1, 223, 1, 1),
(1, 224, 1, 1),
(1, 225, 1, 1),
(1, 226, 1, 1),
(1, 227, 1, 1),
(1, 228, 1, 1),
(1, 229, 1, 1),
(1, 230, 1, 1),
(1, 231, 1, 1),
(1, 232, 1, 1),
(1, 233, 1, 1),
(1, 234, 1, 1),
(1, 235, 1, 1),
(1, 236, 1, 1),
(1, 237, 1, 1),
(1, 238, 1, 1),
(1, 239, 1, 1),
(1, 240, 1, 1),
(1, 241, 1, 1),
(1, 242, 1, 1),
(1, 243, 1, 1),
(1, 244, 1, 1),
(1, 245, 1, 1),
(1, 246, 1, 1),
(1, 247, 1, 1),
(1, 248, 1, 1),
(1, 249, 1, 1),
(1, 250, 1, 1),
(1, 251, 1, 1),
(1, 252, 1, 1),
(1, 253, 1, 1),
(1, 254, 1, 1),
(1, 255, 1, 1),
(1, 256, 1, 1),
(1, 257, 1, 1),
(1, 258, 1, 1),
(1, 259, 1, 1),
(1, 260, 1, 1),
(1, 261, 1, 1),
(1, 262, 1, 1),
(1, 263, 1, 1),
(1, 264, 1, 1),
(1, 265, 1, 1),
(1, 266, 1, 1),
(1, 267, 0, 0),
(1, 268, 0, 0),
(1, 269, 0, 0),
(1, 270, 0, 0),
(1, 271, 0, 0),
(1, 272, 0, 0),
(1, 273, 0, 0),
(1, 274, 1, 1),
(1, 275, 1, 1),
(1, 276, 1, 1),
(1, 278, 1, 1),
(1, 279, 0, 0),
(1, 280, 0, 0),
(1, 281, 0, 0),
(1, 282, 0, 0),
(1, 283, 0, 0),
(1, 284, 0, 0),
(1, 285, 0, 0),
(1, 286, 0, 0),
(1, 287, 0, 0),
(1, 288, 0, 0),
(1, 289, 0, 0),
(1, 290, 0, 0),
(1, 291, 0, 0),
(1, 292, 0, 0),
(1, 293, 0, 0),
(1, 294, 0, 0),
(1, 295, 0, 0),
(1, 296, 1, 1),
(1, 297, 0, 0),
(1, 298, 0, 0),
(1, 299, 0, 0),
(1, 300, 0, 0),
(1, 301, 0, 0),
(1, 302, 0, 0),
(1, 303, 0, 0),
(1, 304, 0, 0),
(1, 305, 0, 0),
(1, 306, 0, 0),
(1, 307, 0, 0),
(1, 308, 0, 0),
(1, 309, 0, 0),
(1, 310, 0, 0),
(1, 311, 0, 0),
(1, 312, 0, 0),
(1, 313, 0, 0),
(1, 314, 1, 1),
(1, 315, 1, 1),
(1, 316, 0, 0),
(1, 317, 0, 0),
(1, 318, 0, 0),
(5, 191, 1, 1),
(5, 200, 1, 1),
(5, 201, 1, 1),
(5, 208, 1, 1),
(5, 210, 1, 1),
(5, 211, 1, 1),
(5, 212, 1, 1),
(5, 213, 1, 1),
(5, 214, 1, 1),
(5, 215, 1, 1),
(5, 216, 1, 1),
(5, 217, 1, 1),
(5, 218, 1, 1),
(5, 219, 1, 1),
(5, 220, 1, 1),
(5, 221, 1, 1),
(5, 222, 1, 1),
(5, 223, 1, 1),
(5, 224, 1, 1),
(5, 225, 1, 1),
(5, 226, 1, 1),
(5, 227, 1, 1),
(5, 228, 1, 1),
(5, 229, 1, 1),
(5, 230, 1, 1),
(5, 231, 1, 1),
(5, 232, 1, 1),
(5, 233, 1, 1),
(5, 234, 1, 1),
(5, 235, 1, 1),
(5, 236, 1, 1),
(5, 237, 1, 1),
(5, 238, 1, 1),
(5, 239, 1, 1),
(5, 240, 1, 1),
(5, 241, 1, 1),
(5, 242, 1, 1),
(5, 243, 1, 1),
(5, 244, 1, 1),
(5, 245, 1, 1),
(5, 246, 1, 1),
(5, 247, 1, 1),
(5, 248, 1, 1),
(5, 249, 1, 1),
(5, 250, 1, 1),
(5, 251, 1, 1),
(5, 252, 1, 1),
(5, 253, 1, 1),
(5, 254, 1, 1),
(5, 255, 1, 1),
(5, 256, 1, 1),
(5, 257, 1, 1),
(5, 258, 1, 1),
(5, 259, 1, 1),
(5, 260, 1, 1),
(5, 261, 1, 1),
(5, 262, 1, 1),
(5, 263, 1, 1),
(5, 264, 1, 1),
(5, 265, 1, 1),
(5, 266, 0, 0),
(5, 267, 0, 0),
(5, 268, 0, 0),
(5, 269, 0, 0),
(5, 270, 0, 0),
(5, 271, 0, 0),
(5, 272, 0, 0),
(5, 273, 0, 0),
(5, 274, 1, 1),
(5, 275, 1, 1),
(5, 276, 1, 1),
(5, 278, 1, 1),
(5, 279, 0, 0),
(5, 280, 0, 0),
(5, 281, 0, 0),
(5, 282, 0, 0),
(5, 283, 0, 0),
(5, 284, 0, 0),
(5, 285, 0, 0),
(5, 286, 0, 0),
(5, 287, 0, 0),
(5, 288, 0, 0),
(5, 289, 0, 0),
(5, 290, 0, 0),
(5, 291, 0, 0),
(5, 292, 0, 0),
(5, 293, 0, 0),
(5, 294, 0, 0),
(5, 295, 0, 0),
(5, 296, 1, 1),
(5, 297, 0, 0),
(5, 298, 0, 0),
(5, 299, 0, 0),
(5, 300, 0, 0),
(5, 301, 0, 0),
(5, 302, 0, 0),
(5, 303, 0, 0),
(5, 304, 0, 0),
(5, 305, 0, 0),
(5, 306, 0, 0),
(5, 307, 0, 0),
(5, 308, 0, 0),
(5, 309, 0, 0),
(5, 310, 0, 0),
(5, 311, 0, 0),
(5, 312, 0, 0),
(5, 313, 0, 0),
(5, 314, 1, 1),
(5, 315, 1, 1),
(5, 316, 0, 0),
(5, 317, 0, 0),
(5, 318, 0, 0),
(7, 191, 1, 1),
(7, 200, 1, 1),
(7, 201, 1, 1),
(7, 208, 1, 1),
(7, 210, 1, 1),
(7, 211, 1, 1),
(7, 212, 1, 1),
(7, 213, 1, 1),
(7, 214, 1, 1),
(7, 215, 1, 1),
(7, 216, 1, 1),
(7, 217, 1, 1),
(7, 218, 1, 1),
(7, 219, 1, 1),
(7, 220, 1, 1),
(7, 221, 1, 1),
(7, 222, 1, 1),
(7, 223, 1, 1),
(7, 224, 1, 1),
(7, 225, 1, 1),
(7, 226, 1, 1),
(7, 227, 1, 1),
(7, 228, 1, 1),
(7, 229, 1, 1),
(7, 230, 1, 1),
(7, 231, 1, 1),
(7, 232, 1, 1),
(7, 233, 1, 1),
(7, 234, 1, 1),
(7, 235, 1, 1),
(7, 236, 1, 1),
(7, 237, 1, 1),
(7, 238, 1, 1),
(7, 239, 1, 1),
(7, 240, 1, 1),
(7, 241, 1, 1),
(7, 242, 1, 1),
(7, 243, 1, 1),
(7, 244, 1, 1),
(7, 245, 1, 1),
(7, 246, 1, 1),
(7, 247, 1, 1),
(7, 248, 1, 1),
(7, 249, 1, 1),
(7, 250, 1, 1),
(7, 251, 1, 1),
(7, 252, 1, 1),
(7, 253, 1, 1),
(7, 254, 1, 1),
(7, 255, 1, 1),
(7, 256, 1, 1),
(7, 257, 1, 1),
(7, 258, 1, 1),
(7, 259, 1, 1),
(7, 260, 1, 1),
(7, 261, 1, 1),
(7, 262, 1, 1),
(7, 263, 1, 1),
(7, 264, 1, 1),
(7, 265, 1, 1),
(7, 266, 0, 0),
(7, 267, 0, 0),
(7, 268, 0, 0),
(7, 269, 0, 0),
(7, 270, 0, 0),
(7, 271, 0, 0),
(7, 272, 0, 0),
(7, 273, 0, 0),
(7, 274, 1, 1),
(7, 275, 1, 1),
(7, 276, 1, 1),
(7, 278, 1, 1),
(7, 279, 0, 0),
(7, 280, 0, 0),
(7, 281, 0, 0),
(7, 282, 0, 0),
(7, 283, 0, 0),
(7, 284, 0, 0),
(7, 285, 0, 0),
(7, 286, 0, 0),
(7, 287, 0, 0),
(7, 288, 0, 0),
(7, 289, 0, 0),
(7, 290, 0, 0),
(7, 291, 0, 0),
(7, 292, 0, 0),
(7, 293, 0, 0),
(7, 294, 0, 0),
(7, 295, 0, 0),
(7, 296, 1, 1),
(7, 297, 0, 0),
(7, 298, 0, 0),
(7, 299, 0, 0),
(7, 300, 0, 0),
(7, 301, 0, 0),
(7, 302, 0, 0),
(7, 303, 0, 0),
(7, 304, 0, 0),
(7, 305, 0, 0),
(7, 306, 0, 0),
(7, 307, 0, 0),
(7, 308, 0, 0),
(7, 309, 0, 0),
(7, 310, 0, 0),
(7, 311, 0, 0),
(7, 312, 0, 0),
(7, 313, 0, 0),
(7, 314, 1, 1),
(7, 315, 1, 1),
(7, 316, 0, 0),
(7, 317, 0, 0),
(7, 318, 0, 0),
(8, 191, 1, 1),
(8, 200, 1, 1),
(8, 201, 1, 1),
(8, 208, 1, 1),
(8, 210, 1, 1),
(8, 211, 1, 1),
(8, 212, 1, 1),
(8, 213, 1, 1),
(8, 214, 1, 1),
(8, 215, 1, 1),
(8, 216, 1, 1),
(8, 217, 1, 1),
(8, 218, 1, 1),
(8, 219, 1, 1),
(8, 220, 1, 1),
(8, 221, 1, 1),
(8, 222, 1, 1),
(8, 223, 1, 1),
(8, 224, 1, 1),
(8, 225, 1, 1),
(8, 226, 1, 1),
(8, 227, 1, 1),
(8, 228, 1, 1),
(8, 229, 1, 1),
(8, 230, 1, 1),
(8, 231, 1, 1),
(8, 232, 1, 1),
(8, 233, 1, 1),
(8, 234, 1, 1),
(8, 235, 1, 1),
(8, 236, 1, 1),
(8, 237, 1, 1),
(8, 238, 1, 1),
(8, 239, 1, 1),
(8, 240, 1, 1),
(8, 241, 1, 1),
(8, 242, 1, 1),
(8, 243, 1, 1),
(8, 244, 1, 1),
(8, 245, 1, 1),
(8, 246, 1, 1),
(8, 247, 1, 1),
(8, 248, 1, 1),
(8, 249, 1, 1),
(8, 250, 1, 1),
(8, 251, 1, 1),
(8, 252, 1, 1),
(8, 253, 1, 1),
(8, 254, 1, 1),
(8, 255, 1, 1),
(8, 256, 1, 1),
(8, 257, 1, 1),
(8, 258, 1, 1),
(8, 259, 1, 1),
(8, 260, 1, 1),
(8, 261, 1, 1),
(8, 262, 1, 1),
(8, 263, 1, 1),
(8, 264, 1, 1),
(8, 265, 1, 1),
(8, 266, 0, 0),
(8, 267, 0, 0),
(8, 268, 0, 0),
(8, 269, 0, 0),
(8, 270, 0, 0),
(8, 271, 0, 0),
(8, 272, 0, 0),
(8, 273, 0, 0),
(8, 274, 1, 1),
(8, 275, 1, 1),
(8, 276, 1, 1),
(8, 278, 1, 1),
(8, 279, 0, 0),
(8, 280, 0, 0),
(8, 281, 0, 0),
(8, 282, 0, 0),
(8, 283, 0, 0),
(8, 284, 0, 0),
(8, 285, 0, 0),
(8, 286, 0, 0),
(8, 287, 0, 0),
(8, 288, 0, 0),
(8, 289, 0, 0),
(8, 290, 0, 0),
(8, 291, 0, 0),
(8, 292, 0, 0),
(8, 293, 0, 0),
(8, 294, 0, 0),
(8, 295, 0, 0),
(8, 296, 1, 1),
(8, 297, 0, 0),
(8, 298, 0, 0),
(8, 299, 0, 0),
(8, 300, 0, 0),
(8, 301, 0, 0),
(8, 302, 0, 0),
(8, 303, 0, 0),
(8, 304, 0, 0),
(8, 305, 0, 0),
(8, 306, 0, 0),
(8, 307, 0, 0),
(8, 308, 0, 0),
(8, 309, 0, 0),
(8, 310, 0, 0),
(8, 311, 0, 0),
(8, 312, 0, 0),
(8, 313, 0, 0),
(8, 314, 1, 1),
(8, 315, 1, 1),
(8, 316, 0, 0),
(8, 317, 0, 0),
(8, 318, 0, 0),
(9, 191, 1, 1),
(9, 200, 1, 1),
(9, 201, 1, 1),
(9, 208, 1, 1),
(9, 210, 1, 1),
(9, 211, 1, 1),
(9, 212, 1, 1),
(9, 213, 1, 1),
(9, 214, 1, 1),
(9, 215, 1, 1),
(9, 216, 1, 1),
(9, 217, 1, 1),
(9, 218, 1, 1),
(9, 219, 1, 1),
(9, 220, 1, 1),
(9, 221, 1, 1),
(9, 222, 1, 1),
(9, 223, 1, 1),
(9, 224, 1, 1),
(9, 225, 1, 1),
(9, 226, 1, 1),
(9, 227, 1, 1),
(9, 228, 1, 1),
(9, 229, 1, 1),
(9, 230, 1, 1),
(9, 231, 1, 1),
(9, 232, 1, 1),
(9, 233, 1, 1),
(9, 234, 1, 1),
(9, 235, 1, 1),
(9, 236, 1, 1),
(9, 237, 1, 1),
(9, 238, 1, 1),
(9, 239, 1, 1),
(9, 240, 1, 1),
(9, 241, 1, 1),
(9, 242, 1, 1),
(9, 243, 1, 1),
(9, 244, 1, 1),
(9, 245, 1, 1),
(9, 246, 1, 1),
(9, 247, 1, 1),
(9, 248, 1, 1),
(9, 249, 1, 1),
(9, 250, 1, 1),
(9, 251, 1, 1),
(9, 252, 1, 1),
(9, 253, 1, 1),
(9, 254, 1, 1),
(9, 255, 1, 1),
(9, 256, 1, 1),
(9, 257, 1, 1),
(9, 258, 1, 1),
(9, 259, 1, 1),
(9, 260, 1, 1),
(9, 261, 1, 1),
(9, 262, 1, 1),
(9, 263, 1, 1),
(9, 264, 1, 1),
(9, 265, 1, 1),
(9, 266, 0, 0),
(9, 267, 0, 0),
(9, 268, 0, 0),
(9, 269, 0, 0),
(9, 270, 0, 0),
(9, 271, 0, 0),
(9, 272, 0, 0),
(9, 273, 0, 0),
(9, 274, 1, 1),
(9, 275, 1, 1),
(9, 276, 1, 1),
(9, 278, 1, 1),
(9, 279, 0, 0),
(9, 280, 0, 0),
(9, 281, 0, 0),
(9, 282, 0, 0),
(9, 283, 0, 0),
(9, 284, 0, 0),
(9, 285, 0, 0),
(9, 286, 0, 0),
(9, 287, 0, 0),
(9, 288, 0, 0),
(9, 289, 0, 0),
(9, 290, 0, 0),
(9, 291, 0, 0),
(9, 292, 0, 0),
(9, 293, 0, 0),
(9, 294, 0, 0),
(9, 295, 0, 0),
(9, 296, 1, 1),
(9, 297, 0, 0),
(9, 298, 0, 0),
(9, 299, 0, 0),
(9, 300, 0, 0),
(9, 301, 0, 0),
(9, 302, 0, 0),
(9, 303, 0, 0),
(9, 304, 0, 0),
(9, 305, 0, 0),
(9, 306, 0, 0),
(9, 307, 0, 0),
(9, 308, 0, 0),
(9, 309, 0, 0),
(9, 310, 0, 0),
(9, 311, 0, 0),
(9, 312, 0, 0),
(9, 313, 0, 0),
(9, 314, 1, 1),
(9, 315, 1, 1),
(9, 316, 0, 0),
(9, 317, 0, 0),
(9, 318, 0, 0),
(10, 191, 1, 1),
(10, 200, 1, 1),
(10, 201, 1, 1),
(10, 208, 1, 1),
(10, 210, 1, 1),
(10, 211, 1, 1),
(10, 212, 1, 1),
(10, 213, 1, 1),
(10, 214, 1, 1),
(10, 215, 1, 1),
(10, 216, 1, 1),
(10, 217, 1, 1),
(10, 218, 1, 1),
(10, 219, 1, 1),
(10, 220, 1, 1),
(10, 221, 1, 1),
(10, 222, 1, 1),
(10, 223, 1, 1),
(10, 224, 1, 1),
(10, 225, 1, 1),
(10, 226, 1, 1),
(10, 227, 1, 1),
(10, 228, 1, 1),
(10, 229, 1, 1),
(10, 230, 1, 1),
(10, 231, 1, 1),
(10, 232, 1, 1),
(10, 233, 1, 1),
(10, 234, 1, 1),
(10, 235, 1, 1),
(10, 236, 1, 1),
(10, 237, 1, 1),
(10, 238, 1, 1),
(10, 239, 1, 1),
(10, 240, 1, 1),
(10, 241, 1, 1),
(10, 242, 1, 1),
(10, 243, 1, 1),
(10, 244, 1, 1),
(10, 245, 1, 1),
(10, 246, 1, 1),
(10, 247, 1, 1),
(10, 248, 1, 1),
(10, 249, 1, 1),
(10, 250, 1, 1),
(10, 251, 1, 1),
(10, 252, 1, 1),
(10, 253, 1, 1),
(10, 254, 1, 1),
(10, 255, 1, 1),
(10, 256, 1, 1),
(10, 257, 1, 1),
(10, 258, 1, 1),
(10, 259, 1, 1),
(10, 260, 1, 1),
(10, 261, 1, 1),
(10, 262, 1, 1),
(10, 263, 1, 1),
(10, 264, 1, 1),
(10, 265, 1, 1),
(10, 266, 1, 1),
(10, 267, 0, 0),
(10, 268, 0, 0),
(10, 269, 0, 0),
(10, 270, 0, 0),
(10, 271, 0, 0),
(10, 272, 0, 0),
(10, 273, 0, 0),
(10, 274, 1, 1),
(10, 275, 1, 1),
(10, 276, 1, 1),
(10, 278, 1, 1),
(10, 279, 0, 0),
(10, 280, 0, 0),
(10, 281, 0, 0),
(10, 282, 0, 0),
(10, 283, 0, 0),
(10, 284, 0, 0),
(10, 285, 0, 0),
(10, 286, 0, 0),
(10, 287, 0, 0),
(10, 288, 0, 0),
(10, 289, 0, 0),
(10, 290, 0, 0),
(10, 291, 0, 0),
(10, 292, 0, 0),
(10, 293, 0, 0),
(10, 294, 0, 0),
(10, 295, 0, 0),
(10, 296, 1, 1),
(10, 297, 0, 0),
(10, 298, 0, 0),
(10, 299, 0, 0),
(10, 300, 0, 0),
(10, 301, 0, 0),
(10, 302, 0, 0),
(10, 303, 0, 0),
(10, 304, 0, 0),
(10, 305, 0, 0),
(10, 306, 0, 0),
(10, 307, 0, 0),
(10, 308, 0, 0),
(10, 309, 0, 0),
(10, 310, 0, 0),
(10, 311, 0, 0),
(10, 312, 0, 0),
(10, 313, 0, 0),
(10, 314, 1, 1),
(10, 315, 1, 1),
(10, 316, 0, 0),
(10, 317, 0, 0),
(10, 318, 0, 0),
(11, 208, 1, 1),
(11, 210, 1, 1),
(11, 211, 1, 1),
(11, 212, 1, 1),
(11, 213, 1, 1),
(11, 214, 1, 1),
(11, 215, 1, 1),
(11, 216, 1, 1),
(11, 217, 1, 1),
(11, 218, 1, 1),
(11, 219, 1, 1),
(11, 220, 1, 1),
(11, 221, 1, 1),
(11, 222, 1, 1),
(11, 223, 1, 1),
(11, 224, 1, 1),
(11, 225, 1, 1),
(11, 226, 1, 1),
(11, 227, 1, 1),
(11, 228, 1, 1),
(11, 229, 1, 1),
(11, 230, 1, 1),
(11, 231, 1, 1),
(11, 232, 1, 1),
(11, 233, 1, 1),
(11, 234, 1, 1),
(11, 235, 1, 1),
(11, 236, 1, 1),
(11, 237, 1, 1),
(11, 238, 1, 1),
(11, 239, 1, 1),
(11, 240, 1, 1),
(11, 241, 1, 1),
(11, 242, 1, 1),
(11, 243, 1, 1),
(11, 244, 1, 1),
(11, 245, 1, 1),
(11, 246, 1, 1),
(11, 247, 1, 1),
(11, 248, 1, 1),
(11, 249, 1, 1),
(11, 250, 1, 1),
(11, 251, 1, 1),
(11, 252, 1, 1),
(11, 253, 1, 1),
(11, 254, 1, 1),
(11, 255, 1, 1),
(11, 256, 1, 1),
(11, 257, 1, 1),
(11, 258, 1, 1),
(11, 259, 1, 1),
(11, 260, 1, 1),
(11, 261, 1, 1),
(11, 262, 1, 1),
(11, 263, 1, 1),
(11, 264, 1, 1),
(11, 265, 1, 1),
(11, 266, 0, 0),
(11, 267, 0, 0),
(11, 268, 0, 0),
(11, 269, 0, 0),
(11, 270, 0, 0),
(11, 271, 0, 0),
(11, 272, 0, 0),
(11, 273, 0, 0),
(11, 274, 1, 1),
(11, 275, 1, 1),
(11, 276, 1, 1),
(11, 278, 1, 1),
(11, 279, 0, 0),
(11, 280, 0, 0),
(11, 281, 0, 0),
(11, 282, 0, 0),
(11, 283, 0, 0),
(11, 284, 0, 0),
(11, 285, 0, 0),
(11, 286, 0, 0),
(11, 287, 0, 0),
(11, 288, 0, 0),
(11, 289, 0, 0),
(11, 290, 0, 0),
(11, 291, 0, 0),
(11, 292, 0, 0),
(11, 293, 0, 0),
(11, 294, 0, 0),
(11, 295, 0, 0),
(11, 296, 1, 1),
(11, 297, 0, 0),
(11, 298, 0, 0),
(11, 299, 0, 0),
(11, 300, 0, 0),
(11, 301, 0, 0),
(11, 302, 0, 0),
(11, 303, 0, 0),
(11, 304, 0, 0),
(11, 305, 0, 0),
(11, 306, 0, 0),
(11, 307, 0, 0),
(11, 308, 0, 0),
(11, 309, 0, 0),
(11, 310, 0, 0),
(11, 311, 0, 0),
(11, 312, 0, 0),
(11, 313, 0, 0),
(11, 314, 1, 1),
(11, 315, 1, 1),
(11, 316, 0, 0),
(11, 317, 0, 0),
(11, 318, 0, 0),
(12, 208, 1, 1),
(12, 210, 1, 1),
(12, 211, 1, 1),
(12, 212, 1, 1),
(12, 213, 1, 1),
(12, 214, 1, 1),
(12, 215, 1, 1),
(12, 216, 1, 1),
(12, 217, 1, 1),
(12, 218, 1, 1),
(12, 219, 1, 1),
(12, 220, 1, 1),
(12, 221, 1, 1),
(12, 222, 1, 1),
(12, 223, 1, 1),
(12, 224, 1, 1),
(12, 225, 1, 1),
(12, 226, 1, 1),
(12, 227, 1, 1),
(12, 228, 1, 1),
(12, 229, 1, 1),
(12, 230, 1, 1),
(12, 231, 1, 1),
(12, 232, 1, 1),
(12, 233, 1, 1),
(12, 234, 1, 1),
(12, 235, 1, 1),
(12, 236, 1, 1),
(12, 237, 1, 1),
(12, 238, 1, 1),
(12, 239, 1, 1),
(12, 240, 1, 1),
(12, 241, 1, 1),
(12, 242, 1, 1),
(12, 243, 1, 1),
(12, 244, 1, 1),
(12, 245, 1, 1),
(12, 246, 1, 1),
(12, 247, 1, 1),
(12, 248, 1, 1),
(12, 249, 1, 1),
(12, 250, 1, 1),
(12, 251, 1, 1),
(12, 252, 1, 1),
(12, 253, 1, 1),
(12, 254, 1, 1),
(12, 255, 1, 1),
(12, 256, 1, 1),
(12, 257, 1, 1),
(12, 258, 1, 1),
(12, 259, 1, 1),
(12, 260, 1, 1),
(12, 261, 1, 1),
(12, 262, 1, 1),
(12, 263, 1, 1),
(12, 264, 1, 1),
(12, 265, 1, 1),
(12, 266, 0, 0),
(12, 267, 0, 0),
(12, 268, 0, 0),
(12, 269, 0, 0),
(12, 270, 0, 0),
(12, 271, 0, 0),
(12, 272, 0, 0),
(12, 273, 0, 0),
(12, 274, 1, 1),
(12, 275, 1, 1),
(12, 276, 1, 1),
(12, 278, 1, 1),
(12, 279, 0, 0),
(12, 280, 0, 0),
(12, 281, 0, 0),
(12, 282, 0, 0),
(12, 283, 0, 0),
(12, 284, 0, 0),
(12, 285, 0, 0),
(12, 286, 0, 0),
(12, 287, 0, 0),
(12, 288, 0, 0),
(12, 289, 0, 0),
(12, 290, 0, 0),
(12, 291, 0, 0),
(12, 292, 0, 0),
(12, 293, 0, 0),
(12, 294, 0, 0),
(12, 295, 0, 0),
(12, 296, 1, 1),
(12, 297, 0, 0),
(12, 298, 0, 0),
(12, 299, 0, 0),
(12, 300, 0, 0),
(12, 301, 0, 0),
(12, 302, 0, 0),
(12, 303, 0, 0),
(12, 304, 0, 0),
(12, 305, 0, 0),
(12, 306, 0, 0),
(12, 307, 0, 0),
(12, 308, 0, 0),
(12, 309, 0, 0),
(12, 310, 0, 0),
(12, 311, 0, 0),
(12, 312, 0, 0),
(12, 313, 0, 0),
(12, 314, 1, 1),
(12, 315, 1, 1),
(12, 316, 0, 0),
(12, 317, 0, 0),
(12, 318, 0, 0),
(13, 208, 1, 1),
(13, 210, 1, 1),
(13, 211, 1, 1),
(13, 212, 1, 1),
(13, 213, 1, 1),
(13, 214, 1, 1),
(13, 215, 1, 1),
(13, 216, 1, 1),
(13, 217, 1, 1),
(13, 218, 1, 1),
(13, 219, 1, 1),
(13, 220, 1, 1),
(13, 221, 1, 1),
(13, 222, 1, 1),
(13, 223, 1, 1),
(13, 224, 1, 1),
(13, 225, 1, 1),
(13, 226, 1, 1),
(13, 227, 1, 1),
(13, 228, 1, 1),
(13, 229, 1, 1),
(13, 230, 1, 1),
(13, 231, 1, 1),
(13, 232, 1, 1),
(13, 233, 1, 1),
(13, 234, 1, 1),
(13, 235, 1, 1),
(13, 236, 1, 1),
(13, 237, 1, 1),
(13, 238, 1, 1),
(13, 239, 1, 1),
(13, 240, 1, 1),
(13, 241, 1, 1),
(13, 242, 1, 1),
(13, 243, 1, 1),
(13, 244, 1, 1),
(13, 245, 1, 1),
(13, 246, 1, 1),
(13, 247, 1, 1),
(13, 248, 1, 1),
(13, 249, 1, 1),
(13, 250, 1, 1),
(13, 251, 1, 1),
(13, 252, 1, 1),
(13, 253, 1, 1),
(13, 254, 1, 1),
(13, 255, 1, 1),
(13, 256, 1, 1),
(13, 257, 1, 1),
(13, 258, 1, 1),
(13, 259, 1, 1),
(13, 260, 1, 1),
(13, 261, 1, 1),
(13, 262, 1, 1),
(13, 263, 1, 1),
(13, 264, 1, 1),
(13, 265, 1, 1),
(13, 266, 0, 0),
(13, 267, 0, 0),
(13, 268, 0, 0),
(13, 269, 0, 0),
(13, 270, 0, 0),
(13, 271, 0, 0),
(13, 272, 0, 0),
(13, 273, 0, 0),
(13, 274, 1, 1),
(13, 275, 1, 1),
(13, 276, 1, 1),
(13, 278, 1, 1),
(13, 279, 0, 0),
(13, 280, 0, 0),
(13, 281, 0, 0),
(13, 282, 0, 0),
(13, 283, 0, 0),
(13, 284, 0, 0),
(13, 285, 0, 0),
(13, 286, 0, 0),
(13, 287, 0, 0),
(13, 288, 0, 0),
(13, 289, 0, 0),
(13, 290, 0, 0),
(13, 291, 0, 0),
(13, 292, 0, 0),
(13, 293, 0, 0),
(13, 294, 0, 0),
(13, 295, 0, 0),
(13, 296, 1, 1),
(13, 297, 0, 0),
(13, 298, 0, 0),
(13, 299, 0, 0),
(13, 300, 0, 0),
(13, 301, 0, 0),
(13, 302, 0, 0),
(13, 303, 0, 0),
(13, 304, 0, 0),
(13, 305, 0, 0),
(13, 306, 0, 0),
(13, 307, 0, 0),
(13, 308, 0, 0),
(13, 309, 0, 0),
(13, 310, 0, 0),
(13, 311, 0, 0),
(13, 312, 0, 0),
(13, 313, 0, 0),
(13, 314, 1, 1),
(13, 315, 1, 1),
(13, 316, 0, 0),
(13, 317, 0, 0),
(13, 318, 0, 0),
(14, 208, 1, 1),
(14, 210, 1, 1),
(14, 211, 1, 1),
(14, 212, 1, 1),
(14, 213, 1, 1),
(14, 214, 1, 1),
(14, 215, 1, 1),
(14, 216, 1, 1),
(14, 217, 1, 1),
(14, 218, 1, 1),
(14, 219, 1, 1),
(14, 220, 1, 1),
(14, 221, 1, 1),
(14, 222, 1, 1),
(14, 223, 1, 1),
(14, 224, 1, 1),
(14, 225, 1, 1),
(14, 226, 1, 1),
(14, 227, 1, 1),
(14, 228, 1, 1),
(14, 229, 1, 1),
(14, 230, 1, 1),
(14, 231, 1, 1),
(14, 232, 1, 1),
(14, 233, 1, 1),
(14, 234, 1, 1),
(14, 235, 1, 1),
(14, 236, 1, 1),
(14, 237, 1, 1),
(14, 238, 1, 1),
(14, 239, 1, 1),
(14, 240, 1, 1),
(14, 241, 1, 1),
(14, 242, 1, 1),
(14, 243, 1, 1),
(14, 244, 1, 1),
(14, 245, 1, 1),
(14, 246, 1, 1),
(14, 247, 1, 1),
(14, 248, 1, 1),
(14, 249, 1, 1),
(14, 250, 1, 1),
(14, 251, 1, 1),
(14, 252, 1, 1),
(14, 253, 1, 1),
(14, 254, 1, 1),
(14, 255, 1, 1),
(14, 256, 1, 1),
(14, 257, 1, 1),
(14, 258, 1, 1),
(14, 259, 1, 1),
(14, 260, 1, 1),
(14, 261, 1, 1),
(14, 262, 1, 1),
(14, 263, 1, 1),
(14, 264, 1, 1),
(14, 265, 1, 1),
(14, 266, 0, 0),
(14, 267, 0, 0),
(14, 268, 0, 0),
(14, 269, 0, 0),
(14, 270, 0, 0),
(14, 271, 0, 0),
(14, 272, 0, 0),
(14, 273, 0, 0),
(14, 274, 1, 1),
(14, 275, 1, 1),
(14, 276, 1, 1),
(14, 278, 1, 1),
(14, 279, 0, 0),
(14, 280, 0, 0),
(14, 281, 0, 0),
(14, 282, 0, 0),
(14, 283, 0, 0),
(14, 284, 0, 0),
(14, 285, 0, 0),
(14, 286, 0, 0),
(14, 287, 0, 0),
(14, 288, 0, 0),
(14, 289, 0, 0),
(14, 290, 0, 0),
(14, 291, 0, 0),
(14, 292, 0, 0),
(14, 293, 0, 0),
(14, 294, 0, 0),
(14, 295, 0, 0),
(14, 296, 1, 1),
(14, 297, 0, 0),
(14, 298, 0, 0),
(14, 299, 0, 0),
(14, 300, 0, 0),
(14, 301, 0, 0),
(14, 302, 0, 0),
(14, 303, 0, 0),
(14, 304, 0, 0),
(14, 305, 0, 0),
(14, 306, 0, 0),
(14, 307, 0, 0),
(14, 308, 0, 0),
(14, 309, 0, 0),
(14, 310, 0, 0),
(14, 311, 0, 0),
(14, 312, 0, 0),
(14, 313, 0, 0),
(14, 314, 1, 1),
(14, 315, 1, 1),
(14, 316, 0, 0),
(14, 317, 0, 0),
(14, 318, 0, 0),
(15, 208, 1, 1),
(15, 210, 1, 1),
(15, 211, 1, 1),
(15, 212, 1, 1),
(15, 213, 1, 1),
(15, 214, 1, 1),
(15, 215, 1, 1),
(15, 216, 1, 1),
(15, 217, 1, 1),
(15, 218, 1, 1),
(15, 219, 1, 1),
(15, 220, 1, 1),
(15, 221, 1, 1),
(15, 222, 1, 1),
(15, 223, 1, 1),
(15, 224, 1, 1),
(15, 225, 1, 1),
(15, 226, 1, 1),
(15, 227, 1, 1),
(15, 228, 1, 1),
(15, 229, 1, 1),
(15, 230, 1, 1),
(15, 231, 1, 1),
(15, 232, 1, 1),
(15, 233, 1, 1),
(15, 234, 1, 1),
(15, 235, 1, 1),
(15, 236, 1, 1),
(15, 237, 1, 1),
(15, 238, 1, 1),
(15, 239, 1, 1),
(15, 240, 1, 1),
(15, 241, 1, 1),
(15, 242, 1, 1),
(15, 243, 1, 1),
(15, 244, 1, 1),
(15, 245, 1, 1),
(15, 246, 1, 1),
(15, 247, 1, 1),
(15, 248, 1, 1),
(15, 249, 1, 1),
(15, 250, 1, 1),
(15, 251, 1, 1),
(15, 252, 1, 1),
(15, 253, 1, 1),
(15, 254, 1, 1),
(15, 255, 1, 1),
(15, 256, 1, 1),
(15, 257, 1, 1),
(15, 258, 1, 1),
(15, 259, 1, 1),
(15, 260, 1, 1),
(15, 261, 1, 1),
(15, 262, 1, 1),
(15, 263, 1, 1),
(15, 264, 1, 1),
(15, 265, 1, 1),
(15, 266, 0, 0),
(15, 267, 0, 0),
(15, 268, 0, 0),
(15, 269, 0, 0),
(15, 270, 0, 0),
(15, 271, 0, 0),
(15, 272, 0, 0),
(15, 273, 0, 0),
(15, 274, 1, 1),
(15, 275, 1, 1),
(15, 276, 1, 1),
(15, 278, 1, 1),
(15, 279, 0, 0),
(15, 280, 0, 0),
(15, 281, 0, 0),
(15, 282, 0, 0),
(15, 283, 0, 0),
(15, 284, 0, 0),
(15, 285, 0, 0),
(15, 286, 0, 0),
(15, 287, 0, 0),
(15, 288, 0, 0),
(15, 289, 0, 0),
(15, 290, 0, 0),
(15, 291, 0, 0),
(15, 292, 0, 0),
(15, 293, 0, 0),
(15, 294, 0, 0),
(15, 295, 0, 0),
(15, 296, 1, 1),
(15, 297, 0, 0),
(15, 298, 0, 0),
(15, 299, 0, 0),
(15, 300, 0, 0),
(15, 301, 0, 0),
(15, 302, 0, 0),
(15, 303, 0, 0),
(15, 304, 0, 0),
(15, 305, 0, 0),
(15, 306, 0, 0),
(15, 307, 0, 0),
(15, 308, 0, 0),
(15, 309, 0, 0),
(15, 310, 0, 0),
(15, 311, 0, 0),
(15, 312, 0, 0),
(15, 313, 0, 0),
(15, 314, 1, 1),
(15, 315, 1, 1),
(15, 316, 0, 0),
(15, 317, 0, 0),
(15, 318, 0, 0),
(16, 208, 1, 1),
(16, 210, 1, 1),
(16, 211, 1, 1),
(16, 212, 1, 1),
(16, 213, 1, 1),
(16, 214, 1, 1),
(16, 215, 1, 1),
(16, 216, 1, 1),
(16, 217, 1, 1),
(16, 218, 1, 1),
(16, 219, 1, 1),
(16, 220, 1, 1),
(16, 221, 1, 1),
(16, 222, 1, 1),
(16, 223, 1, 1),
(16, 224, 1, 1),
(16, 225, 1, 1),
(16, 226, 1, 1),
(16, 227, 1, 1),
(16, 228, 1, 1),
(16, 229, 1, 1),
(16, 230, 1, 1),
(16, 231, 1, 1),
(16, 232, 1, 1),
(16, 233, 1, 1),
(16, 234, 1, 1),
(16, 235, 1, 1),
(16, 236, 1, 1),
(16, 237, 1, 1),
(16, 238, 1, 1),
(16, 239, 1, 1),
(16, 240, 1, 1),
(16, 241, 1, 1),
(16, 242, 1, 1),
(16, 243, 1, 1),
(16, 244, 1, 1),
(16, 245, 1, 1),
(16, 246, 1, 1),
(16, 247, 1, 1),
(16, 248, 1, 1),
(16, 249, 1, 1),
(16, 250, 1, 1),
(16, 251, 1, 1),
(16, 252, 1, 1),
(16, 253, 1, 1),
(16, 254, 1, 1),
(16, 255, 1, 1),
(16, 256, 1, 1),
(16, 257, 1, 1),
(16, 258, 1, 1),
(16, 259, 1, 1),
(16, 260, 1, 1),
(16, 261, 1, 1),
(16, 262, 1, 1),
(16, 263, 1, 1),
(16, 264, 1, 1),
(16, 265, 1, 1),
(16, 266, 0, 0),
(16, 267, 0, 0),
(16, 268, 0, 0),
(16, 269, 0, 0),
(16, 270, 0, 0),
(16, 271, 0, 0),
(16, 272, 0, 0),
(16, 273, 0, 0),
(16, 274, 1, 1),
(16, 275, 1, 1),
(16, 276, 1, 1),
(16, 278, 1, 1),
(16, 279, 0, 0),
(16, 280, 0, 0),
(16, 281, 0, 0),
(16, 282, 0, 0),
(16, 283, 0, 0),
(16, 284, 0, 0),
(16, 285, 0, 0),
(16, 286, 0, 0),
(16, 287, 0, 0),
(16, 288, 0, 0),
(16, 289, 0, 0),
(16, 290, 0, 0),
(16, 291, 0, 0),
(16, 292, 0, 0),
(16, 293, 0, 0),
(16, 294, 0, 0),
(16, 295, 0, 0),
(16, 296, 1, 1),
(16, 297, 0, 0),
(16, 298, 0, 0),
(16, 299, 0, 0),
(16, 300, 0, 0),
(16, 301, 0, 0),
(16, 302, 0, 0),
(16, 303, 0, 0),
(16, 304, 0, 0),
(16, 305, 0, 0),
(16, 306, 0, 0),
(16, 307, 0, 0),
(16, 308, 0, 0),
(16, 309, 0, 0),
(16, 310, 0, 0),
(16, 311, 0, 0),
(16, 312, 0, 0),
(16, 313, 0, 0),
(16, 314, 1, 1),
(16, 315, 1, 1),
(16, 316, 0, 0),
(16, 317, 0, 0),
(16, 318, 0, 0),
(17, 208, 1, 1),
(17, 210, 1, 1),
(17, 211, 1, 1),
(17, 212, 1, 1),
(17, 213, 1, 1),
(17, 214, 1, 1),
(17, 215, 1, 1),
(17, 216, 1, 1),
(17, 217, 1, 1),
(17, 218, 1, 1),
(17, 219, 1, 1),
(17, 220, 1, 1),
(17, 221, 1, 1),
(17, 222, 1, 1),
(17, 223, 1, 1),
(17, 224, 1, 1),
(17, 225, 1, 1),
(17, 226, 1, 1),
(17, 227, 1, 1),
(17, 228, 1, 1),
(17, 229, 1, 1),
(17, 230, 1, 1),
(17, 231, 1, 1),
(17, 232, 1, 1),
(17, 233, 1, 1),
(17, 234, 1, 1),
(17, 235, 1, 1),
(17, 236, 1, 1),
(17, 237, 1, 1),
(17, 238, 1, 1),
(17, 239, 1, 1),
(17, 240, 1, 1),
(17, 241, 1, 1),
(17, 242, 1, 1),
(17, 243, 1, 1),
(17, 244, 1, 1),
(17, 245, 1, 1),
(17, 246, 1, 1),
(17, 247, 1, 1),
(17, 248, 1, 1),
(17, 249, 1, 1),
(17, 250, 1, 1),
(17, 251, 1, 1),
(17, 252, 1, 1),
(17, 253, 1, 1),
(17, 254, 1, 1),
(17, 255, 1, 1),
(17, 256, 1, 1),
(17, 257, 1, 1),
(17, 258, 1, 1),
(17, 259, 1, 1),
(17, 260, 1, 1),
(17, 261, 1, 1),
(17, 262, 1, 1),
(17, 263, 1, 1),
(17, 264, 1, 1),
(17, 265, 1, 1),
(17, 266, 0, 0),
(17, 267, 0, 0),
(17, 268, 0, 0),
(17, 269, 0, 0),
(17, 270, 0, 0),
(17, 271, 0, 0),
(17, 272, 0, 0),
(17, 273, 0, 0),
(17, 274, 1, 1),
(17, 275, 1, 1),
(17, 276, 1, 1),
(17, 278, 1, 1),
(17, 279, 0, 0),
(17, 280, 0, 0),
(17, 281, 0, 0),
(17, 282, 0, 0),
(17, 283, 0, 0),
(17, 284, 0, 0),
(17, 285, 0, 0),
(17, 286, 0, 0),
(17, 287, 0, 0),
(17, 288, 0, 0),
(17, 289, 0, 0),
(17, 290, 0, 0),
(17, 291, 0, 0),
(17, 292, 0, 0),
(17, 293, 0, 0),
(17, 294, 0, 0),
(17, 295, 0, 0),
(17, 296, 1, 1),
(17, 297, 0, 0),
(17, 298, 0, 0),
(17, 299, 0, 0),
(17, 300, 0, 0),
(17, 301, 0, 0),
(17, 302, 0, 0),
(17, 303, 0, 0),
(17, 304, 0, 0),
(17, 305, 0, 0),
(17, 306, 0, 0),
(17, 307, 0, 0),
(17, 308, 0, 0),
(17, 309, 0, 0),
(17, 310, 0, 0),
(17, 311, 0, 0),
(17, 312, 0, 0),
(17, 313, 0, 0),
(17, 314, 1, 1),
(17, 315, 1, 1),
(17, 316, 0, 0),
(17, 317, 0, 0),
(17, 318, 0, 0),
(18, 208, 1, 1),
(18, 210, 1, 1),
(18, 211, 1, 1),
(18, 212, 1, 1),
(18, 213, 1, 1),
(18, 214, 1, 1),
(18, 215, 1, 1),
(18, 216, 1, 1),
(18, 217, 1, 1),
(18, 218, 1, 1),
(18, 219, 1, 1),
(18, 220, 1, 1),
(18, 221, 1, 1),
(18, 222, 1, 1),
(18, 223, 1, 1),
(18, 224, 1, 1),
(18, 225, 1, 1),
(18, 226, 1, 1),
(18, 227, 1, 1),
(18, 228, 1, 1),
(18, 229, 1, 1),
(18, 230, 1, 1),
(18, 231, 1, 1),
(18, 232, 1, 1),
(18, 233, 1, 1),
(18, 234, 1, 1),
(18, 235, 1, 1),
(18, 236, 1, 1),
(18, 237, 1, 1),
(18, 238, 1, 1),
(18, 239, 1, 1),
(18, 240, 1, 1),
(18, 241, 1, 1),
(18, 242, 1, 1),
(18, 243, 1, 1),
(18, 244, 1, 1),
(18, 245, 1, 1),
(18, 246, 1, 1),
(18, 247, 1, 1),
(18, 248, 1, 1),
(18, 249, 1, 1),
(18, 250, 1, 1),
(18, 251, 1, 1),
(18, 252, 1, 1),
(18, 253, 1, 1),
(18, 254, 1, 1),
(18, 255, 1, 1),
(18, 256, 1, 1),
(18, 257, 1, 1),
(18, 258, 1, 1),
(18, 259, 1, 1),
(18, 260, 1, 1),
(18, 261, 1, 1),
(18, 262, 1, 1),
(18, 263, 1, 1),
(18, 264, 1, 1),
(18, 265, 1, 1),
(18, 266, 0, 0),
(18, 267, 0, 0),
(18, 268, 0, 0),
(18, 269, 0, 0),
(18, 270, 0, 0),
(18, 271, 0, 0),
(18, 272, 0, 0),
(18, 273, 0, 0),
(18, 274, 1, 1),
(18, 275, 1, 1),
(18, 276, 1, 1),
(18, 278, 1, 1),
(18, 279, 0, 0),
(18, 280, 0, 0),
(18, 281, 0, 0),
(18, 282, 0, 0),
(18, 283, 0, 0),
(18, 284, 0, 0),
(18, 285, 0, 0),
(18, 286, 0, 0),
(18, 287, 0, 0),
(18, 288, 0, 0),
(18, 289, 0, 0),
(18, 290, 0, 0),
(18, 291, 0, 0),
(18, 292, 0, 0),
(18, 293, 0, 0),
(18, 294, 0, 0),
(18, 295, 0, 0),
(18, 296, 1, 1),
(18, 297, 0, 0),
(18, 298, 0, 0),
(18, 299, 0, 0),
(18, 300, 0, 0),
(18, 301, 0, 0),
(18, 302, 0, 0),
(18, 303, 0, 0),
(18, 304, 0, 0),
(18, 305, 0, 0),
(18, 306, 0, 0),
(18, 307, 0, 0),
(18, 308, 0, 0),
(18, 309, 0, 0),
(18, 310, 0, 0),
(18, 311, 0, 0),
(18, 312, 0, 0),
(18, 313, 0, 0),
(18, 314, 1, 1),
(18, 315, 1, 1),
(18, 316, 0, 0),
(18, 317, 0, 0),
(18, 318, 0, 0),
(19, 208, 1, 1),
(19, 210, 1, 1),
(19, 211, 1, 1),
(19, 212, 1, 1),
(19, 213, 1, 1),
(19, 214, 1, 1),
(19, 215, 1, 1),
(19, 216, 1, 1),
(19, 217, 1, 1),
(19, 218, 1, 1),
(19, 219, 1, 1),
(19, 220, 1, 1),
(19, 221, 1, 1),
(19, 222, 1, 1),
(19, 223, 1, 1),
(19, 224, 1, 1),
(19, 225, 1, 1),
(19, 226, 1, 1),
(19, 227, 1, 1),
(19, 228, 1, 1),
(19, 229, 1, 1),
(19, 230, 1, 1),
(19, 231, 1, 1),
(19, 232, 1, 1),
(19, 233, 1, 1),
(19, 234, 1, 1),
(19, 235, 1, 1),
(19, 236, 1, 1),
(19, 237, 1, 1),
(19, 238, 1, 1),
(19, 239, 1, 1),
(19, 240, 1, 1),
(19, 241, 1, 1),
(19, 242, 1, 1),
(19, 243, 1, 1),
(19, 244, 1, 1),
(19, 245, 1, 1),
(19, 246, 1, 1),
(19, 247, 1, 1),
(19, 248, 1, 1),
(19, 249, 1, 1),
(19, 250, 1, 1),
(19, 251, 1, 1),
(19, 252, 1, 1),
(19, 253, 1, 1),
(19, 254, 1, 1),
(19, 255, 1, 1),
(19, 256, 1, 1),
(19, 257, 1, 1),
(19, 258, 1, 1),
(19, 259, 1, 1),
(19, 260, 1, 1),
(19, 261, 1, 1),
(19, 262, 1, 1),
(19, 263, 1, 1),
(19, 264, 1, 1),
(19, 265, 1, 1),
(19, 266, 0, 0),
(19, 267, 0, 0),
(19, 268, 0, 0),
(19, 269, 0, 0),
(19, 270, 0, 0),
(19, 271, 0, 0),
(19, 272, 0, 0),
(19, 273, 0, 0),
(19, 274, 1, 1),
(19, 275, 1, 1),
(19, 276, 1, 1),
(19, 278, 1, 1),
(19, 279, 0, 0),
(19, 280, 0, 0),
(19, 281, 0, 0),
(19, 282, 0, 0),
(19, 283, 0, 0),
(19, 284, 0, 0),
(19, 285, 0, 0),
(19, 286, 0, 0),
(19, 287, 0, 0),
(19, 288, 0, 0),
(19, 289, 0, 0),
(19, 290, 0, 0),
(19, 291, 0, 0),
(19, 292, 0, 0),
(19, 293, 0, 0),
(19, 294, 0, 0),
(19, 295, 0, 0),
(19, 296, 1, 1),
(19, 297, 0, 0),
(19, 298, 0, 0),
(19, 299, 0, 0),
(19, 300, 0, 0),
(19, 301, 0, 0),
(19, 302, 0, 0),
(19, 303, 0, 0),
(19, 304, 0, 0),
(19, 305, 0, 0),
(19, 306, 0, 0),
(19, 307, 0, 0),
(19, 308, 0, 0),
(19, 309, 0, 0),
(19, 310, 0, 0),
(19, 311, 0, 0),
(19, 312, 0, 0),
(19, 313, 0, 0),
(19, 314, 1, 1),
(19, 315, 1, 1),
(19, 316, 0, 0),
(19, 317, 0, 0),
(19, 318, 0, 0),
(20, 208, 1, 1),
(20, 210, 1, 1),
(20, 211, 1, 1),
(20, 212, 1, 1),
(20, 213, 1, 1),
(20, 214, 1, 1),
(20, 215, 1, 1),
(20, 216, 1, 1),
(20, 217, 1, 1),
(20, 218, 1, 1),
(20, 219, 1, 1),
(20, 220, 1, 1),
(20, 221, 1, 1),
(20, 222, 1, 1),
(20, 223, 1, 1),
(20, 224, 1, 1),
(20, 225, 1, 1),
(20, 226, 1, 1),
(20, 227, 1, 1),
(20, 228, 1, 1),
(20, 229, 1, 1),
(20, 230, 1, 1),
(20, 231, 1, 1),
(20, 232, 1, 1),
(20, 233, 1, 1),
(20, 234, 1, 1),
(20, 235, 1, 1),
(20, 236, 1, 1),
(20, 237, 1, 1),
(20, 238, 1, 1),
(20, 239, 1, 1),
(20, 240, 1, 1),
(20, 241, 1, 1),
(20, 242, 1, 1),
(20, 243, 1, 1),
(20, 244, 1, 1),
(20, 245, 1, 1),
(20, 246, 1, 1),
(20, 247, 1, 1),
(20, 248, 1, 1),
(20, 249, 1, 1),
(20, 250, 1, 1),
(20, 251, 1, 1),
(20, 252, 1, 1),
(20, 253, 1, 1),
(20, 254, 1, 1),
(20, 255, 1, 1),
(20, 256, 1, 1),
(20, 257, 1, 1),
(20, 258, 1, 1),
(20, 259, 1, 1),
(20, 260, 1, 1),
(20, 261, 1, 1),
(20, 262, 1, 1),
(20, 263, 1, 1),
(20, 264, 1, 1),
(20, 265, 1, 1),
(20, 266, 0, 0),
(20, 267, 0, 0),
(20, 268, 0, 0),
(20, 269, 0, 0),
(20, 270, 0, 0),
(20, 271, 0, 0),
(20, 272, 0, 0),
(20, 273, 0, 0),
(20, 274, 1, 1),
(20, 275, 1, 1),
(20, 276, 1, 1),
(20, 278, 1, 1),
(20, 279, 0, 0),
(20, 280, 0, 0),
(20, 281, 0, 0),
(20, 282, 0, 0),
(20, 283, 0, 0),
(20, 284, 0, 0),
(20, 285, 0, 0),
(20, 286, 0, 0),
(20, 287, 0, 0),
(20, 288, 0, 0),
(20, 289, 0, 0),
(20, 290, 0, 0),
(20, 291, 0, 0),
(20, 292, 0, 0),
(20, 293, 0, 0),
(20, 294, 0, 0),
(20, 295, 0, 0),
(20, 296, 1, 1),
(20, 297, 0, 0),
(20, 298, 0, 0),
(20, 299, 0, 0),
(20, 300, 0, 0),
(20, 301, 0, 0),
(20, 302, 0, 0),
(20, 303, 0, 0),
(20, 304, 0, 0),
(20, 305, 0, 0),
(20, 306, 0, 0),
(20, 307, 0, 0),
(20, 308, 0, 0),
(20, 309, 0, 0),
(20, 310, 0, 0),
(20, 311, 0, 0),
(20, 312, 0, 0),
(20, 313, 0, 0),
(20, 314, 1, 1),
(20, 315, 1, 1),
(20, 316, 0, 0),
(20, 317, 0, 0),
(20, 318, 0, 0),
(21, 208, 1, 1),
(21, 210, 1, 1),
(21, 211, 1, 1),
(21, 212, 1, 1),
(21, 213, 1, 1),
(21, 214, 1, 1),
(21, 215, 1, 1),
(21, 216, 1, 1),
(21, 217, 1, 1),
(21, 218, 1, 1),
(21, 219, 1, 1),
(21, 220, 1, 1),
(21, 221, 1, 1),
(21, 222, 1, 1),
(21, 223, 1, 1),
(21, 224, 1, 1),
(21, 225, 1, 1),
(21, 226, 1, 1),
(21, 227, 1, 1),
(21, 228, 1, 1),
(21, 229, 1, 1),
(21, 230, 1, 1),
(21, 231, 1, 1),
(21, 232, 1, 1),
(21, 233, 1, 1),
(21, 234, 1, 1),
(21, 235, 1, 1),
(21, 236, 1, 1),
(21, 237, 1, 1),
(21, 238, 1, 1),
(21, 239, 1, 1),
(21, 240, 1, 1),
(21, 241, 1, 1),
(21, 242, 1, 1),
(21, 243, 1, 1),
(21, 244, 1, 1),
(21, 245, 1, 1),
(21, 246, 1, 1),
(21, 247, 1, 1),
(21, 248, 1, 1),
(21, 249, 1, 1),
(21, 250, 1, 1),
(21, 251, 1, 1),
(21, 252, 1, 1),
(21, 253, 1, 1),
(21, 254, 1, 1),
(21, 255, 1, 1),
(21, 256, 1, 1),
(21, 257, 1, 1),
(21, 258, 1, 1),
(21, 259, 1, 1),
(21, 260, 1, 1),
(21, 261, 1, 1),
(21, 262, 1, 1),
(21, 263, 1, 1),
(21, 264, 1, 1),
(21, 265, 1, 1),
(21, 266, 0, 0),
(21, 267, 0, 0),
(21, 268, 0, 0),
(21, 269, 0, 0),
(21, 270, 0, 0),
(21, 271, 0, 0),
(21, 272, 0, 0),
(21, 273, 0, 0),
(21, 274, 1, 1),
(21, 275, 1, 1),
(21, 276, 1, 1),
(21, 278, 1, 1),
(21, 279, 0, 0),
(21, 280, 0, 0),
(21, 281, 0, 0),
(21, 282, 0, 0),
(21, 283, 0, 0),
(21, 284, 0, 0),
(21, 285, 0, 0),
(21, 286, 0, 0),
(21, 287, 0, 0),
(21, 288, 0, 0),
(21, 289, 0, 0),
(21, 290, 0, 0),
(21, 291, 0, 0),
(21, 292, 0, 0),
(21, 293, 0, 0),
(21, 294, 0, 0),
(21, 295, 0, 0),
(21, 296, 1, 1),
(21, 297, 0, 0),
(21, 298, 0, 0),
(21, 299, 0, 0),
(21, 300, 0, 0),
(21, 301, 0, 0),
(21, 302, 0, 0),
(21, 303, 0, 0),
(21, 304, 0, 0),
(21, 305, 0, 0),
(21, 306, 0, 0),
(21, 307, 0, 0),
(21, 308, 0, 0),
(21, 309, 0, 0),
(21, 310, 0, 0),
(21, 311, 0, 0),
(21, 312, 0, 0),
(21, 313, 0, 0),
(21, 314, 1, 1),
(21, 315, 1, 1),
(21, 316, 0, 0),
(21, 317, 0, 0),
(21, 318, 0, 0),
(22, 208, 1, 1),
(22, 210, 1, 1),
(22, 211, 1, 1),
(22, 212, 1, 1),
(22, 213, 1, 1),
(22, 214, 1, 1),
(22, 215, 1, 1),
(22, 216, 1, 1),
(22, 217, 1, 1),
(22, 218, 1, 1),
(22, 219, 1, 1),
(22, 220, 1, 1),
(22, 221, 1, 1),
(22, 222, 1, 1),
(22, 223, 1, 1),
(22, 224, 1, 1),
(22, 225, 1, 1),
(22, 226, 1, 1),
(22, 227, 1, 1),
(22, 228, 1, 1),
(22, 229, 1, 1),
(22, 230, 1, 1),
(22, 231, 1, 1),
(22, 232, 1, 1),
(22, 233, 1, 1),
(22, 234, 1, 1),
(22, 235, 1, 1),
(22, 236, 1, 1),
(22, 237, 1, 1),
(22, 238, 1, 1),
(22, 239, 1, 1),
(22, 240, 1, 1),
(22, 241, 1, 1),
(22, 242, 1, 1),
(22, 243, 1, 1),
(22, 244, 1, 1),
(22, 245, 1, 1),
(22, 246, 1, 1),
(22, 247, 1, 1),
(22, 248, 1, 1),
(22, 249, 1, 1),
(22, 250, 1, 1),
(22, 251, 1, 1),
(22, 252, 1, 1),
(22, 253, 1, 1),
(22, 254, 1, 1),
(22, 255, 1, 1),
(22, 256, 1, 1),
(22, 257, 1, 1),
(22, 258, 1, 1),
(22, 259, 1, 1),
(22, 260, 1, 1),
(22, 261, 1, 1),
(22, 262, 1, 1),
(22, 263, 1, 1),
(22, 264, 1, 1),
(22, 265, 1, 1),
(22, 266, 0, 0),
(22, 267, 0, 0),
(22, 268, 0, 0),
(22, 269, 0, 0),
(22, 270, 0, 0),
(22, 271, 0, 0),
(22, 272, 0, 0),
(22, 273, 0, 0),
(22, 274, 1, 1),
(22, 275, 1, 1),
(22, 276, 1, 1),
(22, 278, 1, 1),
(22, 279, 0, 0),
(22, 280, 0, 0),
(22, 281, 0, 0),
(22, 282, 0, 0),
(22, 283, 0, 0),
(22, 284, 0, 0),
(22, 285, 0, 0),
(22, 286, 0, 0),
(22, 287, 0, 0),
(22, 288, 0, 0),
(22, 289, 0, 0),
(22, 290, 0, 0),
(22, 291, 0, 0),
(22, 292, 0, 0),
(22, 293, 0, 0),
(22, 294, 0, 0),
(22, 295, 0, 0),
(22, 296, 1, 1),
(22, 297, 0, 0),
(22, 298, 0, 0),
(22, 299, 0, 0),
(22, 300, 0, 0),
(22, 301, 0, 0),
(22, 302, 0, 0),
(22, 303, 0, 0),
(22, 304, 0, 0),
(22, 305, 0, 0),
(22, 306, 0, 0),
(22, 307, 0, 0),
(22, 308, 0, 0),
(22, 309, 0, 0),
(22, 310, 0, 0),
(22, 311, 0, 0),
(22, 312, 0, 0),
(22, 313, 0, 0),
(22, 314, 1, 1),
(22, 315, 1, 1),
(22, 316, 0, 0),
(22, 317, 0, 0),
(22, 318, 0, 0),
(23, 208, 1, 1),
(23, 210, 1, 1),
(23, 211, 1, 1),
(23, 212, 1, 1),
(23, 213, 1, 1),
(23, 214, 1, 1),
(23, 215, 1, 1),
(23, 216, 1, 1),
(23, 217, 1, 1),
(23, 218, 1, 1),
(23, 219, 1, 1),
(23, 220, 1, 1),
(23, 221, 1, 1),
(23, 222, 1, 1),
(23, 223, 1, 1),
(23, 224, 1, 1),
(23, 225, 1, 1),
(23, 226, 1, 1),
(23, 227, 1, 1),
(23, 228, 1, 1),
(23, 229, 1, 1),
(23, 230, 1, 1),
(23, 231, 1, 1),
(23, 232, 1, 1),
(23, 233, 1, 1),
(23, 234, 1, 1),
(23, 235, 1, 1),
(23, 236, 1, 1),
(23, 237, 1, 1),
(23, 238, 1, 1),
(23, 239, 1, 1),
(23, 240, 1, 1),
(23, 241, 1, 1),
(23, 242, 1, 1),
(23, 243, 1, 1),
(23, 244, 1, 1),
(23, 245, 1, 1),
(23, 246, 1, 1),
(23, 247, 1, 1),
(23, 248, 1, 1),
(23, 249, 1, 1),
(23, 250, 1, 1),
(23, 251, 1, 1),
(23, 252, 1, 1),
(23, 253, 1, 1),
(23, 254, 1, 1),
(23, 255, 1, 1),
(23, 256, 1, 1),
(23, 257, 1, 1),
(23, 258, 1, 1),
(23, 259, 1, 1),
(23, 260, 1, 1),
(23, 261, 1, 1),
(23, 262, 1, 1),
(23, 263, 1, 1),
(23, 264, 1, 1),
(23, 265, 1, 1),
(23, 266, 0, 0),
(23, 267, 0, 0),
(23, 268, 0, 0),
(23, 269, 0, 0),
(23, 270, 0, 0),
(23, 271, 0, 0),
(23, 272, 0, 0),
(23, 273, 0, 0),
(23, 274, 1, 1),
(23, 275, 1, 1),
(23, 276, 1, 1),
(23, 278, 1, 1),
(23, 279, 0, 0),
(23, 280, 0, 0),
(23, 281, 0, 0),
(23, 282, 0, 0),
(23, 283, 0, 0),
(23, 284, 0, 0),
(23, 285, 0, 0),
(23, 286, 0, 0),
(23, 287, 0, 0),
(23, 288, 0, 0),
(23, 289, 0, 0),
(23, 290, 0, 0),
(23, 291, 0, 0),
(23, 292, 0, 0),
(23, 293, 0, 0),
(23, 294, 0, 0),
(23, 295, 0, 0),
(23, 296, 1, 1),
(23, 297, 0, 0),
(23, 298, 0, 0),
(23, 299, 0, 0),
(23, 300, 0, 0),
(23, 301, 0, 0),
(23, 302, 0, 0),
(23, 303, 0, 0),
(23, 304, 0, 0),
(23, 305, 0, 0),
(23, 306, 0, 0),
(23, 307, 0, 0),
(23, 308, 0, 0),
(23, 309, 0, 0),
(23, 310, 0, 0),
(23, 311, 0, 0),
(23, 312, 0, 0),
(23, 313, 0, 0),
(23, 314, 1, 1),
(23, 315, 1, 1),
(23, 316, 0, 0),
(23, 317, 0, 0),
(23, 318, 0, 0),
(24, 208, 1, 1),
(24, 210, 1, 1),
(24, 211, 1, 1),
(24, 212, 1, 1),
(24, 213, 1, 1),
(24, 214, 1, 1),
(24, 215, 1, 1),
(24, 216, 1, 1),
(24, 217, 1, 1),
(24, 218, 1, 1),
(24, 219, 1, 1),
(24, 220, 1, 1),
(24, 221, 1, 1),
(24, 222, 1, 1),
(24, 223, 1, 1),
(24, 224, 1, 1),
(24, 225, 1, 1),
(24, 226, 1, 1),
(24, 227, 1, 1),
(24, 228, 1, 1),
(24, 229, 1, 1),
(24, 230, 1, 1),
(24, 231, 1, 1),
(24, 232, 1, 1),
(24, 233, 1, 1),
(24, 234, 1, 1),
(24, 235, 1, 1),
(24, 236, 1, 1),
(24, 237, 1, 1),
(24, 238, 1, 1),
(24, 239, 1, 1),
(24, 240, 1, 1),
(24, 241, 1, 1),
(24, 242, 1, 1),
(24, 243, 1, 1),
(24, 244, 1, 1),
(24, 245, 1, 1),
(24, 246, 1, 1),
(24, 247, 1, 1),
(24, 248, 1, 1),
(24, 249, 1, 1),
(24, 250, 1, 1),
(24, 251, 1, 1),
(24, 252, 1, 1),
(24, 253, 1, 1),
(24, 254, 1, 1),
(24, 255, 1, 1),
(24, 256, 1, 1),
(24, 257, 1, 1),
(24, 258, 1, 1),
(24, 259, 1, 1),
(24, 260, 1, 1),
(24, 261, 1, 1),
(24, 262, 1, 1),
(24, 263, 1, 1),
(24, 264, 1, 1),
(24, 265, 1, 1),
(24, 266, 0, 0),
(24, 267, 0, 0),
(24, 268, 0, 0),
(24, 269, 0, 0),
(24, 270, 0, 0),
(24, 271, 0, 0),
(24, 272, 0, 0),
(24, 273, 0, 0),
(24, 274, 1, 1),
(24, 275, 1, 1),
(24, 276, 1, 1),
(24, 278, 1, 1),
(24, 279, 0, 0),
(24, 280, 0, 0),
(24, 281, 0, 0),
(24, 282, 0, 0),
(24, 283, 0, 0),
(24, 284, 0, 0),
(24, 285, 0, 0),
(24, 286, 0, 0),
(24, 287, 0, 0),
(24, 288, 0, 0),
(24, 289, 0, 0),
(24, 290, 0, 0),
(24, 291, 0, 0),
(24, 292, 0, 0),
(24, 293, 0, 0),
(24, 294, 0, 0),
(24, 295, 0, 0),
(24, 296, 1, 1),
(24, 297, 0, 0),
(24, 298, 0, 0),
(24, 299, 0, 0),
(24, 300, 0, 0),
(24, 301, 0, 0),
(24, 302, 0, 0),
(24, 303, 0, 0),
(24, 304, 0, 0),
(24, 305, 0, 0),
(24, 306, 0, 0),
(24, 307, 0, 0),
(24, 308, 0, 0),
(24, 309, 0, 0),
(24, 310, 0, 0),
(24, 311, 0, 0),
(24, 312, 0, 0),
(24, 313, 0, 0),
(24, 314, 1, 1),
(24, 315, 1, 1),
(24, 316, 0, 0),
(24, 317, 0, 0),
(24, 318, 0, 0),
(25, 208, 1, 1),
(25, 210, 1, 1),
(25, 211, 1, 1),
(25, 212, 1, 1),
(25, 213, 1, 1),
(25, 214, 1, 1),
(25, 215, 1, 1),
(25, 216, 1, 1),
(25, 217, 1, 1),
(25, 218, 1, 1),
(25, 219, 1, 1),
(25, 220, 1, 1),
(25, 221, 1, 1),
(25, 222, 1, 1),
(25, 223, 1, 1),
(25, 224, 1, 1),
(25, 225, 1, 1),
(25, 226, 1, 1),
(25, 227, 1, 1),
(25, 228, 1, 1),
(25, 229, 1, 1),
(25, 230, 1, 1),
(25, 231, 1, 1),
(25, 232, 1, 1),
(25, 233, 1, 1),
(25, 234, 1, 1),
(25, 235, 1, 1),
(25, 236, 1, 1),
(25, 237, 1, 1),
(25, 238, 1, 1),
(25, 239, 1, 1),
(25, 240, 1, 1),
(25, 241, 1, 1),
(25, 242, 1, 1),
(25, 243, 1, 1),
(25, 244, 1, 1),
(25, 245, 1, 1),
(25, 246, 1, 1),
(25, 247, 1, 1),
(25, 248, 1, 1),
(25, 249, 1, 1),
(25, 250, 1, 1),
(25, 251, 1, 1),
(25, 252, 1, 1),
(25, 253, 1, 1),
(25, 254, 1, 1),
(25, 255, 1, 1),
(25, 256, 1, 1),
(25, 257, 1, 1),
(25, 258, 1, 1),
(25, 259, 1, 1),
(25, 260, 1, 1),
(25, 261, 1, 1),
(25, 262, 1, 1),
(25, 263, 1, 1),
(25, 264, 1, 1),
(25, 265, 1, 1),
(25, 266, 0, 0),
(25, 267, 0, 0),
(25, 268, 0, 0),
(25, 269, 0, 0),
(25, 270, 0, 0),
(25, 271, 0, 0),
(25, 272, 0, 0),
(25, 273, 0, 0),
(25, 274, 1, 1),
(25, 275, 1, 1),
(25, 276, 1, 1),
(25, 278, 1, 1),
(25, 279, 0, 0),
(25, 280, 0, 0),
(25, 281, 0, 0),
(25, 282, 0, 0),
(25, 283, 0, 0),
(25, 284, 0, 0),
(25, 285, 0, 0),
(25, 286, 0, 0),
(25, 287, 0, 0),
(25, 288, 0, 0),
(25, 289, 0, 0),
(25, 290, 0, 0),
(25, 291, 0, 0),
(25, 292, 0, 0),
(25, 293, 0, 0),
(25, 294, 0, 0),
(25, 295, 0, 0),
(25, 296, 1, 1),
(25, 297, 0, 0),
(25, 298, 0, 0),
(25, 299, 0, 0),
(25, 300, 0, 0),
(25, 301, 0, 0),
(25, 302, 0, 0),
(25, 303, 0, 0),
(25, 304, 0, 0),
(25, 305, 0, 0),
(25, 306, 0, 0),
(25, 307, 0, 0),
(25, 308, 0, 0),
(25, 309, 0, 0),
(25, 310, 0, 0),
(25, 311, 0, 0),
(25, 312, 0, 0),
(25, 313, 0, 0),
(25, 314, 1, 1),
(25, 315, 1, 1),
(25, 316, 0, 0),
(25, 317, 0, 0),
(25, 318, 0, 0),
(26, 208, 1, 1),
(26, 210, 1, 1),
(26, 211, 1, 1),
(26, 212, 1, 1),
(26, 213, 1, 1),
(26, 214, 1, 1),
(26, 215, 1, 1),
(26, 216, 1, 1),
(26, 217, 1, 1),
(26, 218, 1, 1),
(26, 219, 1, 1),
(26, 220, 1, 1),
(26, 221, 1, 1),
(26, 222, 1, 1),
(26, 223, 1, 1),
(26, 224, 1, 1),
(26, 225, 1, 1),
(26, 226, 1, 1),
(26, 227, 1, 1),
(26, 228, 1, 1),
(26, 229, 1, 1),
(26, 230, 1, 1),
(26, 231, 1, 1),
(26, 232, 1, 1),
(26, 233, 1, 1),
(26, 234, 1, 1),
(26, 235, 1, 1),
(26, 236, 1, 1),
(26, 237, 1, 1),
(26, 238, 1, 1),
(26, 239, 1, 1),
(26, 240, 1, 1),
(26, 241, 1, 1),
(26, 242, 1, 1),
(26, 243, 1, 1),
(26, 244, 1, 1),
(26, 245, 1, 1),
(26, 246, 1, 1),
(26, 247, 1, 1),
(26, 248, 1, 1),
(26, 249, 1, 1),
(26, 250, 1, 1),
(26, 251, 1, 1),
(26, 252, 1, 1),
(26, 253, 1, 1),
(26, 254, 1, 1),
(26, 255, 1, 1),
(26, 256, 1, 1),
(26, 257, 1, 1),
(26, 258, 1, 1),
(26, 259, 1, 1),
(26, 260, 1, 1),
(26, 261, 1, 1),
(26, 262, 1, 1),
(26, 263, 1, 1),
(26, 264, 1, 1),
(26, 265, 1, 1),
(26, 266, 0, 0),
(26, 267, 0, 0),
(26, 268, 0, 0),
(26, 269, 0, 0),
(26, 270, 0, 0),
(26, 271, 0, 0),
(26, 272, 0, 0),
(26, 273, 0, 0),
(26, 274, 1, 1),
(26, 275, 1, 1),
(26, 276, 1, 1),
(26, 278, 1, 1),
(26, 279, 0, 0),
(26, 280, 0, 0),
(26, 281, 0, 0),
(26, 282, 0, 0),
(26, 283, 0, 0),
(26, 284, 0, 0),
(26, 285, 0, 0),
(26, 286, 0, 0),
(26, 287, 0, 0),
(26, 288, 0, 0),
(26, 289, 0, 0),
(26, 290, 0, 0),
(26, 291, 0, 0),
(26, 292, 0, 0),
(26, 293, 0, 0),
(26, 294, 0, 0),
(26, 295, 0, 0),
(26, 296, 1, 1),
(26, 297, 0, 0),
(26, 298, 0, 0),
(26, 299, 0, 0),
(26, 300, 0, 0),
(26, 301, 0, 0),
(26, 302, 0, 0),
(26, 303, 0, 0),
(26, 304, 0, 0),
(26, 305, 0, 0),
(26, 306, 0, 0),
(26, 307, 0, 0),
(26, 308, 0, 0),
(26, 309, 0, 0),
(26, 310, 0, 0),
(26, 311, 0, 0),
(26, 312, 0, 0),
(26, 313, 0, 0),
(26, 314, 1, 1),
(26, 315, 1, 1),
(26, 316, 0, 0),
(26, 317, 0, 0),
(26, 318, 0, 0),
(27, 208, 1, 1),
(27, 210, 1, 1),
(27, 211, 1, 1),
(27, 212, 1, 1),
(27, 213, 1, 1),
(27, 214, 1, 1),
(27, 215, 1, 1),
(27, 216, 1, 1),
(27, 217, 1, 1),
(27, 218, 1, 1),
(27, 219, 1, 1),
(27, 220, 1, 1),
(27, 221, 1, 1),
(27, 222, 1, 1),
(27, 223, 1, 1),
(27, 224, 1, 1),
(27, 225, 1, 1),
(27, 226, 1, 1),
(27, 227, 1, 1),
(27, 228, 1, 1),
(27, 229, 1, 1),
(27, 230, 1, 1),
(27, 231, 1, 1),
(27, 232, 1, 1),
(27, 233, 1, 1),
(27, 234, 1, 1),
(27, 235, 1, 1),
(27, 236, 1, 1),
(27, 237, 1, 1),
(27, 238, 1, 1),
(27, 239, 1, 1),
(27, 240, 1, 1),
(27, 241, 1, 1),
(27, 242, 1, 1),
(27, 243, 1, 1),
(27, 244, 1, 1),
(27, 245, 1, 1),
(27, 246, 1, 1),
(27, 247, 1, 1),
(27, 248, 1, 1),
(27, 249, 1, 1),
(27, 250, 1, 1),
(27, 251, 1, 1),
(27, 252, 1, 1),
(27, 253, 1, 1),
(27, 254, 1, 1),
(27, 255, 1, 1),
(27, 256, 1, 1),
(27, 257, 1, 1),
(27, 258, 1, 1),
(27, 259, 1, 1),
(27, 260, 1, 1),
(27, 261, 1, 1),
(27, 262, 1, 1),
(27, 263, 1, 1),
(27, 264, 1, 1),
(27, 265, 1, 1),
(27, 266, 0, 0),
(27, 267, 0, 0),
(27, 268, 0, 0),
(27, 269, 0, 0),
(27, 270, 0, 0),
(27, 271, 0, 0),
(27, 272, 0, 0),
(27, 273, 0, 0),
(27, 274, 1, 1),
(27, 275, 1, 1),
(27, 276, 1, 1),
(27, 278, 1, 1),
(27, 279, 0, 0),
(27, 280, 0, 0),
(27, 281, 0, 0),
(27, 282, 0, 0),
(27, 283, 0, 0),
(27, 284, 0, 0),
(27, 285, 0, 0),
(27, 286, 0, 0),
(27, 287, 0, 0),
(27, 288, 0, 0),
(27, 289, 0, 0),
(27, 290, 0, 0),
(27, 291, 0, 0),
(27, 292, 0, 0),
(27, 293, 0, 0),
(27, 294, 0, 0),
(27, 295, 0, 0),
(27, 296, 1, 1),
(27, 297, 0, 0),
(27, 298, 0, 0),
(27, 299, 0, 0),
(27, 300, 0, 0),
(27, 301, 0, 0),
(27, 302, 0, 0),
(27, 303, 0, 0),
(27, 304, 0, 0),
(27, 305, 0, 0),
(27, 306, 0, 0),
(27, 307, 0, 0),
(27, 308, 0, 0),
(27, 309, 0, 0),
(27, 310, 0, 0),
(27, 311, 0, 0),
(27, 312, 0, 0),
(27, 313, 0, 0),
(27, 314, 1, 1),
(27, 315, 1, 1),
(27, 316, 0, 0),
(27, 317, 0, 0),
(27, 318, 0, 0),
(28, 208, 1, 1),
(28, 210, 1, 1),
(28, 211, 1, 1),
(28, 212, 1, 1),
(28, 213, 1, 1),
(28, 214, 1, 1),
(28, 215, 1, 1),
(28, 216, 1, 1),
(28, 217, 1, 1),
(28, 218, 1, 1),
(28, 219, 1, 1),
(28, 220, 1, 1),
(28, 221, 1, 1),
(28, 222, 1, 1),
(28, 223, 1, 1),
(28, 224, 1, 1),
(28, 225, 1, 1),
(28, 226, 1, 1),
(28, 227, 1, 1),
(28, 228, 1, 1),
(28, 229, 1, 1),
(28, 230, 1, 1),
(28, 231, 1, 1),
(28, 232, 1, 1),
(28, 233, 1, 1),
(28, 234, 1, 1),
(28, 235, 1, 1),
(28, 236, 1, 1),
(28, 237, 1, 1),
(28, 238, 1, 1),
(28, 239, 1, 1),
(28, 240, 1, 1),
(28, 241, 1, 1),
(28, 242, 1, 1),
(28, 243, 1, 1),
(28, 244, 1, 1),
(28, 245, 1, 1),
(28, 246, 1, 1),
(28, 247, 1, 1),
(28, 248, 1, 1),
(28, 249, 1, 1),
(28, 250, 1, 1),
(28, 251, 1, 1),
(28, 252, 1, 1),
(28, 253, 1, 1),
(28, 254, 1, 1),
(28, 255, 1, 1),
(28, 256, 1, 1),
(28, 257, 1, 1),
(28, 258, 1, 1),
(28, 259, 1, 1),
(28, 260, 1, 1),
(28, 261, 1, 1),
(28, 262, 1, 1),
(28, 263, 1, 1),
(28, 264, 1, 1),
(28, 265, 1, 1),
(28, 266, 0, 0),
(28, 267, 0, 0),
(28, 268, 0, 0),
(28, 269, 0, 0),
(28, 270, 0, 0),
(28, 271, 0, 0),
(28, 272, 0, 0),
(28, 273, 0, 0),
(28, 274, 1, 1),
(28, 275, 1, 1),
(28, 276, 1, 1),
(28, 278, 1, 1),
(28, 279, 0, 0),
(28, 280, 0, 0),
(28, 281, 0, 0),
(28, 282, 0, 0),
(28, 283, 0, 0),
(28, 284, 0, 0),
(28, 285, 0, 0),
(28, 286, 0, 0),
(28, 287, 0, 0),
(28, 288, 0, 0),
(28, 289, 0, 0),
(28, 290, 0, 0),
(28, 291, 0, 0),
(28, 292, 0, 0),
(28, 293, 0, 0),
(28, 294, 0, 0),
(28, 295, 0, 0),
(28, 296, 1, 1),
(28, 297, 0, 0),
(28, 298, 0, 0),
(28, 299, 0, 0),
(28, 300, 0, 0),
(28, 301, 0, 0),
(28, 302, 0, 0),
(28, 303, 0, 0),
(28, 304, 0, 0),
(28, 305, 0, 0),
(28, 306, 0, 0),
(28, 307, 0, 0),
(28, 308, 0, 0),
(28, 309, 0, 0),
(28, 310, 0, 0),
(28, 311, 0, 0),
(28, 312, 0, 0),
(28, 313, 0, 0),
(28, 314, 1, 1),
(28, 315, 1, 1),
(28, 316, 0, 0),
(28, 317, 0, 0),
(28, 318, 0, 0),
(29, 208, 1, 1),
(29, 210, 1, 1),
(29, 211, 1, 1),
(29, 212, 1, 1),
(29, 213, 1, 1),
(29, 214, 1, 1),
(29, 215, 1, 1),
(29, 216, 1, 1),
(29, 217, 1, 1),
(29, 218, 1, 1),
(29, 219, 1, 1),
(29, 220, 1, 1),
(29, 221, 1, 1),
(29, 222, 1, 1),
(29, 223, 1, 1),
(29, 224, 1, 1),
(29, 225, 1, 1),
(29, 226, 1, 1),
(29, 227, 1, 1),
(29, 228, 1, 1),
(29, 229, 1, 1),
(29, 230, 1, 1),
(29, 231, 1, 1),
(29, 232, 1, 1),
(29, 233, 1, 1),
(29, 234, 1, 1),
(29, 235, 1, 1),
(29, 236, 1, 1),
(29, 237, 1, 1),
(29, 238, 1, 1),
(29, 239, 1, 1),
(29, 240, 1, 1),
(29, 241, 1, 1),
(29, 242, 1, 1),
(29, 243, 1, 1),
(29, 244, 1, 1),
(29, 245, 1, 1),
(29, 246, 1, 1),
(29, 247, 1, 1),
(29, 248, 1, 1),
(29, 249, 1, 1),
(29, 250, 1, 1),
(29, 251, 1, 1),
(29, 252, 1, 1),
(29, 253, 1, 1),
(29, 254, 1, 1),
(29, 255, 1, 1),
(29, 256, 1, 1),
(29, 257, 1, 1),
(29, 258, 1, 1),
(29, 259, 1, 1),
(29, 260, 1, 1),
(29, 261, 1, 1),
(29, 262, 1, 1),
(29, 263, 1, 1),
(29, 264, 1, 1),
(29, 265, 1, 1),
(29, 266, 0, 0),
(29, 267, 0, 0),
(29, 268, 0, 0),
(29, 269, 0, 0),
(29, 270, 0, 0),
(29, 271, 0, 0),
(29, 272, 0, 0),
(29, 273, 0, 0),
(29, 274, 1, 1),
(29, 275, 1, 1),
(29, 276, 1, 1),
(29, 278, 1, 1),
(29, 279, 0, 0),
(29, 280, 0, 0),
(29, 281, 0, 0),
(29, 282, 0, 0),
(29, 283, 0, 0),
(29, 284, 0, 0),
(29, 285, 0, 0),
(29, 286, 0, 0),
(29, 287, 0, 0),
(29, 288, 0, 0),
(29, 289, 0, 0),
(29, 290, 0, 0),
(29, 291, 0, 0),
(29, 292, 0, 0),
(29, 293, 0, 0),
(29, 294, 0, 0),
(29, 295, 0, 0),
(29, 296, 1, 1),
(29, 297, 0, 0),
(29, 298, 0, 0),
(29, 299, 0, 0),
(29, 300, 0, 0),
(29, 301, 0, 0),
(29, 302, 0, 0),
(29, 303, 0, 0),
(29, 304, 0, 0),
(29, 305, 0, 0),
(29, 306, 0, 0),
(29, 307, 0, 0),
(29, 308, 0, 0),
(29, 309, 0, 0),
(29, 310, 0, 0),
(29, 311, 0, 0),
(29, 312, 0, 0),
(29, 313, 0, 0),
(29, 314, 1, 1),
(29, 315, 1, 1),
(29, 316, 0, 0),
(29, 317, 0, 0),
(29, 318, 0, 0),
(30, 208, 1, 1),
(30, 210, 1, 1),
(30, 211, 1, 1),
(30, 212, 1, 1),
(30, 213, 1, 1),
(30, 214, 1, 1),
(30, 215, 1, 1),
(30, 216, 1, 1),
(30, 217, 1, 1),
(30, 218, 1, 1),
(30, 219, 1, 1),
(30, 220, 1, 1),
(30, 221, 1, 1),
(30, 222, 1, 1),
(30, 223, 1, 1),
(30, 224, 1, 1),
(30, 225, 1, 1),
(30, 226, 1, 1),
(30, 227, 1, 1),
(30, 228, 1, 1),
(30, 229, 1, 1),
(30, 230, 1, 1),
(30, 231, 1, 1),
(30, 232, 1, 1),
(30, 233, 1, 1),
(30, 234, 1, 1),
(30, 235, 1, 1),
(30, 236, 1, 1),
(30, 237, 1, 1),
(30, 238, 1, 1),
(30, 239, 1, 1),
(30, 240, 1, 1),
(30, 241, 1, 1),
(30, 242, 1, 1),
(30, 243, 1, 1),
(30, 244, 1, 1),
(30, 245, 1, 1),
(30, 246, 1, 1),
(30, 247, 1, 1),
(30, 248, 1, 1),
(30, 249, 1, 1),
(30, 250, 1, 1),
(30, 251, 1, 1),
(30, 252, 1, 1),
(30, 253, 1, 1),
(30, 254, 1, 1),
(30, 255, 1, 1),
(30, 256, 1, 1),
(30, 257, 1, 1),
(30, 258, 1, 1),
(30, 259, 1, 1),
(30, 260, 1, 1),
(30, 261, 1, 1),
(30, 262, 1, 1),
(30, 263, 1, 1),
(30, 264, 1, 1),
(30, 265, 1, 1),
(30, 266, 0, 0),
(30, 267, 0, 0),
(30, 268, 0, 0),
(30, 269, 0, 0),
(30, 270, 0, 0),
(30, 271, 0, 0),
(30, 272, 0, 0),
(30, 273, 0, 0),
(30, 274, 1, 1),
(30, 275, 1, 1),
(30, 276, 1, 1),
(30, 278, 1, 1),
(30, 279, 0, 0),
(30, 280, 0, 0),
(30, 281, 0, 0),
(30, 282, 0, 0),
(30, 283, 0, 0),
(30, 284, 0, 0),
(30, 285, 0, 0),
(30, 286, 0, 0),
(30, 287, 0, 0),
(30, 288, 0, 0),
(30, 289, 0, 0),
(30, 290, 0, 0),
(30, 291, 0, 0),
(30, 292, 0, 0),
(30, 293, 0, 0),
(30, 294, 0, 0),
(30, 295, 0, 0),
(30, 296, 1, 1),
(30, 297, 0, 0),
(30, 298, 0, 0),
(30, 299, 0, 0),
(30, 300, 0, 0),
(30, 301, 0, 0),
(30, 302, 0, 0),
(30, 303, 0, 0),
(30, 304, 0, 0),
(30, 305, 0, 0),
(30, 306, 0, 0),
(30, 307, 0, 0),
(30, 308, 0, 0),
(30, 309, 0, 0),
(30, 310, 0, 0),
(30, 311, 0, 0),
(30, 312, 0, 0),
(30, 313, 0, 0),
(30, 314, 1, 1),
(30, 315, 1, 1),
(30, 316, 0, 0),
(30, 317, 0, 0),
(30, 318, 0, 0),
(31, 208, 1, 1),
(31, 210, 1, 1),
(31, 211, 1, 1),
(31, 212, 1, 1),
(31, 213, 1, 1),
(31, 214, 1, 1),
(31, 215, 1, 1),
(31, 216, 1, 1),
(31, 217, 1, 1),
(31, 218, 1, 1),
(31, 219, 1, 1),
(31, 220, 1, 1),
(31, 221, 1, 1),
(31, 222, 1, 1),
(31, 223, 1, 1),
(31, 224, 1, 1),
(31, 225, 1, 1),
(31, 226, 1, 1),
(31, 227, 1, 1),
(31, 228, 1, 1),
(31, 229, 1, 1),
(31, 230, 1, 1),
(31, 231, 1, 1),
(31, 232, 1, 1),
(31, 233, 1, 1),
(31, 234, 1, 1),
(31, 235, 1, 1),
(31, 236, 1, 1),
(31, 237, 1, 1),
(31, 238, 1, 1),
(31, 239, 1, 1),
(31, 240, 1, 1),
(31, 241, 1, 1),
(31, 242, 1, 1),
(31, 243, 1, 1),
(31, 244, 1, 1),
(31, 245, 1, 1),
(31, 246, 1, 1),
(31, 247, 1, 1),
(31, 248, 1, 1),
(31, 249, 1, 1),
(31, 250, 1, 1),
(31, 251, 1, 1),
(31, 252, 1, 1),
(31, 253, 1, 1),
(31, 254, 1, 1),
(31, 255, 1, 1),
(31, 256, 1, 1),
(31, 257, 1, 1),
(31, 258, 1, 1),
(31, 259, 1, 1),
(31, 260, 1, 1),
(31, 261, 1, 1),
(31, 262, 1, 1),
(31, 263, 1, 1),
(31, 264, 1, 1),
(31, 265, 1, 1),
(31, 266, 0, 0),
(31, 267, 0, 0),
(31, 268, 0, 0),
(31, 269, 0, 0),
(31, 270, 0, 0),
(31, 271, 0, 0),
(31, 272, 0, 0),
(31, 273, 0, 0),
(31, 274, 1, 1),
(31, 275, 1, 1),
(31, 276, 1, 1),
(31, 278, 1, 1),
(31, 279, 0, 0),
(31, 280, 0, 0),
(31, 281, 0, 0),
(31, 282, 0, 0),
(31, 283, 0, 0),
(31, 284, 0, 0),
(31, 285, 0, 0),
(31, 286, 0, 0),
(31, 287, 0, 0),
(31, 288, 0, 0),
(31, 289, 0, 0),
(31, 290, 0, 0),
(31, 291, 0, 0),
(31, 292, 0, 0),
(31, 293, 0, 0),
(31, 294, 0, 0),
(31, 295, 0, 0),
(31, 296, 1, 1),
(31, 297, 0, 0),
(31, 298, 0, 0),
(31, 299, 0, 0),
(31, 300, 0, 0),
(31, 301, 0, 0),
(31, 302, 0, 0),
(31, 303, 0, 0),
(31, 304, 0, 0),
(31, 305, 0, 0),
(31, 306, 0, 0),
(31, 307, 0, 0),
(31, 308, 0, 0),
(31, 309, 0, 0),
(31, 310, 0, 0),
(31, 311, 0, 0),
(31, 312, 0, 0),
(31, 313, 0, 0),
(31, 314, 1, 1),
(31, 315, 1, 1),
(31, 316, 0, 0),
(31, 317, 0, 0),
(31, 318, 0, 0),
(32, 208, 1, 1),
(32, 210, 1, 1),
(32, 211, 1, 1),
(32, 212, 1, 1),
(32, 213, 1, 1),
(32, 214, 1, 1),
(32, 215, 1, 1),
(32, 216, 1, 1),
(32, 217, 1, 1),
(32, 218, 1, 1),
(32, 219, 1, 1),
(32, 220, 1, 1),
(32, 221, 1, 1),
(32, 222, 1, 1),
(32, 223, 1, 1),
(32, 224, 1, 1),
(32, 225, 1, 1),
(32, 226, 1, 1),
(32, 227, 1, 1),
(32, 228, 1, 1),
(32, 229, 1, 1),
(32, 230, 1, 1),
(32, 231, 1, 1),
(32, 232, 1, 1),
(32, 233, 1, 1),
(32, 234, 1, 1),
(32, 235, 1, 1),
(32, 236, 1, 1),
(32, 237, 1, 1),
(32, 238, 1, 1),
(32, 239, 1, 1),
(32, 240, 1, 1),
(32, 241, 1, 1),
(32, 242, 1, 1),
(32, 243, 1, 1),
(32, 244, 1, 1),
(32, 245, 1, 1),
(32, 246, 1, 1),
(32, 247, 1, 1),
(32, 248, 1, 1),
(32, 249, 1, 1),
(32, 250, 1, 1),
(32, 251, 1, 1),
(32, 252, 1, 1),
(32, 253, 1, 1),
(32, 254, 1, 1),
(32, 255, 1, 1),
(32, 256, 1, 1),
(32, 257, 1, 1),
(32, 258, 1, 1),
(32, 259, 1, 1),
(32, 260, 1, 1),
(32, 261, 1, 1),
(32, 262, 1, 1),
(32, 263, 1, 1),
(32, 264, 1, 1),
(32, 265, 1, 1),
(32, 266, 0, 0),
(32, 267, 0, 0),
(32, 268, 0, 0),
(32, 269, 0, 0),
(32, 270, 0, 0),
(32, 271, 0, 0),
(32, 272, 0, 0),
(32, 273, 0, 0),
(32, 274, 1, 1),
(32, 275, 1, 1),
(32, 276, 1, 1),
(32, 278, 1, 1),
(32, 279, 0, 0),
(32, 280, 0, 0),
(32, 281, 0, 0),
(32, 282, 0, 0),
(32, 283, 0, 0),
(32, 284, 0, 0),
(32, 285, 0, 0),
(32, 286, 0, 0),
(32, 287, 0, 0),
(32, 288, 0, 0),
(32, 289, 0, 0),
(32, 290, 0, 0),
(32, 291, 0, 0),
(32, 292, 0, 0),
(32, 293, 0, 0),
(32, 294, 0, 0),
(32, 295, 0, 0),
(32, 296, 1, 1),
(32, 297, 0, 0),
(32, 298, 0, 0),
(32, 299, 0, 0),
(32, 300, 0, 0),
(32, 301, 0, 0),
(32, 302, 0, 0),
(32, 303, 0, 0),
(32, 304, 0, 0),
(32, 305, 0, 0),
(32, 306, 0, 0),
(32, 307, 0, 0),
(32, 308, 0, 0),
(32, 309, 0, 0),
(32, 310, 0, 0),
(32, 311, 0, 0),
(32, 312, 0, 0),
(32, 313, 0, 0),
(32, 314, 1, 1),
(32, 315, 1, 1),
(32, 316, 0, 0),
(32, 317, 0, 0),
(32, 318, 0, 0),
(33, 208, 1, 1),
(33, 210, 1, 1),
(33, 211, 1, 1),
(33, 212, 1, 1),
(33, 213, 1, 1),
(33, 214, 1, 1),
(33, 215, 1, 1),
(33, 216, 1, 1),
(33, 217, 1, 1),
(33, 218, 1, 1),
(33, 219, 1, 1),
(33, 220, 1, 1),
(33, 221, 1, 1),
(33, 222, 1, 1),
(33, 223, 1, 1),
(33, 224, 1, 1),
(33, 225, 1, 1),
(33, 226, 1, 1),
(33, 227, 1, 1),
(33, 228, 1, 1),
(33, 229, 1, 1),
(33, 230, 1, 1),
(33, 231, 1, 1),
(33, 232, 1, 1),
(33, 233, 1, 1),
(33, 234, 1, 1),
(33, 235, 1, 1),
(33, 236, 1, 1),
(33, 237, 1, 1),
(33, 238, 1, 1),
(33, 239, 1, 1),
(33, 240, 1, 1),
(33, 241, 1, 1),
(33, 242, 1, 1),
(33, 243, 1, 1),
(33, 244, 1, 1),
(33, 245, 1, 1),
(33, 246, 1, 1),
(33, 247, 1, 1),
(33, 248, 1, 1),
(33, 249, 1, 1),
(33, 250, 1, 1),
(33, 251, 1, 1),
(33, 252, 1, 1),
(33, 253, 1, 1),
(33, 254, 1, 1),
(33, 255, 1, 1),
(33, 256, 1, 1),
(33, 257, 1, 1),
(33, 258, 1, 1),
(33, 259, 1, 1),
(33, 260, 1, 1),
(33, 261, 1, 1),
(33, 262, 1, 1),
(33, 263, 1, 1),
(33, 264, 1, 1),
(33, 265, 1, 1),
(33, 266, 0, 0),
(33, 267, 0, 0),
(33, 268, 0, 0),
(33, 269, 0, 0),
(33, 270, 0, 0),
(33, 271, 0, 0),
(33, 272, 0, 0),
(33, 273, 0, 0),
(33, 274, 1, 1),
(33, 275, 1, 1),
(33, 276, 1, 1),
(33, 278, 1, 1),
(33, 279, 0, 0),
(33, 280, 0, 0),
(33, 281, 0, 0),
(33, 282, 0, 0),
(33, 283, 0, 0),
(33, 284, 0, 0),
(33, 285, 0, 0),
(33, 286, 0, 0),
(33, 287, 0, 0),
(33, 288, 0, 0),
(33, 289, 0, 0),
(33, 290, 0, 0),
(33, 291, 0, 0),
(33, 292, 0, 0),
(33, 293, 0, 0),
(33, 294, 0, 0),
(33, 295, 0, 0),
(33, 296, 1, 1),
(33, 297, 0, 0),
(33, 298, 0, 0),
(33, 299, 0, 0),
(33, 300, 0, 0),
(33, 301, 0, 0),
(33, 302, 0, 0),
(33, 303, 0, 0),
(33, 304, 0, 0),
(33, 305, 0, 0),
(33, 306, 0, 0),
(33, 307, 0, 0),
(33, 308, 0, 0),
(33, 309, 0, 0),
(33, 310, 0, 0),
(33, 311, 0, 0),
(33, 312, 0, 0),
(33, 313, 0, 0),
(33, 314, 1, 1),
(33, 315, 1, 1),
(33, 316, 0, 0),
(33, 317, 0, 0),
(33, 318, 0, 0),
(34, 208, 1, 1),
(34, 210, 1, 1),
(34, 211, 1, 1),
(34, 212, 1, 1),
(34, 213, 1, 1),
(34, 214, 1, 1),
(34, 215, 1, 1),
(34, 216, 1, 1),
(34, 217, 1, 1),
(34, 218, 1, 1),
(34, 219, 1, 1),
(34, 220, 1, 1),
(34, 221, 1, 1),
(34, 222, 1, 1),
(34, 223, 1, 1),
(34, 224, 1, 1),
(34, 225, 1, 1),
(34, 226, 1, 1),
(34, 227, 1, 1),
(34, 228, 1, 1),
(34, 229, 1, 1),
(34, 230, 1, 1),
(34, 231, 1, 1),
(34, 232, 1, 1),
(34, 233, 1, 1),
(34, 234, 1, 1),
(34, 235, 1, 1),
(34, 236, 1, 1),
(34, 237, 1, 1),
(34, 238, 1, 1),
(34, 239, 1, 1),
(34, 240, 1, 1),
(34, 241, 1, 1),
(34, 242, 1, 1),
(34, 243, 1, 1),
(34, 244, 1, 1),
(34, 245, 1, 1),
(34, 246, 1, 1),
(34, 247, 1, 1),
(34, 248, 1, 1),
(34, 249, 1, 1),
(34, 250, 1, 1),
(34, 251, 1, 1),
(34, 252, 1, 1),
(34, 253, 1, 1),
(34, 254, 1, 1),
(34, 255, 1, 1),
(34, 256, 1, 1),
(34, 257, 1, 1),
(34, 258, 1, 1),
(34, 259, 1, 1),
(34, 260, 1, 1),
(34, 261, 1, 1),
(34, 262, 1, 1),
(34, 263, 1, 1),
(34, 264, 1, 1),
(34, 265, 1, 1),
(34, 266, 0, 0),
(34, 267, 0, 0),
(34, 268, 0, 0),
(34, 269, 0, 0),
(34, 270, 0, 0),
(34, 271, 0, 0),
(34, 272, 0, 0),
(34, 273, 0, 0),
(34, 274, 1, 1),
(34, 275, 1, 1),
(34, 276, 1, 1),
(34, 278, 1, 1),
(34, 279, 0, 0),
(34, 280, 0, 0),
(34, 281, 0, 0),
(34, 282, 0, 0),
(34, 283, 0, 0),
(34, 284, 0, 0),
(34, 285, 0, 0),
(34, 286, 0, 0),
(34, 287, 0, 0),
(34, 288, 0, 0),
(34, 289, 0, 0),
(34, 290, 0, 0),
(34, 291, 0, 0),
(34, 292, 0, 0),
(34, 293, 0, 0),
(34, 294, 0, 0),
(34, 295, 0, 0),
(34, 296, 1, 1),
(34, 297, 0, 0),
(34, 298, 0, 0),
(34, 299, 0, 0),
(34, 300, 0, 0),
(34, 301, 0, 0),
(34, 302, 0, 0),
(34, 303, 0, 0),
(34, 304, 0, 0),
(34, 305, 0, 0),
(34, 306, 0, 0),
(34, 307, 0, 0),
(34, 308, 0, 0),
(34, 309, 0, 0),
(34, 310, 0, 0),
(34, 311, 0, 0),
(34, 312, 0, 0),
(34, 313, 0, 0),
(34, 314, 1, 1),
(34, 315, 1, 1),
(34, 316, 0, 0),
(34, 317, 0, 0),
(34, 318, 0, 0),
(35, 208, 1, 1),
(35, 210, 1, 1),
(35, 211, 1, 1),
(35, 212, 1, 1),
(35, 213, 1, 1),
(35, 214, 1, 1),
(35, 215, 1, 1),
(35, 216, 1, 1),
(35, 217, 1, 1),
(35, 218, 1, 1),
(35, 219, 1, 1),
(35, 220, 1, 1),
(35, 221, 1, 1),
(35, 222, 1, 1),
(35, 223, 1, 1),
(35, 224, 1, 1),
(35, 225, 1, 1),
(35, 226, 1, 1),
(35, 227, 1, 1),
(35, 228, 1, 1),
(35, 229, 1, 1),
(35, 230, 1, 1),
(35, 231, 1, 1),
(35, 232, 1, 1),
(35, 233, 1, 1),
(35, 234, 1, 1),
(35, 235, 1, 1),
(35, 236, 1, 1),
(35, 237, 1, 1),
(35, 238, 1, 1),
(35, 239, 1, 1),
(35, 240, 1, 1),
(35, 241, 1, 1),
(35, 242, 1, 1),
(35, 243, 1, 1),
(35, 244, 1, 1),
(35, 245, 1, 1),
(35, 246, 1, 1),
(35, 247, 1, 1),
(35, 248, 1, 1),
(35, 249, 1, 1),
(35, 250, 1, 1),
(35, 251, 1, 1),
(35, 252, 1, 1),
(35, 253, 1, 1),
(35, 254, 1, 1),
(35, 255, 1, 1),
(35, 256, 1, 1),
(35, 257, 1, 1),
(35, 258, 1, 1),
(35, 259, 1, 1),
(35, 260, 1, 1),
(35, 261, 1, 1),
(35, 262, 1, 1),
(35, 263, 1, 1),
(35, 264, 1, 1),
(35, 265, 1, 1),
(35, 266, 0, 0),
(35, 267, 0, 0),
(35, 268, 0, 0),
(35, 269, 0, 0),
(35, 270, 0, 0),
(35, 271, 0, 0),
(35, 272, 0, 0),
(35, 273, 0, 0),
(35, 274, 1, 1),
(35, 275, 1, 1),
(35, 276, 1, 1),
(35, 278, 1, 1),
(35, 279, 0, 0),
(35, 280, 0, 0),
(35, 281, 0, 0),
(35, 282, 0, 0),
(35, 283, 0, 0),
(35, 284, 0, 0),
(35, 285, 0, 0);
INSERT INTO `tm_acl_discussion` (`user_id`, `discussion_id`, `is_read`, `is_write`) VALUES
(35, 286, 0, 0),
(35, 287, 0, 0),
(35, 288, 0, 0),
(35, 289, 0, 0),
(35, 290, 0, 0),
(35, 291, 0, 0),
(35, 292, 0, 0),
(35, 293, 0, 0),
(35, 294, 0, 0),
(35, 295, 0, 0),
(35, 296, 1, 1),
(35, 297, 0, 0),
(35, 298, 0, 0),
(35, 299, 0, 0),
(35, 300, 0, 0),
(35, 301, 0, 0),
(35, 302, 0, 0),
(35, 303, 0, 0),
(35, 304, 0, 0),
(35, 305, 0, 0),
(35, 306, 0, 0),
(35, 307, 0, 0),
(35, 308, 0, 0),
(35, 309, 0, 0),
(35, 310, 0, 0),
(35, 311, 0, 0),
(35, 312, 0, 0),
(35, 313, 0, 0),
(35, 314, 1, 1),
(35, 315, 1, 1),
(35, 316, 0, 0),
(35, 317, 0, 0),
(35, 318, 0, 0),
(36, 208, 1, 1),
(36, 210, 1, 1),
(36, 211, 1, 1),
(36, 212, 1, 1),
(36, 213, 1, 1),
(36, 214, 1, 1),
(36, 215, 1, 1),
(36, 216, 1, 1),
(36, 217, 1, 1),
(36, 218, 1, 1),
(36, 219, 1, 1),
(36, 220, 1, 1),
(36, 221, 1, 1),
(36, 222, 1, 1),
(36, 223, 1, 1),
(36, 224, 1, 1),
(36, 225, 1, 1),
(36, 226, 1, 1),
(36, 227, 1, 1),
(36, 228, 1, 1),
(36, 229, 1, 1),
(36, 230, 1, 1),
(36, 231, 1, 1),
(36, 232, 1, 1),
(36, 233, 1, 1),
(36, 234, 1, 1),
(36, 235, 1, 1),
(36, 236, 1, 1),
(36, 237, 1, 1),
(36, 238, 1, 1),
(36, 239, 1, 1),
(36, 240, 1, 1),
(36, 241, 1, 1),
(36, 242, 1, 1),
(36, 243, 1, 1),
(36, 244, 1, 1),
(36, 245, 1, 1),
(36, 246, 1, 1),
(36, 247, 1, 1),
(36, 248, 1, 1),
(36, 249, 1, 1),
(36, 250, 1, 1),
(36, 251, 1, 1),
(36, 252, 1, 1),
(36, 253, 1, 1),
(36, 254, 1, 1),
(36, 255, 1, 1),
(36, 256, 1, 1),
(36, 257, 1, 1),
(36, 258, 1, 1),
(36, 259, 1, 1),
(36, 260, 1, 1),
(36, 261, 1, 1),
(36, 262, 1, 1),
(36, 263, 1, 1),
(36, 264, 1, 1),
(36, 265, 1, 1),
(36, 266, 0, 0),
(36, 267, 0, 0),
(36, 268, 0, 0),
(36, 269, 0, 0),
(36, 270, 0, 0),
(36, 271, 0, 0),
(36, 272, 0, 0),
(36, 273, 0, 0),
(36, 274, 1, 1),
(36, 275, 1, 1),
(36, 276, 1, 1),
(36, 278, 1, 1),
(36, 279, 0, 0),
(36, 280, 0, 0),
(36, 281, 0, 0),
(36, 282, 0, 0),
(36, 283, 0, 0),
(36, 284, 0, 0),
(36, 285, 0, 0),
(36, 286, 0, 0),
(36, 287, 0, 0),
(36, 288, 0, 0),
(36, 289, 0, 0),
(36, 290, 0, 0),
(36, 291, 0, 0),
(36, 292, 0, 0),
(36, 293, 0, 0),
(36, 294, 0, 0),
(36, 295, 0, 0),
(36, 296, 1, 1),
(36, 297, 0, 0),
(36, 298, 0, 0),
(36, 299, 0, 0),
(36, 300, 0, 0),
(36, 301, 0, 0),
(36, 302, 0, 0),
(36, 303, 0, 0),
(36, 304, 0, 0),
(36, 305, 0, 0),
(36, 306, 0, 0),
(36, 307, 0, 0),
(36, 308, 0, 0),
(36, 309, 0, 0),
(36, 310, 0, 0),
(36, 311, 0, 0),
(36, 312, 0, 0),
(36, 313, 0, 0),
(36, 314, 1, 1),
(36, 315, 1, 1),
(36, 316, 0, 0),
(36, 317, 0, 0),
(36, 318, 0, 0),
(41, 213, 1, 1),
(41, 214, 1, 1),
(41, 215, 1, 1),
(41, 216, 1, 1),
(41, 217, 1, 1),
(41, 218, 1, 1),
(41, 219, 1, 1),
(41, 220, 1, 1),
(41, 221, 1, 1),
(41, 222, 1, 1),
(41, 223, 1, 1),
(41, 224, 1, 1),
(41, 225, 1, 1),
(41, 226, 1, 1),
(41, 227, 1, 1),
(41, 228, 1, 1),
(41, 229, 1, 1),
(41, 230, 1, 1),
(41, 231, 1, 1),
(41, 232, 1, 1),
(41, 233, 1, 1),
(41, 234, 1, 1),
(41, 235, 1, 1),
(41, 236, 1, 1),
(41, 237, 1, 1),
(41, 238, 1, 1),
(41, 239, 1, 1),
(41, 240, 1, 1),
(41, 241, 1, 1),
(41, 242, 1, 1),
(41, 243, 1, 1),
(41, 244, 1, 1),
(41, 245, 1, 1),
(41, 246, 1, 1),
(41, 247, 1, 1),
(41, 248, 1, 1),
(41, 249, 1, 1),
(41, 250, 1, 1),
(41, 251, 1, 1),
(41, 252, 1, 1),
(41, 253, 1, 1),
(41, 254, 1, 1),
(41, 255, 1, 1),
(41, 256, 1, 1),
(41, 257, 1, 1),
(41, 258, 1, 1),
(41, 259, 1, 1),
(41, 260, 1, 1),
(41, 261, 1, 1),
(41, 262, 1, 1),
(41, 263, 1, 1),
(41, 264, 1, 1),
(41, 265, 1, 1),
(41, 266, 0, 0),
(41, 267, 0, 0),
(41, 268, 0, 0),
(41, 269, 0, 0),
(41, 270, 0, 0),
(41, 271, 0, 0),
(41, 272, 0, 0),
(41, 273, 0, 0),
(41, 274, 1, 1),
(41, 275, 1, 1),
(41, 276, 1, 1),
(41, 278, 1, 1),
(41, 279, 0, 0),
(41, 280, 0, 0),
(41, 281, 0, 0),
(41, 282, 0, 0),
(41, 283, 0, 0),
(41, 284, 0, 0),
(41, 285, 0, 0),
(41, 286, 0, 0),
(41, 287, 0, 0),
(41, 288, 0, 0),
(41, 289, 0, 0),
(41, 290, 0, 0),
(41, 291, 0, 0),
(41, 292, 0, 0),
(41, 293, 0, 0),
(41, 294, 0, 0),
(41, 295, 0, 0),
(41, 296, 1, 1),
(41, 297, 0, 0),
(41, 298, 0, 0),
(41, 299, 0, 0),
(41, 300, 0, 0),
(41, 301, 0, 0),
(41, 302, 0, 0),
(41, 303, 0, 0),
(41, 304, 0, 0),
(41, 305, 0, 0),
(41, 306, 0, 0),
(41, 307, 0, 0),
(41, 308, 0, 0),
(41, 309, 0, 0),
(41, 310, 0, 0),
(41, 311, 0, 0),
(41, 312, 0, 0),
(41, 313, 0, 0),
(41, 314, 1, 1),
(41, 315, 1, 1),
(41, 316, 0, 0),
(41, 317, 0, 0),
(41, 318, 0, 0),
(42, 267, 0, 0),
(42, 268, 0, 0),
(42, 269, 0, 0),
(42, 270, 0, 0),
(42, 271, 0, 0),
(42, 272, 0, 0),
(42, 273, 0, 0),
(42, 274, 0, 0),
(42, 275, 0, 0),
(42, 276, 0, 0),
(42, 279, 0, 0),
(42, 280, 0, 0),
(42, 281, 0, 0),
(42, 282, 0, 0),
(42, 283, 0, 0),
(42, 284, 0, 0),
(42, 285, 0, 0),
(42, 286, 0, 0),
(42, 287, 0, 0),
(42, 288, 0, 0),
(42, 289, 0, 0),
(42, 290, 0, 0),
(42, 291, 0, 0),
(42, 292, 0, 0),
(42, 293, 0, 0),
(42, 294, 0, 0),
(42, 295, 0, 0),
(42, 297, 0, 0),
(42, 298, 0, 0),
(42, 299, 0, 0),
(42, 300, 0, 0),
(42, 301, 0, 0),
(42, 302, 0, 0),
(42, 303, 0, 0),
(42, 304, 0, 0),
(42, 305, 0, 0),
(42, 306, 0, 0),
(42, 307, 0, 0),
(42, 308, 0, 0),
(42, 309, 0, 0),
(42, 310, 0, 0),
(42, 311, 0, 0),
(42, 312, 0, 0),
(42, 313, 0, 0),
(42, 316, 0, 0),
(42, 317, 0, 0),
(42, 318, 0, 0),
(43, 267, 0, 0),
(43, 268, 0, 0),
(43, 269, 0, 0),
(43, 270, 0, 0),
(43, 271, 0, 0),
(43, 272, 0, 0),
(43, 273, 0, 0),
(43, 274, 0, 0),
(43, 275, 0, 0),
(43, 276, 0, 0),
(43, 279, 0, 0),
(43, 280, 0, 0),
(43, 281, 0, 0),
(43, 282, 0, 0),
(43, 283, 0, 0),
(43, 284, 0, 0),
(43, 285, 0, 0),
(43, 286, 0, 0),
(43, 287, 0, 0),
(43, 288, 0, 0),
(43, 289, 0, 0),
(43, 290, 0, 0),
(43, 291, 0, 0),
(43, 292, 0, 0),
(43, 293, 0, 0),
(43, 294, 0, 0),
(43, 295, 0, 0),
(43, 297, 0, 0),
(43, 298, 0, 0),
(43, 299, 0, 0),
(43, 300, 0, 0),
(43, 301, 0, 0),
(43, 302, 0, 0),
(43, 303, 0, 0),
(43, 304, 0, 0),
(43, 305, 0, 0),
(43, 306, 0, 0),
(43, 307, 0, 0),
(43, 308, 0, 0),
(43, 309, 0, 0),
(43, 310, 0, 0),
(43, 311, 0, 0),
(43, 312, 0, 0),
(43, 313, 0, 0),
(43, 316, 0, 0),
(43, 317, 0, 0),
(43, 318, 0, 0),
(44, 267, 0, 0),
(44, 268, 0, 0),
(44, 269, 0, 0),
(44, 270, 0, 0),
(44, 271, 0, 0),
(44, 272, 0, 0),
(44, 273, 0, 0),
(44, 274, 0, 0),
(44, 275, 0, 0),
(44, 276, 0, 0),
(44, 279, 0, 0),
(44, 280, 0, 0),
(44, 281, 0, 0),
(44, 282, 0, 0),
(44, 283, 0, 0),
(44, 284, 0, 0),
(44, 285, 0, 0),
(44, 286, 0, 0),
(44, 287, 0, 0),
(44, 288, 0, 0),
(44, 289, 0, 0),
(44, 290, 0, 0),
(44, 291, 0, 0),
(44, 292, 0, 0),
(44, 293, 0, 0),
(44, 294, 0, 0),
(44, 295, 0, 0),
(44, 297, 0, 0),
(44, 298, 0, 0),
(44, 299, 0, 0),
(44, 300, 0, 0),
(44, 301, 0, 0),
(44, 302, 0, 0),
(44, 303, 0, 0),
(44, 304, 0, 0),
(44, 305, 0, 0),
(44, 306, 0, 0),
(44, 307, 0, 0),
(44, 308, 0, 0),
(44, 309, 0, 0),
(44, 310, 0, 0),
(44, 311, 0, 0),
(44, 312, 0, 0),
(44, 313, 0, 0),
(44, 316, 0, 0),
(44, 317, 0, 0),
(44, 318, 0, 0),
(45, 267, 0, 0),
(45, 268, 0, 0),
(45, 269, 0, 0),
(45, 270, 0, 0),
(45, 271, 0, 0),
(45, 272, 0, 0),
(45, 273, 0, 0),
(45, 274, 0, 0),
(45, 275, 0, 0),
(45, 276, 0, 0),
(45, 279, 0, 0),
(45, 280, 0, 0),
(45, 281, 0, 0),
(45, 282, 0, 0),
(45, 283, 0, 0),
(45, 284, 0, 0),
(45, 285, 0, 0),
(45, 286, 0, 0),
(45, 287, 0, 0),
(45, 288, 0, 0),
(45, 289, 0, 0),
(45, 290, 0, 0),
(45, 291, 0, 0),
(45, 292, 0, 0),
(45, 293, 0, 0),
(45, 294, 0, 0),
(45, 295, 0, 0),
(45, 297, 0, 0),
(45, 298, 0, 0),
(45, 299, 0, 0),
(45, 300, 0, 0),
(45, 301, 0, 0),
(45, 302, 0, 0),
(45, 303, 0, 0),
(45, 304, 0, 0),
(45, 305, 0, 0),
(45, 306, 0, 0),
(45, 307, 0, 0),
(45, 308, 0, 0),
(45, 309, 0, 0),
(45, 310, 0, 0),
(45, 311, 0, 0),
(45, 312, 0, 0),
(45, 313, 0, 0),
(45, 316, 0, 0),
(45, 317, 0, 0),
(45, 318, 0, 0),
(46, 267, 0, 0),
(46, 268, 0, 0),
(46, 269, 0, 0),
(46, 270, 0, 0),
(46, 271, 0, 0),
(46, 272, 0, 0),
(46, 273, 0, 0),
(46, 274, 0, 0),
(46, 275, 0, 0),
(46, 276, 0, 0),
(46, 279, 0, 0),
(46, 280, 0, 0),
(46, 281, 0, 0),
(46, 282, 0, 0),
(46, 283, 0, 0),
(46, 284, 0, 0),
(46, 285, 0, 0),
(46, 286, 0, 0),
(46, 287, 0, 0),
(46, 288, 0, 0),
(46, 289, 0, 0),
(46, 290, 0, 0),
(46, 291, 0, 0),
(46, 292, 0, 0),
(46, 293, 0, 0),
(46, 294, 0, 0),
(46, 295, 0, 0),
(46, 297, 0, 0),
(46, 298, 0, 0),
(46, 299, 0, 0),
(46, 300, 0, 0),
(46, 301, 0, 0),
(46, 302, 0, 0),
(46, 303, 0, 0),
(46, 304, 0, 0),
(46, 305, 0, 0),
(46, 306, 0, 0),
(46, 307, 0, 0),
(46, 308, 0, 0),
(46, 309, 0, 0),
(46, 310, 0, 0),
(46, 311, 0, 0),
(46, 312, 0, 0),
(46, 313, 0, 0),
(46, 316, 0, 0),
(46, 317, 0, 0),
(46, 318, 0, 0),
(48, 267, 0, 0),
(48, 268, 0, 0),
(48, 269, 0, 0),
(48, 270, 0, 0),
(48, 271, 0, 0),
(48, 272, 0, 0),
(48, 273, 0, 0),
(48, 274, 0, 0),
(48, 275, 0, 0),
(48, 276, 0, 0),
(48, 279, 0, 0),
(48, 280, 0, 0),
(48, 281, 0, 0),
(48, 282, 0, 0),
(48, 283, 0, 0),
(48, 284, 0, 0),
(48, 285, 0, 0),
(48, 286, 0, 0),
(48, 287, 0, 0),
(48, 288, 0, 0),
(48, 289, 0, 0),
(48, 290, 0, 0),
(48, 291, 0, 0),
(48, 292, 0, 0),
(48, 293, 0, 0),
(48, 294, 0, 0),
(48, 295, 0, 0),
(48, 297, 0, 0),
(48, 298, 0, 0),
(48, 299, 0, 0),
(48, 300, 0, 0),
(48, 301, 0, 0),
(48, 302, 0, 0),
(48, 303, 0, 0),
(48, 304, 0, 0),
(48, 305, 0, 0),
(48, 306, 0, 0),
(48, 307, 0, 0),
(48, 308, 0, 0),
(48, 309, 0, 0),
(48, 310, 0, 0),
(48, 311, 0, 0),
(48, 312, 0, 0),
(48, 313, 0, 0),
(48, 316, 0, 0),
(48, 317, 0, 0),
(48, 318, 0, 0),
(49, 267, 0, 0),
(49, 268, 0, 0),
(49, 269, 0, 0),
(49, 270, 0, 0),
(49, 271, 0, 0),
(49, 272, 0, 0),
(49, 273, 0, 0),
(49, 274, 0, 0),
(49, 275, 0, 0),
(49, 276, 0, 0),
(49, 279, 0, 0),
(49, 280, 0, 0),
(49, 281, 0, 0),
(49, 282, 0, 0),
(49, 283, 0, 0),
(49, 284, 0, 0),
(49, 285, 0, 0),
(49, 286, 0, 0),
(49, 287, 0, 0),
(49, 288, 0, 0),
(49, 289, 0, 0),
(49, 290, 0, 0),
(49, 291, 0, 0),
(49, 292, 0, 0),
(49, 293, 0, 0),
(49, 294, 0, 0),
(49, 295, 0, 0),
(49, 297, 0, 0),
(49, 298, 0, 0),
(49, 299, 0, 0),
(49, 300, 0, 0),
(49, 301, 0, 0),
(49, 302, 0, 0),
(49, 303, 0, 0),
(49, 304, 0, 0),
(49, 305, 0, 0),
(49, 306, 0, 0),
(49, 307, 0, 0),
(49, 308, 0, 0),
(49, 309, 0, 0),
(49, 310, 0, 0),
(49, 311, 0, 0),
(49, 312, 0, 0),
(49, 313, 0, 0),
(49, 316, 0, 0),
(49, 317, 0, 0),
(49, 318, 0, 0),
(50, 267, 0, 0),
(50, 268, 0, 0),
(50, 269, 0, 0),
(50, 270, 0, 0),
(50, 271, 0, 0),
(50, 272, 0, 0),
(50, 273, 0, 0),
(50, 274, 0, 0),
(50, 275, 0, 0),
(50, 276, 0, 0),
(50, 279, 0, 0),
(50, 280, 0, 0),
(50, 281, 0, 0),
(50, 282, 0, 0),
(50, 283, 0, 0),
(50, 284, 0, 0),
(50, 285, 0, 0),
(50, 286, 0, 0),
(50, 287, 0, 0),
(50, 288, 0, 0),
(50, 289, 0, 0),
(50, 290, 0, 0),
(50, 291, 0, 0),
(50, 292, 0, 0),
(50, 293, 0, 0),
(50, 294, 0, 0),
(50, 295, 0, 0),
(50, 297, 0, 0),
(50, 298, 0, 0),
(50, 299, 0, 0),
(50, 300, 0, 0),
(50, 301, 0, 0),
(50, 302, 0, 0),
(50, 303, 0, 0),
(50, 304, 0, 0),
(50, 305, 0, 0),
(50, 306, 0, 0),
(50, 307, 0, 0),
(50, 308, 0, 0),
(50, 309, 0, 0),
(50, 310, 0, 0),
(50, 311, 0, 0),
(50, 312, 0, 0),
(50, 313, 0, 0),
(50, 316, 0, 0),
(50, 317, 0, 0),
(50, 318, 0, 0),
(51, 267, 0, 0),
(51, 268, 0, 0),
(51, 269, 0, 0),
(51, 270, 0, 0),
(51, 271, 0, 0),
(51, 272, 0, 0),
(51, 273, 0, 0),
(51, 274, 0, 0),
(51, 275, 0, 0),
(51, 276, 0, 0),
(51, 279, 0, 0),
(51, 280, 0, 0),
(51, 281, 0, 0),
(51, 282, 0, 0),
(51, 283, 0, 0),
(51, 284, 0, 0),
(51, 285, 0, 0),
(51, 286, 0, 0),
(51, 287, 0, 0),
(51, 288, 0, 0),
(51, 289, 0, 0),
(51, 290, 0, 0),
(51, 291, 0, 0),
(51, 292, 0, 0),
(51, 293, 0, 0),
(51, 294, 0, 0),
(51, 295, 0, 0),
(51, 297, 0, 0),
(51, 298, 0, 0),
(51, 299, 0, 0),
(51, 300, 0, 0),
(51, 301, 0, 0),
(51, 302, 0, 0),
(51, 303, 0, 0),
(51, 304, 0, 0),
(51, 305, 0, 0),
(51, 306, 0, 0),
(51, 307, 0, 0),
(51, 308, 0, 0),
(51, 309, 0, 0),
(51, 310, 0, 0),
(51, 311, 0, 0),
(51, 312, 0, 0),
(51, 313, 0, 0),
(51, 316, 0, 0),
(51, 317, 0, 0),
(51, 318, 0, 0),
(52, 267, 0, 0),
(52, 268, 0, 0),
(52, 269, 0, 0),
(52, 270, 0, 0),
(52, 271, 0, 0),
(52, 272, 0, 0),
(52, 273, 0, 0),
(52, 274, 0, 0),
(52, 275, 0, 0),
(52, 276, 0, 0),
(52, 279, 0, 0),
(52, 280, 0, 0),
(52, 281, 0, 0),
(52, 282, 0, 0),
(52, 283, 0, 0),
(52, 284, 0, 0),
(52, 285, 0, 0),
(52, 286, 0, 0),
(52, 287, 0, 0),
(52, 288, 0, 0),
(52, 289, 0, 0),
(52, 290, 0, 0),
(52, 291, 0, 0),
(52, 292, 0, 0),
(52, 293, 0, 0),
(52, 294, 0, 0),
(52, 295, 0, 0),
(52, 297, 0, 0),
(52, 298, 0, 0),
(52, 299, 0, 0),
(52, 300, 0, 0),
(52, 301, 0, 0),
(52, 302, 0, 0),
(52, 303, 0, 0),
(52, 304, 0, 0),
(52, 305, 0, 0),
(52, 306, 0, 0),
(52, 307, 0, 0),
(52, 308, 0, 0),
(52, 309, 0, 0),
(52, 310, 0, 0),
(52, 311, 0, 0),
(52, 312, 0, 0),
(52, 313, 0, 0),
(52, 316, 0, 0),
(52, 317, 0, 0),
(52, 318, 0, 0),
(53, 267, 0, 0),
(53, 268, 0, 0),
(53, 269, 0, 0),
(53, 270, 0, 0),
(53, 271, 0, 0),
(53, 272, 0, 0),
(53, 273, 0, 0),
(53, 274, 0, 0),
(53, 275, 1, 1),
(53, 276, 0, 0),
(53, 279, 0, 0),
(53, 280, 0, 0),
(53, 281, 0, 0),
(53, 282, 0, 0),
(53, 283, 0, 0),
(53, 284, 0, 0),
(53, 285, 0, 0),
(53, 286, 0, 0),
(53, 287, 0, 0),
(53, 288, 0, 0),
(53, 289, 0, 0),
(53, 290, 0, 0),
(53, 291, 0, 0),
(53, 292, 0, 0),
(53, 293, 0, 0),
(53, 294, 0, 0),
(53, 295, 0, 0),
(53, 297, 0, 0),
(53, 298, 0, 0),
(53, 299, 0, 0),
(53, 300, 0, 0),
(53, 301, 0, 0),
(53, 302, 0, 0),
(53, 303, 0, 0),
(53, 304, 0, 0),
(53, 305, 0, 0),
(53, 306, 0, 0),
(53, 307, 0, 0),
(53, 308, 0, 0),
(53, 309, 0, 0),
(53, 310, 0, 0),
(53, 311, 0, 0),
(53, 312, 0, 0),
(53, 313, 0, 0),
(53, 316, 0, 0),
(53, 317, 0, 0),
(53, 318, 0, 0),
(54, 267, 0, 0),
(54, 268, 0, 0),
(54, 269, 0, 0),
(54, 270, 0, 0),
(54, 271, 0, 0),
(54, 272, 0, 0),
(54, 273, 0, 0),
(54, 274, 0, 0),
(54, 275, 0, 0),
(54, 276, 0, 0),
(54, 279, 0, 0),
(54, 280, 0, 0),
(54, 281, 0, 0),
(54, 282, 0, 0),
(54, 283, 0, 0),
(54, 284, 0, 0),
(54, 285, 0, 0),
(54, 286, 0, 0),
(54, 287, 0, 0),
(54, 288, 0, 0),
(54, 289, 0, 0),
(54, 290, 0, 0),
(54, 291, 0, 0),
(54, 292, 0, 0),
(54, 293, 0, 0),
(54, 294, 0, 0),
(54, 295, 0, 0),
(54, 297, 0, 0),
(54, 298, 0, 0),
(54, 299, 0, 0),
(54, 300, 0, 0),
(54, 301, 0, 0),
(54, 302, 0, 0),
(54, 303, 0, 0),
(54, 304, 0, 0),
(54, 305, 0, 0),
(54, 306, 0, 0),
(54, 307, 0, 0),
(54, 308, 0, 0),
(54, 309, 0, 0),
(54, 310, 0, 0),
(54, 311, 0, 0),
(54, 312, 0, 0),
(54, 313, 0, 0),
(54, 316, 0, 0),
(54, 317, 0, 0),
(54, 318, 0, 0),
(55, 267, 0, 0),
(55, 268, 0, 0),
(55, 269, 0, 0),
(55, 270, 0, 0),
(55, 271, 0, 0),
(55, 272, 0, 0),
(55, 273, 0, 0),
(55, 274, 0, 0),
(55, 275, 0, 0),
(55, 276, 0, 0),
(55, 279, 0, 0),
(55, 280, 0, 0),
(55, 281, 0, 0),
(55, 282, 0, 0),
(55, 283, 0, 0),
(55, 284, 0, 0),
(55, 285, 0, 0),
(55, 286, 0, 0),
(55, 287, 0, 0),
(55, 288, 0, 0),
(55, 289, 0, 0),
(55, 290, 0, 0),
(55, 291, 0, 0),
(55, 292, 0, 0),
(55, 293, 0, 0),
(55, 294, 0, 0),
(55, 295, 0, 0),
(55, 297, 0, 0),
(55, 298, 0, 0),
(55, 299, 0, 0),
(55, 300, 0, 0),
(55, 301, 0, 0),
(55, 302, 0, 0),
(55, 303, 0, 0),
(55, 304, 0, 0),
(55, 305, 0, 0),
(55, 306, 0, 0),
(55, 307, 0, 0),
(55, 308, 0, 0),
(55, 309, 0, 0),
(55, 310, 0, 0),
(55, 311, 0, 0),
(55, 312, 0, 0),
(55, 313, 0, 0),
(55, 316, 0, 0),
(55, 317, 0, 0),
(55, 318, 0, 0),
(56, 271, 0, 0),
(56, 272, 0, 0),
(56, 273, 0, 0),
(56, 274, 0, 0),
(56, 275, 0, 0),
(56, 276, 0, 0),
(56, 280, 0, 0),
(56, 281, 0, 0),
(56, 282, 0, 0),
(56, 283, 0, 0),
(56, 284, 0, 0),
(56, 285, 0, 0),
(56, 286, 0, 0),
(56, 287, 0, 0),
(56, 288, 0, 0),
(56, 289, 0, 0),
(56, 290, 0, 0),
(56, 291, 0, 0),
(56, 292, 0, 0),
(56, 293, 0, 0),
(56, 294, 0, 0),
(56, 295, 0, 0),
(56, 297, 0, 0),
(56, 298, 0, 0),
(56, 299, 0, 0),
(56, 300, 0, 0),
(56, 301, 0, 0),
(56, 302, 0, 0),
(56, 303, 0, 0),
(56, 304, 0, 0),
(56, 305, 0, 0),
(56, 306, 0, 0),
(56, 307, 0, 0),
(56, 308, 0, 0),
(56, 309, 0, 0),
(56, 310, 0, 0),
(56, 311, 0, 0),
(56, 312, 0, 0),
(56, 313, 0, 0),
(56, 316, 0, 0),
(56, 317, 0, 0),
(56, 318, 0, 0),
(58, 271, 0, 0),
(58, 272, 0, 0),
(58, 273, 0, 0),
(58, 274, 0, 0),
(58, 275, 0, 0),
(58, 276, 0, 0),
(58, 280, 0, 0),
(58, 281, 0, 0),
(58, 282, 0, 0),
(58, 283, 0, 0),
(58, 284, 0, 0),
(58, 285, 0, 0),
(58, 286, 0, 0),
(58, 287, 0, 0),
(58, 288, 0, 0),
(58, 289, 0, 0),
(58, 290, 0, 0),
(58, 291, 0, 0),
(58, 292, 0, 0),
(58, 293, 0, 0),
(58, 294, 0, 0),
(58, 295, 0, 0),
(58, 297, 0, 0),
(58, 298, 0, 0),
(58, 299, 0, 0),
(58, 300, 0, 0),
(58, 301, 0, 0),
(58, 302, 0, 0),
(58, 303, 0, 0),
(58, 304, 0, 0),
(58, 305, 0, 0),
(58, 306, 0, 0),
(58, 307, 0, 0),
(58, 308, 0, 0),
(58, 309, 0, 0),
(58, 310, 0, 0),
(58, 311, 0, 0),
(58, 312, 0, 0),
(58, 313, 0, 0),
(58, 316, 0, 0),
(58, 317, 0, 0),
(58, 318, 0, 0),
(59, 271, 0, 0),
(59, 272, 0, 0),
(59, 273, 0, 0),
(59, 274, 0, 0),
(59, 275, 0, 0),
(59, 276, 0, 0),
(59, 280, 0, 0),
(59, 281, 0, 0),
(59, 282, 0, 0),
(59, 283, 0, 0),
(59, 284, 0, 0),
(59, 285, 0, 0),
(59, 286, 0, 0),
(59, 287, 0, 0),
(59, 288, 0, 0),
(59, 289, 0, 0),
(59, 290, 0, 0),
(59, 291, 0, 0),
(59, 292, 0, 0),
(59, 293, 0, 0),
(59, 294, 0, 0),
(59, 295, 0, 0),
(59, 297, 0, 0),
(59, 298, 0, 0),
(59, 299, 0, 0),
(59, 300, 0, 0),
(59, 301, 0, 0),
(59, 302, 0, 0),
(59, 303, 0, 0),
(59, 304, 0, 0),
(59, 305, 0, 0),
(59, 306, 0, 0),
(59, 307, 0, 0),
(59, 308, 0, 0),
(59, 309, 0, 0),
(59, 310, 0, 0),
(59, 311, 0, 0),
(59, 312, 0, 0),
(59, 313, 0, 0),
(59, 316, 0, 0),
(59, 317, 0, 0),
(59, 318, 0, 0),
(60, 271, 0, 0),
(60, 272, 0, 0),
(60, 273, 0, 0),
(60, 274, 0, 0),
(60, 275, 0, 0),
(60, 276, 0, 0),
(60, 280, 0, 0),
(60, 281, 0, 0),
(60, 282, 0, 0),
(60, 283, 0, 0),
(60, 284, 0, 0),
(60, 285, 0, 0),
(60, 286, 0, 0),
(60, 287, 0, 0),
(60, 288, 0, 0),
(60, 289, 0, 0),
(60, 290, 0, 0),
(60, 291, 0, 0),
(60, 292, 0, 0),
(60, 293, 0, 0),
(60, 294, 0, 0),
(60, 295, 0, 0),
(60, 297, 0, 0),
(60, 298, 0, 0),
(60, 299, 0, 0),
(60, 300, 0, 0),
(60, 301, 0, 0),
(60, 302, 0, 0),
(60, 303, 0, 0),
(60, 304, 0, 0),
(60, 305, 0, 0),
(60, 306, 0, 0),
(60, 307, 0, 0),
(60, 308, 0, 0),
(60, 309, 0, 0),
(60, 310, 0, 0),
(60, 311, 0, 0),
(60, 312, 0, 0),
(60, 313, 0, 0),
(60, 316, 0, 0),
(60, 317, 0, 0),
(60, 318, 0, 0),
(61, 271, 0, 0),
(61, 272, 0, 0),
(61, 273, 0, 0),
(61, 274, 0, 0),
(61, 275, 0, 0),
(61, 276, 0, 0),
(61, 280, 0, 0),
(61, 281, 0, 0),
(61, 282, 0, 0),
(61, 283, 0, 0),
(61, 284, 0, 0),
(61, 285, 0, 0),
(61, 286, 0, 0),
(61, 287, 0, 0),
(61, 288, 0, 0),
(61, 289, 0, 0),
(61, 290, 0, 0),
(61, 291, 0, 0),
(61, 292, 0, 0),
(61, 293, 0, 0),
(61, 294, 0, 0),
(61, 295, 0, 0),
(61, 297, 0, 0),
(61, 298, 0, 0),
(61, 299, 0, 0),
(61, 300, 0, 0),
(61, 301, 0, 0),
(61, 302, 0, 0),
(61, 303, 0, 0),
(61, 304, 0, 0),
(61, 305, 0, 0),
(61, 306, 0, 0),
(61, 307, 0, 0),
(61, 308, 0, 0),
(61, 309, 0, 0),
(61, 310, 0, 0),
(61, 311, 0, 0),
(61, 312, 0, 0),
(61, 313, 0, 0),
(61, 316, 0, 0),
(61, 317, 0, 0),
(61, 318, 0, 0),
(62, 271, 0, 0),
(62, 272, 0, 0),
(62, 273, 0, 0),
(62, 274, 0, 0),
(62, 275, 0, 0),
(62, 276, 0, 0),
(62, 280, 0, 0),
(62, 281, 0, 0),
(62, 282, 0, 0),
(62, 283, 0, 0),
(62, 284, 0, 0),
(62, 285, 0, 0),
(62, 286, 0, 0),
(62, 287, 0, 0),
(62, 288, 0, 0),
(62, 289, 0, 0),
(62, 290, 0, 0),
(62, 291, 0, 0),
(62, 292, 0, 0),
(62, 293, 0, 0),
(62, 294, 0, 0),
(62, 295, 0, 0),
(62, 297, 0, 0),
(62, 298, 0, 0),
(62, 299, 0, 0),
(62, 300, 0, 0),
(62, 301, 0, 0),
(62, 302, 0, 0),
(62, 303, 0, 0),
(62, 304, 0, 0),
(62, 305, 0, 0),
(62, 306, 0, 0),
(62, 307, 0, 0),
(62, 308, 0, 0),
(62, 309, 0, 0),
(62, 310, 0, 0),
(62, 311, 0, 0),
(62, 312, 0, 0),
(62, 313, 0, 0),
(62, 316, 0, 0),
(62, 317, 0, 0),
(62, 318, 0, 0),
(64, 271, 0, 0),
(64, 272, 0, 0),
(64, 273, 0, 0),
(64, 274, 0, 0),
(64, 275, 0, 0),
(64, 276, 0, 0),
(64, 280, 0, 0),
(64, 281, 0, 0),
(64, 282, 0, 0),
(64, 283, 0, 0),
(64, 284, 0, 0),
(64, 285, 0, 0),
(64, 286, 0, 0),
(64, 287, 0, 0),
(64, 288, 0, 0),
(64, 289, 0, 0),
(64, 290, 0, 0),
(64, 291, 0, 0),
(64, 292, 0, 0),
(64, 293, 0, 0),
(64, 294, 0, 0),
(64, 295, 0, 0),
(64, 297, 0, 0),
(64, 298, 0, 0),
(64, 299, 0, 0),
(64, 300, 0, 0),
(64, 301, 0, 0),
(64, 302, 0, 0),
(64, 303, 0, 0),
(64, 304, 0, 0),
(64, 305, 0, 0),
(64, 306, 0, 0),
(64, 307, 0, 0),
(64, 308, 0, 0),
(64, 309, 0, 0),
(64, 310, 0, 0),
(64, 311, 0, 0),
(64, 312, 0, 0),
(64, 313, 0, 0),
(64, 316, 0, 0),
(64, 317, 0, 0),
(64, 318, 0, 0),
(65, 273, 0, 0),
(65, 274, 0, 0),
(65, 275, 0, 0),
(65, 276, 0, 0),
(65, 280, 0, 0),
(65, 281, 0, 0),
(65, 282, 0, 0),
(65, 283, 0, 0),
(65, 284, 0, 0),
(65, 285, 0, 0),
(65, 286, 0, 0),
(65, 287, 0, 0),
(65, 288, 0, 0),
(65, 289, 0, 0),
(65, 290, 0, 0),
(65, 291, 0, 0),
(65, 292, 0, 0),
(65, 293, 0, 0),
(65, 294, 0, 0),
(65, 295, 0, 0),
(65, 297, 0, 0),
(65, 298, 0, 0),
(65, 299, 0, 0),
(65, 300, 0, 0),
(65, 301, 0, 0),
(65, 302, 0, 0),
(65, 303, 1, 1),
(65, 304, 1, 1),
(65, 305, 0, 0),
(65, 306, 0, 0),
(65, 307, 0, 0),
(65, 308, 1, 1),
(65, 309, 0, 0),
(65, 310, 0, 0),
(65, 311, 0, 0),
(65, 312, 0, 0),
(65, 313, 0, 0),
(65, 316, 0, 0),
(65, 317, 0, 0),
(65, 318, 0, 0),
(66, 299, 0, 0),
(66, 303, 0, 0),
(66, 304, 0, 0),
(66, 308, 0, 0),
(67, 299, 0, 0),
(67, 303, 0, 0),
(67, 304, 0, 0),
(67, 308, 0, 0),
(68, 303, 0, 0),
(68, 304, 0, 0),
(68, 308, 0, 0);

-- --------------------------------------------------------

--
-- Структура таблицы `tm_acl_document`
--

DROP TABLE IF EXISTS `tm_acl_document`;
CREATE TABLE IF NOT EXISTS `tm_acl_document` (
  `user_id` int(10) unsigned NOT NULL,
  `document_id` int(10) unsigned NOT NULL,
  `is_read` tinyint(1) NOT NULL DEFAULT '0',
  `is_write` tinyint(1) NOT NULL DEFAULT '0',
  PRIMARY KEY (`user_id`,`document_id`),
  KEY `fk_tm_acl_document_tm_user1` (`user_id`),
  KEY `fk_tm_acl_document_tm_document1` (`document_id`)
) ENGINE=InnoDB DEFAULT CHARSET=utf8;

--
-- Дамп данных таблицы `tm_acl_document`
--

INSERT INTO `tm_acl_document` (`user_id`, `document_id`, `is_read`, `is_write`) VALUES
(1, 215, 1, 1),
(1, 244, 1, 1),
(1, 247, 1, 1),
(1, 248, 1, 1),
(1, 249, 1, 1),
(1, 251, 1, 1),
(1, 252, 1, 1),
(1, 253, 1, 1),
(1, 254, 1, 1),
(1, 255, 1, 1),
(1, 256, 1, 1),
(1, 257, 1, 1),
(1, 258, 1, 1),
(1, 259, 1, 1),
(1, 260, 1, 1),
(1, 261, 1, 1),
(1, 262, 1, 1),
(1, 263, 1, 1),
(1, 264, 1, 1),
(1, 265, 1, 1),
(1, 266, 1, 1),
(1, 267, 1, 1),
(1, 268, 1, 1),
(1, 269, 1, 1),
(1, 270, 1, 1),
(1, 271, 1, 1),
(1, 272, 1, 1),
(1, 273, 1, 1),
(1, 274, 1, 1),
(1, 275, 1, 1),
(1, 276, 1, 1),
(1, 277, 1, 1),
(1, 278, 1, 1),
(1, 279, 1, 1),
(1, 280, 1, 1),
(1, 281, 1, 1),
(1, 282, 1, 1),
(1, 283, 1, 1),
(1, 284, 1, 1),
(1, 285, 1, 1),
(1, 286, 1, 1),
(1, 287, 1, 1),
(1, 288, 1, 1),
(1, 289, 1, 1),
(1, 291, 1, 1),
(1, 292, 1, 1),
(1, 293, 1, 1),
(1, 294, 1, 1),
(1, 295, 1, 1),
(1, 296, 1, 1),
(1, 297, 1, 1),
(1, 298, 1, 1),
(1, 299, 1, 1),
(1, 300, 1, 1),
(1, 301, 1, 1),
(1, 302, 1, 1),
(1, 303, 1, 1),
(1, 312, 1, 1),
(1, 313, 0, 0),
(1, 314, 0, 0),
(1, 319, 1, 1),
(1, 320, 0, 0),
(1, 321, 0, 0),
(1, 324, 1, 1),
(1, 326, 1, 1),
(1, 327, 1, 1),
(1, 328, 1, 1),
(1, 329, 1, 1),
(1, 330, 1, 1),
(1, 331, 1, 1),
(1, 332, 1, 1),
(1, 333, 1, 1),
(1, 338, 1, 1),
(1, 339, 1, 1),
(1, 350, 1, 1),
(1, 355, 1, 1),
(1, 356, 1, 1),
(1, 357, 1, 1),
(1, 358, 0, 0),
(1, 359, 1, 1),
(1, 360, 1, 1),
(1, 361, 0, 0),
(1, 363, 1, 1),
(1, 365, 0, 0),
(1, 366, 0, 0),
(1, 367, 0, 0),
(1, 368, 1, 1),
(1, 369, 1, 1),
(1, 370, 1, 1),
(1, 371, 0, 0),
(1, 372, 0, 0),
(1, 373, 0, 0),
(1, 374, 0, 0),
(1, 375, 1, 1),
(1, 376, 0, 0),
(1, 377, 0, 0),
(1, 378, 0, 0),
(1, 379, 0, 0),
(1, 380, 1, 1),
(1, 381, 0, 0),
(1, 382, 0, 0),
(1, 383, 0, 0),
(1, 384, 0, 0),
(1, 385, 0, 0),
(1, 386, 0, 0),
(1, 387, 0, 0),
(1, 388, 1, 1),
(1, 389, 1, 1),
(1, 390, 1, 1),
(1, 391, 0, 0),
(1, 392, 0, 0),
(1, 393, 1, 1),
(1, 394, 1, 1),
(1, 395, 1, 1),
(1, 396, 1, 1),
(1, 398, 1, 1),
(1, 399, 1, 1),
(1, 400, 1, 1),
(1, 401, 1, 1),
(1, 402, 0, 0),
(1, 403, 0, 0),
(1, 404, 0, 0),
(1, 405, 1, 1),
(1, 406, 0, 0),
(1, 407, 0, 0),
(1, 408, 0, 0),
(1, 409, 1, 1),
(1, 410, 0, 0),
(1, 411, 0, 0),
(1, 412, 1, 1),
(1, 413, 0, 0),
(1, 414, 0, 0),
(1, 415, 1, 1),
(1, 416, 1, 1),
(1, 417, 1, 1),
(1, 418, 1, 1),
(1, 419, 0, 0),
(1, 420, 0, 0),
(1, 421, 0, 0),
(1, 422, 1, 1),
(1, 423, 1, 1),
(1, 424, 1, 1),
(1, 425, 0, 0),
(1, 427, 1, 1),
(1, 428, 1, 1),
(1, 429, 1, 1),
(1, 430, 1, 1),
(1, 431, 1, 1),
(1, 432, 1, 1),
(1, 433, 1, 1),
(1, 434, 1, 1),
(1, 435, 1, 1),
(1, 436, 1, 1),
(1, 437, 1, 1),
(1, 438, 1, 1),
(1, 439, 1, 1),
(1, 440, 1, 1),
(1, 441, 1, 1),
(1, 442, 1, 1),
(1, 443, 1, 1),
(1, 444, 1, 1),
(1, 445, 1, 1),
(1, 446, 1, 1),
(1, 447, 1, 1),
(1, 448, 1, 1),
(1, 449, 1, 1),
(1, 450, 1, 1),
(1, 451, 1, 1),
(1, 452, 1, 1),
(1, 453, 1, 1),
(1, 454, 1, 1),
(1, 455, 1, 1),
(1, 456, 1, 1),
(1, 457, 1, 1),
(1, 458, 1, 1),
(1, 459, 1, 1),
(1, 460, 1, 1),
(1, 461, 1, 1),
(1, 463, 1, 1),
(1, 464, 1, 1),
(1, 465, 1, 1),
(1, 466, 1, 1),
(1, 467, 1, 1),
(1, 468, 1, 1),
(1, 469, 1, 1),
(1, 470, 1, 1),
(1, 471, 1, 1),
(1, 472, 1, 1),
(1, 473, 1, 1),
(1, 474, 1, 1),
(1, 475, 1, 1),
(1, 476, 1, 1),
(1, 477, 1, 1),
(1, 478, 1, 1),
(1, 479, 1, 1),
(1, 480, 1, 1),
(1, 481, 1, 1),
(1, 482, 1, 1),
(1, 483, 1, 1),
(1, 484, 1, 1),
(1, 485, 1, 1),
(1, 486, 1, 1),
(1, 487, 1, 1),
(1, 488, 1, 1),
(1, 489, 1, 1),
(1, 490, 1, 1),
(1, 491, 1, 1),
(1, 492, 0, 0),
(1, 493, 0, 0),
(1, 494, 0, 0),
(1, 495, 1, 1),
(1, 496, 1, 1),
(1, 497, 1, 1),
(1, 498, 1, 1),
(1, 499, 1, 1),
(1, 500, 1, 1),
(1, 501, 1, 1),
(1, 502, 1, 1),
(1, 503, 1, 1),
(1, 504, 1, 1),
(1, 505, 1, 1),
(1, 506, 1, 1),
(1, 507, 1, 1),
(1, 508, 1, 1),
(1, 509, 1, 1),
(1, 510, 1, 1),
(1, 511, 1, 1),
(1, 512, 1, 1),
(1, 513, 1, 1),
(1, 514, 1, 1),
(1, 515, 1, 1),
(1, 516, 1, 1),
(1, 517, 1, 1),
(1, 518, 1, 1),
(1, 519, 1, 1),
(1, 520, 1, 1),
(1, 521, 1, 1),
(1, 522, 1, 1),
(1, 523, 1, 1),
(1, 524, 0, 0),
(1, 525, 0, 0),
(1, 526, 1, 1),
(1, 527, 1, 1),
(1, 528, 1, 1),
(1, 529, 1, 1),
(1, 530, 1, 1),
(1, 531, 1, 1),
(1, 532, 1, 1),
(1, 533, 1, 1),
(1, 534, 1, 1),
(1, 535, 1, 1),
(1, 536, 1, 1),
(1, 537, 1, 1),
(1, 538, 1, 1),
(1, 552, 1, 1),
(1, 567, 1, 1),
(1, 568, 1, 1),
(1, 569, 0, 0),
(5, 215, 1, 1),
(5, 244, 1, 1),
(5, 247, 1, 1),
(5, 248, 1, 1),
(5, 249, 1, 1),
(5, 251, 1, 1),
(5, 252, 1, 1),
(5, 253, 1, 1),
(5, 254, 1, 1),
(5, 255, 1, 1),
(5, 256, 1, 1),
(5, 257, 1, 1),
(5, 258, 1, 1),
(5, 259, 1, 1),
(5, 260, 1, 1),
(5, 261, 1, 1),
(5, 262, 1, 1),
(5, 263, 1, 1),
(5, 264, 1, 1),
(5, 265, 1, 1),
(5, 266, 1, 1),
(5, 267, 1, 1),
(5, 268, 1, 1),
(5, 269, 1, 1),
(5, 270, 1, 1),
(5, 271, 1, 1),
(5, 272, 1, 1),
(5, 273, 1, 1),
(5, 274, 1, 1),
(5, 275, 1, 1),
(5, 276, 1, 1),
(5, 277, 1, 1),
(5, 278, 1, 1),
(5, 279, 1, 1),
(5, 280, 1, 1),
(5, 281, 1, 1),
(5, 282, 1, 1),
(5, 283, 1, 1),
(5, 284, 1, 1),
(5, 285, 1, 1),
(5, 286, 1, 1),
(5, 287, 1, 1),
(5, 288, 1, 1),
(5, 289, 1, 1),
(5, 291, 1, 1),
(5, 292, 1, 1),
(5, 293, 1, 1),
(5, 294, 1, 1),
(5, 295, 1, 1),
(5, 296, 1, 1),
(5, 297, 1, 1),
(5, 298, 1, 1),
(5, 299, 1, 1),
(5, 300, 1, 1),
(5, 301, 1, 1),
(5, 302, 1, 1),
(5, 303, 1, 1),
(5, 312, 0, 0),
(5, 313, 0, 0),
(5, 314, 0, 0),
(5, 319, 1, 1),
(5, 320, 0, 0),
(5, 321, 0, 0),
(5, 324, 1, 1),
(5, 326, 1, 1),
(5, 327, 1, 1),
(5, 328, 1, 1),
(5, 329, 1, 1),
(5, 330, 1, 1),
(5, 331, 1, 1),
(5, 332, 1, 1),
(5, 333, 1, 1),
(5, 338, 1, 1),
(5, 339, 1, 1),
(5, 355, 1, 1),
(5, 356, 1, 1),
(5, 357, 1, 1),
(5, 358, 0, 0),
(5, 359, 1, 1),
(5, 360, 1, 1),
(5, 361, 0, 0),
(5, 363, 1, 1),
(5, 365, 0, 0),
(5, 366, 0, 0),
(5, 367, 0, 0),
(5, 368, 1, 1),
(5, 369, 1, 1),
(5, 370, 1, 1),
(5, 371, 0, 0),
(5, 372, 0, 0),
(5, 373, 0, 0),
(5, 374, 0, 0),
(5, 375, 1, 1),
(5, 376, 0, 0),
(5, 377, 0, 0),
(5, 378, 0, 0),
(5, 379, 0, 0),
(5, 380, 1, 1),
(5, 381, 0, 0),
(5, 382, 0, 0),
(5, 383, 0, 0),
(5, 384, 0, 0),
(5, 385, 0, 0),
(5, 386, 0, 0),
(5, 387, 0, 0),
(5, 388, 1, 1),
(5, 389, 1, 1),
(5, 390, 1, 1),
(5, 391, 0, 0),
(5, 392, 0, 0),
(5, 393, 1, 1),
(5, 394, 1, 1),
(5, 395, 1, 1),
(5, 396, 1, 1),
(5, 398, 1, 1),
(5, 399, 1, 1),
(5, 400, 1, 1),
(5, 401, 1, 1),
(5, 402, 0, 0),
(5, 403, 0, 0),
(5, 404, 0, 0),
(5, 405, 1, 1),
(5, 406, 0, 0),
(5, 407, 0, 0),
(5, 408, 0, 0),
(5, 409, 1, 1),
(5, 410, 0, 0),
(5, 411, 0, 0),
(5, 412, 1, 1),
(5, 413, 0, 0),
(5, 414, 0, 0),
(5, 415, 1, 1),
(5, 416, 1, 1),
(5, 417, 1, 1),
(5, 418, 1, 1),
(5, 419, 0, 0),
(5, 420, 0, 0),
(5, 421, 0, 0),
(5, 422, 1, 1),
(5, 423, 1, 1),
(5, 424, 1, 1),
(5, 425, 0, 0),
(5, 427, 1, 1),
(5, 428, 1, 1),
(5, 429, 1, 1),
(5, 430, 1, 1),
(5, 431, 1, 1),
(5, 432, 1, 1),
(5, 433, 1, 1),
(5, 434, 1, 1),
(5, 435, 1, 1),
(5, 436, 1, 1),
(5, 437, 1, 1),
(5, 438, 1, 1),
(5, 439, 1, 1),
(5, 440, 1, 1),
(5, 441, 1, 1),
(5, 442, 1, 1),
(5, 443, 1, 1),
(5, 444, 1, 1),
(5, 445, 1, 1),
(5, 446, 1, 1),
(5, 447, 1, 1),
(5, 448, 1, 1),
(5, 449, 1, 1),
(5, 450, 1, 1),
(5, 451, 1, 1),
(5, 452, 1, 1),
(5, 453, 1, 1),
(5, 454, 1, 1),
(5, 455, 1, 1),
(5, 456, 1, 1),
(5, 457, 1, 1),
(5, 458, 1, 1),
(5, 459, 1, 1),
(5, 460, 1, 1),
(5, 461, 1, 1),
(5, 463, 1, 1),
(5, 464, 1, 1),
(5, 465, 1, 1),
(5, 466, 1, 1),
(5, 467, 1, 1),
(5, 468, 1, 1),
(5, 469, 1, 1),
(5, 470, 1, 1),
(5, 471, 1, 1),
(5, 472, 1, 1),
(5, 473, 1, 1),
(5, 474, 1, 1),
(5, 475, 1, 1),
(5, 476, 1, 1),
(5, 477, 1, 1),
(5, 478, 1, 1),
(5, 479, 1, 1),
(5, 480, 1, 1),
(5, 481, 1, 1),
(5, 482, 1, 1),
(5, 483, 1, 1),
(5, 484, 1, 1),
(5, 485, 1, 1),
(5, 486, 1, 1),
(5, 487, 1, 1),
(5, 488, 1, 1),
(5, 489, 1, 1),
(5, 490, 1, 1),
(5, 491, 1, 1),
(5, 492, 0, 0),
(5, 493, 0, 0),
(5, 494, 0, 0),
(5, 495, 1, 1),
(5, 496, 1, 1),
(5, 497, 1, 1),
(5, 498, 1, 1),
(5, 499, 1, 1),
(5, 500, 1, 1),
(5, 501, 1, 1),
(5, 502, 1, 1),
(5, 503, 1, 1),
(5, 504, 1, 1),
(5, 505, 1, 1),
(5, 506, 1, 1),
(5, 511, 1, 1),
(5, 512, 1, 1),
(5, 513, 1, 1),
(5, 514, 1, 1),
(5, 515, 1, 1),
(5, 516, 1, 1),
(5, 519, 1, 1),
(5, 520, 1, 1),
(5, 521, 1, 1),
(5, 522, 1, 1),
(5, 523, 1, 1),
(5, 524, 0, 0),
(5, 525, 0, 0),
(5, 526, 1, 1),
(5, 527, 1, 1),
(5, 528, 1, 1),
(5, 529, 1, 1),
(5, 530, 1, 1),
(5, 531, 1, 1),
(5, 532, 1, 1),
(5, 533, 1, 1),
(5, 534, 1, 1),
(5, 535, 1, 1),
(5, 536, 1, 1),
(5, 537, 1, 1),
(5, 538, 1, 1),
(5, 552, 1, 1),
(5, 567, 1, 1),
(5, 568, 1, 1),
(5, 569, 0, 0),
(7, 215, 1, 1),
(7, 244, 1, 1),
(7, 247, 1, 1),
(7, 248, 1, 1),
(7, 249, 1, 1),
(7, 251, 1, 1),
(7, 252, 1, 1),
(7, 253, 1, 1),
(7, 254, 1, 1),
(7, 255, 1, 1),
(7, 256, 1, 1),
(7, 257, 1, 1),
(7, 258, 1, 1),
(7, 259, 1, 1),
(7, 260, 1, 1),
(7, 261, 1, 1),
(7, 262, 1, 1),
(7, 263, 1, 1),
(7, 264, 1, 1),
(7, 265, 1, 1),
(7, 266, 1, 1),
(7, 267, 1, 1),
(7, 268, 1, 1),
(7, 269, 1, 1),
(7, 270, 1, 1),
(7, 271, 1, 1),
(7, 272, 1, 1),
(7, 273, 1, 1),
(7, 274, 1, 1),
(7, 275, 1, 1),
(7, 276, 1, 1),
(7, 277, 1, 1),
(7, 278, 1, 1),
(7, 279, 1, 1),
(7, 280, 1, 1),
(7, 281, 1, 1),
(7, 282, 1, 1),
(7, 283, 1, 1),
(7, 284, 1, 1),
(7, 285, 1, 1),
(7, 286, 1, 1),
(7, 287, 1, 1),
(7, 288, 1, 1),
(7, 289, 1, 1),
(7, 291, 1, 1),
(7, 292, 1, 1),
(7, 293, 1, 1),
(7, 294, 1, 1),
(7, 295, 1, 1),
(7, 296, 1, 1),
(7, 297, 1, 1),
(7, 298, 1, 1),
(7, 299, 1, 1),
(7, 300, 1, 1),
(7, 301, 1, 1),
(7, 302, 1, 1),
(7, 303, 1, 1),
(7, 312, 0, 0),
(7, 313, 0, 0),
(7, 314, 0, 0),
(7, 319, 1, 1),
(7, 320, 0, 0),
(7, 321, 0, 0),
(7, 324, 1, 1),
(7, 326, 1, 1),
(7, 327, 1, 1),
(7, 328, 1, 1),
(7, 329, 1, 1),
(7, 330, 1, 1),
(7, 331, 1, 1),
(7, 332, 1, 1),
(7, 333, 1, 1),
(7, 338, 1, 1),
(7, 355, 1, 1),
(7, 356, 1, 1),
(7, 357, 1, 1),
(7, 358, 0, 0),
(7, 359, 1, 1),
(7, 360, 1, 1),
(7, 361, 0, 0),
(7, 363, 0, 0),
(7, 365, 0, 0),
(7, 366, 0, 0),
(7, 367, 0, 0),
(7, 368, 1, 1),
(7, 369, 1, 1),
(7, 370, 1, 1),
(7, 371, 0, 0),
(7, 372, 0, 0),
(7, 373, 0, 0),
(7, 374, 0, 0),
(7, 375, 0, 0),
(7, 376, 0, 0),
(7, 377, 0, 0),
(7, 378, 0, 0),
(7, 379, 0, 0),
(7, 380, 1, 1),
(7, 381, 0, 0),
(7, 382, 0, 0),
(7, 383, 0, 0),
(7, 384, 0, 0),
(7, 385, 0, 0),
(7, 386, 0, 0),
(7, 387, 0, 0),
(7, 388, 1, 1),
(7, 389, 1, 1),
(7, 390, 1, 1),
(7, 391, 0, 0),
(7, 392, 0, 0),
(7, 393, 1, 1),
(7, 394, 1, 1),
(7, 395, 1, 1),
(7, 396, 1, 1),
(7, 398, 1, 1),
(7, 399, 1, 1),
(7, 400, 1, 1),
(7, 401, 0, 0),
(7, 402, 0, 0),
(7, 403, 0, 0),
(7, 404, 0, 0),
(7, 405, 0, 0),
(7, 406, 0, 0),
(7, 407, 0, 0),
(7, 408, 0, 0),
(7, 409, 0, 0),
(7, 410, 0, 0),
(7, 411, 0, 0),
(7, 412, 0, 0),
(7, 413, 0, 0),
(7, 414, 0, 0),
(7, 415, 1, 1),
(7, 416, 0, 0),
(7, 417, 0, 0),
(7, 418, 1, 1),
(7, 419, 0, 0),
(7, 420, 0, 0),
(7, 421, 0, 0),
(7, 422, 1, 1),
(7, 423, 1, 1),
(7, 424, 0, 0),
(7, 425, 0, 0),
(7, 427, 1, 1),
(7, 428, 1, 1),
(7, 429, 1, 1),
(7, 430, 1, 1),
(7, 431, 1, 1),
(7, 432, 1, 1),
(7, 433, 1, 1),
(7, 434, 0, 0),
(7, 435, 0, 0),
(7, 436, 0, 0),
(7, 437, 1, 1),
(7, 438, 1, 1),
(7, 439, 1, 1),
(7, 440, 1, 1),
(7, 441, 1, 1),
(7, 442, 0, 0),
(7, 443, 0, 0),
(7, 444, 0, 0),
(7, 445, 0, 0),
(7, 446, 0, 0),
(7, 447, 0, 0),
(7, 448, 0, 0),
(7, 449, 0, 0),
(7, 450, 0, 0),
(7, 451, 0, 0),
(7, 452, 0, 0),
(7, 453, 0, 0),
(7, 454, 0, 0),
(7, 455, 0, 0),
(7, 456, 0, 0),
(7, 457, 1, 1),
(7, 458, 1, 1),
(7, 459, 1, 1),
(7, 460, 1, 1),
(7, 461, 1, 1),
(7, 463, 1, 1),
(7, 464, 1, 1),
(7, 465, 1, 1),
(7, 466, 1, 1),
(7, 467, 1, 1),
(7, 468, 1, 1),
(7, 469, 1, 1),
(7, 470, 1, 1),
(7, 471, 1, 1),
(7, 472, 1, 1),
(7, 476, 1, 1),
(7, 477, 1, 1),
(7, 478, 1, 1),
(7, 479, 1, 1),
(7, 480, 1, 1),
(7, 481, 1, 1),
(7, 482, 1, 1),
(7, 483, 1, 1),
(7, 484, 1, 1),
(7, 485, 1, 1),
(7, 486, 1, 1),
(7, 487, 1, 1),
(7, 488, 1, 1),
(7, 489, 1, 1),
(7, 490, 1, 1),
(7, 491, 1, 1),
(7, 492, 0, 0),
(7, 493, 0, 0),
(7, 494, 0, 0),
(7, 495, 1, 1),
(7, 496, 1, 1),
(7, 497, 1, 1),
(7, 498, 0, 0),
(7, 499, 0, 0),
(7, 500, 0, 0),
(7, 501, 0, 0),
(7, 502, 0, 0),
(7, 503, 1, 1),
(7, 504, 1, 1),
(7, 505, 1, 1),
(7, 506, 1, 1),
(7, 511, 1, 1),
(7, 512, 1, 1),
(7, 513, 1, 1),
(7, 514, 1, 1),
(7, 515, 0, 0),
(7, 516, 0, 0),
(7, 519, 0, 0),
(7, 520, 0, 0),
(7, 521, 0, 0),
(7, 523, 0, 0),
(7, 524, 0, 0),
(7, 525, 0, 0),
(7, 526, 0, 0),
(7, 527, 1, 1),
(7, 528, 1, 1),
(7, 529, 1, 1),
(7, 530, 1, 1),
(7, 531, 1, 1),
(7, 532, 1, 1),
(7, 533, 1, 1),
(7, 534, 1, 1),
(7, 535, 1, 1),
(7, 536, 0, 0),
(7, 537, 0, 0),
(7, 538, 0, 0),
(7, 552, 0, 0),
(7, 567, 1, 1),
(7, 568, 1, 1),
(7, 569, 0, 0),
(8, 215, 1, 1),
(8, 244, 1, 1),
(8, 247, 1, 1),
(8, 248, 1, 1),
(8, 249, 1, 1),
(8, 251, 1, 1),
(8, 252, 1, 1),
(8, 253, 1, 1),
(8, 254, 1, 1),
(8, 255, 1, 1),
(8, 256, 1, 1),
(8, 257, 1, 1),
(8, 258, 1, 1),
(8, 259, 1, 1),
(8, 260, 1, 1),
(8, 261, 1, 1),
(8, 262, 1, 1),
(8, 263, 1, 1),
(8, 264, 1, 1),
(8, 265, 1, 1),
(8, 266, 1, 1),
(8, 267, 1, 1),
(8, 268, 1, 1),
(8, 269, 1, 1),
(8, 270, 1, 1),
(8, 271, 1, 1),
(8, 272, 1, 1),
(8, 273, 1, 1),
(8, 274, 1, 1),
(8, 275, 1, 1),
(8, 276, 1, 1),
(8, 277, 1, 1),
(8, 278, 1, 1),
(8, 279, 1, 1),
(8, 280, 1, 1),
(8, 281, 1, 1),
(8, 282, 1, 1),
(8, 283, 1, 1),
(8, 284, 1, 1),
(8, 285, 1, 1),
(8, 286, 1, 1),
(8, 287, 1, 1),
(8, 288, 1, 1),
(8, 289, 1, 1),
(8, 291, 1, 1),
(8, 292, 1, 1),
(8, 293, 1, 1),
(8, 294, 1, 1),
(8, 295, 1, 1),
(8, 296, 1, 1),
(8, 297, 1, 1),
(8, 298, 1, 1),
(8, 299, 1, 1),
(8, 300, 1, 1),
(8, 301, 1, 1),
(8, 302, 1, 1),
(8, 303, 1, 1),
(8, 312, 0, 0),
(8, 313, 0, 0),
(8, 314, 0, 0),
(8, 319, 1, 1),
(8, 320, 0, 0),
(8, 321, 0, 0),
(8, 324, 1, 1),
(8, 326, 1, 1),
(8, 327, 1, 1),
(8, 328, 1, 1),
(8, 329, 1, 1),
(8, 330, 1, 1),
(8, 331, 1, 1),
(8, 332, 1, 1),
(8, 333, 1, 1),
(8, 338, 1, 1),
(8, 355, 1, 1),
(8, 356, 1, 1),
(8, 357, 1, 1),
(8, 358, 0, 0),
(8, 359, 1, 1),
(8, 360, 1, 1),
(8, 361, 0, 0),
(8, 363, 0, 0),
(8, 365, 0, 0),
(8, 366, 0, 0),
(8, 367, 0, 0),
(8, 368, 1, 1),
(8, 369, 1, 1),
(8, 370, 1, 1),
(8, 371, 0, 0),
(8, 372, 0, 0),
(8, 373, 0, 0),
(8, 374, 0, 0),
(8, 375, 0, 0),
(8, 376, 0, 0),
(8, 377, 0, 0),
(8, 378, 0, 0),
(8, 379, 0, 0),
(8, 380, 1, 1),
(8, 381, 0, 0),
(8, 382, 0, 0),
(8, 383, 0, 0),
(8, 384, 0, 0),
(8, 385, 0, 0),
(8, 386, 0, 0),
(8, 387, 0, 0),
(8, 388, 1, 1),
(8, 389, 1, 1),
(8, 390, 1, 1),
(8, 391, 0, 0),
(8, 392, 0, 0),
(8, 393, 1, 1),
(8, 394, 1, 1),
(8, 395, 1, 1),
(8, 396, 1, 1),
(8, 398, 1, 1),
(8, 399, 1, 1),
(8, 400, 1, 1),
(8, 401, 0, 0),
(8, 402, 0, 0),
(8, 403, 0, 0),
(8, 404, 0, 0),
(8, 405, 0, 0),
(8, 406, 0, 0),
(8, 407, 0, 0),
(8, 408, 0, 0),
(8, 409, 0, 0),
(8, 410, 0, 0),
(8, 411, 0, 0),
(8, 412, 0, 0),
(8, 413, 0, 0),
(8, 414, 0, 0),
(8, 415, 1, 1),
(8, 416, 0, 0),
(8, 417, 0, 0),
(8, 418, 1, 1),
(8, 419, 0, 0),
(8, 420, 0, 0),
(8, 421, 0, 0),
(8, 422, 1, 1),
(8, 423, 1, 1),
(8, 424, 0, 0),
(8, 425, 0, 0),
(8, 427, 1, 1),
(8, 428, 1, 1),
(8, 429, 1, 1),
(8, 430, 1, 1),
(8, 431, 1, 1),
(8, 432, 1, 1),
(8, 433, 1, 1),
(8, 434, 0, 0),
(8, 435, 0, 0),
(8, 436, 0, 0),
(8, 437, 1, 1),
(8, 438, 1, 1),
(8, 439, 1, 1),
(8, 440, 1, 1),
(8, 441, 1, 1),
(8, 442, 0, 0),
(8, 443, 0, 0),
(8, 444, 0, 0),
(8, 445, 0, 0),
(8, 446, 0, 0),
(8, 447, 0, 0),
(8, 448, 0, 0),
(8, 449, 0, 0),
(8, 450, 0, 0),
(8, 451, 0, 0),
(8, 452, 0, 0),
(8, 453, 0, 0),
(8, 454, 0, 0),
(8, 455, 0, 0),
(8, 456, 0, 0),
(8, 457, 1, 1),
(8, 458, 1, 1),
(8, 459, 1, 1),
(8, 460, 1, 1),
(8, 461, 1, 1),
(8, 463, 1, 1),
(8, 464, 1, 1),
(8, 465, 1, 1),
(8, 466, 1, 1),
(8, 467, 1, 1),
(8, 468, 1, 1),
(8, 469, 1, 1),
(8, 470, 1, 1),
(8, 471, 1, 1),
(8, 472, 1, 1),
(8, 476, 1, 1),
(8, 477, 1, 1),
(8, 478, 1, 1),
(8, 479, 1, 1),
(8, 480, 1, 1),
(8, 481, 1, 1),
(8, 482, 1, 1),
(8, 483, 1, 1),
(8, 484, 1, 1),
(8, 485, 1, 1),
(8, 486, 1, 1),
(8, 487, 1, 1),
(8, 488, 1, 1),
(8, 489, 1, 1),
(8, 490, 1, 1),
(8, 491, 1, 1),
(8, 492, 0, 0),
(8, 493, 0, 0),
(8, 494, 0, 0),
(8, 495, 1, 1),
(8, 496, 1, 1),
(8, 497, 1, 1),
(8, 498, 0, 0),
(8, 499, 0, 0),
(8, 500, 0, 0),
(8, 501, 0, 0),
(8, 502, 0, 0),
(8, 503, 1, 1),
(8, 504, 1, 1),
(8, 505, 1, 1),
(8, 506, 1, 1),
(8, 511, 1, 1),
(8, 512, 1, 1),
(8, 513, 1, 1),
(8, 514, 1, 1),
(8, 515, 0, 0),
(8, 516, 0, 0),
(8, 519, 0, 0),
(8, 520, 0, 0),
(8, 521, 0, 0),
(8, 523, 0, 0),
(8, 524, 0, 0),
(8, 525, 0, 0),
(8, 526, 0, 0),
(8, 527, 1, 1),
(8, 528, 1, 1),
(8, 529, 1, 1),
(8, 530, 1, 1),
(8, 531, 1, 1),
(8, 532, 1, 1),
(8, 533, 1, 1),
(8, 534, 1, 1),
(8, 535, 1, 1),
(8, 536, 0, 0),
(8, 537, 0, 0),
(8, 538, 0, 0),
(8, 552, 0, 0),
(8, 567, 1, 1),
(8, 568, 1, 1),
(8, 569, 0, 0),
(9, 215, 1, 1),
(9, 244, 1, 1),
(9, 247, 1, 1),
(9, 248, 1, 1),
(9, 249, 1, 1),
(9, 251, 1, 1),
(9, 252, 1, 1),
(9, 253, 1, 1),
(9, 254, 1, 1),
(9, 255, 1, 1),
(9, 256, 1, 1),
(9, 257, 1, 1),
(9, 258, 1, 1),
(9, 259, 1, 1),
(9, 260, 1, 1),
(9, 261, 1, 1),
(9, 262, 1, 1),
(9, 263, 1, 1),
(9, 264, 1, 1),
(9, 265, 1, 1),
(9, 266, 1, 1),
(9, 267, 1, 1),
(9, 268, 1, 1),
(9, 269, 1, 1),
(9, 270, 1, 1),
(9, 271, 1, 1),
(9, 272, 1, 1),
(9, 273, 1, 1),
(9, 274, 1, 1),
(9, 275, 1, 1),
(9, 276, 1, 1),
(9, 277, 1, 1),
(9, 278, 1, 1),
(9, 279, 1, 1),
(9, 280, 1, 1),
(9, 281, 1, 1),
(9, 282, 1, 1),
(9, 283, 1, 1),
(9, 284, 1, 1),
(9, 285, 1, 1),
(9, 286, 1, 1),
(9, 287, 1, 1),
(9, 288, 1, 1),
(9, 289, 1, 1),
(9, 291, 1, 1),
(9, 292, 1, 1),
(9, 293, 1, 1),
(9, 294, 1, 1),
(9, 295, 1, 1),
(9, 296, 1, 1),
(9, 297, 1, 1),
(9, 298, 1, 1),
(9, 299, 1, 1),
(9, 300, 1, 1),
(9, 301, 1, 1),
(9, 302, 1, 1),
(9, 303, 1, 1),
(9, 312, 0, 0),
(9, 313, 0, 0),
(9, 314, 0, 0),
(9, 319, 1, 1),
(9, 320, 0, 0),
(9, 321, 0, 0),
(9, 324, 1, 1),
(9, 326, 1, 1),
(9, 327, 1, 1),
(9, 328, 1, 1),
(9, 329, 1, 1),
(9, 330, 1, 1),
(9, 331, 1, 1),
(9, 332, 1, 1),
(9, 333, 1, 1),
(9, 338, 1, 1),
(9, 355, 1, 1),
(9, 356, 1, 1),
(9, 357, 1, 1),
(9, 358, 0, 0),
(9, 359, 1, 1),
(9, 360, 1, 1),
(9, 361, 0, 0),
(9, 363, 0, 0),
(9, 365, 0, 0),
(9, 366, 0, 0),
(9, 367, 0, 0),
(9, 368, 1, 1),
(9, 369, 1, 1),
(9, 370, 1, 1),
(9, 371, 0, 0),
(9, 372, 0, 0),
(9, 373, 0, 0),
(9, 374, 0, 0),
(9, 375, 0, 0),
(9, 376, 0, 0),
(9, 377, 0, 0),
(9, 378, 0, 0),
(9, 379, 0, 0),
(9, 380, 1, 1),
(9, 381, 0, 0),
(9, 382, 0, 0),
(9, 383, 0, 0),
(9, 384, 0, 0),
(9, 385, 0, 0),
(9, 386, 0, 0),
(9, 387, 0, 0),
(9, 388, 1, 1),
(9, 389, 1, 1),
(9, 390, 1, 1),
(9, 391, 0, 0),
(9, 392, 0, 0),
(9, 393, 1, 1),
(9, 394, 1, 1),
(9, 395, 1, 1),
(9, 396, 1, 1),
(9, 398, 1, 1),
(9, 399, 1, 1),
(9, 400, 1, 1),
(9, 401, 0, 0),
(9, 402, 0, 0),
(9, 403, 0, 0),
(9, 404, 0, 0),
(9, 405, 0, 0),
(9, 406, 0, 0),
(9, 407, 0, 0),
(9, 408, 0, 0),
(9, 409, 0, 0),
(9, 410, 0, 0),
(9, 411, 0, 0),
(9, 412, 0, 0),
(9, 413, 0, 0),
(9, 414, 0, 0),
(9, 415, 1, 1),
(9, 416, 0, 0),
(9, 417, 0, 0),
(9, 418, 1, 1),
(9, 419, 0, 0),
(9, 420, 0, 0),
(9, 421, 0, 0),
(9, 422, 1, 1),
(9, 423, 1, 1),
(9, 424, 0, 0),
(9, 425, 0, 0),
(9, 427, 1, 1),
(9, 428, 1, 1),
(9, 429, 1, 1),
(9, 430, 1, 1),
(9, 431, 1, 1),
(9, 432, 1, 1),
(9, 433, 1, 1),
(9, 434, 0, 0),
(9, 435, 0, 0),
(9, 436, 0, 0),
(9, 437, 1, 1),
(9, 438, 1, 1),
(9, 439, 1, 1),
(9, 440, 1, 1),
(9, 441, 1, 1),
(9, 442, 0, 0),
(9, 443, 0, 0),
(9, 444, 0, 0),
(9, 445, 0, 0),
(9, 446, 0, 0),
(9, 447, 0, 0),
(9, 448, 0, 0),
(9, 449, 0, 0),
(9, 450, 0, 0),
(9, 451, 0, 0),
(9, 452, 0, 0),
(9, 453, 0, 0),
(9, 454, 0, 0),
(9, 455, 0, 0),
(9, 456, 0, 0),
(9, 457, 1, 1),
(9, 458, 1, 1),
(9, 459, 1, 1),
(9, 460, 1, 1),
(9, 461, 1, 1),
(9, 463, 1, 1),
(9, 464, 1, 1),
(9, 465, 1, 1),
(9, 466, 1, 1),
(9, 467, 1, 1),
(9, 468, 1, 1),
(9, 469, 1, 1),
(9, 470, 1, 1),
(9, 471, 1, 1),
(9, 472, 1, 1),
(9, 476, 1, 1),
(9, 477, 1, 1),
(9, 478, 1, 1),
(9, 479, 1, 1),
(9, 480, 1, 1),
(9, 481, 1, 1),
(9, 482, 1, 1),
(9, 483, 1, 1),
(9, 484, 1, 1),
(9, 485, 1, 1),
(9, 486, 1, 1),
(9, 487, 1, 1),
(9, 488, 1, 1),
(9, 489, 1, 1),
(9, 490, 1, 1),
(9, 491, 1, 1),
(9, 492, 0, 0),
(9, 493, 0, 0),
(9, 494, 0, 0),
(9, 495, 1, 1),
(9, 496, 1, 1),
(9, 497, 1, 1),
(9, 498, 0, 0),
(9, 499, 0, 0),
(9, 500, 0, 0),
(9, 501, 0, 0),
(9, 502, 0, 0),
(9, 503, 1, 1),
(9, 504, 1, 1),
(9, 505, 1, 1),
(9, 506, 1, 1),
(9, 511, 1, 1),
(9, 512, 1, 1),
(9, 513, 1, 1),
(9, 514, 1, 1),
(9, 515, 0, 0),
(9, 516, 0, 0),
(9, 519, 0, 0),
(9, 520, 0, 0),
(9, 521, 0, 0),
(9, 523, 0, 0),
(9, 524, 0, 0),
(9, 525, 0, 0),
(9, 526, 0, 0),
(9, 527, 1, 1),
(9, 528, 1, 1),
(9, 529, 1, 1),
(9, 530, 1, 1),
(9, 531, 1, 1),
(9, 532, 1, 1),
(9, 533, 1, 1),
(9, 534, 1, 1),
(9, 535, 1, 1),
(9, 536, 0, 0),
(9, 537, 1, 1),
(9, 538, 0, 0),
(9, 552, 1, 1),
(9, 567, 1, 1),
(9, 568, 1, 1),
(9, 569, 0, 0),
(10, 215, 1, 1),
(10, 244, 1, 1),
(10, 247, 1, 1),
(10, 248, 1, 1),
(10, 249, 1, 1),
(10, 251, 1, 1),
(10, 252, 1, 1),
(10, 253, 1, 1),
(10, 254, 1, 1),
(10, 255, 1, 1),
(10, 256, 1, 1),
(10, 257, 1, 1),
(10, 258, 1, 1),
(10, 259, 1, 1),
(10, 260, 1, 1),
(10, 261, 1, 1),
(10, 262, 1, 1),
(10, 263, 1, 1),
(10, 264, 1, 1),
(10, 265, 1, 1),
(10, 266, 1, 1),
(10, 267, 1, 1),
(10, 268, 1, 1),
(10, 269, 1, 1),
(10, 270, 1, 1),
(10, 271, 1, 1),
(10, 272, 1, 1),
(10, 273, 1, 1),
(10, 274, 1, 1),
(10, 275, 1, 1),
(10, 276, 1, 1),
(10, 277, 1, 1),
(10, 278, 1, 1),
(10, 279, 1, 1),
(10, 280, 1, 1),
(10, 281, 1, 1),
(10, 282, 1, 1),
(10, 283, 1, 1),
(10, 284, 1, 1),
(10, 285, 1, 1),
(10, 286, 1, 1),
(10, 287, 1, 1),
(10, 288, 1, 1),
(10, 289, 1, 1),
(10, 291, 1, 1),
(10, 292, 1, 1),
(10, 293, 1, 1),
(10, 294, 1, 1),
(10, 295, 1, 1),
(10, 296, 1, 1),
(10, 297, 1, 1),
(10, 298, 1, 1),
(10, 299, 1, 1),
(10, 300, 1, 1),
(10, 301, 1, 1),
(10, 302, 1, 1),
(10, 303, 1, 1),
(10, 312, 1, 1),
(10, 313, 0, 0),
(10, 314, 0, 0),
(10, 319, 1, 1),
(10, 320, 0, 0),
(10, 321, 0, 0),
(10, 324, 1, 1),
(10, 326, 1, 1),
(10, 327, 1, 1),
(10, 328, 1, 1),
(10, 329, 1, 1),
(10, 330, 1, 1),
(10, 331, 1, 1),
(10, 332, 1, 1),
(10, 333, 1, 1),
(10, 338, 1, 1),
(10, 339, 1, 1),
(10, 350, 1, 1),
(10, 355, 1, 1),
(10, 356, 1, 1),
(10, 357, 1, 1),
(10, 358, 0, 0),
(10, 359, 1, 1),
(10, 360, 1, 1),
(10, 361, 0, 0),
(10, 363, 1, 1),
(10, 365, 0, 0),
(10, 366, 0, 0),
(10, 367, 0, 0),
(10, 368, 1, 1),
(10, 369, 1, 1),
(10, 370, 1, 1),
(10, 371, 0, 0),
(10, 372, 0, 0),
(10, 373, 0, 0),
(10, 374, 0, 0),
(10, 375, 1, 1),
(10, 376, 0, 0),
(10, 377, 0, 0),
(10, 378, 0, 0),
(10, 379, 0, 0),
(10, 380, 1, 1),
(10, 381, 0, 0),
(10, 382, 0, 0),
(10, 383, 0, 0),
(10, 384, 0, 0),
(10, 385, 0, 0),
(10, 386, 0, 0),
(10, 387, 0, 0),
(10, 388, 1, 1),
(10, 389, 1, 1),
(10, 390, 1, 1),
(10, 391, 0, 0),
(10, 392, 0, 0),
(10, 393, 1, 1),
(10, 394, 1, 1),
(10, 395, 1, 1),
(10, 396, 1, 1),
(10, 398, 1, 1),
(10, 399, 1, 1),
(10, 400, 1, 1),
(10, 401, 1, 1),
(10, 402, 0, 0),
(10, 403, 0, 0),
(10, 404, 0, 0),
(10, 405, 1, 1),
(10, 406, 0, 0),
(10, 407, 0, 0),
(10, 408, 0, 0),
(10, 409, 1, 1),
(10, 410, 0, 0),
(10, 411, 0, 0),
(10, 412, 1, 1),
(10, 413, 0, 0),
(10, 414, 0, 0),
(10, 415, 1, 1),
(10, 416, 1, 1),
(10, 417, 1, 1),
(10, 418, 1, 1),
(10, 419, 0, 0),
(10, 420, 0, 0),
(10, 421, 0, 0),
(10, 422, 1, 1),
(10, 423, 1, 1),
(10, 424, 1, 1),
(10, 425, 0, 0),
(10, 427, 1, 1),
(10, 428, 1, 1),
(10, 429, 1, 1),
(10, 430, 1, 1),
(10, 431, 1, 1),
(10, 432, 1, 1),
(10, 433, 1, 1),
(10, 434, 1, 1),
(10, 435, 1, 1),
(10, 436, 1, 1),
(10, 437, 1, 1),
(10, 438, 1, 1),
(10, 439, 1, 1),
(10, 440, 1, 1),
(10, 441, 1, 1),
(10, 442, 1, 1),
(10, 443, 1, 1),
(10, 444, 1, 1),
(10, 445, 1, 1),
(10, 446, 1, 1),
(10, 447, 1, 1),
(10, 448, 1, 1),
(10, 449, 1, 1),
(10, 450, 1, 1),
(10, 451, 1, 1),
(10, 452, 1, 1),
(10, 453, 1, 1),
(10, 454, 1, 1),
(10, 455, 1, 1),
(10, 456, 1, 1),
(10, 457, 1, 1),
(10, 458, 1, 1),
(10, 459, 1, 1),
(10, 460, 1, 1),
(10, 461, 1, 1),
(10, 463, 1, 1),
(10, 464, 1, 1),
(10, 465, 1, 1),
(10, 466, 1, 1),
(10, 467, 1, 1),
(10, 468, 1, 1),
(10, 469, 1, 1),
(10, 470, 1, 1),
(10, 471, 1, 1),
(10, 472, 1, 1),
(10, 473, 1, 1),
(10, 474, 1, 1),
(10, 475, 1, 1),
(10, 476, 1, 1),
(10, 477, 1, 1),
(10, 478, 1, 1),
(10, 479, 1, 1),
(10, 480, 1, 1),
(10, 481, 1, 1),
(10, 482, 1, 1),
(10, 483, 1, 1),
(10, 484, 1, 1),
(10, 485, 1, 1),
(10, 486, 1, 1),
(10, 487, 1, 1),
(10, 488, 1, 1),
(10, 489, 1, 1),
(10, 490, 1, 1),
(10, 491, 1, 1),
(10, 492, 0, 0),
(10, 493, 0, 0),
(10, 494, 0, 0),
(10, 495, 1, 1),
(10, 496, 1, 1),
(10, 497, 1, 1),
(10, 498, 1, 1),
(10, 499, 1, 1),
(10, 500, 1, 1),
(10, 501, 1, 1),
(10, 502, 1, 1),
(10, 503, 1, 1),
(10, 504, 1, 1),
(10, 505, 1, 1),
(10, 506, 1, 1),
(10, 507, 1, 1),
(10, 508, 1, 1),
(10, 509, 1, 1),
(10, 510, 1, 1),
(10, 511, 1, 1),
(10, 512, 1, 1),
(10, 513, 1, 1),
(10, 514, 1, 1),
(10, 515, 1, 1),
(10, 516, 1, 1),
(10, 517, 1, 1),
(10, 518, 1, 1),
(10, 519, 1, 1),
(10, 520, 1, 1),
(10, 521, 1, 1),
(10, 522, 1, 1),
(10, 523, 1, 1),
(10, 524, 0, 0),
(10, 525, 0, 0),
(10, 526, 1, 1),
(10, 527, 1, 1),
(10, 528, 1, 1),
(10, 529, 1, 1),
(10, 530, 1, 1),
(10, 531, 1, 1),
(10, 532, 1, 1),
(10, 533, 1, 1),
(10, 534, 1, 1),
(10, 535, 1, 1),
(10, 536, 1, 1),
(10, 537, 1, 1),
(10, 538, 1, 1),
(10, 552, 1, 1),
(10, 567, 1, 1),
(10, 568, 1, 1),
(10, 569, 0, 0),
(11, 244, 1, 1),
(11, 247, 1, 1),
(11, 248, 1, 1),
(11, 249, 1, 1),
(11, 251, 1, 1),
(11, 252, 1, 1),
(11, 253, 1, 1),
(11, 254, 1, 1),
(11, 255, 1, 1),
(11, 256, 1, 1),
(11, 257, 1, 1),
(11, 258, 1, 1),
(11, 259, 1, 1),
(11, 260, 1, 1),
(11, 261, 1, 1),
(11, 262, 1, 1),
(11, 263, 1, 1),
(11, 264, 1, 1),
(11, 265, 1, 1),
(11, 266, 1, 1),
(11, 267, 1, 1),
(11, 268, 1, 1),
(11, 269, 1, 1),
(11, 270, 1, 1),
(11, 271, 1, 1),
(11, 272, 1, 1),
(11, 273, 1, 1),
(11, 274, 1, 1),
(11, 275, 1, 1),
(11, 276, 1, 1),
(11, 277, 1, 1),
(11, 278, 1, 1),
(11, 279, 1, 1),
(11, 280, 1, 1),
(11, 281, 1, 1),
(11, 282, 1, 1),
(11, 283, 1, 1),
(11, 284, 1, 1),
(11, 285, 1, 1),
(11, 286, 1, 1),
(11, 287, 1, 1),
(11, 288, 1, 1),
(11, 289, 1, 1),
(11, 291, 1, 1),
(11, 292, 1, 1),
(11, 293, 1, 1),
(11, 294, 1, 1),
(11, 295, 1, 1),
(11, 296, 1, 1),
(11, 297, 1, 1),
(11, 298, 1, 1),
(11, 299, 1, 1),
(11, 300, 1, 1),
(11, 301, 1, 1),
(11, 302, 1, 1),
(11, 303, 1, 1),
(11, 312, 0, 0),
(11, 313, 0, 0),
(11, 314, 0, 0),
(11, 319, 1, 1),
(11, 320, 0, 0),
(11, 321, 0, 0),
(11, 324, 1, 1),
(11, 326, 1, 1),
(11, 327, 1, 1),
(11, 328, 1, 1),
(11, 329, 1, 1),
(11, 330, 1, 1),
(11, 331, 1, 1),
(11, 332, 1, 1),
(11, 333, 1, 1),
(11, 339, 1, 1),
(11, 350, 1, 1),
(11, 355, 1, 1),
(11, 356, 1, 1),
(11, 357, 1, 1),
(11, 358, 0, 0),
(11, 359, 1, 1),
(11, 360, 1, 1),
(11, 361, 0, 0),
(11, 363, 1, 1),
(11, 365, 0, 0),
(11, 366, 0, 0),
(11, 367, 0, 0),
(11, 368, 1, 1),
(11, 369, 1, 1),
(11, 370, 1, 1),
(11, 371, 0, 0),
(11, 372, 0, 0),
(11, 373, 0, 0),
(11, 374, 0, 0),
(11, 375, 1, 1),
(11, 376, 0, 0),
(11, 377, 0, 0),
(11, 378, 0, 0),
(11, 379, 0, 0),
(11, 380, 1, 1),
(11, 381, 0, 0),
(11, 382, 0, 0),
(11, 383, 0, 0),
(11, 384, 0, 0),
(11, 385, 0, 0),
(11, 386, 0, 0),
(11, 387, 0, 0),
(11, 388, 1, 1),
(11, 389, 1, 1),
(11, 390, 1, 1),
(11, 391, 0, 0),
(11, 392, 0, 0),
(11, 393, 1, 1),
(11, 394, 1, 1),
(11, 395, 1, 1),
(11, 396, 1, 1),
(11, 398, 1, 1),
(11, 399, 1, 1),
(11, 400, 1, 1),
(11, 401, 1, 1),
(11, 402, 0, 0),
(11, 403, 0, 0),
(11, 404, 0, 0),
(11, 405, 1, 1),
(11, 406, 0, 0),
(11, 407, 0, 0),
(11, 408, 0, 0),
(11, 409, 1, 1),
(11, 410, 0, 0),
(11, 411, 0, 0),
(11, 412, 1, 1),
(11, 413, 0, 0),
(11, 414, 0, 0),
(11, 415, 1, 1),
(11, 416, 1, 1),
(11, 417, 1, 1),
(11, 418, 1, 1),
(11, 419, 0, 0),
(11, 420, 0, 0),
(11, 421, 0, 0),
(11, 422, 1, 1),
(11, 423, 1, 1),
(11, 424, 1, 1),
(11, 425, 0, 0),
(11, 427, 1, 1),
(11, 428, 1, 1),
(11, 429, 1, 1),
(11, 430, 1, 1),
(11, 431, 1, 1),
(11, 432, 1, 1),
(11, 433, 1, 1),
(11, 434, 1, 1),
(11, 435, 1, 1),
(11, 436, 1, 1),
(11, 437, 1, 1),
(11, 438, 1, 1),
(11, 439, 1, 1),
(11, 440, 1, 1),
(11, 441, 1, 1),
(11, 442, 1, 1),
(11, 443, 1, 1),
(11, 444, 1, 1),
(11, 445, 1, 1),
(11, 446, 1, 1),
(11, 447, 1, 1),
(11, 448, 1, 1),
(11, 449, 1, 1),
(11, 450, 1, 1),
(11, 451, 1, 1),
(11, 452, 1, 1),
(11, 453, 1, 1),
(11, 454, 1, 1),
(11, 455, 1, 1),
(11, 456, 1, 1),
(11, 457, 1, 1),
(11, 458, 1, 1),
(11, 459, 1, 1),
(11, 460, 1, 1),
(11, 461, 1, 1),
(11, 463, 1, 1),
(11, 464, 1, 1),
(11, 465, 1, 1),
(11, 466, 1, 1),
(11, 467, 1, 1),
(11, 468, 1, 1),
(11, 469, 1, 1),
(11, 470, 1, 1),
(11, 471, 1, 1),
(11, 472, 1, 1),
(11, 473, 1, 1),
(11, 474, 1, 1),
(11, 475, 1, 1),
(11, 476, 1, 1),
(11, 477, 1, 1),
(11, 478, 1, 1),
(11, 479, 1, 1),
(11, 480, 1, 1),
(11, 481, 1, 1),
(11, 482, 1, 1),
(11, 483, 1, 1),
(11, 484, 1, 1),
(11, 485, 1, 1),
(11, 486, 1, 1),
(11, 487, 1, 1),
(11, 488, 1, 1),
(11, 489, 1, 1),
(11, 490, 1, 1),
(11, 491, 1, 1),
(11, 492, 0, 0),
(11, 493, 0, 0),
(11, 494, 0, 0),
(11, 495, 1, 1),
(11, 496, 1, 1),
(11, 497, 1, 1),
(11, 498, 1, 1),
(11, 499, 1, 1),
(11, 500, 1, 1),
(11, 501, 1, 1),
(11, 502, 1, 1),
(11, 503, 1, 1),
(11, 504, 1, 1),
(11, 505, 1, 1),
(11, 506, 1, 1),
(11, 507, 1, 1),
(11, 508, 1, 1),
(11, 509, 1, 1),
(11, 510, 1, 1),
(11, 511, 1, 1),
(11, 512, 1, 1),
(11, 513, 1, 1),
(11, 514, 1, 1),
(11, 515, 1, 1),
(11, 516, 1, 1),
(11, 517, 1, 1),
(11, 518, 1, 1),
(11, 519, 1, 1),
(11, 520, 1, 1),
(11, 521, 1, 1),
(11, 522, 1, 1),
(11, 523, 1, 1),
(11, 524, 0, 0),
(11, 525, 0, 0),
(11, 526, 1, 1),
(11, 527, 1, 1),
(11, 528, 1, 1),
(11, 529, 1, 1),
(11, 530, 1, 1),
(11, 531, 1, 1),
(11, 532, 1, 1),
(11, 533, 1, 1),
(11, 534, 1, 1),
(11, 535, 1, 1),
(11, 536, 1, 1),
(11, 537, 1, 1),
(11, 538, 1, 1),
(11, 552, 1, 1),
(11, 567, 1, 1),
(11, 568, 1, 1),
(11, 569, 0, 0),
(12, 244, 1, 1),
(12, 247, 1, 1),
(12, 248, 1, 1),
(12, 249, 1, 1),
(12, 251, 1, 1),
(12, 252, 1, 1),
(12, 253, 1, 1),
(12, 254, 1, 1),
(12, 255, 1, 1),
(12, 256, 1, 1),
(12, 257, 1, 1),
(12, 258, 1, 1),
(12, 259, 1, 1),
(12, 260, 1, 1),
(12, 261, 1, 1),
(12, 262, 1, 1),
(12, 263, 1, 1),
(12, 264, 1, 1),
(12, 265, 1, 1),
(12, 266, 1, 1),
(12, 267, 1, 1),
(12, 268, 1, 1),
(12, 269, 1, 1),
(12, 270, 1, 1),
(12, 271, 1, 1),
(12, 272, 1, 1),
(12, 273, 1, 1),
(12, 274, 1, 1),
(12, 275, 1, 1),
(12, 276, 1, 1),
(12, 277, 1, 1),
(12, 278, 1, 1),
(12, 279, 1, 1),
(12, 280, 1, 1),
(12, 281, 1, 1),
(12, 282, 1, 1),
(12, 283, 1, 1),
(12, 284, 1, 1),
(12, 285, 1, 1),
(12, 286, 1, 1),
(12, 287, 1, 1),
(12, 288, 1, 1),
(12, 289, 1, 1),
(12, 291, 1, 1),
(12, 292, 1, 1),
(12, 293, 1, 1),
(12, 294, 1, 1),
(12, 295, 1, 1),
(12, 296, 1, 1),
(12, 297, 1, 1),
(12, 298, 1, 1),
(12, 299, 1, 1),
(12, 300, 1, 1),
(12, 301, 1, 1),
(12, 302, 1, 1),
(12, 303, 1, 1),
(12, 312, 0, 0),
(12, 313, 0, 0),
(12, 314, 0, 0),
(12, 319, 1, 1),
(12, 320, 0, 0),
(12, 321, 0, 0),
(12, 324, 1, 1),
(12, 326, 1, 1),
(12, 327, 1, 1),
(12, 328, 1, 1),
(12, 329, 1, 1),
(12, 330, 1, 1),
(12, 331, 1, 1),
(12, 332, 1, 1),
(12, 333, 1, 1),
(12, 339, 1, 1),
(12, 350, 1, 1),
(12, 355, 1, 1),
(12, 356, 1, 1),
(12, 357, 1, 1),
(12, 358, 0, 0),
(12, 359, 1, 1),
(12, 360, 1, 1),
(12, 361, 0, 0),
(12, 363, 1, 1),
(12, 365, 0, 0),
(12, 366, 0, 0),
(12, 367, 0, 0),
(12, 368, 1, 1),
(12, 369, 1, 1),
(12, 370, 1, 1),
(12, 371, 0, 0),
(12, 372, 0, 0),
(12, 373, 0, 0),
(12, 374, 0, 0),
(12, 375, 1, 1),
(12, 376, 0, 0),
(12, 377, 0, 0),
(12, 378, 0, 0),
(12, 379, 0, 0),
(12, 380, 1, 1),
(12, 381, 0, 0),
(12, 382, 0, 0),
(12, 383, 0, 0),
(12, 384, 0, 0),
(12, 385, 0, 0),
(12, 386, 0, 0),
(12, 387, 0, 0),
(12, 388, 1, 1),
(12, 389, 1, 1),
(12, 390, 1, 1),
(12, 391, 0, 0),
(12, 392, 0, 0),
(12, 393, 1, 1),
(12, 394, 1, 1),
(12, 395, 1, 1),
(12, 396, 1, 1),
(12, 398, 1, 1),
(12, 399, 1, 1),
(12, 400, 1, 1),
(12, 401, 1, 1),
(12, 402, 0, 0),
(12, 403, 0, 0),
(12, 404, 0, 0),
(12, 405, 1, 1),
(12, 406, 0, 0),
(12, 407, 0, 0),
(12, 408, 0, 0),
(12, 409, 1, 1),
(12, 410, 0, 0),
(12, 411, 0, 0),
(12, 412, 1, 1),
(12, 413, 0, 0),
(12, 414, 0, 0),
(12, 415, 1, 1),
(12, 416, 1, 1),
(12, 417, 1, 1),
(12, 418, 1, 1),
(12, 419, 0, 0),
(12, 420, 0, 0),
(12, 421, 0, 0),
(12, 422, 1, 1),
(12, 423, 1, 1),
(12, 424, 1, 1),
(12, 425, 0, 0),
(12, 427, 1, 1),
(12, 428, 1, 1),
(12, 429, 1, 1),
(12, 430, 1, 1),
(12, 431, 1, 1),
(12, 432, 1, 1),
(12, 433, 1, 1),
(12, 434, 1, 1),
(12, 435, 1, 1),
(12, 436, 1, 1),
(12, 437, 1, 1),
(12, 438, 1, 1),
(12, 439, 1, 1),
(12, 440, 1, 1),
(12, 441, 1, 1),
(12, 442, 1, 1),
(12, 443, 1, 1),
(12, 444, 1, 1),
(12, 445, 1, 1),
(12, 446, 1, 1),
(12, 447, 1, 1),
(12, 448, 1, 1),
(12, 449, 1, 1),
(12, 450, 1, 1),
(12, 451, 1, 1),
(12, 452, 1, 1),
(12, 453, 1, 1),
(12, 454, 1, 1),
(12, 455, 1, 1),
(12, 456, 1, 1),
(12, 457, 1, 1),
(12, 458, 1, 1),
(12, 459, 1, 1),
(12, 460, 1, 1),
(12, 461, 1, 1),
(12, 463, 1, 1),
(12, 464, 1, 1),
(12, 465, 1, 1),
(12, 466, 1, 1),
(12, 467, 1, 1),
(12, 468, 1, 1),
(12, 469, 1, 1),
(12, 470, 1, 1),
(12, 471, 1, 1),
(12, 472, 1, 1),
(12, 473, 1, 1),
(12, 474, 1, 1),
(12, 475, 1, 1),
(12, 476, 1, 1),
(12, 477, 1, 1),
(12, 478, 1, 1),
(12, 479, 1, 1),
(12, 480, 1, 1),
(12, 481, 1, 1),
(12, 482, 1, 1),
(12, 483, 1, 1),
(12, 484, 1, 1),
(12, 485, 1, 1),
(12, 486, 1, 1),
(12, 487, 1, 1),
(12, 488, 1, 1),
(12, 489, 1, 1),
(12, 490, 1, 1),
(12, 491, 1, 1),
(12, 492, 0, 0),
(12, 493, 0, 0),
(12, 494, 0, 0),
(12, 495, 1, 1),
(12, 496, 1, 1),
(12, 497, 1, 1),
(12, 498, 1, 1),
(12, 499, 1, 1),
(12, 500, 1, 1),
(12, 501, 1, 1),
(12, 502, 1, 1),
(12, 503, 1, 1),
(12, 504, 1, 1),
(12, 505, 1, 1),
(12, 506, 1, 1),
(12, 507, 1, 1),
(12, 508, 1, 1),
(12, 509, 1, 1),
(12, 510, 1, 1),
(12, 511, 1, 1),
(12, 512, 1, 1),
(12, 513, 1, 1),
(12, 514, 1, 1),
(12, 515, 1, 1),
(12, 516, 1, 1),
(12, 517, 1, 1),
(12, 518, 1, 1),
(12, 519, 1, 1),
(12, 520, 1, 1),
(12, 521, 1, 1),
(12, 522, 1, 1),
(12, 523, 1, 1),
(12, 524, 0, 0),
(12, 525, 0, 0),
(12, 526, 1, 1),
(12, 527, 1, 1),
(12, 528, 1, 1),
(12, 529, 1, 1),
(12, 530, 1, 1),
(12, 531, 1, 1),
(12, 532, 1, 1),
(12, 533, 1, 1),
(12, 534, 1, 1),
(12, 535, 1, 1),
(12, 536, 1, 1),
(12, 537, 1, 1),
(12, 538, 1, 1),
(12, 552, 1, 1),
(12, 567, 1, 1),
(12, 568, 1, 1),
(12, 569, 0, 0),
(13, 244, 1, 1),
(13, 247, 1, 1),
(13, 248, 1, 1),
(13, 249, 1, 1),
(13, 251, 1, 1),
(13, 252, 1, 1),
(13, 253, 1, 1),
(13, 254, 1, 1),
(13, 255, 1, 1),
(13, 256, 1, 1),
(13, 257, 1, 1),
(13, 258, 1, 1),
(13, 259, 1, 1),
(13, 260, 1, 1),
(13, 261, 1, 1),
(13, 262, 1, 1),
(13, 263, 1, 1),
(13, 264, 1, 1),
(13, 265, 1, 1),
(13, 266, 1, 1),
(13, 267, 1, 1),
(13, 268, 1, 1),
(13, 269, 1, 1),
(13, 270, 1, 1),
(13, 271, 1, 1),
(13, 272, 1, 1),
(13, 273, 1, 1),
(13, 274, 1, 1),
(13, 275, 1, 1),
(13, 276, 1, 1),
(13, 277, 1, 1),
(13, 278, 1, 1),
(13, 279, 1, 1),
(13, 280, 1, 1),
(13, 281, 1, 1),
(13, 282, 1, 1),
(13, 283, 1, 1),
(13, 284, 1, 1),
(13, 285, 1, 1),
(13, 286, 1, 1),
(13, 287, 1, 1),
(13, 288, 1, 1),
(13, 289, 1, 1),
(13, 291, 1, 1),
(13, 292, 1, 1),
(13, 293, 1, 1),
(13, 294, 1, 1),
(13, 295, 1, 1),
(13, 296, 1, 1),
(13, 297, 1, 1),
(13, 298, 1, 1),
(13, 299, 1, 1),
(13, 300, 1, 1),
(13, 301, 1, 1),
(13, 302, 1, 1),
(13, 303, 1, 1),
(13, 312, 0, 0),
(13, 313, 0, 0),
(13, 314, 0, 0),
(13, 319, 1, 1),
(13, 320, 0, 0),
(13, 321, 0, 0),
(13, 324, 1, 1),
(13, 326, 1, 1),
(13, 327, 1, 1),
(13, 328, 1, 1),
(13, 329, 1, 1),
(13, 330, 1, 1),
(13, 331, 1, 1),
(13, 332, 1, 1),
(13, 333, 1, 1),
(13, 355, 1, 1),
(13, 356, 1, 1),
(13, 357, 1, 1),
(13, 358, 0, 0),
(13, 359, 1, 1),
(13, 360, 1, 1),
(13, 361, 0, 0),
(13, 363, 0, 0),
(13, 365, 0, 0),
(13, 366, 0, 0),
(13, 367, 0, 0),
(13, 368, 1, 1),
(13, 369, 1, 1),
(13, 370, 1, 1),
(13, 371, 0, 0),
(13, 372, 0, 0),
(13, 373, 0, 0),
(13, 374, 0, 0),
(13, 375, 1, 1),
(13, 376, 0, 0),
(13, 377, 0, 0),
(13, 378, 0, 0),
(13, 379, 0, 0),
(13, 380, 1, 1),
(13, 381, 0, 0),
(13, 382, 0, 0),
(13, 383, 0, 0),
(13, 384, 0, 0),
(13, 385, 0, 0),
(13, 386, 0, 0),
(13, 387, 0, 0),
(13, 388, 1, 1),
(13, 389, 1, 1),
(13, 390, 1, 1),
(13, 391, 0, 0),
(13, 392, 0, 0),
(13, 393, 1, 1),
(13, 394, 1, 1),
(13, 395, 1, 1),
(13, 396, 1, 1),
(13, 398, 1, 1),
(13, 399, 1, 1),
(13, 400, 1, 1),
(13, 401, 0, 0),
(13, 402, 0, 0),
(13, 403, 0, 0),
(13, 404, 0, 0),
(13, 405, 0, 0),
(13, 406, 0, 0),
(13, 407, 0, 0),
(13, 408, 0, 0),
(13, 409, 0, 0),
(13, 410, 0, 0),
(13, 411, 0, 0),
(13, 412, 0, 0),
(13, 413, 0, 0),
(13, 414, 0, 0),
(13, 415, 1, 1),
(13, 416, 0, 0),
(13, 417, 1, 1),
(13, 418, 1, 1),
(13, 419, 0, 0),
(13, 420, 0, 0),
(13, 421, 0, 0),
(13, 422, 1, 1),
(13, 423, 1, 1),
(13, 424, 0, 0),
(13, 425, 0, 0),
(13, 427, 1, 1),
(13, 428, 1, 1),
(13, 429, 1, 1),
(13, 430, 1, 1),
(13, 431, 1, 1),
(13, 432, 1, 1),
(13, 433, 1, 1),
(13, 434, 0, 0),
(13, 435, 0, 0),
(13, 436, 0, 0),
(13, 437, 1, 1),
(13, 438, 1, 1),
(13, 439, 1, 1),
(13, 440, 1, 1),
(13, 441, 1, 1),
(13, 442, 0, 0),
(13, 443, 0, 0),
(13, 444, 0, 0),
(13, 445, 0, 0),
(13, 446, 0, 0),
(13, 447, 0, 0),
(13, 448, 0, 0),
(13, 449, 0, 0),
(13, 450, 0, 0),
(13, 451, 0, 0),
(13, 452, 0, 0),
(13, 453, 0, 0),
(13, 454, 1, 1),
(13, 455, 1, 1),
(13, 456, 1, 1),
(13, 457, 1, 1),
(13, 458, 1, 1),
(13, 459, 1, 1),
(13, 460, 1, 1),
(13, 461, 1, 1),
(13, 463, 1, 1),
(13, 464, 1, 1),
(13, 465, 1, 1),
(13, 466, 1, 1),
(13, 467, 1, 1),
(13, 468, 1, 1),
(13, 469, 1, 1),
(13, 470, 1, 1),
(13, 471, 1, 1),
(13, 472, 1, 1),
(13, 476, 1, 1),
(13, 477, 1, 1),
(13, 478, 1, 1),
(13, 479, 1, 1),
(13, 480, 1, 1),
(13, 481, 1, 1),
(13, 482, 1, 1),
(13, 483, 1, 1),
(13, 484, 1, 1),
(13, 485, 1, 1),
(13, 486, 1, 1),
(13, 487, 1, 1),
(13, 488, 1, 1),
(13, 489, 1, 1),
(13, 490, 1, 1),
(13, 491, 1, 1),
(13, 492, 0, 0),
(13, 493, 0, 0),
(13, 494, 0, 0),
(13, 495, 1, 1),
(13, 496, 1, 1),
(13, 497, 1, 1),
(13, 498, 0, 0),
(13, 499, 0, 0),
(13, 500, 0, 0),
(13, 501, 0, 0),
(13, 502, 0, 0),
(13, 503, 1, 1),
(13, 504, 1, 1),
(13, 505, 1, 1),
(13, 506, 1, 1),
(13, 511, 1, 1),
(13, 512, 1, 1),
(13, 513, 1, 1),
(13, 514, 1, 1),
(13, 515, 0, 0),
(13, 516, 0, 0),
(13, 519, 0, 0),
(13, 520, 0, 0),
(13, 521, 0, 0),
(13, 523, 0, 0),
(13, 524, 0, 0),
(13, 525, 0, 0),
(13, 526, 1, 1),
(13, 527, 1, 1),
(13, 528, 1, 1),
(13, 529, 1, 1),
(13, 530, 1, 1),
(13, 531, 1, 1),
(13, 532, 1, 1),
(13, 533, 1, 1),
(13, 534, 1, 1),
(13, 535, 1, 1),
(13, 536, 0, 0),
(13, 537, 0, 0),
(13, 538, 0, 0),
(13, 552, 0, 0),
(13, 567, 1, 1),
(13, 568, 1, 1),
(13, 569, 0, 0),
(14, 244, 1, 1),
(14, 247, 1, 1),
(14, 248, 1, 1),
(14, 249, 1, 1),
(14, 251, 1, 1),
(14, 252, 1, 1),
(14, 253, 1, 1),
(14, 254, 1, 1),
(14, 255, 1, 1),
(14, 256, 1, 1),
(14, 257, 1, 1),
(14, 258, 1, 1),
(14, 259, 1, 1),
(14, 260, 1, 1),
(14, 261, 1, 1),
(14, 262, 1, 1),
(14, 263, 1, 1),
(14, 264, 1, 1),
(14, 265, 1, 1),
(14, 266, 1, 1),
(14, 267, 1, 1),
(14, 268, 1, 1),
(14, 269, 1, 1),
(14, 270, 1, 1),
(14, 271, 1, 1),
(14, 272, 1, 1),
(14, 273, 1, 1),
(14, 274, 1, 1),
(14, 275, 1, 1),
(14, 276, 1, 1),
(14, 277, 1, 1),
(14, 278, 1, 1),
(14, 279, 1, 1),
(14, 280, 1, 1),
(14, 281, 1, 1),
(14, 282, 1, 1),
(14, 283, 1, 1),
(14, 284, 1, 1),
(14, 285, 1, 1),
(14, 286, 1, 1),
(14, 287, 1, 1),
(14, 288, 1, 1),
(14, 289, 1, 1),
(14, 291, 1, 1),
(14, 292, 1, 1),
(14, 293, 1, 1),
(14, 294, 1, 1),
(14, 295, 1, 1),
(14, 296, 1, 1),
(14, 297, 1, 1),
(14, 298, 1, 1),
(14, 299, 1, 1),
(14, 300, 1, 1),
(14, 301, 1, 1),
(14, 302, 1, 1),
(14, 303, 1, 1),
(14, 312, 0, 0),
(14, 313, 0, 0),
(14, 314, 0, 0),
(14, 319, 1, 1),
(14, 320, 0, 0),
(14, 321, 0, 0),
(14, 324, 1, 1),
(14, 326, 1, 1),
(14, 327, 1, 1),
(14, 328, 1, 1),
(14, 329, 1, 1),
(14, 330, 1, 1),
(14, 331, 1, 1),
(14, 332, 1, 1),
(14, 333, 1, 1),
(14, 355, 1, 1),
(14, 356, 1, 1),
(14, 357, 1, 1),
(14, 358, 0, 0),
(14, 359, 1, 1),
(14, 360, 1, 1),
(14, 361, 0, 0),
(14, 363, 0, 0),
(14, 365, 0, 0),
(14, 366, 0, 0),
(14, 367, 0, 0),
(14, 368, 1, 1),
(14, 369, 1, 1),
(14, 370, 1, 1),
(14, 371, 0, 0),
(14, 372, 0, 0),
(14, 373, 0, 0),
(14, 374, 0, 0),
(14, 375, 1, 1),
(14, 376, 0, 0),
(14, 377, 0, 0),
(14, 378, 0, 0),
(14, 379, 0, 0),
(14, 380, 1, 1),
(14, 381, 0, 0),
(14, 382, 0, 0),
(14, 383, 0, 0),
(14, 384, 0, 0),
(14, 385, 0, 0),
(14, 386, 0, 0),
(14, 387, 0, 0),
(14, 388, 1, 1),
(14, 389, 1, 1),
(14, 390, 1, 1),
(14, 391, 0, 0),
(14, 392, 0, 0),
(14, 393, 1, 1),
(14, 394, 1, 1),
(14, 395, 1, 1),
(14, 396, 1, 1),
(14, 398, 1, 1),
(14, 399, 1, 1),
(14, 400, 1, 1),
(14, 401, 0, 0),
(14, 402, 0, 0),
(14, 403, 0, 0),
(14, 404, 0, 0),
(14, 405, 0, 0),
(14, 406, 0, 0),
(14, 407, 0, 0),
(14, 408, 0, 0),
(14, 409, 0, 0),
(14, 410, 0, 0),
(14, 411, 0, 0),
(14, 412, 0, 0),
(14, 413, 0, 0),
(14, 414, 0, 0),
(14, 415, 1, 1),
(14, 416, 0, 0),
(14, 417, 1, 1),
(14, 418, 1, 1),
(14, 419, 0, 0),
(14, 420, 0, 0),
(14, 421, 0, 0),
(14, 422, 1, 1),
(14, 423, 1, 1),
(14, 424, 0, 0),
(14, 425, 0, 0),
(14, 427, 1, 1),
(14, 428, 1, 1),
(14, 429, 1, 1),
(14, 430, 1, 1),
(14, 431, 1, 1),
(14, 432, 1, 1),
(14, 433, 1, 1),
(14, 434, 0, 0),
(14, 435, 0, 0),
(14, 436, 0, 0),
(14, 437, 1, 1),
(14, 438, 1, 1),
(14, 439, 1, 1),
(14, 440, 1, 1),
(14, 441, 1, 1),
(14, 442, 0, 0),
(14, 443, 0, 0),
(14, 444, 0, 0),
(14, 445, 0, 0),
(14, 446, 0, 0),
(14, 447, 0, 0),
(14, 448, 0, 0),
(14, 449, 0, 0),
(14, 450, 0, 0),
(14, 451, 0, 0),
(14, 452, 0, 0),
(14, 453, 0, 0),
(14, 454, 1, 1),
(14, 455, 1, 1),
(14, 456, 1, 1),
(14, 457, 1, 1),
(14, 458, 1, 1),
(14, 459, 1, 1),
(14, 460, 1, 1),
(14, 461, 1, 1),
(14, 463, 1, 1),
(14, 464, 1, 1),
(14, 465, 1, 1),
(14, 466, 1, 1),
(14, 467, 1, 1),
(14, 468, 1, 1),
(14, 469, 1, 1),
(14, 470, 1, 1),
(14, 471, 1, 1),
(14, 472, 1, 1),
(14, 476, 1, 1),
(14, 477, 1, 1),
(14, 478, 1, 1),
(14, 479, 1, 1),
(14, 480, 1, 1),
(14, 481, 1, 1),
(14, 482, 1, 1),
(14, 483, 1, 1),
(14, 484, 1, 1),
(14, 485, 1, 1),
(14, 486, 1, 1),
(14, 487, 1, 1),
(14, 488, 1, 1),
(14, 489, 1, 1),
(14, 490, 1, 1),
(14, 491, 1, 1),
(14, 492, 0, 0),
(14, 493, 0, 0),
(14, 494, 0, 0),
(14, 495, 1, 1),
(14, 496, 1, 1),
(14, 497, 1, 1),
(14, 498, 0, 0),
(14, 499, 0, 0),
(14, 500, 0, 0),
(14, 501, 0, 0),
(14, 502, 0, 0),
(14, 503, 1, 1),
(14, 504, 1, 1),
(14, 505, 1, 1),
(14, 506, 1, 1),
(14, 511, 1, 1),
(14, 512, 1, 1),
(14, 513, 1, 1),
(14, 514, 1, 1),
(14, 515, 0, 0),
(14, 516, 0, 0),
(14, 519, 0, 0),
(14, 520, 0, 0),
(14, 521, 0, 0),
(14, 523, 0, 0),
(14, 524, 0, 0),
(14, 525, 0, 0),
(14, 526, 1, 1),
(14, 527, 1, 1),
(14, 528, 1, 1),
(14, 529, 1, 1),
(14, 530, 1, 1),
(14, 531, 1, 1),
(14, 532, 1, 1),
(14, 533, 1, 1),
(14, 534, 1, 1),
(14, 535, 1, 1),
(14, 536, 0, 0),
(14, 537, 0, 0),
(14, 538, 0, 0),
(14, 552, 0, 0),
(14, 567, 1, 1),
(14, 568, 1, 1),
(14, 569, 0, 0),
(15, 244, 1, 1),
(15, 247, 1, 1),
(15, 248, 1, 1),
(15, 249, 1, 1),
(15, 251, 1, 1),
(15, 252, 1, 1),
(15, 253, 1, 1),
(15, 254, 1, 1),
(15, 255, 1, 1),
(15, 256, 1, 1),
(15, 257, 1, 1),
(15, 258, 1, 1),
(15, 259, 1, 1),
(15, 260, 1, 1),
(15, 261, 1, 1),
(15, 262, 1, 1),
(15, 263, 1, 1),
(15, 264, 1, 1),
(15, 265, 1, 1),
(15, 266, 1, 1),
(15, 267, 1, 1),
(15, 268, 1, 1),
(15, 269, 1, 1),
(15, 270, 1, 1),
(15, 271, 1, 1),
(15, 272, 1, 1),
(15, 273, 1, 1),
(15, 274, 1, 1),
(15, 275, 1, 1),
(15, 276, 1, 1),
(15, 277, 1, 1),
(15, 278, 1, 1),
(15, 279, 1, 1),
(15, 280, 1, 1),
(15, 281, 1, 1),
(15, 282, 1, 1),
(15, 283, 1, 1),
(15, 284, 1, 1),
(15, 285, 1, 1),
(15, 286, 1, 1),
(15, 287, 1, 1),
(15, 288, 1, 1),
(15, 289, 1, 1),
(15, 291, 1, 1),
(15, 292, 1, 1),
(15, 293, 1, 1),
(15, 294, 1, 1),
(15, 295, 1, 1),
(15, 296, 1, 1),
(15, 297, 1, 1),
(15, 298, 1, 1),
(15, 299, 1, 1),
(15, 300, 1, 1),
(15, 301, 1, 1),
(15, 302, 1, 1),
(15, 303, 1, 1),
(15, 312, 0, 0),
(15, 313, 0, 0),
(15, 314, 0, 0),
(15, 319, 1, 1),
(15, 320, 0, 0),
(15, 321, 0, 0),
(15, 324, 1, 1),
(15, 326, 1, 1),
(15, 327, 1, 1),
(15, 328, 1, 1),
(15, 329, 1, 1),
(15, 330, 1, 1),
(15, 331, 1, 1),
(15, 332, 1, 1),
(15, 333, 1, 1),
(15, 355, 1, 1),
(15, 356, 1, 1),
(15, 357, 1, 1),
(15, 358, 0, 0),
(15, 359, 1, 1),
(15, 360, 1, 1),
(15, 361, 0, 0),
(15, 363, 0, 0),
(15, 365, 0, 0),
(15, 366, 0, 0),
(15, 367, 0, 0),
(15, 368, 1, 1),
(15, 369, 1, 1),
(15, 370, 1, 1),
(15, 371, 0, 0),
(15, 372, 0, 0),
(15, 373, 0, 0),
(15, 374, 0, 0),
(15, 375, 1, 1),
(15, 376, 0, 0),
(15, 377, 0, 0),
(15, 378, 0, 0),
(15, 379, 0, 0),
(15, 380, 1, 1),
(15, 381, 0, 0),
(15, 382, 0, 0),
(15, 383, 0, 0),
(15, 384, 0, 0),
(15, 385, 0, 0),
(15, 386, 0, 0),
(15, 387, 0, 0),
(15, 388, 1, 1),
(15, 389, 1, 1),
(15, 390, 1, 1),
(15, 391, 0, 0),
(15, 392, 0, 0),
(15, 393, 1, 1),
(15, 394, 1, 1),
(15, 395, 1, 1),
(15, 396, 1, 1),
(15, 398, 1, 1),
(15, 399, 1, 1),
(15, 400, 1, 1),
(15, 401, 0, 0),
(15, 402, 0, 0),
(15, 403, 0, 0),
(15, 404, 0, 0),
(15, 405, 0, 0),
(15, 406, 0, 0),
(15, 407, 0, 0),
(15, 408, 0, 0),
(15, 409, 0, 0),
(15, 410, 0, 0),
(15, 411, 0, 0),
(15, 412, 0, 0),
(15, 413, 0, 0),
(15, 414, 0, 0),
(15, 415, 1, 1),
(15, 416, 0, 0),
(15, 417, 1, 1),
(15, 418, 1, 1),
(15, 419, 0, 0),
(15, 420, 0, 0),
(15, 421, 0, 0),
(15, 422, 1, 1),
(15, 423, 1, 1),
(15, 424, 0, 0),
(15, 425, 0, 0),
(15, 427, 1, 1),
(15, 428, 1, 1),
(15, 429, 1, 1),
(15, 430, 1, 1),
(15, 431, 1, 1),
(15, 432, 1, 1),
(15, 433, 1, 1),
(15, 434, 0, 0),
(15, 435, 0, 0),
(15, 436, 0, 0),
(15, 437, 1, 1),
(15, 438, 1, 1),
(15, 439, 1, 1),
(15, 440, 1, 1),
(15, 441, 1, 1),
(15, 442, 0, 0),
(15, 443, 0, 0),
(15, 444, 0, 0),
(15, 445, 0, 0),
(15, 446, 0, 0),
(15, 447, 0, 0),
(15, 448, 0, 0),
(15, 449, 0, 0),
(15, 450, 0, 0),
(15, 451, 0, 0),
(15, 452, 0, 0),
(15, 453, 0, 0),
(15, 454, 1, 1),
(15, 455, 1, 1),
(15, 456, 1, 1),
(15, 457, 1, 1),
(15, 458, 1, 1),
(15, 459, 1, 1),
(15, 460, 1, 1),
(15, 461, 1, 1),
(15, 463, 1, 1),
(15, 464, 1, 1),
(15, 465, 1, 1),
(15, 466, 1, 1),
(15, 467, 1, 1),
(15, 468, 1, 1),
(15, 469, 1, 1),
(15, 470, 1, 1),
(15, 471, 1, 1),
(15, 472, 1, 1),
(15, 476, 1, 1),
(15, 477, 1, 1),
(15, 478, 1, 1),
(15, 479, 1, 1),
(15, 480, 1, 1),
(15, 481, 1, 1),
(15, 482, 1, 1),
(15, 483, 1, 1),
(15, 484, 1, 1),
(15, 485, 1, 1),
(15, 486, 1, 1),
(15, 487, 1, 1),
(15, 488, 1, 1),
(15, 489, 1, 1),
(15, 490, 1, 1),
(15, 491, 1, 1),
(15, 492, 0, 0),
(15, 493, 0, 0),
(15, 494, 0, 0),
(15, 495, 1, 1),
(15, 496, 1, 1),
(15, 497, 1, 1),
(15, 498, 0, 0),
(15, 499, 0, 0),
(15, 500, 0, 0),
(15, 501, 0, 0),
(15, 502, 0, 0),
(15, 503, 1, 1),
(15, 504, 1, 1),
(15, 505, 1, 1),
(15, 506, 1, 1),
(15, 511, 1, 1),
(15, 512, 1, 1),
(15, 513, 1, 1),
(15, 514, 1, 1),
(15, 515, 0, 0),
(15, 516, 0, 0),
(15, 519, 0, 0),
(15, 520, 0, 0),
(15, 521, 0, 0),
(15, 523, 0, 0),
(15, 524, 0, 0),
(15, 525, 0, 0),
(15, 526, 1, 1),
(15, 527, 1, 1),
(15, 528, 1, 1),
(15, 529, 1, 1),
(15, 530, 1, 1),
(15, 531, 1, 1),
(15, 532, 1, 1),
(15, 533, 1, 1),
(15, 534, 1, 1),
(15, 535, 1, 1),
(15, 536, 0, 0),
(15, 537, 0, 0),
(15, 538, 0, 0),
(15, 552, 0, 0),
(15, 567, 1, 1),
(15, 568, 1, 1),
(15, 569, 0, 0),
(16, 244, 1, 1),
(16, 247, 1, 1),
(16, 248, 1, 1),
(16, 249, 1, 1),
(16, 251, 1, 1),
(16, 252, 1, 1),
(16, 253, 1, 1),
(16, 254, 1, 1),
(16, 255, 1, 1),
(16, 256, 1, 1),
(16, 257, 1, 1),
(16, 258, 1, 1),
(16, 259, 1, 1),
(16, 260, 1, 1),
(16, 261, 1, 1),
(16, 262, 1, 1),
(16, 263, 1, 1),
(16, 264, 1, 1),
(16, 265, 1, 1),
(16, 266, 1, 1),
(16, 267, 1, 1),
(16, 268, 1, 1),
(16, 269, 1, 1),
(16, 270, 1, 1),
(16, 271, 1, 1),
(16, 272, 1, 1),
(16, 273, 1, 1),
(16, 274, 1, 1),
(16, 275, 1, 1),
(16, 276, 1, 1),
(16, 277, 1, 1),
(16, 278, 1, 1),
(16, 279, 1, 1),
(16, 280, 1, 1),
(16, 281, 1, 1),
(16, 282, 1, 1),
(16, 283, 1, 1),
(16, 284, 1, 1),
(16, 285, 1, 1),
(16, 286, 1, 1),
(16, 287, 1, 1),
(16, 288, 1, 1),
(16, 289, 1, 1),
(16, 291, 1, 1),
(16, 292, 1, 1),
(16, 293, 1, 1),
(16, 294, 1, 1),
(16, 295, 1, 1),
(16, 296, 1, 1),
(16, 297, 1, 1),
(16, 298, 1, 1),
(16, 299, 1, 1),
(16, 300, 1, 1),
(16, 301, 1, 1),
(16, 302, 1, 1),
(16, 303, 1, 1),
(16, 312, 0, 0),
(16, 313, 0, 0),
(16, 314, 0, 0),
(16, 319, 1, 1),
(16, 320, 0, 0),
(16, 321, 0, 0),
(16, 324, 1, 1),
(16, 326, 1, 1),
(16, 327, 1, 1),
(16, 328, 1, 1),
(16, 329, 1, 1),
(16, 330, 1, 1),
(16, 331, 1, 1),
(16, 332, 1, 1),
(16, 333, 1, 1),
(16, 355, 1, 1),
(16, 356, 1, 1),
(16, 357, 1, 1),
(16, 358, 0, 0),
(16, 359, 1, 1),
(16, 360, 1, 1),
(16, 361, 0, 0),
(16, 363, 0, 0),
(16, 365, 0, 0),
(16, 366, 0, 0),
(16, 367, 0, 0),
(16, 368, 1, 1),
(16, 369, 1, 1),
(16, 370, 1, 1),
(16, 371, 0, 0),
(16, 372, 0, 0),
(16, 373, 0, 0),
(16, 374, 0, 0),
(16, 375, 1, 1),
(16, 376, 0, 0),
(16, 377, 0, 0),
(16, 378, 0, 0),
(16, 379, 0, 0),
(16, 380, 1, 1),
(16, 381, 0, 0),
(16, 382, 0, 0),
(16, 383, 0, 0),
(16, 384, 0, 0),
(16, 385, 0, 0),
(16, 386, 0, 0),
(16, 387, 0, 0),
(16, 388, 1, 1),
(16, 389, 1, 1),
(16, 390, 1, 1),
(16, 391, 0, 0),
(16, 392, 0, 0),
(16, 393, 1, 1),
(16, 394, 1, 1),
(16, 395, 1, 1),
(16, 396, 1, 1),
(16, 398, 1, 1),
(16, 399, 1, 1),
(16, 400, 1, 1),
(16, 401, 0, 0),
(16, 402, 0, 0),
(16, 403, 0, 0),
(16, 404, 0, 0),
(16, 405, 0, 0),
(16, 406, 0, 0),
(16, 407, 0, 0),
(16, 408, 0, 0),
(16, 409, 0, 0),
(16, 410, 0, 0),
(16, 411, 0, 0),
(16, 412, 0, 0),
(16, 413, 0, 0),
(16, 414, 0, 0),
(16, 415, 1, 1),
(16, 416, 0, 0),
(16, 417, 0, 0),
(16, 418, 1, 1),
(16, 419, 0, 0),
(16, 420, 0, 0),
(16, 421, 0, 0),
(16, 422, 1, 1),
(16, 423, 1, 1),
(16, 424, 0, 0),
(16, 425, 0, 0),
(16, 427, 1, 1),
(16, 428, 1, 1),
(16, 429, 1, 1),
(16, 430, 1, 1),
(16, 431, 1, 1),
(16, 432, 1, 1),
(16, 433, 1, 1),
(16, 434, 0, 0),
(16, 435, 0, 0),
(16, 436, 0, 0),
(16, 437, 1, 1),
(16, 438, 1, 1),
(16, 439, 1, 1),
(16, 440, 1, 1),
(16, 441, 1, 1),
(16, 442, 0, 0),
(16, 443, 0, 0),
(16, 444, 0, 0),
(16, 445, 0, 0),
(16, 446, 0, 0),
(16, 447, 0, 0),
(16, 448, 0, 0),
(16, 449, 0, 0),
(16, 450, 0, 0),
(16, 451, 0, 0),
(16, 452, 0, 0),
(16, 453, 0, 0),
(16, 454, 1, 1),
(16, 455, 1, 1),
(16, 456, 1, 1),
(16, 457, 1, 1),
(16, 458, 1, 1),
(16, 459, 1, 1),
(16, 460, 1, 1),
(16, 461, 1, 1),
(16, 463, 1, 1),
(16, 464, 1, 1),
(16, 465, 1, 1),
(16, 466, 1, 1),
(16, 467, 1, 1),
(16, 468, 1, 1),
(16, 469, 1, 1),
(16, 470, 1, 1),
(16, 471, 1, 1),
(16, 472, 1, 1),
(16, 476, 1, 1),
(16, 477, 1, 1),
(16, 478, 1, 1),
(16, 479, 1, 1),
(16, 480, 1, 1),
(16, 481, 1, 1),
(16, 482, 1, 1),
(16, 483, 1, 1),
(16, 484, 1, 1),
(16, 485, 1, 1),
(16, 486, 1, 1),
(16, 487, 1, 1),
(16, 488, 1, 1),
(16, 489, 1, 1),
(16, 490, 1, 1),
(16, 491, 1, 1),
(16, 492, 0, 0),
(16, 493, 0, 0),
(16, 494, 0, 0),
(16, 495, 1, 1),
(16, 496, 1, 1),
(16, 497, 1, 1),
(16, 498, 0, 0),
(16, 499, 0, 0),
(16, 500, 0, 0),
(16, 501, 0, 0),
(16, 502, 0, 0),
(16, 503, 1, 1),
(16, 504, 1, 1),
(16, 505, 1, 1),
(16, 506, 1, 1),
(16, 511, 1, 1),
(16, 512, 1, 1),
(16, 513, 1, 1),
(16, 514, 1, 1),
(16, 515, 0, 0),
(16, 516, 0, 0),
(16, 519, 0, 0),
(16, 520, 0, 0),
(16, 521, 0, 0),
(16, 523, 0, 0),
(16, 524, 0, 0),
(16, 525, 0, 0),
(16, 526, 1, 1),
(16, 527, 1, 1),
(16, 528, 1, 1),
(16, 529, 1, 1),
(16, 530, 1, 1),
(16, 531, 1, 1),
(16, 532, 1, 1),
(16, 533, 1, 1),
(16, 534, 1, 1),
(16, 535, 1, 1),
(16, 536, 0, 0),
(16, 537, 0, 0),
(16, 538, 0, 0),
(16, 552, 0, 0),
(16, 567, 1, 1),
(16, 568, 1, 1),
(16, 569, 0, 0),
(17, 244, 1, 1),
(17, 247, 1, 1),
(17, 248, 1, 1),
(17, 249, 1, 1),
(17, 251, 1, 1),
(17, 252, 1, 1),
(17, 253, 1, 1),
(17, 254, 1, 1),
(17, 255, 1, 1),
(17, 256, 1, 1),
(17, 257, 1, 1),
(17, 258, 1, 1),
(17, 259, 1, 1),
(17, 260, 1, 1),
(17, 261, 1, 1),
(17, 262, 1, 1),
(17, 263, 1, 1),
(17, 264, 1, 1),
(17, 265, 1, 1),
(17, 266, 1, 1),
(17, 267, 1, 1),
(17, 268, 1, 1),
(17, 269, 1, 1),
(17, 270, 1, 1),
(17, 271, 1, 1),
(17, 272, 1, 1),
(17, 273, 1, 1),
(17, 274, 1, 1),
(17, 275, 1, 1),
(17, 276, 1, 1),
(17, 277, 1, 1),
(17, 278, 1, 1),
(17, 279, 1, 1),
(17, 280, 1, 1),
(17, 281, 1, 1),
(17, 282, 1, 1),
(17, 283, 1, 1),
(17, 284, 1, 1),
(17, 285, 1, 1),
(17, 286, 1, 1),
(17, 287, 1, 1),
(17, 288, 1, 1),
(17, 289, 1, 1),
(17, 291, 1, 1),
(17, 292, 1, 1),
(17, 293, 1, 1),
(17, 294, 1, 1),
(17, 295, 1, 1),
(17, 296, 1, 1),
(17, 297, 1, 1),
(17, 298, 1, 1),
(17, 299, 1, 1),
(17, 300, 1, 1),
(17, 301, 1, 1),
(17, 302, 1, 1),
(17, 303, 1, 1),
(17, 312, 0, 0),
(17, 313, 0, 0),
(17, 314, 0, 0),
(17, 319, 1, 1),
(17, 320, 0, 0),
(17, 321, 0, 0),
(17, 324, 1, 1),
(17, 326, 1, 1),
(17, 327, 1, 1),
(17, 328, 1, 1),
(17, 329, 1, 1),
(17, 330, 1, 1),
(17, 331, 1, 1),
(17, 332, 1, 1),
(17, 333, 1, 1),
(17, 339, 1, 1),
(17, 340, 1, 1),
(17, 341, 1, 1),
(17, 342, 1, 1),
(17, 343, 1, 1),
(17, 344, 1, 1),
(17, 345, 1, 1),
(17, 346, 1, 1),
(17, 347, 1, 1),
(17, 348, 1, 1),
(17, 355, 1, 1),
(17, 356, 1, 1),
(17, 357, 1, 1),
(17, 358, 0, 0),
(17, 359, 1, 1),
(17, 360, 1, 1),
(17, 361, 0, 0),
(17, 363, 0, 0),
(17, 365, 0, 0),
(17, 366, 0, 0),
(17, 367, 0, 0),
(17, 368, 1, 1),
(17, 369, 1, 1),
(17, 370, 1, 1),
(17, 371, 0, 0),
(17, 372, 0, 0),
(17, 373, 0, 0),
(17, 374, 0, 0),
(17, 375, 1, 1),
(17, 376, 0, 0),
(17, 377, 0, 0),
(17, 378, 0, 0),
(17, 379, 0, 0),
(17, 380, 1, 1),
(17, 381, 0, 0),
(17, 382, 0, 0),
(17, 383, 0, 0),
(17, 384, 0, 0),
(17, 385, 0, 0),
(17, 386, 0, 0),
(17, 387, 0, 0),
(17, 388, 1, 1),
(17, 389, 1, 1),
(17, 390, 1, 1),
(17, 391, 0, 0),
(17, 392, 0, 0),
(17, 393, 1, 1),
(17, 394, 1, 1),
(17, 395, 1, 1),
(17, 396, 1, 1),
(17, 398, 1, 1),
(17, 399, 1, 1),
(17, 400, 1, 1),
(17, 401, 0, 0),
(17, 402, 0, 0),
(17, 403, 0, 0),
(17, 404, 0, 0),
(17, 405, 0, 0),
(17, 406, 0, 0),
(17, 407, 0, 0),
(17, 408, 0, 0),
(17, 409, 0, 0),
(17, 410, 0, 0),
(17, 411, 0, 0),
(17, 412, 0, 0),
(17, 413, 0, 0),
(17, 414, 0, 0),
(17, 415, 1, 1),
(17, 416, 0, 0),
(17, 417, 0, 0),
(17, 418, 1, 1),
(17, 419, 0, 0),
(17, 420, 0, 0),
(17, 421, 0, 0),
(17, 422, 1, 1),
(17, 423, 1, 1),
(17, 424, 0, 0),
(17, 425, 0, 0),
(17, 427, 1, 1),
(17, 428, 1, 1),
(17, 429, 1, 1),
(17, 430, 1, 1),
(17, 431, 1, 1),
(17, 432, 1, 1),
(17, 433, 1, 1),
(17, 434, 0, 0),
(17, 435, 0, 0),
(17, 436, 0, 0),
(17, 437, 1, 1),
(17, 438, 1, 1),
(17, 439, 1, 1),
(17, 440, 1, 1),
(17, 441, 1, 1),
(17, 442, 0, 0),
(17, 443, 0, 0),
(17, 444, 0, 0),
(17, 445, 0, 0),
(17, 446, 0, 0),
(17, 447, 0, 0),
(17, 448, 0, 0),
(17, 449, 0, 0),
(17, 450, 0, 0),
(17, 451, 0, 0),
(17, 452, 0, 0),
(17, 453, 0, 0),
(17, 454, 1, 1),
(17, 455, 1, 1),
(17, 456, 1, 1),
(17, 457, 1, 1),
(17, 458, 1, 1),
(17, 459, 1, 1),
(17, 460, 1, 1),
(17, 461, 1, 1),
(17, 463, 1, 1),
(17, 464, 1, 1),
(17, 465, 1, 1),
(17, 466, 1, 1),
(17, 467, 1, 1),
(17, 468, 1, 1),
(17, 469, 1, 1),
(17, 470, 1, 1),
(17, 471, 1, 1),
(17, 472, 1, 1),
(17, 473, 1, 1),
(17, 474, 1, 1),
(17, 475, 1, 1),
(17, 476, 1, 1),
(17, 477, 1, 1),
(17, 478, 1, 1),
(17, 479, 1, 1),
(17, 480, 1, 1),
(17, 481, 1, 1),
(17, 482, 1, 1),
(17, 483, 1, 1),
(17, 484, 1, 1),
(17, 485, 1, 1),
(17, 486, 1, 1),
(17, 487, 1, 1),
(17, 488, 1, 1),
(17, 489, 1, 1),
(17, 490, 1, 1),
(17, 491, 1, 1),
(17, 492, 0, 0),
(17, 493, 0, 0),
(17, 494, 0, 0),
(17, 495, 1, 1),
(17, 496, 1, 1),
(17, 497, 1, 1),
(17, 498, 0, 0),
(17, 499, 0, 0),
(17, 500, 0, 0),
(17, 501, 0, 0),
(17, 502, 0, 0),
(17, 503, 1, 1),
(17, 504, 1, 1),
(17, 505, 1, 1),
(17, 506, 1, 1),
(17, 511, 1, 1),
(17, 512, 1, 1),
(17, 513, 1, 1),
(17, 514, 1, 1),
(17, 515, 0, 0),
(17, 516, 0, 0),
(17, 519, 0, 0),
(17, 520, 0, 0),
(17, 521, 0, 0),
(17, 522, 1, 1),
(17, 523, 0, 0),
(17, 524, 0, 0),
(17, 525, 0, 0),
(17, 526, 1, 1),
(17, 527, 1, 1),
(17, 528, 1, 1),
(17, 529, 1, 1),
(17, 530, 1, 1),
(17, 531, 1, 1),
(17, 532, 1, 1),
(17, 533, 1, 1),
(17, 534, 1, 1),
(17, 535, 1, 1),
(17, 536, 0, 0),
(17, 537, 0, 0),
(17, 538, 0, 0),
(17, 552, 0, 0),
(17, 567, 1, 1),
(17, 568, 1, 1),
(17, 569, 0, 0),
(18, 244, 1, 1),
(18, 247, 1, 1),
(18, 248, 1, 1),
(18, 249, 1, 1),
(18, 251, 1, 1),
(18, 252, 1, 1),
(18, 253, 1, 1),
(18, 254, 1, 1),
(18, 255, 1, 1),
(18, 256, 1, 1),
(18, 257, 1, 1),
(18, 258, 1, 1),
(18, 259, 1, 1),
(18, 260, 1, 1),
(18, 261, 1, 1),
(18, 262, 1, 1),
(18, 263, 1, 1),
(18, 264, 1, 1),
(18, 265, 1, 1),
(18, 266, 1, 1),
(18, 267, 1, 1),
(18, 268, 1, 1),
(18, 269, 1, 1),
(18, 270, 1, 1),
(18, 271, 1, 1),
(18, 272, 1, 1),
(18, 273, 1, 1),
(18, 274, 1, 1),
(18, 275, 1, 1),
(18, 276, 1, 1),
(18, 277, 1, 1),
(18, 278, 1, 1),
(18, 279, 1, 1),
(18, 280, 1, 1),
(18, 281, 1, 1),
(18, 282, 1, 1),
(18, 283, 1, 1),
(18, 284, 1, 1),
(18, 285, 1, 1),
(18, 286, 1, 1),
(18, 287, 1, 1),
(18, 288, 1, 1),
(18, 289, 1, 1),
(18, 291, 1, 1),
(18, 292, 1, 1),
(18, 293, 1, 1),
(18, 294, 1, 1),
(18, 295, 1, 1),
(18, 296, 1, 1),
(18, 297, 1, 1),
(18, 298, 1, 1),
(18, 299, 1, 1),
(18, 300, 1, 1),
(18, 301, 1, 1),
(18, 302, 1, 1),
(18, 303, 1, 1),
(18, 312, 0, 0),
(18, 313, 0, 0),
(18, 314, 0, 0),
(18, 319, 1, 1),
(18, 320, 0, 0),
(18, 321, 0, 0),
(18, 324, 1, 1),
(18, 326, 1, 1),
(18, 327, 1, 1),
(18, 328, 1, 1),
(18, 329, 1, 1),
(18, 330, 1, 1),
(18, 331, 1, 1),
(18, 332, 1, 1),
(18, 333, 1, 1),
(18, 355, 1, 1),
(18, 356, 1, 1),
(18, 357, 1, 1),
(18, 358, 0, 0),
(18, 359, 1, 1),
(18, 360, 1, 1),
(18, 361, 0, 0),
(18, 363, 0, 0),
(18, 365, 0, 0),
(18, 366, 0, 0),
(18, 367, 0, 0),
(18, 368, 1, 1),
(18, 369, 1, 1),
(18, 370, 1, 1),
(18, 371, 0, 0),
(18, 372, 0, 0),
(18, 373, 0, 0),
(18, 374, 0, 0),
(18, 375, 1, 1),
(18, 376, 0, 0),
(18, 377, 0, 0),
(18, 378, 0, 0),
(18, 379, 0, 0),
(18, 380, 1, 1),
(18, 381, 0, 0),
(18, 382, 0, 0),
(18, 383, 0, 0),
(18, 384, 0, 0),
(18, 385, 0, 0),
(18, 386, 0, 0),
(18, 387, 0, 0),
(18, 388, 1, 1),
(18, 389, 1, 1),
(18, 390, 1, 1),
(18, 391, 0, 0),
(18, 392, 0, 0),
(18, 393, 1, 1),
(18, 394, 1, 1),
(18, 395, 1, 1),
(18, 396, 1, 1),
(18, 398, 1, 1),
(18, 399, 1, 1),
(18, 400, 1, 1),
(18, 401, 0, 0),
(18, 402, 0, 0),
(18, 403, 0, 0),
(18, 404, 0, 0),
(18, 405, 0, 0),
(18, 406, 0, 0),
(18, 407, 0, 0),
(18, 408, 0, 0),
(18, 409, 0, 0),
(18, 410, 0, 0),
(18, 411, 0, 0),
(18, 412, 0, 0),
(18, 413, 0, 0),
(18, 414, 0, 0),
(18, 415, 1, 1),
(18, 416, 0, 0),
(18, 417, 0, 0),
(18, 418, 1, 1),
(18, 419, 0, 0),
(18, 420, 0, 0),
(18, 421, 0, 0),
(18, 422, 1, 1),
(18, 423, 1, 1),
(18, 424, 0, 0),
(18, 425, 0, 0),
(18, 427, 1, 1),
(18, 428, 1, 1),
(18, 429, 1, 1),
(18, 430, 1, 1),
(18, 431, 1, 1),
(18, 432, 1, 1),
(18, 433, 1, 1),
(18, 434, 0, 0),
(18, 435, 0, 0),
(18, 436, 0, 0),
(18, 437, 1, 1),
(18, 438, 1, 1),
(18, 439, 1, 1),
(18, 440, 1, 1),
(18, 441, 1, 1),
(18, 442, 0, 0),
(18, 443, 0, 0),
(18, 444, 0, 0),
(18, 445, 0, 0),
(18, 446, 0, 0);
INSERT INTO `tm_acl_document` (`user_id`, `document_id`, `is_read`, `is_write`) VALUES
(18, 447, 0, 0),
(18, 448, 0, 0),
(18, 449, 0, 0),
(18, 450, 0, 0),
(18, 451, 0, 0),
(18, 452, 0, 0),
(18, 453, 0, 0),
(18, 454, 1, 1),
(18, 455, 1, 1),
(18, 456, 1, 1),
(18, 457, 1, 1),
(18, 458, 1, 1),
(18, 459, 1, 1),
(18, 460, 1, 1),
(18, 461, 1, 1),
(18, 463, 1, 1),
(18, 464, 1, 1),
(18, 465, 1, 1),
(18, 466, 1, 1),
(18, 467, 1, 1),
(18, 468, 1, 1),
(18, 469, 1, 1),
(18, 470, 1, 1),
(18, 471, 1, 1),
(18, 472, 1, 1),
(18, 476, 1, 1),
(18, 477, 1, 1),
(18, 478, 1, 1),
(18, 479, 1, 1),
(18, 480, 1, 1),
(18, 481, 1, 1),
(18, 482, 1, 1),
(18, 483, 1, 1),
(18, 484, 1, 1),
(18, 485, 1, 1),
(18, 486, 1, 1),
(18, 487, 1, 1),
(18, 488, 1, 1),
(18, 489, 1, 1),
(18, 490, 1, 1),
(18, 491, 1, 1),
(18, 492, 0, 0),
(18, 493, 0, 0),
(18, 494, 0, 0),
(18, 495, 1, 1),
(18, 496, 1, 1),
(18, 497, 1, 1),
(18, 498, 0, 0),
(18, 499, 0, 0),
(18, 500, 0, 0),
(18, 501, 0, 0),
(18, 502, 0, 0),
(18, 503, 1, 1),
(18, 504, 1, 1),
(18, 505, 1, 1),
(18, 506, 1, 1),
(18, 511, 1, 1),
(18, 512, 1, 1),
(18, 513, 1, 1),
(18, 514, 1, 1),
(18, 515, 0, 0),
(18, 516, 0, 0),
(18, 519, 0, 0),
(18, 520, 0, 0),
(18, 521, 0, 0),
(18, 523, 0, 0),
(18, 524, 0, 0),
(18, 525, 0, 0),
(18, 526, 1, 1),
(18, 527, 1, 1),
(18, 528, 1, 1),
(18, 529, 1, 1),
(18, 530, 1, 1),
(18, 531, 1, 1),
(18, 532, 1, 1),
(18, 533, 1, 1),
(18, 534, 1, 1),
(18, 535, 1, 1),
(18, 536, 0, 0),
(18, 537, 0, 0),
(18, 538, 0, 0),
(18, 552, 0, 0),
(18, 567, 1, 1),
(18, 568, 1, 1),
(18, 569, 0, 0),
(19, 244, 1, 1),
(19, 247, 1, 1),
(19, 248, 1, 1),
(19, 249, 1, 1),
(19, 251, 1, 1),
(19, 252, 1, 1),
(19, 253, 1, 1),
(19, 254, 1, 1),
(19, 255, 1, 1),
(19, 256, 1, 1),
(19, 257, 1, 1),
(19, 258, 1, 1),
(19, 259, 1, 1),
(19, 260, 1, 1),
(19, 261, 1, 1),
(19, 262, 1, 1),
(19, 263, 1, 1),
(19, 264, 1, 1),
(19, 265, 1, 1),
(19, 266, 1, 1),
(19, 267, 1, 1),
(19, 268, 1, 1),
(19, 269, 1, 1),
(19, 270, 1, 1),
(19, 271, 1, 1),
(19, 272, 1, 1),
(19, 273, 1, 1),
(19, 274, 1, 1),
(19, 275, 1, 1),
(19, 276, 1, 1),
(19, 277, 1, 1),
(19, 278, 1, 1),
(19, 279, 1, 1),
(19, 280, 1, 1),
(19, 281, 1, 1),
(19, 282, 1, 1),
(19, 283, 1, 1),
(19, 284, 1, 1),
(19, 285, 1, 1),
(19, 286, 1, 1),
(19, 287, 1, 1),
(19, 288, 1, 1),
(19, 289, 1, 1),
(19, 291, 1, 1),
(19, 292, 1, 1),
(19, 293, 1, 1),
(19, 294, 1, 1),
(19, 295, 1, 1),
(19, 296, 1, 1),
(19, 297, 1, 1),
(19, 298, 1, 1),
(19, 299, 1, 1),
(19, 300, 1, 1),
(19, 301, 1, 1),
(19, 302, 1, 1),
(19, 303, 1, 1),
(19, 312, 0, 0),
(19, 313, 0, 0),
(19, 314, 0, 0),
(19, 319, 1, 1),
(19, 320, 0, 0),
(19, 321, 0, 0),
(19, 324, 1, 1),
(19, 326, 1, 1),
(19, 327, 1, 1),
(19, 328, 1, 1),
(19, 329, 1, 1),
(19, 330, 1, 1),
(19, 331, 1, 1),
(19, 332, 1, 1),
(19, 333, 1, 1),
(19, 355, 1, 1),
(19, 356, 1, 1),
(19, 357, 1, 1),
(19, 358, 0, 0),
(19, 359, 1, 1),
(19, 360, 1, 1),
(19, 361, 0, 0),
(19, 363, 0, 0),
(19, 365, 0, 0),
(19, 366, 0, 0),
(19, 367, 0, 0),
(19, 368, 1, 1),
(19, 369, 1, 1),
(19, 370, 1, 1),
(19, 371, 0, 0),
(19, 372, 0, 0),
(19, 373, 0, 0),
(19, 374, 0, 0),
(19, 375, 0, 0),
(19, 376, 0, 0),
(19, 377, 0, 0),
(19, 378, 0, 0),
(19, 379, 0, 0),
(19, 380, 1, 1),
(19, 381, 0, 0),
(19, 382, 0, 0),
(19, 383, 0, 0),
(19, 384, 0, 0),
(19, 385, 0, 0),
(19, 386, 0, 0),
(19, 387, 0, 0),
(19, 388, 1, 1),
(19, 389, 1, 1),
(19, 390, 1, 1),
(19, 391, 0, 0),
(19, 392, 0, 0),
(19, 393, 1, 1),
(19, 394, 1, 1),
(19, 395, 1, 1),
(19, 396, 1, 1),
(19, 398, 1, 1),
(19, 399, 1, 1),
(19, 400, 1, 1),
(19, 401, 0, 0),
(19, 402, 0, 0),
(19, 403, 0, 0),
(19, 404, 0, 0),
(19, 405, 0, 0),
(19, 406, 0, 0),
(19, 407, 0, 0),
(19, 408, 0, 0),
(19, 409, 0, 0),
(19, 410, 0, 0),
(19, 411, 0, 0),
(19, 412, 0, 0),
(19, 413, 0, 0),
(19, 414, 0, 0),
(19, 415, 1, 1),
(19, 416, 0, 0),
(19, 417, 0, 0),
(19, 418, 1, 1),
(19, 419, 0, 0),
(19, 420, 0, 0),
(19, 421, 0, 0),
(19, 422, 1, 1),
(19, 423, 1, 1),
(19, 424, 0, 0),
(19, 425, 0, 0),
(19, 427, 1, 1),
(19, 428, 1, 1),
(19, 429, 1, 1),
(19, 430, 1, 1),
(19, 431, 1, 1),
(19, 432, 1, 1),
(19, 433, 1, 1),
(19, 434, 0, 0),
(19, 435, 0, 0),
(19, 436, 0, 0),
(19, 437, 1, 1),
(19, 438, 1, 1),
(19, 439, 1, 1),
(19, 440, 1, 1),
(19, 441, 1, 1),
(19, 442, 0, 0),
(19, 443, 0, 0),
(19, 444, 0, 0),
(19, 445, 0, 0),
(19, 446, 0, 0),
(19, 447, 0, 0),
(19, 448, 0, 0),
(19, 449, 0, 0),
(19, 450, 0, 0),
(19, 451, 0, 0),
(19, 452, 0, 0),
(19, 453, 0, 0),
(19, 454, 0, 0),
(19, 455, 0, 0),
(19, 456, 0, 0),
(19, 457, 1, 1),
(19, 458, 1, 1),
(19, 459, 1, 1),
(19, 460, 1, 1),
(19, 461, 1, 1),
(19, 463, 1, 1),
(19, 464, 1, 1),
(19, 465, 1, 1),
(19, 466, 1, 1),
(19, 467, 1, 1),
(19, 468, 1, 1),
(19, 469, 1, 1),
(19, 470, 1, 1),
(19, 471, 1, 1),
(19, 472, 1, 1),
(19, 476, 1, 1),
(19, 477, 1, 1),
(19, 478, 1, 1),
(19, 479, 1, 1),
(19, 480, 1, 1),
(19, 481, 1, 1),
(19, 482, 1, 1),
(19, 483, 1, 1),
(19, 484, 1, 1),
(19, 485, 1, 1),
(19, 486, 1, 1),
(19, 487, 1, 1),
(19, 488, 1, 1),
(19, 489, 1, 1),
(19, 490, 1, 1),
(19, 491, 1, 1),
(19, 492, 0, 0),
(19, 493, 0, 0),
(19, 494, 0, 0),
(19, 495, 1, 1),
(19, 496, 1, 1),
(19, 497, 1, 1),
(19, 498, 0, 0),
(19, 499, 0, 0),
(19, 500, 0, 0),
(19, 501, 0, 0),
(19, 502, 0, 0),
(19, 503, 1, 1),
(19, 504, 1, 1),
(19, 505, 1, 1),
(19, 506, 1, 1),
(19, 511, 1, 1),
(19, 512, 1, 1),
(19, 513, 1, 1),
(19, 514, 1, 1),
(19, 515, 0, 0),
(19, 516, 0, 0),
(19, 519, 0, 0),
(19, 520, 0, 0),
(19, 521, 0, 0),
(19, 523, 0, 0),
(19, 524, 0, 0),
(19, 525, 0, 0),
(19, 526, 0, 0),
(19, 527, 1, 1),
(19, 528, 1, 1),
(19, 529, 1, 1),
(19, 530, 1, 1),
(19, 531, 1, 1),
(19, 532, 1, 1),
(19, 533, 1, 1),
(19, 534, 1, 1),
(19, 535, 1, 1),
(19, 536, 0, 0),
(19, 537, 0, 0),
(19, 538, 0, 0),
(19, 552, 0, 0),
(19, 567, 1, 1),
(19, 568, 1, 1),
(19, 569, 0, 0),
(20, 244, 1, 1),
(20, 247, 1, 1),
(20, 248, 1, 1),
(20, 249, 1, 1),
(20, 251, 1, 1),
(20, 252, 1, 1),
(20, 253, 1, 1),
(20, 254, 1, 1),
(20, 255, 1, 1),
(20, 256, 1, 1),
(20, 257, 1, 1),
(20, 258, 1, 1),
(20, 259, 1, 1),
(20, 260, 1, 1),
(20, 261, 1, 1),
(20, 262, 1, 1),
(20, 263, 1, 1),
(20, 264, 1, 1),
(20, 265, 1, 1),
(20, 266, 1, 1),
(20, 267, 1, 1),
(20, 268, 1, 1),
(20, 269, 1, 1),
(20, 270, 1, 1),
(20, 271, 1, 1),
(20, 272, 1, 1),
(20, 273, 1, 1),
(20, 274, 1, 1),
(20, 275, 1, 1),
(20, 276, 1, 1),
(20, 277, 1, 1),
(20, 278, 1, 1),
(20, 279, 1, 1),
(20, 280, 1, 1),
(20, 281, 1, 1),
(20, 282, 1, 1),
(20, 283, 1, 1),
(20, 284, 1, 1),
(20, 285, 1, 1),
(20, 286, 1, 1),
(20, 287, 1, 1),
(20, 288, 1, 1),
(20, 289, 1, 1),
(20, 291, 1, 1),
(20, 292, 1, 1),
(20, 293, 1, 1),
(20, 294, 1, 1),
(20, 295, 1, 1),
(20, 296, 1, 1),
(20, 297, 1, 1),
(20, 298, 1, 1),
(20, 299, 1, 1),
(20, 300, 1, 1),
(20, 301, 1, 1),
(20, 302, 1, 1),
(20, 303, 1, 1),
(20, 312, 0, 0),
(20, 313, 0, 0),
(20, 314, 0, 0),
(20, 319, 1, 1),
(20, 320, 0, 0),
(20, 321, 0, 0),
(20, 324, 1, 1),
(20, 326, 1, 1),
(20, 327, 1, 1),
(20, 328, 1, 1),
(20, 329, 1, 1),
(20, 330, 1, 1),
(20, 331, 1, 1),
(20, 332, 1, 1),
(20, 333, 1, 1),
(20, 355, 1, 1),
(20, 356, 1, 1),
(20, 357, 1, 1),
(20, 358, 0, 0),
(20, 359, 1, 1),
(20, 360, 1, 1),
(20, 361, 0, 0),
(20, 363, 0, 0),
(20, 365, 0, 0),
(20, 366, 0, 0),
(20, 367, 0, 0),
(20, 368, 1, 1),
(20, 369, 1, 1),
(20, 370, 1, 1),
(20, 371, 0, 0),
(20, 372, 0, 0),
(20, 373, 0, 0),
(20, 374, 0, 0),
(20, 375, 0, 0),
(20, 376, 0, 0),
(20, 377, 0, 0),
(20, 378, 0, 0),
(20, 379, 0, 0),
(20, 380, 1, 1),
(20, 381, 0, 0),
(20, 382, 0, 0),
(20, 383, 0, 0),
(20, 384, 0, 0),
(20, 385, 0, 0),
(20, 386, 0, 0),
(20, 387, 0, 0),
(20, 388, 1, 1),
(20, 389, 1, 1),
(20, 390, 1, 1),
(20, 391, 0, 0),
(20, 392, 0, 0),
(20, 393, 1, 1),
(20, 394, 1, 1),
(20, 395, 1, 1),
(20, 396, 1, 1),
(20, 398, 1, 1),
(20, 399, 1, 1),
(20, 400, 1, 1),
(20, 401, 0, 0),
(20, 402, 0, 0),
(20, 403, 0, 0),
(20, 404, 0, 0),
(20, 405, 0, 0),
(20, 406, 0, 0),
(20, 407, 0, 0),
(20, 408, 0, 0),
(20, 409, 0, 0),
(20, 410, 0, 0),
(20, 411, 0, 0),
(20, 412, 0, 0),
(20, 413, 0, 0),
(20, 414, 0, 0),
(20, 415, 1, 1),
(20, 416, 0, 0),
(20, 417, 0, 0),
(20, 418, 1, 1),
(20, 419, 0, 0),
(20, 420, 0, 0),
(20, 421, 0, 0),
(20, 422, 1, 1),
(20, 423, 1, 1),
(20, 424, 0, 0),
(20, 425, 0, 0),
(20, 427, 1, 1),
(20, 428, 1, 1),
(20, 429, 1, 1),
(20, 430, 1, 1),
(20, 431, 1, 1),
(20, 432, 1, 1),
(20, 433, 1, 1),
(20, 434, 0, 0),
(20, 435, 0, 0),
(20, 436, 0, 0),
(20, 437, 1, 1),
(20, 438, 1, 1),
(20, 439, 1, 1),
(20, 440, 1, 1),
(20, 441, 1, 1),
(20, 442, 0, 0),
(20, 443, 0, 0),
(20, 444, 0, 0),
(20, 445, 0, 0),
(20, 446, 0, 0),
(20, 447, 0, 0),
(20, 448, 0, 0),
(20, 449, 0, 0),
(20, 450, 0, 0),
(20, 451, 0, 0),
(20, 452, 0, 0),
(20, 453, 0, 0),
(20, 454, 0, 0),
(20, 455, 0, 0),
(20, 456, 0, 0),
(20, 457, 1, 1),
(20, 458, 1, 1),
(20, 459, 1, 1),
(20, 460, 1, 1),
(20, 461, 1, 1),
(20, 463, 1, 1),
(20, 464, 1, 1),
(20, 465, 1, 1),
(20, 466, 1, 1),
(20, 467, 1, 1),
(20, 468, 1, 1),
(20, 469, 1, 1),
(20, 470, 1, 1),
(20, 471, 1, 1),
(20, 472, 1, 1),
(20, 476, 1, 1),
(20, 477, 1, 1),
(20, 478, 1, 1),
(20, 479, 1, 1),
(20, 480, 1, 1),
(20, 481, 1, 1),
(20, 482, 1, 1),
(20, 483, 1, 1),
(20, 484, 1, 1),
(20, 485, 1, 1),
(20, 486, 1, 1),
(20, 487, 1, 1),
(20, 488, 1, 1),
(20, 489, 1, 1),
(20, 490, 1, 1),
(20, 491, 1, 1),
(20, 492, 0, 0),
(20, 493, 0, 0),
(20, 494, 0, 0),
(20, 495, 1, 1),
(20, 496, 1, 1),
(20, 497, 1, 1),
(20, 498, 0, 0),
(20, 499, 0, 0),
(20, 500, 0, 0),
(20, 501, 0, 0),
(20, 502, 0, 0),
(20, 503, 1, 1),
(20, 504, 1, 1),
(20, 505, 1, 1),
(20, 506, 1, 1),
(20, 511, 1, 1),
(20, 512, 1, 1),
(20, 513, 1, 1),
(20, 514, 1, 1),
(20, 515, 0, 0),
(20, 516, 0, 0),
(20, 519, 0, 0),
(20, 520, 0, 0),
(20, 521, 0, 0),
(20, 523, 0, 0),
(20, 524, 0, 0),
(20, 525, 0, 0),
(20, 526, 0, 0),
(20, 527, 1, 1),
(20, 528, 1, 1),
(20, 529, 1, 1),
(20, 530, 1, 1),
(20, 531, 1, 1),
(20, 532, 1, 1),
(20, 533, 1, 1),
(20, 534, 1, 1),
(20, 535, 1, 1),
(20, 536, 0, 0),
(20, 537, 0, 0),
(20, 538, 0, 0),
(20, 552, 0, 0),
(20, 567, 1, 1),
(20, 568, 1, 1),
(20, 569, 0, 0),
(21, 244, 1, 1),
(21, 247, 1, 1),
(21, 248, 1, 1),
(21, 249, 1, 1),
(21, 251, 1, 1),
(21, 252, 1, 1),
(21, 253, 1, 1),
(21, 254, 1, 1),
(21, 255, 1, 1),
(21, 256, 1, 1),
(21, 257, 1, 1),
(21, 258, 1, 1),
(21, 259, 1, 1),
(21, 260, 1, 1),
(21, 261, 1, 1),
(21, 262, 1, 1),
(21, 263, 1, 1),
(21, 264, 1, 1),
(21, 265, 1, 1),
(21, 266, 1, 1),
(21, 267, 1, 1),
(21, 268, 1, 1),
(21, 269, 1, 1),
(21, 270, 1, 1),
(21, 271, 1, 1),
(21, 272, 1, 1),
(21, 273, 1, 1),
(21, 274, 1, 1),
(21, 275, 1, 1),
(21, 276, 1, 1),
(21, 277, 1, 1),
(21, 278, 1, 1),
(21, 279, 1, 1),
(21, 280, 1, 1),
(21, 281, 1, 1),
(21, 282, 1, 1),
(21, 283, 1, 1),
(21, 284, 1, 1),
(21, 285, 1, 1),
(21, 286, 1, 1),
(21, 287, 1, 1),
(21, 288, 1, 1),
(21, 289, 1, 1),
(21, 291, 1, 1),
(21, 292, 1, 1),
(21, 293, 1, 1),
(21, 294, 1, 1),
(21, 295, 1, 1),
(21, 296, 1, 1),
(21, 297, 1, 1),
(21, 298, 1, 1),
(21, 299, 1, 1),
(21, 300, 1, 1),
(21, 301, 1, 1),
(21, 302, 1, 1),
(21, 303, 1, 1),
(21, 312, 0, 0),
(21, 313, 0, 0),
(21, 314, 0, 0),
(21, 319, 1, 1),
(21, 320, 0, 0),
(21, 321, 0, 0),
(21, 324, 1, 1),
(21, 326, 1, 1),
(21, 327, 1, 1),
(21, 328, 1, 1),
(21, 329, 1, 1),
(21, 330, 1, 1),
(21, 331, 1, 1),
(21, 332, 1, 1),
(21, 333, 1, 1),
(21, 355, 1, 1),
(21, 356, 1, 1),
(21, 357, 1, 1),
(21, 358, 0, 0),
(21, 359, 1, 1),
(21, 360, 1, 1),
(21, 361, 0, 0),
(21, 363, 0, 0),
(21, 365, 0, 0),
(21, 366, 0, 0),
(21, 367, 0, 0),
(21, 368, 1, 1),
(21, 369, 1, 1),
(21, 370, 1, 1),
(21, 371, 0, 0),
(21, 372, 0, 0),
(21, 373, 0, 0),
(21, 374, 0, 0),
(21, 375, 0, 0),
(21, 376, 0, 0),
(21, 377, 0, 0),
(21, 378, 0, 0),
(21, 379, 0, 0),
(21, 380, 1, 1),
(21, 381, 0, 0),
(21, 382, 0, 0),
(21, 383, 0, 0),
(21, 384, 0, 0),
(21, 385, 0, 0),
(21, 386, 0, 0),
(21, 387, 0, 0),
(21, 388, 1, 1),
(21, 389, 1, 1),
(21, 390, 1, 1),
(21, 391, 0, 0),
(21, 392, 0, 0),
(21, 393, 1, 1),
(21, 394, 1, 1),
(21, 395, 1, 1),
(21, 396, 1, 1),
(21, 398, 1, 1),
(21, 399, 1, 1),
(21, 400, 1, 1),
(21, 401, 0, 0),
(21, 402, 0, 0),
(21, 403, 0, 0),
(21, 404, 0, 0),
(21, 405, 0, 0),
(21, 406, 0, 0),
(21, 407, 0, 0),
(21, 408, 0, 0),
(21, 409, 0, 0),
(21, 410, 0, 0),
(21, 411, 0, 0),
(21, 412, 0, 0),
(21, 413, 0, 0),
(21, 414, 0, 0),
(21, 415, 1, 1),
(21, 416, 0, 0),
(21, 417, 0, 0),
(21, 418, 1, 1),
(21, 419, 0, 0),
(21, 420, 0, 0),
(21, 421, 0, 0),
(21, 422, 1, 1),
(21, 423, 1, 1),
(21, 424, 0, 0),
(21, 425, 0, 0),
(21, 427, 1, 1),
(21, 428, 1, 1),
(21, 429, 1, 1),
(21, 430, 1, 1),
(21, 431, 1, 1),
(21, 432, 1, 1),
(21, 433, 1, 1),
(21, 434, 0, 0),
(21, 435, 0, 0),
(21, 436, 0, 0),
(21, 437, 1, 1),
(21, 438, 1, 1),
(21, 439, 1, 1),
(21, 440, 1, 1),
(21, 441, 1, 1),
(21, 442, 0, 0),
(21, 443, 0, 0),
(21, 444, 0, 0),
(21, 445, 0, 0),
(21, 446, 0, 0),
(21, 447, 0, 0),
(21, 448, 0, 0),
(21, 449, 0, 0),
(21, 450, 0, 0),
(21, 451, 0, 0),
(21, 452, 0, 0),
(21, 453, 0, 0),
(21, 454, 0, 0),
(21, 455, 0, 0),
(21, 456, 0, 0),
(21, 457, 1, 1),
(21, 458, 1, 1),
(21, 459, 1, 1),
(21, 460, 1, 1),
(21, 461, 1, 1),
(21, 463, 1, 1),
(21, 464, 1, 1),
(21, 465, 1, 1),
(21, 466, 1, 1),
(21, 467, 1, 1),
(21, 468, 1, 1),
(21, 469, 1, 1),
(21, 470, 1, 1),
(21, 471, 1, 1),
(21, 472, 1, 1),
(21, 476, 1, 1),
(21, 477, 1, 1),
(21, 478, 1, 1),
(21, 479, 1, 1),
(21, 480, 1, 1),
(21, 481, 1, 1),
(21, 482, 1, 1),
(21, 483, 1, 1),
(21, 484, 1, 1),
(21, 485, 1, 1),
(21, 486, 1, 1),
(21, 487, 1, 1),
(21, 488, 1, 1),
(21, 489, 1, 1),
(21, 490, 1, 1),
(21, 491, 1, 1),
(21, 492, 0, 0),
(21, 493, 0, 0),
(21, 494, 0, 0),
(21, 495, 1, 1),
(21, 496, 1, 1),
(21, 497, 1, 1),
(21, 498, 0, 0),
(21, 499, 0, 0),
(21, 500, 0, 0),
(21, 501, 0, 0),
(21, 502, 0, 0),
(21, 503, 1, 1),
(21, 504, 1, 1),
(21, 505, 1, 1),
(21, 506, 1, 1),
(21, 511, 1, 1),
(21, 512, 1, 1),
(21, 513, 1, 1),
(21, 514, 1, 1),
(21, 515, 0, 0),
(21, 516, 0, 0),
(21, 519, 0, 0),
(21, 520, 0, 0),
(21, 521, 0, 0),
(21, 523, 0, 0),
(21, 524, 0, 0),
(21, 525, 0, 0),
(21, 526, 0, 0),
(21, 527, 1, 1),
(21, 528, 1, 1),
(21, 529, 1, 1),
(21, 530, 1, 1),
(21, 531, 1, 1),
(21, 532, 1, 1),
(21, 533, 1, 1),
(21, 534, 1, 1),
(21, 535, 1, 1),
(21, 536, 0, 0),
(21, 537, 0, 0),
(21, 538, 0, 0),
(21, 552, 0, 0),
(21, 567, 1, 1),
(21, 568, 1, 1),
(21, 569, 0, 0),
(22, 244, 1, 1),
(22, 247, 1, 1),
(22, 248, 1, 1),
(22, 249, 1, 1),
(22, 251, 1, 1),
(22, 252, 1, 1),
(22, 253, 1, 1),
(22, 254, 1, 1),
(22, 255, 1, 1),
(22, 256, 1, 1),
(22, 257, 1, 1),
(22, 258, 1, 1),
(22, 259, 1, 1),
(22, 260, 1, 1),
(22, 261, 1, 1),
(22, 262, 1, 1),
(22, 263, 1, 1),
(22, 264, 1, 1),
(22, 265, 1, 1),
(22, 266, 1, 1),
(22, 267, 1, 1),
(22, 268, 1, 1),
(22, 269, 1, 1),
(22, 270, 1, 1),
(22, 271, 1, 1),
(22, 272, 1, 1),
(22, 273, 1, 1),
(22, 274, 1, 1),
(22, 275, 1, 1),
(22, 276, 1, 1),
(22, 277, 1, 1),
(22, 278, 1, 1),
(22, 279, 1, 1),
(22, 280, 1, 1),
(22, 281, 1, 1),
(22, 282, 1, 1),
(22, 283, 1, 1),
(22, 284, 1, 1),
(22, 285, 1, 1),
(22, 286, 1, 1),
(22, 287, 1, 1),
(22, 288, 1, 1),
(22, 289, 1, 1),
(22, 291, 1, 1),
(22, 292, 1, 1),
(22, 293, 1, 1),
(22, 294, 1, 1),
(22, 295, 1, 1),
(22, 296, 1, 1),
(22, 297, 1, 1),
(22, 298, 1, 1),
(22, 299, 1, 1),
(22, 300, 1, 1),
(22, 301, 1, 1),
(22, 302, 1, 1),
(22, 303, 1, 1),
(22, 312, 0, 0),
(22, 313, 0, 0),
(22, 314, 0, 0),
(22, 319, 1, 1),
(22, 320, 0, 0),
(22, 321, 0, 0),
(22, 324, 1, 1),
(22, 326, 1, 1),
(22, 327, 1, 1),
(22, 328, 1, 1),
(22, 329, 1, 1),
(22, 330, 1, 1),
(22, 331, 1, 1),
(22, 332, 1, 1),
(22, 333, 1, 1),
(22, 355, 1, 1),
(22, 356, 1, 1),
(22, 357, 1, 1),
(22, 358, 0, 0),
(22, 359, 1, 1),
(22, 360, 1, 1),
(22, 361, 0, 0),
(22, 363, 0, 0),
(22, 365, 0, 0),
(22, 366, 0, 0),
(22, 367, 0, 0),
(22, 368, 1, 1),
(22, 369, 1, 1),
(22, 370, 1, 1),
(22, 371, 0, 0),
(22, 372, 0, 0),
(22, 373, 0, 0),
(22, 374, 0, 0),
(22, 375, 0, 0),
(22, 376, 0, 0),
(22, 377, 0, 0),
(22, 378, 0, 0),
(22, 379, 0, 0),
(22, 380, 1, 1),
(22, 381, 0, 0),
(22, 382, 0, 0),
(22, 383, 0, 0),
(22, 384, 0, 0),
(22, 385, 0, 0),
(22, 386, 0, 0),
(22, 387, 0, 0),
(22, 388, 1, 1),
(22, 389, 1, 1),
(22, 390, 1, 1),
(22, 391, 0, 0),
(22, 392, 0, 0),
(22, 393, 1, 1),
(22, 394, 1, 1),
(22, 395, 1, 1),
(22, 396, 1, 1),
(22, 398, 1, 1),
(22, 399, 1, 1),
(22, 400, 1, 1),
(22, 401, 0, 0),
(22, 402, 0, 0),
(22, 403, 0, 0),
(22, 404, 0, 0),
(22, 405, 0, 0),
(22, 406, 0, 0),
(22, 407, 0, 0),
(22, 408, 0, 0),
(22, 409, 0, 0),
(22, 410, 0, 0),
(22, 411, 0, 0),
(22, 412, 0, 0),
(22, 413, 0, 0),
(22, 414, 0, 0),
(22, 415, 1, 1),
(22, 416, 0, 0),
(22, 417, 0, 0),
(22, 418, 1, 1),
(22, 419, 0, 0),
(22, 420, 0, 0),
(22, 421, 0, 0),
(22, 422, 1, 1),
(22, 423, 1, 1),
(22, 424, 0, 0),
(22, 425, 0, 0),
(22, 427, 1, 1),
(22, 428, 1, 1),
(22, 429, 1, 1),
(22, 430, 1, 1),
(22, 431, 1, 1),
(22, 432, 1, 1),
(22, 433, 1, 1),
(22, 434, 0, 0),
(22, 435, 0, 0),
(22, 436, 0, 0),
(22, 437, 1, 1),
(22, 438, 1, 1),
(22, 439, 1, 1),
(22, 440, 1, 1),
(22, 441, 1, 1),
(22, 442, 0, 0),
(22, 443, 0, 0),
(22, 444, 0, 0),
(22, 445, 0, 0),
(22, 446, 0, 0),
(22, 447, 0, 0),
(22, 448, 0, 0),
(22, 449, 0, 0),
(22, 450, 0, 0),
(22, 451, 0, 0),
(22, 452, 0, 0),
(22, 453, 0, 0),
(22, 454, 0, 0),
(22, 455, 0, 0),
(22, 456, 0, 0),
(22, 457, 1, 1),
(22, 458, 1, 1),
(22, 459, 1, 1),
(22, 460, 1, 1),
(22, 461, 1, 1),
(22, 463, 1, 1),
(22, 464, 1, 1),
(22, 465, 1, 1),
(22, 466, 1, 1),
(22, 467, 1, 1),
(22, 468, 1, 1),
(22, 469, 1, 1),
(22, 470, 1, 1),
(22, 471, 1, 1),
(22, 472, 1, 1),
(22, 476, 1, 1),
(22, 477, 1, 1),
(22, 478, 1, 1),
(22, 479, 1, 1),
(22, 480, 1, 1),
(22, 481, 1, 1),
(22, 482, 1, 1),
(22, 483, 1, 1),
(22, 484, 1, 1),
(22, 485, 1, 1),
(22, 486, 1, 1),
(22, 487, 1, 1),
(22, 488, 1, 1),
(22, 489, 1, 1),
(22, 490, 1, 1),
(22, 491, 1, 1),
(22, 492, 0, 0),
(22, 493, 0, 0),
(22, 494, 0, 0),
(22, 495, 1, 1),
(22, 496, 1, 1),
(22, 497, 1, 1),
(22, 498, 0, 0),
(22, 499, 0, 0),
(22, 500, 0, 0),
(22, 501, 0, 0),
(22, 502, 0, 0),
(22, 503, 1, 1),
(22, 504, 1, 1),
(22, 505, 1, 1),
(22, 506, 1, 1),
(22, 511, 1, 1),
(22, 512, 1, 1),
(22, 513, 1, 1),
(22, 514, 1, 1),
(22, 515, 0, 0),
(22, 516, 0, 0),
(22, 519, 0, 0),
(22, 520, 0, 0),
(22, 521, 0, 0),
(22, 523, 0, 0),
(22, 524, 0, 0),
(22, 525, 0, 0),
(22, 526, 0, 0),
(22, 527, 1, 1),
(22, 528, 1, 1),
(22, 529, 1, 1),
(22, 530, 1, 1),
(22, 531, 1, 1),
(22, 532, 1, 1),
(22, 533, 1, 1),
(22, 534, 1, 1),
(22, 535, 1, 1),
(22, 536, 0, 0),
(22, 537, 0, 0),
(22, 538, 0, 0),
(22, 552, 0, 0),
(22, 567, 1, 1),
(22, 568, 1, 1),
(22, 569, 0, 0),
(23, 244, 1, 1),
(23, 247, 1, 1),
(23, 248, 1, 1),
(23, 249, 1, 1),
(23, 251, 1, 1),
(23, 252, 1, 1),
(23, 253, 1, 1),
(23, 254, 1, 1),
(23, 255, 1, 1),
(23, 256, 1, 1),
(23, 257, 1, 1),
(23, 258, 1, 1),
(23, 259, 1, 1),
(23, 260, 1, 1),
(23, 261, 1, 1),
(23, 262, 1, 1),
(23, 263, 1, 1),
(23, 264, 1, 1),
(23, 265, 1, 1),
(23, 266, 1, 1),
(23, 267, 1, 1),
(23, 268, 1, 1),
(23, 269, 1, 1),
(23, 270, 1, 1),
(23, 271, 1, 1),
(23, 272, 1, 1),
(23, 273, 1, 1),
(23, 274, 1, 1),
(23, 275, 1, 1),
(23, 276, 1, 1),
(23, 277, 1, 1),
(23, 278, 1, 1),
(23, 279, 1, 1),
(23, 280, 1, 1),
(23, 281, 1, 1),
(23, 282, 1, 1),
(23, 283, 1, 1),
(23, 284, 1, 1),
(23, 285, 1, 1),
(23, 286, 1, 1),
(23, 287, 1, 1),
(23, 288, 1, 1),
(23, 289, 1, 1),
(23, 291, 1, 1),
(23, 292, 1, 1),
(23, 293, 1, 1),
(23, 294, 1, 1),
(23, 295, 1, 1),
(23, 296, 1, 1),
(23, 297, 1, 1),
(23, 298, 1, 1),
(23, 299, 1, 1),
(23, 300, 1, 1),
(23, 301, 1, 1),
(23, 302, 1, 1),
(23, 303, 1, 1),
(23, 312, 0, 0),
(23, 313, 0, 0),
(23, 314, 0, 0),
(23, 319, 1, 1),
(23, 320, 0, 0),
(23, 321, 0, 0),
(23, 324, 1, 1),
(23, 326, 1, 1),
(23, 327, 1, 1),
(23, 328, 1, 1),
(23, 329, 1, 1),
(23, 330, 1, 1),
(23, 331, 1, 1),
(23, 332, 1, 1),
(23, 333, 1, 1),
(23, 355, 1, 1),
(23, 356, 1, 1),
(23, 357, 1, 1),
(23, 358, 0, 0),
(23, 359, 1, 1),
(23, 360, 1, 1),
(23, 361, 0, 0),
(23, 363, 0, 0),
(23, 365, 0, 0),
(23, 366, 0, 0),
(23, 367, 0, 0),
(23, 368, 1, 1),
(23, 369, 1, 1),
(23, 370, 1, 1),
(23, 371, 0, 0),
(23, 372, 0, 0),
(23, 373, 0, 0),
(23, 374, 0, 0),
(23, 375, 0, 0),
(23, 376, 0, 0),
(23, 377, 0, 0),
(23, 378, 0, 0),
(23, 379, 0, 0),
(23, 380, 1, 1),
(23, 381, 0, 0),
(23, 382, 0, 0),
(23, 383, 0, 0),
(23, 384, 0, 0),
(23, 385, 0, 0),
(23, 386, 0, 0),
(23, 387, 0, 0),
(23, 388, 1, 1),
(23, 389, 1, 1),
(23, 390, 1, 1),
(23, 391, 0, 0),
(23, 392, 0, 0),
(23, 393, 1, 1),
(23, 394, 1, 1),
(23, 395, 1, 1),
(23, 396, 1, 1),
(23, 398, 1, 1),
(23, 399, 1, 1),
(23, 400, 1, 1),
(23, 401, 0, 0),
(23, 402, 0, 0),
(23, 403, 0, 0),
(23, 404, 0, 0),
(23, 405, 0, 0),
(23, 406, 0, 0),
(23, 407, 0, 0),
(23, 408, 0, 0),
(23, 409, 0, 0),
(23, 410, 0, 0),
(23, 411, 0, 0),
(23, 412, 0, 0),
(23, 413, 0, 0),
(23, 414, 0, 0),
(23, 415, 1, 1),
(23, 416, 0, 0),
(23, 417, 0, 0),
(23, 418, 1, 1),
(23, 419, 0, 0),
(23, 420, 0, 0),
(23, 421, 0, 0),
(23, 422, 1, 1),
(23, 423, 1, 1),
(23, 424, 0, 0),
(23, 425, 0, 0),
(23, 427, 1, 1),
(23, 428, 1, 1),
(23, 429, 1, 1),
(23, 430, 1, 1),
(23, 431, 1, 1),
(23, 432, 1, 1),
(23, 433, 1, 1),
(23, 434, 0, 0),
(23, 435, 0, 0),
(23, 436, 0, 0),
(23, 437, 1, 1),
(23, 438, 1, 1),
(23, 439, 1, 1),
(23, 440, 1, 1),
(23, 441, 1, 1),
(23, 442, 0, 0),
(23, 443, 0, 0),
(23, 444, 0, 0),
(23, 445, 0, 0),
(23, 446, 0, 0),
(23, 447, 0, 0),
(23, 448, 0, 0),
(23, 449, 0, 0),
(23, 450, 0, 0),
(23, 451, 0, 0),
(23, 452, 0, 0),
(23, 453, 0, 0),
(23, 454, 0, 0),
(23, 455, 0, 0),
(23, 456, 0, 0),
(23, 457, 1, 1),
(23, 458, 1, 1),
(23, 459, 1, 1),
(23, 460, 1, 1),
(23, 461, 1, 1),
(23, 463, 1, 1),
(23, 464, 1, 1),
(23, 465, 1, 1),
(23, 466, 1, 1),
(23, 467, 1, 1),
(23, 468, 1, 1),
(23, 469, 1, 1),
(23, 470, 1, 1),
(23, 471, 1, 1),
(23, 472, 1, 1),
(23, 476, 1, 1),
(23, 477, 1, 1),
(23, 478, 1, 1),
(23, 479, 1, 1),
(23, 480, 1, 1),
(23, 481, 1, 1),
(23, 482, 1, 1),
(23, 483, 1, 1),
(23, 484, 1, 1),
(23, 485, 1, 1),
(23, 486, 1, 1),
(23, 487, 1, 1),
(23, 488, 1, 1),
(23, 489, 1, 1),
(23, 490, 1, 1),
(23, 491, 1, 1),
(23, 492, 0, 0),
(23, 493, 0, 0),
(23, 494, 0, 0),
(23, 495, 1, 1),
(23, 496, 1, 1),
(23, 497, 1, 1),
(23, 498, 0, 0),
(23, 499, 0, 0),
(23, 500, 0, 0),
(23, 501, 0, 0),
(23, 502, 0, 0),
(23, 503, 1, 1),
(23, 504, 1, 1),
(23, 505, 1, 1),
(23, 506, 1, 1),
(23, 511, 1, 1),
(23, 512, 1, 1),
(23, 513, 1, 1),
(23, 514, 1, 1),
(23, 515, 0, 0),
(23, 516, 0, 0),
(23, 519, 0, 0),
(23, 520, 0, 0),
(23, 521, 0, 0),
(23, 523, 0, 0),
(23, 524, 0, 0),
(23, 525, 0, 0),
(23, 526, 0, 0),
(23, 527, 1, 1),
(23, 528, 1, 1),
(23, 529, 1, 1),
(23, 530, 1, 1),
(23, 531, 1, 1),
(23, 532, 1, 1),
(23, 533, 1, 1),
(23, 534, 1, 1),
(23, 535, 1, 1),
(23, 536, 0, 0),
(23, 537, 0, 0),
(23, 538, 0, 0),
(23, 552, 0, 0),
(23, 567, 1, 1),
(23, 568, 1, 1),
(23, 569, 0, 0),
(24, 244, 1, 1),
(24, 247, 1, 1),
(24, 248, 1, 1),
(24, 249, 1, 1),
(24, 251, 1, 1),
(24, 252, 1, 1),
(24, 253, 1, 1),
(24, 254, 1, 1),
(24, 255, 1, 1),
(24, 256, 1, 1),
(24, 257, 1, 1),
(24, 258, 1, 1),
(24, 259, 1, 1),
(24, 260, 1, 1),
(24, 261, 1, 1),
(24, 262, 1, 1),
(24, 263, 1, 1),
(24, 264, 1, 1),
(24, 265, 1, 1),
(24, 266, 1, 1),
(24, 267, 1, 1),
(24, 268, 1, 1),
(24, 269, 1, 1),
(24, 270, 1, 1),
(24, 271, 1, 1),
(24, 272, 1, 1),
(24, 273, 1, 1),
(24, 274, 1, 1),
(24, 275, 1, 1),
(24, 276, 1, 1),
(24, 277, 1, 1),
(24, 278, 1, 1),
(24, 279, 1, 1),
(24, 280, 1, 1),
(24, 281, 1, 1),
(24, 282, 1, 1),
(24, 283, 1, 1),
(24, 284, 1, 1),
(24, 285, 1, 1),
(24, 286, 1, 1),
(24, 287, 1, 1),
(24, 288, 1, 1),
(24, 289, 1, 1),
(24, 291, 1, 1),
(24, 292, 1, 1),
(24, 293, 1, 1),
(24, 294, 1, 1),
(24, 295, 1, 1),
(24, 296, 1, 1),
(24, 297, 1, 1),
(24, 298, 1, 1),
(24, 299, 1, 1),
(24, 300, 1, 1),
(24, 301, 1, 1),
(24, 302, 1, 1),
(24, 303, 1, 1),
(24, 312, 0, 0),
(24, 313, 0, 0),
(24, 314, 0, 0),
(24, 319, 1, 1),
(24, 320, 0, 0),
(24, 321, 0, 0),
(24, 324, 1, 1),
(24, 326, 1, 1),
(24, 327, 1, 1),
(24, 328, 1, 1),
(24, 329, 1, 1),
(24, 330, 1, 1),
(24, 331, 1, 1),
(24, 332, 1, 1),
(24, 333, 1, 1),
(24, 355, 1, 1),
(24, 356, 1, 1),
(24, 357, 1, 1),
(24, 358, 0, 0),
(24, 359, 1, 1),
(24, 360, 1, 1),
(24, 361, 0, 0),
(24, 363, 0, 0),
(24, 365, 0, 0),
(24, 366, 0, 0),
(24, 367, 0, 0),
(24, 368, 1, 1),
(24, 369, 1, 1),
(24, 370, 1, 1),
(24, 371, 0, 0),
(24, 372, 0, 0),
(24, 373, 0, 0),
(24, 374, 0, 0),
(24, 375, 0, 0),
(24, 376, 0, 0),
(24, 377, 0, 0),
(24, 378, 0, 0),
(24, 379, 0, 0),
(24, 380, 1, 1),
(24, 381, 0, 0),
(24, 382, 0, 0),
(24, 383, 0, 0),
(24, 384, 0, 0),
(24, 385, 0, 0),
(24, 386, 0, 0),
(24, 387, 0, 0),
(24, 388, 1, 1),
(24, 389, 1, 1),
(24, 390, 1, 1),
(24, 391, 0, 0),
(24, 392, 0, 0),
(24, 393, 1, 1),
(24, 394, 1, 1),
(24, 395, 1, 1),
(24, 396, 1, 1),
(24, 398, 1, 1),
(24, 399, 1, 1),
(24, 400, 1, 1),
(24, 401, 0, 0),
(24, 402, 0, 0),
(24, 403, 0, 0),
(24, 404, 0, 0),
(24, 405, 0, 0),
(24, 406, 0, 0),
(24, 407, 0, 0),
(24, 408, 0, 0),
(24, 409, 0, 0),
(24, 410, 0, 0),
(24, 411, 0, 0),
(24, 412, 0, 0),
(24, 413, 0, 0),
(24, 414, 0, 0),
(24, 415, 1, 1),
(24, 416, 0, 0),
(24, 417, 0, 0),
(24, 418, 1, 1),
(24, 419, 0, 0),
(24, 420, 0, 0),
(24, 421, 0, 0),
(24, 422, 1, 1),
(24, 423, 1, 1),
(24, 424, 0, 0),
(24, 425, 0, 0),
(24, 427, 1, 1),
(24, 428, 1, 1),
(24, 429, 1, 1),
(24, 430, 1, 1),
(24, 431, 1, 1),
(24, 432, 1, 1),
(24, 433, 1, 1),
(24, 434, 0, 0),
(24, 435, 0, 0),
(24, 436, 0, 0),
(24, 437, 1, 1),
(24, 438, 1, 1),
(24, 439, 1, 1),
(24, 440, 1, 1),
(24, 441, 1, 1),
(24, 442, 0, 0),
(24, 443, 0, 0),
(24, 444, 0, 0),
(24, 445, 0, 0),
(24, 446, 0, 0),
(24, 447, 0, 0),
(24, 448, 0, 0),
(24, 449, 0, 0),
(24, 450, 0, 0),
(24, 451, 0, 0),
(24, 452, 0, 0),
(24, 453, 0, 0),
(24, 454, 0, 0),
(24, 455, 0, 0),
(24, 456, 0, 0),
(24, 457, 1, 1),
(24, 458, 1, 1),
(24, 459, 1, 1),
(24, 460, 1, 1),
(24, 461, 1, 1),
(24, 463, 1, 1),
(24, 464, 1, 1),
(24, 465, 1, 1),
(24, 466, 1, 1),
(24, 467, 1, 1),
(24, 468, 1, 1),
(24, 469, 1, 1),
(24, 470, 1, 1),
(24, 471, 1, 1),
(24, 472, 1, 1),
(24, 476, 1, 1),
(24, 477, 1, 1),
(24, 478, 1, 1),
(24, 479, 1, 1),
(24, 480, 1, 1),
(24, 481, 1, 1),
(24, 482, 1, 1),
(24, 483, 1, 1),
(24, 484, 1, 1),
(24, 485, 1, 1),
(24, 486, 1, 1),
(24, 487, 1, 1),
(24, 488, 1, 1),
(24, 489, 1, 1),
(24, 490, 1, 1),
(24, 491, 1, 1),
(24, 492, 0, 0),
(24, 493, 0, 0),
(24, 494, 0, 0),
(24, 495, 1, 1),
(24, 496, 1, 1),
(24, 497, 1, 1),
(24, 498, 0, 0),
(24, 499, 0, 0),
(24, 500, 0, 0),
(24, 501, 0, 0),
(24, 502, 0, 0),
(24, 503, 1, 1),
(24, 504, 1, 1),
(24, 505, 1, 1),
(24, 506, 1, 1),
(24, 511, 1, 1),
(24, 512, 1, 1),
(24, 513, 1, 1),
(24, 514, 1, 1),
(24, 515, 0, 0),
(24, 516, 0, 0),
(24, 519, 0, 0),
(24, 520, 0, 0),
(24, 521, 0, 0),
(24, 523, 0, 0),
(24, 524, 0, 0),
(24, 525, 0, 0),
(24, 526, 0, 0),
(24, 527, 1, 1),
(24, 528, 1, 1),
(24, 529, 1, 1),
(24, 530, 1, 1),
(24, 531, 1, 1),
(24, 532, 1, 1),
(24, 533, 1, 1),
(24, 534, 1, 1),
(24, 535, 1, 1),
(24, 536, 0, 0),
(24, 537, 0, 0),
(24, 538, 0, 0),
(24, 552, 0, 0),
(24, 567, 1, 1),
(24, 568, 1, 1),
(24, 569, 0, 0),
(25, 244, 1, 1),
(25, 247, 1, 1),
(25, 248, 1, 1),
(25, 249, 1, 1),
(25, 251, 1, 1),
(25, 252, 1, 1),
(25, 253, 1, 1),
(25, 254, 1, 1),
(25, 255, 1, 1),
(25, 256, 1, 1),
(25, 257, 1, 1),
(25, 258, 1, 1),
(25, 259, 1, 1),
(25, 260, 1, 1),
(25, 261, 1, 1),
(25, 262, 1, 1),
(25, 263, 1, 1),
(25, 264, 1, 1),
(25, 265, 1, 1),
(25, 266, 1, 1),
(25, 267, 1, 1),
(25, 268, 1, 1),
(25, 269, 1, 1),
(25, 270, 1, 1),
(25, 271, 1, 1),
(25, 272, 1, 1),
(25, 273, 1, 1),
(25, 274, 1, 1),
(25, 275, 1, 1),
(25, 276, 1, 1),
(25, 277, 1, 1),
(25, 278, 1, 1),
(25, 279, 1, 1),
(25, 280, 1, 1),
(25, 281, 1, 1),
(25, 282, 1, 1),
(25, 283, 1, 1),
(25, 284, 1, 1),
(25, 285, 1, 1),
(25, 286, 1, 1),
(25, 287, 1, 1),
(25, 288, 1, 1),
(25, 289, 1, 1),
(25, 291, 1, 1),
(25, 292, 1, 1),
(25, 293, 1, 1),
(25, 294, 1, 1),
(25, 295, 1, 1),
(25, 296, 1, 1),
(25, 297, 1, 1),
(25, 298, 1, 1),
(25, 299, 1, 1),
(25, 300, 1, 1),
(25, 301, 1, 1),
(25, 302, 1, 1),
(25, 303, 1, 1),
(25, 312, 0, 0),
(25, 313, 0, 0),
(25, 314, 0, 0),
(25, 319, 1, 1),
(25, 320, 0, 0),
(25, 321, 0, 0),
(25, 324, 1, 1),
(25, 326, 1, 1),
(25, 327, 1, 1),
(25, 328, 1, 1),
(25, 329, 1, 1),
(25, 330, 1, 1),
(25, 331, 1, 1),
(25, 332, 1, 1),
(25, 333, 1, 1),
(25, 355, 1, 1),
(25, 356, 1, 1),
(25, 357, 1, 1),
(25, 358, 0, 0),
(25, 359, 1, 1),
(25, 360, 1, 1),
(25, 361, 0, 0),
(25, 363, 0, 0),
(25, 365, 0, 0),
(25, 366, 0, 0),
(25, 367, 0, 0),
(25, 368, 1, 1),
(25, 369, 1, 1),
(25, 370, 1, 1),
(25, 371, 0, 0),
(25, 372, 0, 0),
(25, 373, 0, 0),
(25, 374, 0, 0),
(25, 375, 0, 0),
(25, 376, 0, 0),
(25, 377, 0, 0),
(25, 378, 0, 0),
(25, 379, 0, 0),
(25, 380, 1, 1),
(25, 381, 0, 0),
(25, 382, 0, 0),
(25, 383, 0, 0),
(25, 384, 0, 0),
(25, 385, 0, 0),
(25, 386, 0, 0),
(25, 387, 0, 0),
(25, 388, 1, 1),
(25, 389, 1, 1),
(25, 390, 1, 1),
(25, 391, 0, 0),
(25, 392, 0, 0),
(25, 393, 1, 1),
(25, 394, 1, 1),
(25, 395, 1, 1),
(25, 396, 1, 1),
(25, 398, 1, 1),
(25, 399, 1, 1),
(25, 400, 1, 1),
(25, 401, 0, 0),
(25, 402, 0, 0),
(25, 403, 0, 0),
(25, 404, 0, 0),
(25, 405, 0, 0),
(25, 406, 0, 0),
(25, 407, 0, 0),
(25, 408, 0, 0),
(25, 409, 0, 0),
(25, 410, 0, 0),
(25, 411, 0, 0),
(25, 412, 0, 0),
(25, 413, 0, 0),
(25, 414, 0, 0),
(25, 415, 1, 1),
(25, 416, 0, 0),
(25, 417, 0, 0),
(25, 418, 1, 1),
(25, 419, 0, 0),
(25, 420, 0, 0),
(25, 421, 0, 0),
(25, 422, 1, 1),
(25, 423, 1, 1),
(25, 424, 0, 0),
(25, 425, 0, 0),
(25, 427, 1, 1),
(25, 428, 1, 1),
(25, 429, 1, 1),
(25, 430, 1, 1),
(25, 431, 1, 1),
(25, 432, 1, 1),
(25, 433, 1, 1),
(25, 434, 0, 0),
(25, 435, 0, 0),
(25, 436, 0, 0),
(25, 437, 1, 1),
(25, 438, 1, 1),
(25, 439, 1, 1),
(25, 440, 1, 1),
(25, 441, 1, 1),
(25, 442, 0, 0),
(25, 443, 0, 0),
(25, 444, 0, 0),
(25, 445, 0, 0),
(25, 446, 0, 0),
(25, 447, 0, 0),
(25, 448, 0, 0),
(25, 449, 0, 0),
(25, 450, 0, 0),
(25, 451, 0, 0),
(25, 452, 0, 0),
(25, 453, 0, 0),
(25, 454, 0, 0),
(25, 455, 0, 0),
(25, 456, 0, 0),
(25, 457, 1, 1),
(25, 458, 1, 1),
(25, 459, 1, 1),
(25, 460, 1, 1),
(25, 461, 1, 1),
(25, 463, 1, 1),
(25, 464, 1, 1),
(25, 465, 1, 1),
(25, 466, 1, 1),
(25, 467, 1, 1),
(25, 468, 1, 1),
(25, 469, 1, 1),
(25, 470, 1, 1),
(25, 471, 1, 1),
(25, 472, 1, 1),
(25, 476, 1, 1),
(25, 477, 1, 1),
(25, 478, 1, 1),
(25, 479, 1, 1),
(25, 480, 1, 1),
(25, 481, 1, 1),
(25, 482, 1, 1),
(25, 483, 1, 1),
(25, 484, 1, 1),
(25, 485, 1, 1),
(25, 486, 1, 1),
(25, 487, 1, 1),
(25, 488, 1, 1),
(25, 489, 1, 1),
(25, 490, 1, 1),
(25, 491, 1, 1),
(25, 492, 0, 0),
(25, 493, 0, 0),
(25, 494, 0, 0),
(25, 495, 1, 1),
(25, 496, 1, 1),
(25, 497, 1, 1),
(25, 498, 0, 0),
(25, 499, 0, 0),
(25, 500, 0, 0),
(25, 501, 0, 0),
(25, 502, 0, 0),
(25, 503, 1, 1),
(25, 504, 1, 1),
(25, 505, 1, 1),
(25, 506, 1, 1),
(25, 511, 1, 1),
(25, 512, 1, 1),
(25, 513, 1, 1),
(25, 514, 1, 1),
(25, 515, 0, 0),
(25, 516, 0, 0),
(25, 519, 0, 0),
(25, 520, 0, 0),
(25, 521, 0, 0),
(25, 523, 0, 0),
(25, 524, 0, 0),
(25, 525, 0, 0),
(25, 526, 0, 0),
(25, 527, 1, 1),
(25, 528, 1, 1),
(25, 529, 1, 1),
(25, 530, 1, 1),
(25, 531, 1, 1),
(25, 532, 1, 1),
(25, 533, 1, 1),
(25, 534, 1, 1),
(25, 535, 1, 1),
(25, 536, 0, 0),
(25, 537, 0, 0),
(25, 538, 0, 0),
(25, 552, 0, 0),
(25, 567, 1, 1),
(25, 568, 1, 1),
(25, 569, 0, 0),
(26, 244, 1, 1),
(26, 247, 1, 1),
(26, 248, 1, 1),
(26, 249, 1, 1),
(26, 251, 1, 1),
(26, 252, 1, 1),
(26, 253, 1, 1),
(26, 254, 1, 1),
(26, 255, 1, 1),
(26, 256, 1, 1),
(26, 257, 1, 1),
(26, 258, 1, 1),
(26, 259, 1, 1),
(26, 260, 1, 1),
(26, 261, 1, 1),
(26, 262, 1, 1),
(26, 263, 1, 1),
(26, 264, 1, 1),
(26, 265, 1, 1),
(26, 266, 1, 1),
(26, 267, 1, 1),
(26, 268, 1, 1),
(26, 269, 1, 1),
(26, 270, 1, 1),
(26, 271, 1, 1),
(26, 272, 1, 1),
(26, 273, 1, 1),
(26, 274, 1, 1),
(26, 275, 1, 1),
(26, 276, 1, 1),
(26, 277, 1, 1),
(26, 278, 1, 1),
(26, 279, 1, 1),
(26, 280, 1, 1),
(26, 281, 1, 1),
(26, 282, 1, 1),
(26, 283, 1, 1),
(26, 284, 1, 1),
(26, 285, 1, 1),
(26, 286, 1, 1),
(26, 287, 1, 1),
(26, 288, 1, 1),
(26, 289, 1, 1),
(26, 291, 1, 1),
(26, 292, 1, 1),
(26, 293, 1, 1),
(26, 294, 1, 1),
(26, 295, 1, 1),
(26, 296, 1, 1),
(26, 297, 1, 1),
(26, 298, 1, 1),
(26, 299, 1, 1),
(26, 300, 1, 1),
(26, 301, 1, 1),
(26, 302, 1, 1),
(26, 303, 1, 1),
(26, 312, 0, 0),
(26, 313, 0, 0),
(26, 314, 0, 0),
(26, 319, 1, 1),
(26, 320, 0, 0),
(26, 321, 0, 0),
(26, 324, 1, 1),
(26, 326, 1, 1),
(26, 327, 1, 1),
(26, 328, 1, 1),
(26, 329, 1, 1),
(26, 330, 1, 1),
(26, 331, 1, 1),
(26, 332, 1, 1),
(26, 333, 1, 1),
(26, 355, 1, 1),
(26, 356, 1, 1),
(26, 357, 1, 1),
(26, 358, 0, 0),
(26, 359, 1, 1),
(26, 360, 1, 1),
(26, 361, 0, 0),
(26, 363, 0, 0),
(26, 365, 0, 0),
(26, 366, 0, 0),
(26, 367, 0, 0),
(26, 368, 1, 1),
(26, 369, 1, 1),
(26, 370, 1, 1),
(26, 371, 0, 0),
(26, 372, 0, 0),
(26, 373, 0, 0),
(26, 374, 0, 0),
(26, 375, 0, 0),
(26, 376, 0, 0),
(26, 377, 0, 0),
(26, 378, 0, 0),
(26, 379, 0, 0),
(26, 380, 1, 1),
(26, 381, 0, 0),
(26, 382, 0, 0),
(26, 383, 0, 0),
(26, 384, 0, 0),
(26, 385, 0, 0),
(26, 386, 0, 0),
(26, 387, 0, 0),
(26, 388, 1, 1),
(26, 389, 1, 1),
(26, 390, 1, 1),
(26, 391, 0, 0),
(26, 392, 0, 0),
(26, 393, 1, 1),
(26, 394, 1, 1),
(26, 395, 1, 1),
(26, 396, 1, 1),
(26, 398, 1, 1),
(26, 399, 1, 1),
(26, 400, 1, 1),
(26, 401, 0, 0),
(26, 402, 0, 0),
(26, 403, 0, 0),
(26, 404, 0, 0),
(26, 405, 0, 0),
(26, 406, 0, 0),
(26, 407, 0, 0),
(26, 408, 0, 0),
(26, 409, 0, 0),
(26, 410, 0, 0),
(26, 411, 0, 0),
(26, 412, 0, 0),
(26, 413, 0, 0),
(26, 414, 0, 0),
(26, 415, 0, 0),
(26, 416, 0, 0),
(26, 417, 0, 0),
(26, 418, 1, 1),
(26, 419, 0, 0),
(26, 420, 0, 0),
(26, 421, 0, 0),
(26, 422, 1, 1),
(26, 423, 1, 1),
(26, 424, 0, 0),
(26, 425, 0, 0),
(26, 427, 1, 1),
(26, 428, 1, 1),
(26, 429, 1, 1),
(26, 430, 1, 1),
(26, 431, 1, 1),
(26, 432, 1, 1),
(26, 433, 1, 1),
(26, 434, 0, 0),
(26, 435, 0, 0),
(26, 436, 0, 0),
(26, 437, 1, 1),
(26, 438, 1, 1),
(26, 439, 1, 1),
(26, 440, 1, 1),
(26, 441, 1, 1),
(26, 442, 0, 0),
(26, 443, 0, 0),
(26, 444, 0, 0),
(26, 445, 0, 0),
(26, 446, 0, 0),
(26, 447, 0, 0),
(26, 448, 0, 0),
(26, 449, 0, 0),
(26, 450, 0, 0),
(26, 451, 0, 0),
(26, 452, 0, 0),
(26, 453, 0, 0),
(26, 454, 0, 0),
(26, 455, 0, 0),
(26, 456, 0, 0),
(26, 457, 1, 1),
(26, 458, 1, 1),
(26, 459, 1, 1),
(26, 460, 1, 1),
(26, 461, 1, 1),
(26, 463, 1, 1),
(26, 464, 1, 1),
(26, 465, 1, 1),
(26, 466, 1, 1),
(26, 467, 1, 1),
(26, 468, 1, 1),
(26, 469, 1, 1),
(26, 470, 1, 1),
(26, 471, 1, 1),
(26, 472, 1, 1),
(26, 476, 1, 1),
(26, 477, 1, 1),
(26, 478, 1, 1),
(26, 479, 1, 1),
(26, 480, 1, 1),
(26, 481, 1, 1),
(26, 482, 1, 1),
(26, 483, 1, 1),
(26, 484, 1, 1),
(26, 485, 1, 1),
(26, 486, 1, 1),
(26, 487, 1, 1),
(26, 488, 1, 1),
(26, 489, 1, 1),
(26, 490, 1, 1),
(26, 491, 1, 1),
(26, 492, 0, 0),
(26, 493, 0, 0),
(26, 494, 0, 0),
(26, 495, 1, 1),
(26, 496, 1, 1),
(26, 497, 1, 1),
(26, 498, 0, 0),
(26, 499, 0, 0),
(26, 500, 0, 0),
(26, 501, 0, 0),
(26, 502, 0, 0),
(26, 503, 1, 1),
(26, 504, 1, 1),
(26, 505, 1, 1),
(26, 506, 1, 1),
(26, 511, 1, 1),
(26, 512, 1, 1),
(26, 513, 1, 1),
(26, 514, 1, 1),
(26, 515, 0, 0),
(26, 516, 0, 0),
(26, 519, 0, 0),
(26, 520, 0, 0),
(26, 521, 0, 0),
(26, 523, 0, 0),
(26, 524, 0, 0),
(26, 525, 0, 0),
(26, 526, 0, 0),
(26, 527, 1, 1),
(26, 528, 1, 1),
(26, 529, 1, 1),
(26, 530, 1, 1),
(26, 531, 1, 1),
(26, 532, 1, 1),
(26, 533, 1, 1),
(26, 534, 1, 1),
(26, 535, 1, 1),
(26, 536, 0, 0),
(26, 537, 0, 0),
(26, 538, 0, 0),
(26, 552, 0, 0),
(26, 567, 1, 1),
(26, 568, 1, 1),
(26, 569, 0, 0),
(27, 244, 1, 1),
(27, 247, 1, 1),
(27, 248, 1, 1),
(27, 249, 1, 1),
(27, 251, 1, 1),
(27, 252, 1, 1),
(27, 253, 1, 1),
(27, 254, 1, 1),
(27, 255, 1, 1),
(27, 256, 1, 1),
(27, 257, 1, 1),
(27, 258, 1, 1),
(27, 259, 1, 1),
(27, 260, 1, 1),
(27, 261, 1, 1),
(27, 262, 1, 1),
(27, 263, 1, 1),
(27, 264, 1, 1),
(27, 265, 1, 1),
(27, 266, 1, 1),
(27, 267, 1, 1),
(27, 268, 1, 1),
(27, 269, 1, 1),
(27, 270, 1, 1),
(27, 271, 1, 1),
(27, 272, 1, 1),
(27, 273, 1, 1),
(27, 274, 1, 1),
(27, 275, 1, 1),
(27, 276, 1, 1),
(27, 277, 1, 1),
(27, 278, 1, 1),
(27, 279, 1, 1),
(27, 280, 1, 1),
(27, 281, 1, 1),
(27, 282, 1, 1),
(27, 283, 1, 1),
(27, 284, 1, 1),
(27, 285, 1, 1),
(27, 286, 1, 1),
(27, 287, 1, 1),
(27, 288, 1, 1),
(27, 289, 1, 1),
(27, 291, 1, 1),
(27, 292, 1, 1),
(27, 293, 1, 1),
(27, 294, 1, 1),
(27, 295, 1, 1),
(27, 296, 1, 1),
(27, 297, 1, 1),
(27, 298, 1, 1),
(27, 299, 1, 1),
(27, 300, 1, 1),
(27, 301, 1, 1),
(27, 302, 1, 1),
(27, 303, 1, 1),
(27, 312, 0, 0),
(27, 313, 0, 0),
(27, 314, 0, 0),
(27, 319, 1, 1),
(27, 320, 0, 0),
(27, 321, 0, 0),
(27, 324, 1, 1),
(27, 326, 1, 1),
(27, 327, 1, 1),
(27, 328, 1, 1),
(27, 329, 1, 1),
(27, 330, 1, 1),
(27, 331, 1, 1),
(27, 332, 1, 1),
(27, 333, 1, 1),
(27, 355, 1, 1),
(27, 356, 1, 1),
(27, 357, 1, 1),
(27, 358, 0, 0),
(27, 359, 1, 1),
(27, 360, 1, 1),
(27, 361, 0, 0),
(27, 363, 0, 0),
(27, 365, 0, 0),
(27, 366, 0, 0),
(27, 367, 0, 0),
(27, 368, 1, 1),
(27, 369, 1, 1),
(27, 370, 1, 1),
(27, 371, 0, 0),
(27, 372, 0, 0),
(27, 373, 0, 0),
(27, 374, 0, 0),
(27, 375, 0, 0),
(27, 376, 0, 0),
(27, 377, 0, 0),
(27, 378, 0, 0),
(27, 379, 0, 0),
(27, 380, 1, 1),
(27, 381, 0, 0),
(27, 382, 0, 0),
(27, 383, 0, 0),
(27, 384, 0, 0),
(27, 385, 0, 0),
(27, 386, 0, 0),
(27, 387, 0, 0),
(27, 388, 1, 1),
(27, 389, 1, 1),
(27, 390, 1, 1),
(27, 391, 0, 0),
(27, 392, 0, 0),
(27, 393, 1, 1),
(27, 394, 1, 1),
(27, 395, 1, 1),
(27, 396, 1, 1),
(27, 398, 1, 1),
(27, 399, 1, 1),
(27, 400, 1, 1),
(27, 401, 0, 0),
(27, 402, 0, 0),
(27, 403, 0, 0),
(27, 404, 0, 0),
(27, 405, 0, 0),
(27, 406, 0, 0),
(27, 407, 0, 0),
(27, 408, 0, 0),
(27, 409, 0, 0),
(27, 410, 0, 0),
(27, 411, 0, 0),
(27, 412, 0, 0),
(27, 413, 0, 0),
(27, 414, 0, 0),
(27, 415, 0, 0),
(27, 416, 0, 0),
(27, 417, 0, 0),
(27, 418, 1, 1),
(27, 419, 0, 0),
(27, 420, 0, 0),
(27, 421, 0, 0),
(27, 422, 1, 1),
(27, 423, 1, 1),
(27, 424, 0, 0),
(27, 425, 0, 0),
(27, 427, 1, 1),
(27, 428, 1, 1),
(27, 429, 1, 1),
(27, 430, 1, 1),
(27, 431, 1, 1),
(27, 432, 1, 1),
(27, 433, 1, 1),
(27, 434, 0, 0),
(27, 435, 0, 0),
(27, 436, 0, 0),
(27, 437, 1, 1),
(27, 438, 1, 1),
(27, 439, 1, 1),
(27, 440, 1, 1),
(27, 441, 1, 1),
(27, 442, 0, 0),
(27, 443, 0, 0),
(27, 444, 0, 0),
(27, 445, 0, 0),
(27, 446, 0, 0),
(27, 447, 0, 0),
(27, 448, 0, 0),
(27, 449, 0, 0),
(27, 450, 0, 0),
(27, 451, 0, 0),
(27, 452, 0, 0),
(27, 453, 0, 0),
(27, 454, 0, 0),
(27, 455, 0, 0),
(27, 456, 0, 0),
(27, 457, 1, 1),
(27, 458, 1, 1),
(27, 459, 1, 1),
(27, 460, 1, 1),
(27, 461, 1, 1),
(27, 463, 1, 1),
(27, 464, 1, 1),
(27, 465, 1, 1),
(27, 466, 1, 1),
(27, 467, 1, 1),
(27, 468, 1, 1),
(27, 469, 1, 1),
(27, 470, 1, 1),
(27, 471, 1, 1),
(27, 472, 1, 1),
(27, 476, 1, 1),
(27, 477, 1, 1),
(27, 478, 1, 1),
(27, 479, 1, 1),
(27, 480, 1, 1),
(27, 481, 1, 1),
(27, 482, 1, 1),
(27, 483, 1, 1),
(27, 484, 1, 1),
(27, 485, 1, 1),
(27, 486, 1, 1),
(27, 487, 1, 1),
(27, 488, 1, 1),
(27, 489, 1, 1),
(27, 490, 1, 1),
(27, 491, 1, 1),
(27, 492, 0, 0),
(27, 493, 0, 0),
(27, 494, 0, 0),
(27, 495, 1, 1),
(27, 496, 1, 1),
(27, 497, 1, 1),
(27, 498, 0, 0),
(27, 499, 0, 0),
(27, 500, 0, 0),
(27, 501, 0, 0),
(27, 502, 0, 0),
(27, 503, 1, 1),
(27, 504, 1, 1),
(27, 505, 1, 1),
(27, 506, 1, 1),
(27, 511, 1, 1),
(27, 512, 1, 1),
(27, 513, 1, 1),
(27, 514, 1, 1),
(27, 515, 0, 0),
(27, 516, 0, 0),
(27, 519, 0, 0),
(27, 520, 0, 0),
(27, 521, 0, 0),
(27, 523, 0, 0),
(27, 524, 0, 0),
(27, 525, 0, 0),
(27, 526, 0, 0),
(27, 527, 1, 1),
(27, 528, 1, 1),
(27, 529, 1, 1),
(27, 530, 1, 1),
(27, 531, 1, 1),
(27, 532, 1, 1),
(27, 533, 1, 1),
(27, 534, 1, 1),
(27, 535, 1, 1),
(27, 536, 0, 0),
(27, 537, 0, 0),
(27, 538, 0, 0),
(27, 552, 0, 0),
(27, 567, 1, 1),
(27, 568, 1, 1),
(27, 569, 0, 0),
(28, 244, 1, 1),
(28, 247, 1, 1),
(28, 248, 1, 1),
(28, 249, 1, 1),
(28, 251, 1, 1),
(28, 252, 1, 1),
(28, 253, 1, 1),
(28, 254, 1, 1),
(28, 255, 1, 1),
(28, 256, 1, 1),
(28, 257, 1, 1),
(28, 258, 1, 1),
(28, 259, 1, 1),
(28, 260, 1, 1),
(28, 261, 1, 1),
(28, 262, 1, 1),
(28, 263, 1, 1),
(28, 264, 1, 1),
(28, 265, 1, 1),
(28, 266, 1, 1),
(28, 267, 1, 1),
(28, 268, 1, 1),
(28, 269, 1, 1),
(28, 270, 1, 1),
(28, 271, 1, 1),
(28, 272, 1, 1),
(28, 273, 1, 1),
(28, 274, 1, 1),
(28, 275, 1, 1),
(28, 276, 1, 1),
(28, 277, 1, 1),
(28, 278, 1, 1),
(28, 279, 1, 1),
(28, 280, 1, 1),
(28, 281, 1, 1),
(28, 282, 1, 1),
(28, 283, 1, 1),
(28, 284, 1, 1),
(28, 285, 1, 1),
(28, 286, 1, 1),
(28, 287, 1, 1),
(28, 288, 1, 1),
(28, 289, 1, 1),
(28, 291, 1, 1),
(28, 292, 1, 1),
(28, 293, 1, 1),
(28, 294, 1, 1),
(28, 295, 1, 1),
(28, 296, 1, 1),
(28, 297, 1, 1),
(28, 298, 1, 1),
(28, 299, 1, 1),
(28, 300, 1, 1),
(28, 301, 1, 1),
(28, 302, 1, 1),
(28, 303, 1, 1),
(28, 312, 0, 0),
(28, 313, 0, 0),
(28, 314, 0, 0),
(28, 319, 1, 1),
(28, 320, 0, 0),
(28, 321, 0, 0),
(28, 324, 1, 1),
(28, 326, 1, 1),
(28, 327, 1, 1),
(28, 328, 1, 1),
(28, 329, 1, 1),
(28, 330, 1, 1),
(28, 331, 1, 1),
(28, 332, 1, 1),
(28, 333, 1, 1),
(28, 355, 1, 1),
(28, 356, 1, 1),
(28, 357, 1, 1),
(28, 358, 0, 0),
(28, 359, 1, 1),
(28, 360, 1, 1),
(28, 361, 0, 0),
(28, 363, 0, 0),
(28, 365, 0, 0),
(28, 366, 0, 0),
(28, 367, 0, 0),
(28, 368, 1, 1),
(28, 369, 1, 1),
(28, 370, 1, 1),
(28, 371, 0, 0),
(28, 372, 0, 0),
(28, 373, 0, 0),
(28, 374, 0, 0),
(28, 375, 0, 0),
(28, 376, 0, 0),
(28, 377, 0, 0),
(28, 378, 0, 0),
(28, 379, 0, 0),
(28, 380, 1, 1),
(28, 381, 0, 0),
(28, 382, 0, 0),
(28, 383, 0, 0),
(28, 384, 0, 0),
(28, 385, 0, 0),
(28, 386, 0, 0),
(28, 387, 0, 0),
(28, 388, 1, 1),
(28, 389, 1, 1),
(28, 390, 1, 1),
(28, 391, 0, 0),
(28, 392, 0, 0),
(28, 393, 1, 1),
(28, 394, 1, 1),
(28, 395, 1, 1),
(28, 396, 1, 1),
(28, 398, 1, 1),
(28, 399, 1, 1),
(28, 400, 1, 1),
(28, 401, 0, 0),
(28, 402, 0, 0),
(28, 403, 0, 0),
(28, 404, 0, 0),
(28, 405, 0, 0),
(28, 406, 0, 0),
(28, 407, 0, 0),
(28, 408, 0, 0),
(28, 409, 0, 0),
(28, 410, 0, 0),
(28, 411, 0, 0),
(28, 412, 0, 0),
(28, 413, 0, 0),
(28, 414, 0, 0),
(28, 415, 1, 1),
(28, 416, 0, 0),
(28, 417, 0, 0),
(28, 418, 1, 1),
(28, 419, 0, 0),
(28, 420, 0, 0),
(28, 421, 0, 0),
(28, 422, 1, 1),
(28, 423, 1, 1),
(28, 424, 0, 0),
(28, 425, 0, 0),
(28, 427, 1, 1),
(28, 428, 1, 1),
(28, 429, 1, 1),
(28, 430, 1, 1),
(28, 431, 1, 1),
(28, 432, 1, 1),
(28, 433, 1, 1),
(28, 434, 0, 0),
(28, 435, 0, 0),
(28, 436, 0, 0),
(28, 437, 1, 1),
(28, 438, 1, 1),
(28, 439, 1, 1),
(28, 440, 1, 1),
(28, 441, 1, 1),
(28, 442, 0, 0),
(28, 443, 0, 0),
(28, 444, 0, 0),
(28, 445, 0, 0),
(28, 446, 0, 0),
(28, 447, 0, 0),
(28, 448, 0, 0),
(28, 449, 0, 0),
(28, 450, 0, 0),
(28, 451, 0, 0),
(28, 452, 0, 0),
(28, 453, 0, 0),
(28, 454, 0, 0),
(28, 455, 0, 0),
(28, 456, 0, 0),
(28, 457, 1, 1),
(28, 458, 1, 1),
(28, 459, 1, 1),
(28, 460, 1, 1),
(28, 461, 1, 1),
(28, 463, 1, 1),
(28, 464, 1, 1),
(28, 465, 1, 1),
(28, 466, 1, 1),
(28, 467, 1, 1),
(28, 468, 1, 1),
(28, 469, 1, 1),
(28, 470, 1, 1),
(28, 471, 1, 1),
(28, 472, 1, 1),
(28, 476, 1, 1),
(28, 477, 1, 1),
(28, 478, 1, 1),
(28, 479, 1, 1),
(28, 480, 1, 1),
(28, 481, 1, 1),
(28, 482, 1, 1),
(28, 483, 1, 1),
(28, 484, 1, 1),
(28, 485, 1, 1),
(28, 486, 1, 1),
(28, 487, 1, 1),
(28, 488, 1, 1),
(28, 489, 1, 1),
(28, 490, 1, 1),
(28, 491, 1, 1),
(28, 492, 0, 0),
(28, 493, 0, 0),
(28, 494, 0, 0),
(28, 495, 1, 1),
(28, 496, 1, 1),
(28, 497, 1, 1),
(28, 498, 0, 0),
(28, 499, 0, 0),
(28, 500, 0, 0),
(28, 501, 0, 0),
(28, 502, 0, 0),
(28, 503, 1, 1),
(28, 504, 1, 1),
(28, 505, 1, 1),
(28, 506, 1, 1),
(28, 511, 1, 1),
(28, 512, 1, 1),
(28, 513, 1, 1),
(28, 514, 1, 1),
(28, 515, 0, 0),
(28, 516, 0, 0),
(28, 519, 0, 0),
(28, 520, 0, 0),
(28, 521, 0, 0),
(28, 523, 0, 0),
(28, 524, 0, 0),
(28, 525, 0, 0),
(28, 526, 0, 0),
(28, 527, 1, 1),
(28, 528, 1, 1),
(28, 529, 1, 1),
(28, 530, 1, 1),
(28, 531, 1, 1),
(28, 532, 1, 1),
(28, 533, 1, 1),
(28, 534, 1, 1),
(28, 535, 1, 1),
(28, 536, 0, 0),
(28, 537, 0, 0),
(28, 538, 0, 0),
(28, 552, 0, 0),
(28, 567, 1, 1),
(28, 568, 1, 1),
(28, 569, 0, 0),
(29, 244, 1, 1),
(29, 247, 1, 1),
(29, 248, 1, 1),
(29, 249, 1, 1),
(29, 251, 1, 1),
(29, 252, 1, 1),
(29, 253, 1, 1),
(29, 254, 1, 1),
(29, 255, 1, 1),
(29, 256, 1, 1),
(29, 257, 1, 1),
(29, 258, 1, 1),
(29, 259, 1, 1),
(29, 260, 1, 1),
(29, 261, 1, 1),
(29, 262, 1, 1),
(29, 263, 1, 1),
(29, 264, 1, 1),
(29, 265, 1, 1),
(29, 266, 1, 1),
(29, 267, 1, 1),
(29, 268, 1, 1),
(29, 269, 1, 1),
(29, 270, 1, 1),
(29, 271, 1, 1),
(29, 272, 1, 1),
(29, 273, 1, 1),
(29, 274, 1, 1),
(29, 275, 1, 1),
(29, 276, 1, 1),
(29, 277, 1, 1),
(29, 278, 1, 1),
(29, 279, 1, 1),
(29, 280, 1, 1),
(29, 281, 1, 1),
(29, 282, 1, 1),
(29, 283, 1, 1),
(29, 284, 1, 1),
(29, 285, 1, 1),
(29, 286, 1, 1),
(29, 287, 1, 1),
(29, 288, 1, 1),
(29, 289, 1, 1),
(29, 291, 1, 1),
(29, 292, 1, 1),
(29, 293, 1, 1),
(29, 294, 1, 1),
(29, 295, 1, 1),
(29, 296, 1, 1),
(29, 297, 1, 1),
(29, 298, 1, 1),
(29, 299, 1, 1),
(29, 300, 1, 1),
(29, 301, 1, 1),
(29, 302, 1, 1),
(29, 303, 1, 1),
(29, 312, 0, 0),
(29, 313, 0, 0),
(29, 314, 0, 0),
(29, 319, 1, 1),
(29, 320, 0, 0),
(29, 321, 0, 0),
(29, 324, 1, 1),
(29, 326, 1, 1),
(29, 327, 1, 1),
(29, 328, 1, 1),
(29, 329, 1, 1),
(29, 330, 1, 1),
(29, 331, 1, 1),
(29, 332, 1, 1),
(29, 333, 1, 1),
(29, 355, 1, 1),
(29, 356, 1, 1),
(29, 357, 1, 1),
(29, 358, 0, 0),
(29, 359, 1, 1),
(29, 360, 1, 1),
(29, 361, 0, 0),
(29, 363, 0, 0),
(29, 365, 0, 0),
(29, 366, 0, 0),
(29, 367, 0, 0),
(29, 368, 1, 1),
(29, 369, 1, 1),
(29, 370, 1, 1),
(29, 371, 0, 0),
(29, 372, 0, 0),
(29, 373, 0, 0),
(29, 374, 0, 0),
(29, 375, 0, 0),
(29, 376, 0, 0),
(29, 377, 0, 0),
(29, 378, 0, 0),
(29, 379, 0, 0),
(29, 380, 1, 1),
(29, 381, 0, 0),
(29, 382, 0, 0),
(29, 383, 0, 0),
(29, 384, 0, 0),
(29, 385, 0, 0),
(29, 386, 0, 0),
(29, 387, 0, 0),
(29, 388, 1, 1),
(29, 389, 1, 1),
(29, 390, 1, 1),
(29, 391, 0, 0),
(29, 392, 0, 0),
(29, 393, 0, 0),
(29, 394, 1, 1),
(29, 395, 1, 1),
(29, 396, 1, 1),
(29, 398, 1, 1),
(29, 399, 1, 1),
(29, 400, 1, 1),
(29, 401, 0, 0),
(29, 402, 0, 0),
(29, 403, 0, 0),
(29, 404, 0, 0),
(29, 405, 0, 0),
(29, 406, 0, 0),
(29, 407, 0, 0),
(29, 408, 0, 0),
(29, 409, 0, 0),
(29, 410, 0, 0),
(29, 411, 0, 0),
(29, 412, 0, 0),
(29, 413, 0, 0),
(29, 414, 0, 0),
(29, 415, 0, 1),
(29, 416, 0, 0),
(29, 417, 0, 0),
(29, 418, 1, 1),
(29, 419, 0, 0),
(29, 420, 0, 0),
(29, 421, 0, 0),
(29, 422, 1, 1),
(29, 423, 1, 1),
(29, 424, 0, 0),
(29, 425, 0, 0),
(29, 427, 1, 0),
(29, 428, 1, 0),
(29, 429, 1, 0),
(29, 430, 1, 0),
(29, 431, 1, 0),
(29, 432, 1, 0),
(29, 433, 1, 0),
(29, 434, 0, 0),
(29, 435, 0, 0),
(29, 436, 0, 0),
(29, 437, 1, 1),
(29, 438, 1, 1),
(29, 439, 1, 1),
(29, 440, 1, 1),
(29, 441, 1, 1),
(29, 442, 0, 0),
(29, 443, 0, 0),
(29, 444, 0, 0),
(29, 445, 0, 0),
(29, 446, 0, 0),
(29, 447, 0, 0),
(29, 448, 0, 0),
(29, 449, 0, 0),
(29, 450, 0, 0),
(29, 451, 0, 0),
(29, 452, 0, 0),
(29, 453, 0, 0),
(29, 454, 0, 0),
(29, 455, 0, 0),
(29, 456, 0, 0),
(29, 457, 0, 0),
(29, 458, 0, 0),
(29, 459, 1, 1),
(29, 460, 1, 1),
(29, 461, 1, 1),
(29, 463, 1, 0),
(29, 464, 1, 0),
(29, 465, 1, 0),
(29, 466, 1, 0),
(29, 467, 1, 0),
(29, 468, 1, 0),
(29, 469, 1, 0),
(29, 470, 1, 0),
(29, 471, 1, 0),
(29, 472, 1, 0),
(29, 476, 1, 1),
(29, 477, 1, 1),
(29, 478, 1, 1),
(29, 479, 1, 1),
(29, 480, 1, 1),
(29, 481, 1, 1),
(29, 482, 1, 1),
(29, 483, 1, 1),
(29, 484, 1, 1),
(29, 485, 1, 1),
(29, 486, 1, 1),
(29, 487, 1, 1),
(29, 488, 1, 1),
(29, 489, 1, 1),
(29, 490, 1, 1),
(29, 491, 1, 1),
(29, 492, 0, 0),
(29, 493, 0, 0),
(29, 494, 0, 0),
(29, 495, 1, 1),
(29, 496, 1, 1),
(29, 497, 1, 1),
(29, 498, 0, 0),
(29, 499, 0, 0),
(29, 500, 0, 0),
(29, 501, 0, 0),
(29, 502, 0, 0),
(29, 503, 1, 1),
(29, 504, 1, 1),
(29, 505, 1, 1),
(29, 506, 1, 1),
(29, 511, 1, 1),
(29, 512, 1, 1),
(29, 513, 1, 1),
(29, 514, 1, 1),
(29, 515, 0, 0),
(29, 516, 0, 0),
(29, 519, 0, 0),
(29, 520, 0, 0),
(29, 521, 0, 0),
(29, 523, 0, 0),
(29, 524, 0, 0),
(29, 525, 0, 0),
(29, 526, 0, 0),
(29, 527, 1, 1),
(29, 528, 1, 1),
(29, 529, 1, 1),
(29, 530, 1, 1),
(29, 531, 1, 0),
(29, 532, 1, 0),
(29, 533, 1, 0),
(29, 534, 1, 0),
(29, 535, 1, 0),
(29, 536, 0, 0),
(29, 537, 0, 0),
(29, 538, 0, 0),
(29, 552, 0, 0),
(29, 567, 1, 1),
(29, 568, 1, 1),
(29, 569, 0, 0),
(30, 244, 1, 1),
(30, 247, 1, 1),
(30, 248, 1, 1),
(30, 249, 1, 1),
(30, 251, 1, 1),
(30, 252, 1, 1),
(30, 253, 1, 1),
(30, 254, 1, 1),
(30, 255, 1, 1),
(30, 256, 1, 1),
(30, 257, 1, 1),
(30, 258, 1, 1),
(30, 259, 1, 1),
(30, 260, 1, 1),
(30, 261, 1, 1),
(30, 262, 1, 1),
(30, 263, 1, 1),
(30, 264, 1, 1),
(30, 265, 1, 1),
(30, 266, 1, 1),
(30, 267, 1, 1),
(30, 268, 1, 1),
(30, 269, 1, 1),
(30, 270, 1, 1),
(30, 271, 1, 1),
(30, 272, 1, 1),
(30, 273, 1, 1),
(30, 274, 1, 1),
(30, 275, 1, 1),
(30, 276, 1, 1),
(30, 277, 1, 1),
(30, 278, 1, 1),
(30, 279, 1, 1),
(30, 280, 1, 1),
(30, 281, 1, 1),
(30, 282, 1, 1),
(30, 283, 1, 1),
(30, 284, 1, 1),
(30, 285, 1, 1),
(30, 286, 1, 1),
(30, 287, 1, 1),
(30, 288, 1, 1),
(30, 289, 1, 1),
(30, 291, 1, 1),
(30, 292, 1, 1),
(30, 293, 1, 1),
(30, 294, 1, 1),
(30, 295, 1, 1),
(30, 296, 1, 1),
(30, 297, 1, 1),
(30, 298, 1, 1),
(30, 299, 1, 1),
(30, 300, 1, 1),
(30, 301, 1, 1),
(30, 302, 1, 1),
(30, 303, 1, 1),
(30, 312, 0, 0),
(30, 313, 0, 0),
(30, 314, 0, 0),
(30, 319, 1, 1),
(30, 320, 0, 0),
(30, 321, 0, 0),
(30, 324, 1, 1),
(30, 326, 1, 1),
(30, 327, 1, 1),
(30, 328, 1, 1),
(30, 329, 1, 1),
(30, 330, 1, 1),
(30, 331, 1, 1),
(30, 332, 1, 1),
(30, 333, 1, 1),
(30, 355, 1, 1),
(30, 356, 1, 1),
(30, 357, 1, 1),
(30, 358, 0, 0),
(30, 359, 1, 1),
(30, 360, 1, 1),
(30, 361, 0, 0),
(30, 363, 0, 0),
(30, 365, 0, 0),
(30, 366, 0, 0),
(30, 367, 0, 0),
(30, 368, 1, 1),
(30, 369, 1, 1),
(30, 370, 1, 1),
(30, 371, 0, 0),
(30, 372, 0, 0),
(30, 373, 0, 0),
(30, 374, 0, 0),
(30, 375, 0, 0),
(30, 376, 0, 0),
(30, 377, 0, 0),
(30, 378, 0, 0),
(30, 379, 0, 0),
(30, 380, 1, 1),
(30, 381, 0, 0),
(30, 382, 0, 0),
(30, 383, 0, 0),
(30, 384, 0, 0),
(30, 385, 0, 0),
(30, 386, 0, 0),
(30, 387, 0, 0),
(30, 388, 1, 1),
(30, 389, 1, 1),
(30, 390, 1, 1),
(30, 391, 0, 0),
(30, 392, 0, 0),
(30, 393, 1, 1),
(30, 394, 1, 1),
(30, 395, 1, 1),
(30, 396, 1, 1),
(30, 398, 1, 1),
(30, 399, 1, 1),
(30, 400, 1, 1),
(30, 401, 0, 0),
(30, 402, 0, 0),
(30, 403, 0, 0),
(30, 404, 0, 0),
(30, 405, 0, 0),
(30, 406, 0, 0),
(30, 407, 0, 0),
(30, 408, 0, 0),
(30, 409, 0, 0),
(30, 410, 0, 0),
(30, 411, 0, 0),
(30, 412, 0, 0),
(30, 413, 0, 0),
(30, 414, 0, 0),
(30, 415, 1, 1),
(30, 416, 0, 0),
(30, 417, 0, 0),
(30, 418, 1, 1),
(30, 419, 0, 0),
(30, 420, 0, 0),
(30, 421, 0, 0),
(30, 422, 1, 1),
(30, 423, 1, 1),
(30, 424, 0, 0),
(30, 425, 0, 0),
(30, 427, 1, 0),
(30, 428, 1, 0),
(30, 429, 1, 0),
(30, 430, 1, 0),
(30, 431, 1, 0),
(30, 432, 1, 0),
(30, 433, 1, 0),
(30, 434, 0, 0),
(30, 435, 0, 0),
(30, 436, 0, 0),
(30, 437, 1, 1),
(30, 438, 1, 1),
(30, 439, 1, 1),
(30, 440, 1, 1),
(30, 441, 1, 1),
(30, 442, 0, 0),
(30, 443, 0, 0),
(30, 444, 0, 0),
(30, 445, 0, 0),
(30, 446, 0, 0),
(30, 447, 0, 0),
(30, 448, 0, 0),
(30, 449, 0, 0),
(30, 450, 0, 0),
(30, 451, 0, 0),
(30, 452, 0, 0),
(30, 453, 0, 0),
(30, 454, 0, 0),
(30, 455, 0, 0),
(30, 456, 0, 0),
(30, 457, 1, 1),
(30, 458, 1, 1),
(30, 459, 1, 1),
(30, 460, 1, 1),
(30, 461, 1, 1),
(30, 463, 1, 0),
(30, 464, 1, 0),
(30, 465, 1, 0),
(30, 466, 1, 0),
(30, 467, 1, 0),
(30, 468, 1, 0),
(30, 469, 1, 0),
(30, 470, 1, 0),
(30, 471, 1, 0),
(30, 472, 1, 0),
(30, 476, 1, 1),
(30, 477, 1, 1),
(30, 478, 1, 1),
(30, 479, 1, 1),
(30, 480, 1, 1),
(30, 481, 1, 1),
(30, 482, 1, 1),
(30, 483, 1, 1),
(30, 484, 1, 1),
(30, 485, 1, 1),
(30, 486, 1, 1),
(30, 487, 1, 1),
(30, 488, 1, 1),
(30, 489, 1, 1),
(30, 490, 1, 1),
(30, 491, 1, 1),
(30, 492, 0, 0),
(30, 493, 0, 0),
(30, 494, 0, 0),
(30, 495, 1, 1),
(30, 496, 1, 1),
(30, 497, 1, 1),
(30, 498, 0, 0),
(30, 499, 0, 0),
(30, 500, 0, 0),
(30, 501, 0, 0),
(30, 502, 0, 0),
(30, 503, 1, 1),
(30, 504, 1, 1),
(30, 505, 1, 1),
(30, 506, 1, 1),
(30, 511, 1, 1),
(30, 512, 1, 1),
(30, 513, 1, 1),
(30, 514, 1, 1),
(30, 515, 0, 0),
(30, 516, 0, 0),
(30, 519, 0, 0),
(30, 520, 0, 0),
(30, 521, 0, 0),
(30, 523, 0, 0),
(30, 524, 0, 0),
(30, 525, 0, 0),
(30, 526, 0, 0),
(30, 527, 1, 1),
(30, 528, 1, 1),
(30, 529, 1, 1),
(30, 530, 1, 1),
(30, 531, 1, 0),
(30, 532, 1, 0),
(30, 533, 1, 0),
(30, 534, 1, 0),
(30, 535, 1, 0),
(30, 536, 0, 0),
(30, 537, 0, 0),
(30, 538, 0, 0),
(30, 552, 0, 0),
(30, 567, 1, 1),
(30, 568, 1, 1),
(30, 569, 0, 0),
(31, 244, 1, 1),
(31, 247, 1, 1),
(31, 248, 1, 1),
(31, 249, 1, 1),
(31, 251, 1, 1),
(31, 252, 1, 1),
(31, 253, 1, 1),
(31, 254, 1, 1),
(31, 255, 1, 1),
(31, 256, 1, 1),
(31, 257, 1, 1),
(31, 258, 1, 1),
(31, 259, 1, 1),
(31, 260, 1, 1),
(31, 261, 1, 1),
(31, 262, 1, 1),
(31, 263, 1, 1),
(31, 264, 1, 1),
(31, 265, 1, 1),
(31, 266, 1, 1),
(31, 267, 1, 1),
(31, 268, 1, 1),
(31, 269, 1, 1),
(31, 270, 1, 1),
(31, 271, 1, 1),
(31, 272, 1, 1),
(31, 273, 1, 1),
(31, 274, 1, 1),
(31, 275, 1, 1),
(31, 276, 1, 1),
(31, 277, 1, 1),
(31, 278, 1, 1),
(31, 279, 1, 1),
(31, 280, 1, 1),
(31, 281, 1, 1),
(31, 282, 1, 1),
(31, 283, 1, 1),
(31, 284, 1, 1),
(31, 285, 1, 1),
(31, 286, 1, 1),
(31, 287, 1, 1),
(31, 288, 1, 1),
(31, 289, 1, 1),
(31, 291, 1, 1),
(31, 292, 1, 1),
(31, 293, 1, 1),
(31, 294, 1, 1),
(31, 295, 1, 1),
(31, 296, 1, 1),
(31, 297, 1, 1),
(31, 298, 1, 1),
(31, 299, 1, 1),
(31, 300, 1, 1),
(31, 301, 1, 1),
(31, 302, 1, 1),
(31, 303, 1, 1),
(31, 312, 0, 0),
(31, 313, 0, 0),
(31, 314, 0, 0),
(31, 319, 1, 1),
(31, 320, 0, 0),
(31, 321, 0, 0),
(31, 324, 1, 1),
(31, 326, 1, 1),
(31, 327, 1, 1),
(31, 328, 1, 1),
(31, 329, 1, 1),
(31, 330, 1, 1),
(31, 331, 1, 1),
(31, 332, 1, 1),
(31, 333, 1, 1),
(31, 355, 1, 1),
(31, 356, 1, 1),
(31, 357, 1, 1),
(31, 358, 0, 0),
(31, 359, 1, 1),
(31, 360, 1, 1),
(31, 361, 0, 0),
(31, 363, 0, 0),
(31, 365, 0, 0),
(31, 366, 0, 0),
(31, 367, 0, 0),
(31, 368, 1, 1),
(31, 369, 1, 1),
(31, 370, 1, 1),
(31, 371, 0, 0),
(31, 372, 0, 0),
(31, 373, 0, 0),
(31, 374, 0, 0),
(31, 375, 0, 0),
(31, 376, 0, 0),
(31, 377, 0, 0),
(31, 378, 0, 0),
(31, 379, 0, 0),
(31, 380, 1, 1),
(31, 381, 0, 0),
(31, 382, 0, 0),
(31, 383, 0, 0),
(31, 384, 0, 0),
(31, 385, 0, 0),
(31, 386, 0, 0),
(31, 387, 0, 0),
(31, 388, 1, 1),
(31, 389, 1, 1),
(31, 390, 1, 1),
(31, 391, 0, 0),
(31, 392, 0, 0),
(31, 393, 1, 1),
(31, 394, 1, 1),
(31, 395, 1, 1),
(31, 396, 1, 1),
(31, 398, 1, 1),
(31, 399, 1, 1),
(31, 400, 1, 1),
(31, 401, 0, 0),
(31, 402, 0, 0),
(31, 403, 0, 0),
(31, 404, 0, 0),
(31, 405, 0, 0),
(31, 406, 0, 0),
(31, 407, 0, 0),
(31, 408, 0, 0),
(31, 409, 0, 0),
(31, 410, 0, 0),
(31, 411, 0, 0),
(31, 412, 0, 0),
(31, 413, 0, 0),
(31, 414, 0, 0),
(31, 415, 0, 0),
(31, 416, 0, 0),
(31, 417, 0, 0),
(31, 418, 1, 1),
(31, 419, 0, 0),
(31, 420, 0, 0),
(31, 421, 0, 0),
(31, 422, 1, 1),
(31, 423, 1, 1),
(31, 424, 0, 0),
(31, 425, 0, 0),
(31, 427, 1, 1),
(31, 428, 1, 1),
(31, 429, 1, 1),
(31, 430, 1, 1),
(31, 431, 1, 1),
(31, 432, 1, 1),
(31, 433, 1, 1),
(31, 434, 0, 0),
(31, 435, 0, 0),
(31, 436, 0, 0),
(31, 437, 1, 1),
(31, 438, 1, 1),
(31, 439, 1, 1),
(31, 440, 1, 1),
(31, 441, 1, 1),
(31, 442, 0, 0),
(31, 443, 0, 0),
(31, 444, 0, 0),
(31, 445, 0, 0),
(31, 446, 0, 0),
(31, 447, 0, 0),
(31, 448, 0, 0),
(31, 449, 0, 0),
(31, 450, 0, 0),
(31, 451, 0, 0),
(31, 452, 0, 0),
(31, 453, 0, 0),
(31, 454, 0, 0),
(31, 455, 0, 0),
(31, 456, 0, 0),
(31, 457, 1, 1),
(31, 458, 1, 1),
(31, 459, 1, 1),
(31, 460, 1, 1),
(31, 461, 1, 1),
(31, 463, 1, 1),
(31, 464, 1, 1),
(31, 465, 1, 1),
(31, 466, 1, 1),
(31, 467, 1, 1),
(31, 468, 1, 1),
(31, 469, 1, 1),
(31, 470, 1, 1),
(31, 471, 1, 1),
(31, 472, 1, 1),
(31, 476, 1, 1),
(31, 477, 1, 1),
(31, 478, 1, 1),
(31, 479, 1, 1),
(31, 480, 1, 1),
(31, 481, 1, 1),
(31, 482, 1, 1),
(31, 483, 1, 1),
(31, 484, 1, 1),
(31, 485, 1, 1),
(31, 486, 1, 1),
(31, 487, 1, 1),
(31, 488, 1, 1),
(31, 489, 1, 1),
(31, 490, 1, 1),
(31, 491, 1, 1),
(31, 492, 0, 0),
(31, 493, 0, 0),
(31, 494, 0, 0),
(31, 495, 1, 1),
(31, 496, 1, 1),
(31, 497, 1, 1),
(31, 498, 0, 0),
(31, 499, 0, 0),
(31, 500, 0, 0),
(31, 501, 0, 0),
(31, 502, 0, 0),
(31, 503, 1, 1),
(31, 504, 1, 1),
(31, 505, 1, 1),
(31, 506, 1, 1),
(31, 511, 1, 1),
(31, 512, 1, 1),
(31, 513, 1, 1),
(31, 514, 1, 1),
(31, 515, 0, 0),
(31, 516, 0, 0),
(31, 519, 0, 0),
(31, 520, 0, 0),
(31, 521, 0, 0),
(31, 523, 0, 0),
(31, 524, 0, 0),
(31, 525, 0, 0),
(31, 526, 0, 0),
(31, 527, 1, 1),
(31, 528, 1, 1),
(31, 529, 1, 1),
(31, 530, 1, 1),
(31, 531, 1, 1),
(31, 532, 1, 1),
(31, 533, 1, 1),
(31, 534, 1, 1),
(31, 535, 1, 1),
(31, 536, 0, 0),
(31, 537, 0, 0),
(31, 538, 0, 0),
(31, 552, 0, 0),
(31, 567, 1, 1),
(31, 568, 1, 1),
(31, 569, 0, 0),
(32, 244, 1, 1),
(32, 247, 1, 1),
(32, 248, 1, 1),
(32, 249, 1, 1),
(32, 251, 1, 1),
(32, 252, 1, 1),
(32, 253, 1, 1),
(32, 254, 1, 1),
(32, 255, 1, 1),
(32, 256, 1, 1),
(32, 257, 1, 1),
(32, 258, 1, 1),
(32, 259, 1, 1),
(32, 260, 1, 1),
(32, 261, 1, 1),
(32, 262, 1, 1),
(32, 263, 1, 1),
(32, 264, 1, 1),
(32, 265, 1, 1),
(32, 266, 1, 1),
(32, 267, 1, 1),
(32, 268, 1, 1),
(32, 269, 1, 1),
(32, 270, 1, 1),
(32, 271, 1, 1),
(32, 272, 1, 1),
(32, 273, 1, 1),
(32, 274, 1, 1),
(32, 275, 1, 1),
(32, 276, 1, 1),
(32, 277, 1, 1),
(32, 278, 1, 1),
(32, 279, 1, 1),
(32, 280, 1, 1),
(32, 281, 1, 1),
(32, 282, 1, 1),
(32, 283, 1, 1),
(32, 284, 1, 1),
(32, 285, 1, 1),
(32, 286, 1, 1),
(32, 287, 1, 1),
(32, 288, 1, 1),
(32, 289, 1, 1),
(32, 291, 1, 1),
(32, 292, 1, 1),
(32, 293, 1, 1),
(32, 294, 1, 1),
(32, 295, 1, 1),
(32, 296, 1, 1),
(32, 297, 1, 1),
(32, 298, 1, 1),
(32, 299, 1, 1),
(32, 300, 1, 1),
(32, 301, 1, 1),
(32, 302, 1, 1),
(32, 303, 1, 1),
(32, 312, 0, 0),
(32, 313, 0, 0),
(32, 314, 0, 0),
(32, 319, 1, 1),
(32, 320, 0, 0),
(32, 321, 0, 0),
(32, 324, 1, 1),
(32, 326, 1, 1),
(32, 327, 1, 1),
(32, 328, 1, 1),
(32, 329, 1, 1),
(32, 330, 1, 1),
(32, 331, 1, 1),
(32, 332, 1, 1);
INSERT INTO `tm_acl_document` (`user_id`, `document_id`, `is_read`, `is_write`) VALUES
(32, 333, 1, 1),
(32, 355, 1, 1),
(32, 356, 1, 1),
(32, 357, 1, 1),
(32, 358, 0, 0),
(32, 359, 1, 1),
(32, 360, 1, 1),
(32, 361, 0, 0),
(32, 363, 0, 0),
(32, 365, 0, 0),
(32, 366, 0, 0),
(32, 367, 0, 0),
(32, 368, 1, 1),
(32, 369, 1, 1),
(32, 370, 1, 1),
(32, 371, 0, 0),
(32, 372, 0, 0),
(32, 373, 0, 0),
(32, 374, 0, 0),
(32, 375, 0, 0),
(32, 376, 0, 0),
(32, 377, 0, 0),
(32, 378, 0, 0),
(32, 379, 0, 0),
(32, 380, 1, 1),
(32, 381, 0, 0),
(32, 382, 0, 0),
(32, 383, 0, 0),
(32, 384, 0, 0),
(32, 385, 0, 0),
(32, 386, 0, 0),
(32, 387, 0, 0),
(32, 388, 1, 1),
(32, 389, 1, 1),
(32, 390, 1, 1),
(32, 391, 0, 0),
(32, 392, 0, 0),
(32, 393, 1, 1),
(32, 394, 1, 1),
(32, 395, 1, 1),
(32, 396, 1, 1),
(32, 398, 1, 1),
(32, 399, 1, 1),
(32, 400, 1, 1),
(32, 401, 0, 0),
(32, 402, 0, 0),
(32, 403, 0, 0),
(32, 404, 0, 0),
(32, 405, 0, 0),
(32, 406, 0, 0),
(32, 407, 0, 0),
(32, 408, 0, 0),
(32, 409, 0, 0),
(32, 410, 0, 0),
(32, 411, 0, 0),
(32, 412, 0, 0),
(32, 413, 0, 0),
(32, 414, 0, 0),
(32, 415, 0, 0),
(32, 416, 0, 0),
(32, 417, 0, 0),
(32, 418, 1, 1),
(32, 419, 0, 0),
(32, 420, 0, 0),
(32, 421, 0, 0),
(32, 422, 1, 1),
(32, 423, 1, 1),
(32, 424, 0, 0),
(32, 425, 0, 0),
(32, 427, 1, 1),
(32, 428, 1, 1),
(32, 429, 1, 1),
(32, 430, 1, 1),
(32, 431, 1, 1),
(32, 432, 1, 1),
(32, 433, 1, 1),
(32, 434, 0, 0),
(32, 435, 0, 0),
(32, 436, 0, 0),
(32, 437, 1, 1),
(32, 438, 1, 1),
(32, 439, 1, 1),
(32, 440, 1, 1),
(32, 441, 1, 1),
(32, 442, 0, 0),
(32, 443, 0, 0),
(32, 444, 0, 0),
(32, 445, 0, 0),
(32, 446, 0, 0),
(32, 447, 0, 0),
(32, 448, 0, 0),
(32, 449, 0, 0),
(32, 450, 0, 0),
(32, 451, 0, 0),
(32, 452, 0, 0),
(32, 453, 0, 0),
(32, 454, 0, 0),
(32, 455, 0, 0),
(32, 456, 0, 0),
(32, 457, 1, 1),
(32, 458, 1, 1),
(32, 459, 1, 1),
(32, 460, 1, 1),
(32, 461, 1, 1),
(32, 463, 1, 1),
(32, 464, 1, 1),
(32, 465, 1, 1),
(32, 466, 1, 1),
(32, 467, 1, 1),
(32, 468, 1, 1),
(32, 469, 1, 1),
(32, 470, 1, 1),
(32, 471, 1, 1),
(32, 472, 1, 1),
(32, 476, 1, 1),
(32, 477, 1, 1),
(32, 478, 1, 1),
(32, 479, 1, 1),
(32, 480, 1, 1),
(32, 481, 1, 1),
(32, 482, 1, 1),
(32, 483, 1, 1),
(32, 484, 1, 1),
(32, 485, 1, 1),
(32, 486, 1, 1),
(32, 487, 1, 1),
(32, 488, 1, 1),
(32, 489, 1, 1),
(32, 490, 1, 1),
(32, 491, 1, 1),
(32, 492, 0, 0),
(32, 493, 0, 0),
(32, 494, 0, 0),
(32, 495, 1, 1),
(32, 496, 1, 1),
(32, 497, 1, 1),
(32, 498, 0, 0),
(32, 499, 0, 0),
(32, 500, 0, 0),
(32, 501, 0, 0),
(32, 502, 0, 0),
(32, 503, 1, 1),
(32, 504, 1, 1),
(32, 505, 1, 1),
(32, 506, 1, 1),
(32, 511, 1, 1),
(32, 512, 1, 1),
(32, 513, 1, 1),
(32, 514, 1, 1),
(32, 515, 0, 0),
(32, 516, 0, 0),
(32, 519, 0, 0),
(32, 520, 0, 0),
(32, 521, 0, 0),
(32, 523, 0, 0),
(32, 524, 0, 0),
(32, 525, 0, 0),
(32, 526, 0, 0),
(32, 527, 1, 1),
(32, 528, 1, 1),
(32, 529, 1, 1),
(32, 530, 1, 1),
(32, 531, 1, 1),
(32, 532, 1, 1),
(32, 533, 1, 1),
(32, 534, 1, 1),
(32, 535, 1, 1),
(32, 536, 0, 0),
(32, 537, 0, 0),
(32, 538, 0, 0),
(32, 552, 0, 0),
(32, 567, 1, 1),
(32, 568, 1, 1),
(32, 569, 0, 0),
(33, 244, 1, 1),
(33, 247, 1, 1),
(33, 248, 1, 1),
(33, 249, 1, 1),
(33, 251, 1, 1),
(33, 252, 1, 1),
(33, 253, 1, 1),
(33, 254, 1, 1),
(33, 255, 1, 1),
(33, 256, 1, 1),
(33, 257, 1, 1),
(33, 258, 1, 1),
(33, 259, 1, 1),
(33, 260, 1, 1),
(33, 261, 1, 1),
(33, 262, 1, 1),
(33, 263, 1, 1),
(33, 264, 1, 1),
(33, 265, 1, 1),
(33, 266, 1, 1),
(33, 267, 1, 1),
(33, 268, 1, 1),
(33, 269, 1, 1),
(33, 270, 1, 1),
(33, 271, 1, 1),
(33, 272, 1, 1),
(33, 273, 1, 1),
(33, 274, 1, 1),
(33, 275, 1, 1),
(33, 276, 1, 1),
(33, 277, 1, 1),
(33, 278, 1, 1),
(33, 279, 1, 1),
(33, 280, 1, 1),
(33, 281, 1, 1),
(33, 282, 1, 1),
(33, 283, 1, 1),
(33, 284, 1, 1),
(33, 285, 1, 1),
(33, 286, 1, 1),
(33, 287, 1, 1),
(33, 288, 1, 1),
(33, 289, 1, 1),
(33, 291, 1, 1),
(33, 292, 1, 1),
(33, 293, 1, 1),
(33, 294, 1, 1),
(33, 295, 1, 1),
(33, 296, 1, 1),
(33, 297, 1, 1),
(33, 298, 1, 1),
(33, 299, 1, 1),
(33, 300, 1, 1),
(33, 301, 1, 1),
(33, 302, 1, 1),
(33, 303, 1, 1),
(33, 312, 0, 0),
(33, 313, 0, 0),
(33, 314, 0, 0),
(33, 319, 1, 1),
(33, 320, 0, 0),
(33, 321, 0, 0),
(33, 324, 1, 1),
(33, 326, 1, 1),
(33, 327, 1, 1),
(33, 328, 1, 1),
(33, 329, 1, 1),
(33, 330, 1, 1),
(33, 331, 1, 1),
(33, 332, 1, 1),
(33, 333, 1, 1),
(33, 355, 1, 1),
(33, 356, 1, 1),
(33, 357, 1, 1),
(33, 358, 0, 0),
(33, 359, 1, 1),
(33, 360, 1, 1),
(33, 361, 0, 0),
(33, 363, 0, 0),
(33, 365, 0, 0),
(33, 366, 0, 0),
(33, 367, 0, 0),
(33, 368, 1, 1),
(33, 369, 1, 1),
(33, 370, 1, 1),
(33, 371, 0, 0),
(33, 372, 0, 0),
(33, 373, 0, 0),
(33, 374, 0, 0),
(33, 375, 0, 0),
(33, 376, 0, 0),
(33, 377, 0, 0),
(33, 378, 0, 0),
(33, 379, 0, 0),
(33, 380, 1, 1),
(33, 381, 0, 0),
(33, 382, 0, 0),
(33, 383, 0, 0),
(33, 384, 0, 0),
(33, 385, 0, 0),
(33, 386, 0, 0),
(33, 387, 0, 0),
(33, 388, 1, 1),
(33, 389, 1, 1),
(33, 390, 1, 1),
(33, 391, 0, 0),
(33, 392, 0, 0),
(33, 393, 1, 1),
(33, 394, 1, 1),
(33, 395, 1, 1),
(33, 396, 1, 1),
(33, 398, 1, 1),
(33, 399, 1, 1),
(33, 400, 1, 1),
(33, 401, 0, 0),
(33, 402, 0, 0),
(33, 403, 0, 0),
(33, 404, 0, 0),
(33, 405, 0, 0),
(33, 406, 0, 0),
(33, 407, 0, 0),
(33, 408, 0, 0),
(33, 409, 0, 0),
(33, 410, 0, 0),
(33, 411, 0, 0),
(33, 412, 0, 0),
(33, 413, 0, 0),
(33, 414, 0, 0),
(33, 415, 0, 0),
(33, 416, 0, 0),
(33, 417, 0, 0),
(33, 418, 1, 1),
(33, 419, 0, 0),
(33, 420, 0, 0),
(33, 421, 0, 0),
(33, 422, 1, 1),
(33, 423, 1, 1),
(33, 424, 0, 0),
(33, 425, 0, 0),
(33, 427, 1, 1),
(33, 428, 1, 1),
(33, 429, 1, 1),
(33, 430, 1, 1),
(33, 431, 1, 1),
(33, 432, 1, 1),
(33, 433, 1, 1),
(33, 434, 0, 0),
(33, 435, 0, 0),
(33, 436, 0, 0),
(33, 437, 1, 1),
(33, 438, 1, 1),
(33, 439, 1, 1),
(33, 440, 1, 1),
(33, 441, 1, 1),
(33, 442, 0, 0),
(33, 443, 0, 0),
(33, 444, 0, 0),
(33, 445, 0, 0),
(33, 446, 0, 0),
(33, 447, 0, 0),
(33, 448, 0, 0),
(33, 449, 0, 0),
(33, 450, 0, 0),
(33, 451, 0, 0),
(33, 452, 0, 0),
(33, 453, 0, 0),
(33, 454, 0, 0),
(33, 455, 0, 0),
(33, 456, 0, 0),
(33, 457, 1, 1),
(33, 458, 1, 1),
(33, 459, 1, 1),
(33, 460, 1, 1),
(33, 461, 1, 1),
(33, 463, 1, 1),
(33, 464, 1, 1),
(33, 465, 1, 1),
(33, 466, 1, 1),
(33, 467, 1, 1),
(33, 468, 1, 1),
(33, 469, 1, 1),
(33, 470, 1, 1),
(33, 471, 1, 1),
(33, 472, 1, 1),
(33, 476, 1, 1),
(33, 477, 1, 1),
(33, 478, 1, 1),
(33, 479, 1, 1),
(33, 480, 1, 1),
(33, 481, 1, 1),
(33, 482, 1, 1),
(33, 483, 1, 1),
(33, 484, 1, 1),
(33, 485, 1, 1),
(33, 486, 1, 1),
(33, 487, 1, 1),
(33, 488, 1, 1),
(33, 489, 1, 1),
(33, 490, 1, 1),
(33, 491, 1, 1),
(33, 492, 0, 0),
(33, 493, 0, 0),
(33, 494, 0, 0),
(33, 495, 1, 1),
(33, 496, 1, 1),
(33, 497, 1, 1),
(33, 498, 0, 0),
(33, 499, 0, 0),
(33, 500, 0, 0),
(33, 501, 0, 0),
(33, 502, 0, 0),
(33, 503, 1, 1),
(33, 504, 1, 1),
(33, 505, 1, 1),
(33, 506, 1, 1),
(33, 511, 1, 1),
(33, 512, 1, 1),
(33, 513, 1, 1),
(33, 514, 1, 1),
(33, 515, 0, 0),
(33, 516, 0, 0),
(33, 519, 0, 0),
(33, 520, 0, 0),
(33, 521, 0, 0),
(33, 523, 0, 0),
(33, 524, 0, 0),
(33, 525, 0, 0),
(33, 526, 0, 0),
(33, 527, 1, 1),
(33, 528, 1, 1),
(33, 529, 1, 1),
(33, 530, 1, 1),
(33, 531, 1, 1),
(33, 532, 1, 1),
(33, 533, 1, 1),
(33, 534, 1, 1),
(33, 535, 1, 1),
(33, 536, 0, 0),
(33, 537, 0, 0),
(33, 538, 0, 0),
(33, 552, 0, 0),
(33, 567, 1, 1),
(33, 568, 1, 1),
(33, 569, 0, 0),
(34, 244, 1, 1),
(34, 247, 1, 1),
(34, 248, 1, 1),
(34, 249, 1, 1),
(34, 251, 1, 1),
(34, 252, 1, 1),
(34, 253, 1, 1),
(34, 254, 1, 1),
(34, 255, 1, 1),
(34, 256, 1, 1),
(34, 257, 1, 1),
(34, 258, 1, 1),
(34, 259, 1, 1),
(34, 260, 1, 1),
(34, 261, 1, 1),
(34, 262, 1, 1),
(34, 263, 1, 1),
(34, 264, 1, 1),
(34, 265, 1, 1),
(34, 266, 1, 1),
(34, 267, 1, 1),
(34, 268, 1, 1),
(34, 269, 1, 1),
(34, 270, 1, 1),
(34, 271, 1, 1),
(34, 272, 1, 1),
(34, 273, 1, 1),
(34, 274, 1, 1),
(34, 275, 1, 1),
(34, 276, 1, 1),
(34, 277, 1, 1),
(34, 278, 1, 1),
(34, 279, 1, 1),
(34, 280, 1, 1),
(34, 281, 1, 1),
(34, 282, 1, 1),
(34, 283, 1, 1),
(34, 284, 1, 1),
(34, 285, 1, 1),
(34, 286, 1, 1),
(34, 287, 1, 1),
(34, 288, 1, 1),
(34, 289, 1, 1),
(34, 291, 1, 1),
(34, 292, 1, 1),
(34, 293, 1, 1),
(34, 294, 1, 1),
(34, 295, 1, 1),
(34, 296, 1, 1),
(34, 297, 1, 1),
(34, 298, 1, 1),
(34, 299, 1, 1),
(34, 300, 1, 1),
(34, 301, 1, 1),
(34, 302, 1, 1),
(34, 303, 1, 1),
(34, 312, 0, 0),
(34, 313, 0, 0),
(34, 314, 0, 0),
(34, 319, 1, 1),
(34, 320, 0, 0),
(34, 321, 0, 0),
(34, 324, 1, 1),
(34, 326, 1, 1),
(34, 327, 1, 1),
(34, 328, 1, 1),
(34, 329, 1, 1),
(34, 330, 1, 1),
(34, 331, 1, 1),
(34, 332, 1, 1),
(34, 333, 1, 1),
(34, 355, 1, 1),
(34, 356, 1, 1),
(34, 357, 1, 1),
(34, 358, 0, 0),
(34, 359, 1, 1),
(34, 360, 1, 1),
(34, 361, 0, 0),
(34, 363, 0, 0),
(34, 365, 0, 0),
(34, 366, 0, 0),
(34, 367, 0, 0),
(34, 368, 1, 1),
(34, 369, 1, 1),
(34, 370, 1, 1),
(34, 371, 0, 0),
(34, 372, 0, 0),
(34, 373, 0, 0),
(34, 374, 0, 0),
(34, 375, 0, 0),
(34, 376, 0, 0),
(34, 377, 0, 0),
(34, 378, 0, 0),
(34, 379, 0, 0),
(34, 380, 1, 1),
(34, 381, 0, 0),
(34, 382, 0, 0),
(34, 383, 0, 0),
(34, 384, 0, 0),
(34, 385, 0, 0),
(34, 386, 0, 0),
(34, 387, 0, 0),
(34, 388, 1, 1),
(34, 389, 1, 1),
(34, 390, 1, 1),
(34, 391, 0, 0),
(34, 392, 0, 0),
(34, 393, 1, 1),
(34, 394, 1, 1),
(34, 395, 1, 1),
(34, 396, 1, 1),
(34, 398, 1, 1),
(34, 399, 1, 1),
(34, 400, 1, 1),
(34, 401, 0, 0),
(34, 402, 0, 0),
(34, 403, 0, 0),
(34, 404, 0, 0),
(34, 405, 0, 0),
(34, 406, 0, 0),
(34, 407, 0, 0),
(34, 408, 0, 0),
(34, 409, 0, 0),
(34, 410, 0, 0),
(34, 411, 0, 0),
(34, 412, 0, 0),
(34, 413, 0, 0),
(34, 414, 0, 0),
(34, 415, 0, 0),
(34, 416, 0, 0),
(34, 417, 0, 0),
(34, 418, 1, 1),
(34, 419, 0, 0),
(34, 420, 0, 0),
(34, 421, 0, 0),
(34, 422, 1, 1),
(34, 423, 1, 1),
(34, 424, 0, 0),
(34, 425, 0, 0),
(34, 427, 1, 1),
(34, 428, 1, 1),
(34, 429, 1, 1),
(34, 430, 1, 1),
(34, 431, 1, 1),
(34, 432, 1, 1),
(34, 433, 1, 1),
(34, 434, 0, 0),
(34, 435, 0, 0),
(34, 436, 0, 0),
(34, 437, 1, 1),
(34, 438, 1, 1),
(34, 439, 1, 1),
(34, 440, 1, 1),
(34, 441, 1, 1),
(34, 442, 0, 0),
(34, 443, 0, 0),
(34, 444, 0, 0),
(34, 445, 0, 0),
(34, 446, 0, 0),
(34, 447, 0, 0),
(34, 448, 0, 0),
(34, 449, 0, 0),
(34, 450, 0, 0),
(34, 451, 0, 0),
(34, 452, 0, 0),
(34, 453, 0, 0),
(34, 454, 0, 0),
(34, 455, 0, 0),
(34, 456, 0, 0),
(34, 457, 1, 1),
(34, 458, 1, 1),
(34, 459, 1, 1),
(34, 460, 1, 1),
(34, 461, 1, 1),
(34, 463, 1, 1),
(34, 464, 1, 1),
(34, 465, 1, 1),
(34, 466, 1, 1),
(34, 467, 1, 1),
(34, 468, 1, 1),
(34, 469, 1, 1),
(34, 470, 1, 1),
(34, 471, 1, 1),
(34, 472, 1, 1),
(34, 476, 1, 1),
(34, 477, 1, 1),
(34, 478, 1, 1),
(34, 479, 1, 1),
(34, 480, 1, 1),
(34, 481, 1, 1),
(34, 482, 1, 1),
(34, 483, 1, 1),
(34, 484, 1, 1),
(34, 485, 1, 1),
(34, 486, 1, 1),
(34, 487, 1, 1),
(34, 488, 1, 1),
(34, 489, 1, 1),
(34, 490, 1, 1),
(34, 491, 1, 1),
(34, 492, 0, 0),
(34, 493, 0, 0),
(34, 494, 0, 0),
(34, 495, 1, 1),
(34, 496, 1, 1),
(34, 497, 1, 1),
(34, 498, 0, 0),
(34, 499, 0, 0),
(34, 500, 0, 0),
(34, 501, 0, 0),
(34, 502, 0, 0),
(34, 503, 1, 1),
(34, 504, 1, 1),
(34, 505, 1, 1),
(34, 506, 1, 1),
(34, 511, 1, 1),
(34, 512, 1, 1),
(34, 513, 1, 1),
(34, 514, 1, 1),
(34, 515, 0, 0),
(34, 516, 0, 0),
(34, 519, 0, 0),
(34, 520, 0, 0),
(34, 521, 0, 0),
(34, 523, 0, 0),
(34, 524, 0, 0),
(34, 525, 0, 0),
(34, 526, 0, 0),
(34, 527, 1, 1),
(34, 528, 1, 1),
(34, 529, 1, 1),
(34, 530, 1, 1),
(34, 531, 1, 1),
(34, 532, 1, 1),
(34, 533, 1, 1),
(34, 534, 1, 1),
(34, 535, 1, 1),
(34, 536, 0, 0),
(34, 537, 0, 0),
(34, 538, 0, 0),
(34, 552, 0, 0),
(34, 567, 1, 1),
(34, 568, 1, 1),
(34, 569, 0, 0),
(35, 244, 1, 1),
(35, 247, 1, 1),
(35, 248, 1, 1),
(35, 249, 1, 1),
(35, 251, 1, 1),
(35, 252, 1, 1),
(35, 253, 1, 1),
(35, 254, 1, 1),
(35, 255, 1, 1),
(35, 256, 1, 1),
(35, 257, 1, 1),
(35, 258, 1, 1),
(35, 259, 1, 1),
(35, 260, 1, 1),
(35, 261, 1, 1),
(35, 262, 1, 1),
(35, 263, 1, 1),
(35, 264, 1, 1),
(35, 265, 1, 1),
(35, 266, 1, 1),
(35, 267, 1, 1),
(35, 268, 1, 1),
(35, 269, 1, 1),
(35, 270, 1, 1),
(35, 271, 1, 1),
(35, 272, 1, 1),
(35, 273, 1, 1),
(35, 274, 1, 1),
(35, 275, 1, 1),
(35, 276, 1, 1),
(35, 277, 1, 1),
(35, 278, 1, 1),
(35, 279, 1, 1),
(35, 280, 1, 1),
(35, 281, 1, 1),
(35, 282, 1, 1),
(35, 283, 1, 1),
(35, 284, 1, 1),
(35, 285, 1, 1),
(35, 286, 1, 1),
(35, 287, 1, 1),
(35, 288, 1, 1),
(35, 289, 1, 1),
(35, 291, 1, 1),
(35, 292, 1, 1),
(35, 293, 1, 1),
(35, 294, 1, 1),
(35, 295, 1, 1),
(35, 296, 1, 1),
(35, 297, 1, 1),
(35, 298, 1, 1),
(35, 299, 1, 1),
(35, 300, 1, 1),
(35, 301, 1, 1),
(35, 302, 1, 1),
(35, 303, 1, 1),
(35, 312, 0, 0),
(35, 313, 1, 1),
(35, 314, 1, 1),
(35, 319, 1, 1),
(35, 320, 0, 0),
(35, 321, 0, 0),
(35, 324, 1, 1),
(35, 326, 1, 1),
(35, 327, 1, 1),
(35, 328, 1, 1),
(35, 329, 1, 1),
(35, 330, 1, 1),
(35, 331, 1, 1),
(35, 332, 1, 1),
(35, 333, 1, 1),
(35, 355, 1, 1),
(35, 356, 1, 1),
(35, 357, 1, 1),
(35, 358, 1, 1),
(35, 359, 1, 1),
(35, 360, 1, 1),
(35, 361, 1, 1),
(35, 363, 0, 0),
(35, 365, 0, 0),
(35, 366, 0, 0),
(35, 367, 0, 0),
(35, 368, 1, 1),
(35, 369, 1, 1),
(35, 370, 1, 1),
(35, 371, 0, 0),
(35, 372, 0, 0),
(35, 373, 0, 0),
(35, 374, 0, 0),
(35, 375, 0, 0),
(35, 376, 0, 0),
(35, 377, 0, 0),
(35, 378, 0, 0),
(35, 379, 0, 0),
(35, 380, 1, 1),
(35, 381, 0, 0),
(35, 382, 0, 0),
(35, 383, 0, 0),
(35, 384, 0, 0),
(35, 385, 0, 0),
(35, 386, 0, 0),
(35, 387, 0, 0),
(35, 388, 1, 1),
(35, 389, 1, 1),
(35, 390, 1, 1),
(35, 391, 0, 0),
(35, 392, 0, 0),
(35, 393, 1, 1),
(35, 394, 1, 1),
(35, 395, 1, 1),
(35, 396, 1, 1),
(35, 398, 1, 1),
(35, 399, 1, 1),
(35, 400, 1, 1),
(35, 401, 0, 0),
(35, 402, 0, 0),
(35, 403, 0, 0),
(35, 404, 0, 0),
(35, 405, 0, 0),
(35, 406, 0, 0),
(35, 407, 0, 0),
(35, 408, 0, 0),
(35, 409, 0, 0),
(35, 410, 0, 0),
(35, 411, 0, 0),
(35, 412, 0, 0),
(35, 413, 0, 0),
(35, 414, 0, 0),
(35, 415, 0, 0),
(35, 416, 0, 0),
(35, 417, 0, 0),
(35, 418, 1, 1),
(35, 419, 0, 0),
(35, 420, 0, 0),
(35, 421, 0, 0),
(35, 422, 1, 1),
(35, 423, 1, 1),
(35, 424, 0, 0),
(35, 425, 0, 0),
(35, 427, 1, 1),
(35, 428, 1, 1),
(35, 429, 1, 1),
(35, 430, 1, 1),
(35, 431, 1, 1),
(35, 432, 1, 1),
(35, 433, 1, 1),
(35, 434, 0, 0),
(35, 435, 0, 0),
(35, 436, 0, 0),
(35, 437, 1, 1),
(35, 438, 1, 1),
(35, 439, 1, 1),
(35, 440, 1, 1),
(35, 441, 1, 1),
(35, 442, 0, 0),
(35, 443, 0, 0),
(35, 444, 0, 0),
(35, 445, 0, 0),
(35, 446, 0, 0),
(35, 447, 0, 0),
(35, 448, 0, 0),
(35, 449, 0, 0),
(35, 450, 0, 0),
(35, 451, 0, 0),
(35, 452, 0, 0),
(35, 453, 0, 0),
(35, 454, 0, 0),
(35, 455, 0, 0),
(35, 456, 0, 0),
(35, 457, 1, 1),
(35, 458, 1, 1),
(35, 459, 1, 1),
(35, 460, 1, 1),
(35, 461, 1, 1),
(35, 463, 1, 1),
(35, 464, 1, 1),
(35, 465, 1, 1),
(35, 466, 1, 1),
(35, 467, 1, 1),
(35, 468, 1, 1),
(35, 469, 1, 1),
(35, 470, 1, 1),
(35, 471, 1, 1),
(35, 472, 1, 1),
(35, 476, 1, 1),
(35, 477, 1, 1),
(35, 478, 1, 1),
(35, 479, 1, 1),
(35, 480, 1, 1),
(35, 481, 1, 1),
(35, 482, 1, 1),
(35, 483, 1, 1),
(35, 484, 1, 1),
(35, 485, 1, 1),
(35, 486, 1, 1),
(35, 487, 1, 1),
(35, 488, 1, 1),
(35, 489, 1, 1),
(35, 490, 1, 1),
(35, 491, 1, 1),
(35, 492, 0, 0),
(35, 493, 0, 0),
(35, 494, 0, 0),
(35, 495, 1, 1),
(35, 496, 1, 1),
(35, 497, 1, 1),
(35, 498, 0, 0),
(35, 499, 0, 0),
(35, 500, 0, 0),
(35, 501, 0, 0),
(35, 502, 0, 0),
(35, 503, 1, 1),
(35, 504, 1, 1),
(35, 505, 1, 1),
(35, 506, 1, 1),
(35, 511, 1, 1),
(35, 512, 1, 1),
(35, 513, 1, 1),
(35, 514, 1, 1),
(35, 515, 0, 0),
(35, 516, 0, 0),
(35, 519, 0, 0),
(35, 520, 0, 0),
(35, 521, 0, 0),
(35, 523, 0, 0),
(35, 524, 0, 0),
(35, 525, 0, 0),
(35, 526, 0, 0),
(35, 527, 1, 1),
(35, 528, 1, 1),
(35, 529, 1, 1),
(35, 530, 1, 1),
(35, 531, 1, 1),
(35, 532, 1, 1),
(35, 533, 1, 1),
(35, 534, 1, 1),
(35, 535, 1, 1),
(35, 536, 0, 0),
(35, 537, 0, 0),
(35, 538, 0, 0),
(35, 552, 0, 0),
(35, 567, 1, 1),
(35, 568, 1, 1),
(35, 569, 0, 0),
(36, 244, 1, 1),
(36, 247, 1, 1),
(36, 248, 1, 1),
(36, 249, 1, 1),
(36, 251, 1, 1),
(36, 252, 1, 1),
(36, 253, 1, 1),
(36, 254, 1, 1),
(36, 255, 1, 1),
(36, 256, 1, 1),
(36, 257, 1, 1),
(36, 258, 1, 1),
(36, 259, 1, 1),
(36, 260, 1, 1),
(36, 261, 1, 1),
(36, 262, 1, 1),
(36, 263, 1, 1),
(36, 264, 1, 1),
(36, 265, 1, 1),
(36, 266, 1, 1),
(36, 267, 1, 1),
(36, 268, 1, 1),
(36, 269, 1, 1),
(36, 270, 1, 1),
(36, 271, 1, 1),
(36, 272, 1, 1),
(36, 273, 1, 1),
(36, 274, 1, 1),
(36, 275, 1, 1),
(36, 276, 1, 1),
(36, 277, 1, 1),
(36, 278, 1, 1),
(36, 279, 1, 1),
(36, 280, 1, 1),
(36, 281, 1, 1),
(36, 282, 1, 1),
(36, 283, 1, 1),
(36, 284, 1, 1),
(36, 285, 1, 1),
(36, 286, 1, 1),
(36, 287, 1, 1),
(36, 288, 1, 1),
(36, 289, 1, 1),
(36, 291, 1, 1),
(36, 292, 1, 1),
(36, 293, 1, 1),
(36, 294, 1, 1),
(36, 295, 1, 1),
(36, 296, 1, 1),
(36, 297, 1, 1),
(36, 298, 1, 1),
(36, 299, 1, 1),
(36, 300, 1, 1),
(36, 301, 1, 1),
(36, 302, 1, 1),
(36, 303, 1, 1),
(36, 312, 0, 0),
(36, 313, 0, 0),
(36, 314, 0, 0),
(36, 319, 0, 0),
(36, 320, 0, 0),
(36, 321, 0, 0),
(36, 324, 1, 1),
(36, 326, 1, 1),
(36, 327, 1, 1),
(36, 328, 1, 1),
(36, 329, 1, 1),
(36, 330, 1, 1),
(36, 331, 1, 1),
(36, 332, 1, 1),
(36, 333, 1, 1),
(36, 355, 1, 1),
(36, 356, 1, 1),
(36, 357, 1, 1),
(36, 358, 0, 0),
(36, 359, 1, 1),
(36, 360, 1, 1),
(36, 361, 0, 0),
(36, 363, 0, 0),
(36, 365, 0, 0),
(36, 366, 0, 0),
(36, 367, 0, 0),
(36, 368, 1, 1),
(36, 369, 1, 1),
(36, 370, 1, 1),
(36, 371, 0, 0),
(36, 372, 0, 0),
(36, 373, 0, 0),
(36, 374, 0, 0),
(36, 375, 0, 0),
(36, 376, 0, 0),
(36, 377, 0, 0),
(36, 378, 0, 0),
(36, 379, 0, 0),
(36, 380, 0, 0),
(36, 381, 0, 0),
(36, 382, 0, 0),
(36, 383, 0, 0),
(36, 384, 0, 0),
(36, 385, 0, 0),
(36, 386, 0, 0),
(36, 387, 0, 0),
(36, 388, 0, 0),
(36, 389, 0, 0),
(36, 390, 0, 0),
(36, 391, 0, 0),
(36, 392, 0, 0),
(36, 393, 0, 0),
(36, 394, 1, 1),
(36, 395, 1, 1),
(36, 396, 1, 1),
(36, 398, 1, 1),
(36, 399, 1, 1),
(36, 400, 1, 1),
(36, 401, 0, 0),
(36, 402, 0, 0),
(36, 403, 0, 0),
(36, 404, 0, 0),
(36, 405, 0, 0),
(36, 406, 0, 0),
(36, 407, 0, 0),
(36, 408, 0, 0),
(36, 409, 0, 0),
(36, 410, 0, 0),
(36, 411, 0, 0),
(36, 412, 0, 0),
(36, 413, 0, 0),
(36, 414, 0, 0),
(36, 415, 0, 0),
(36, 416, 0, 0),
(36, 417, 0, 0),
(36, 418, 0, 0),
(36, 419, 0, 0),
(36, 420, 0, 0),
(36, 421, 0, 0),
(36, 422, 0, 0),
(36, 423, 0, 0),
(36, 424, 0, 0),
(36, 425, 0, 0),
(36, 427, 0, 0),
(36, 428, 0, 0),
(36, 429, 0, 0),
(36, 430, 0, 0),
(36, 431, 0, 0),
(36, 432, 0, 0),
(36, 433, 0, 0),
(36, 434, 0, 0),
(36, 435, 0, 0),
(36, 436, 0, 0),
(36, 437, 1, 1),
(36, 438, 1, 1),
(36, 439, 1, 1),
(36, 440, 1, 1),
(36, 441, 1, 1),
(36, 442, 0, 0),
(36, 443, 0, 0),
(36, 444, 0, 0),
(36, 445, 0, 0),
(36, 446, 0, 0),
(36, 447, 0, 0),
(36, 448, 0, 0),
(36, 449, 0, 0),
(36, 450, 0, 0),
(36, 451, 0, 0),
(36, 452, 0, 0),
(36, 453, 0, 0),
(36, 454, 0, 0),
(36, 455, 0, 0),
(36, 456, 0, 0),
(36, 457, 0, 0),
(36, 458, 0, 0),
(36, 459, 0, 0),
(36, 460, 0, 0),
(36, 461, 0, 0),
(36, 463, 0, 0),
(36, 464, 0, 0),
(36, 465, 0, 0),
(36, 466, 0, 0),
(36, 467, 0, 0),
(36, 468, 0, 0),
(36, 469, 0, 0),
(36, 470, 0, 0),
(36, 471, 0, 0),
(36, 472, 0, 0),
(36, 476, 1, 1),
(36, 477, 1, 1),
(36, 478, 1, 1),
(36, 479, 1, 1),
(36, 480, 1, 1),
(36, 481, 0, 0),
(36, 482, 0, 0),
(36, 483, 0, 0),
(36, 484, 0, 0),
(36, 485, 1, 1),
(36, 486, 1, 1),
(36, 487, 1, 1),
(36, 488, 1, 1),
(36, 489, 1, 1),
(36, 490, 1, 1),
(36, 491, 1, 1),
(36, 492, 0, 0),
(36, 493, 0, 0),
(36, 494, 0, 0),
(36, 495, 1, 1),
(36, 496, 1, 1),
(36, 497, 1, 1),
(36, 498, 0, 0),
(36, 499, 0, 0),
(36, 500, 0, 0),
(36, 501, 0, 0),
(36, 502, 0, 0),
(36, 503, 1, 1),
(36, 504, 1, 1),
(36, 505, 1, 1),
(36, 506, 1, 1),
(36, 511, 1, 1),
(36, 512, 1, 1),
(36, 513, 1, 1),
(36, 514, 1, 1),
(36, 515, 0, 0),
(36, 516, 0, 0),
(36, 519, 0, 0),
(36, 520, 0, 0),
(36, 521, 0, 0),
(36, 523, 0, 0),
(36, 524, 0, 0),
(36, 525, 0, 0),
(36, 526, 0, 0),
(36, 527, 0, 0),
(36, 528, 0, 0),
(36, 529, 1, 1),
(36, 530, 1, 1),
(36, 531, 0, 0),
(36, 532, 0, 0),
(36, 533, 0, 0),
(36, 534, 0, 0),
(36, 535, 0, 0),
(36, 536, 0, 0),
(36, 537, 0, 0),
(36, 538, 0, 0),
(36, 552, 0, 0),
(36, 567, 1, 1),
(36, 568, 1, 1),
(36, 569, 0, 0),
(41, 244, 1, 1),
(41, 251, 1, 1),
(41, 252, 1, 1),
(41, 253, 1, 1),
(41, 254, 1, 1),
(41, 255, 1, 1),
(41, 256, 1, 1),
(41, 257, 1, 1),
(41, 258, 1, 1),
(41, 259, 1, 1),
(41, 260, 1, 1),
(41, 261, 1, 1),
(41, 262, 1, 1),
(41, 263, 1, 1),
(41, 264, 1, 1),
(41, 265, 1, 1),
(41, 266, 1, 1),
(41, 267, 1, 1),
(41, 268, 1, 1),
(41, 269, 1, 1),
(41, 270, 1, 1),
(41, 271, 1, 1),
(41, 272, 1, 1),
(41, 273, 1, 1),
(41, 274, 1, 1),
(41, 275, 1, 1),
(41, 276, 1, 1),
(41, 277, 1, 1),
(41, 278, 1, 1),
(41, 279, 1, 1),
(41, 280, 1, 1),
(41, 281, 1, 1),
(41, 282, 1, 1),
(41, 283, 1, 1),
(41, 284, 1, 1),
(41, 285, 1, 1),
(41, 286, 1, 1),
(41, 287, 1, 1),
(41, 288, 1, 1),
(41, 289, 1, 1),
(41, 291, 1, 1),
(41, 292, 1, 1),
(41, 293, 1, 1),
(41, 294, 1, 1),
(41, 295, 1, 1),
(41, 296, 1, 1),
(41, 297, 1, 1),
(41, 298, 1, 1),
(41, 299, 1, 1),
(41, 300, 1, 1),
(41, 301, 1, 1),
(41, 302, 1, 1),
(41, 303, 1, 1),
(41, 312, 0, 0),
(41, 313, 0, 0),
(41, 314, 0, 0),
(41, 319, 0, 0),
(41, 320, 0, 0),
(41, 321, 0, 0),
(41, 324, 1, 1),
(41, 326, 1, 1),
(41, 327, 1, 1),
(41, 328, 1, 1),
(41, 329, 1, 1),
(41, 330, 1, 1),
(41, 331, 1, 1),
(41, 332, 1, 1),
(41, 333, 1, 1),
(41, 355, 1, 1),
(41, 356, 1, 1),
(41, 357, 1, 1),
(41, 358, 0, 0),
(41, 359, 1, 1),
(41, 360, 1, 1),
(41, 361, 0, 0),
(41, 363, 0, 0),
(41, 365, 0, 0),
(41, 366, 0, 0),
(41, 367, 0, 0),
(41, 368, 1, 1),
(41, 369, 1, 1),
(41, 370, 1, 1),
(41, 371, 0, 0),
(41, 372, 0, 0),
(41, 373, 0, 0),
(41, 374, 0, 0),
(41, 375, 0, 0),
(41, 376, 0, 0),
(41, 377, 0, 0),
(41, 378, 0, 0),
(41, 379, 0, 0),
(41, 380, 0, 0),
(41, 381, 0, 0),
(41, 382, 0, 0),
(41, 383, 0, 0),
(41, 384, 0, 0),
(41, 385, 0, 0),
(41, 386, 0, 0),
(41, 387, 0, 0),
(41, 388, 0, 0),
(41, 389, 0, 0),
(41, 390, 0, 0),
(41, 391, 0, 0),
(41, 392, 0, 0),
(41, 393, 0, 0),
(41, 394, 1, 1),
(41, 395, 1, 1),
(41, 396, 1, 1),
(41, 398, 1, 1),
(41, 399, 1, 1),
(41, 400, 1, 1),
(41, 401, 0, 0),
(41, 402, 0, 0),
(41, 403, 0, 0),
(41, 404, 0, 0),
(41, 405, 0, 0),
(41, 406, 0, 0),
(41, 407, 0, 0),
(41, 408, 0, 0),
(41, 409, 0, 0),
(41, 410, 0, 0),
(41, 411, 0, 0),
(41, 412, 0, 0),
(41, 413, 0, 0),
(41, 414, 0, 0),
(41, 415, 0, 0),
(41, 416, 0, 0),
(41, 417, 0, 0),
(41, 418, 0, 0),
(41, 419, 0, 0),
(41, 420, 0, 0),
(41, 421, 0, 0),
(41, 422, 0, 0),
(41, 423, 0, 0),
(41, 424, 0, 0),
(41, 425, 0, 0),
(41, 427, 0, 0),
(41, 428, 0, 0),
(41, 429, 0, 0),
(41, 430, 0, 0),
(41, 431, 0, 0),
(41, 432, 0, 0),
(41, 433, 0, 0),
(41, 434, 0, 0),
(41, 435, 0, 0),
(41, 436, 0, 0),
(41, 437, 1, 1),
(41, 438, 1, 1),
(41, 439, 1, 1),
(41, 440, 1, 1),
(41, 441, 1, 1),
(41, 442, 0, 0),
(41, 443, 0, 0),
(41, 444, 0, 0),
(41, 445, 0, 0),
(41, 446, 0, 0),
(41, 447, 0, 0),
(41, 448, 0, 0),
(41, 449, 0, 0),
(41, 450, 0, 0),
(41, 451, 0, 0),
(41, 452, 0, 0),
(41, 453, 0, 0),
(41, 454, 0, 0),
(41, 455, 0, 0),
(41, 456, 0, 0),
(41, 457, 0, 0),
(41, 458, 0, 0),
(41, 459, 0, 0),
(41, 460, 0, 0),
(41, 461, 0, 0),
(41, 463, 0, 0),
(41, 464, 0, 0),
(41, 465, 0, 0),
(41, 466, 0, 0),
(41, 467, 0, 0),
(41, 468, 0, 0),
(41, 469, 0, 0),
(41, 470, 0, 0),
(41, 471, 0, 0),
(41, 472, 0, 0),
(41, 476, 1, 1),
(41, 477, 1, 1),
(41, 478, 1, 1),
(41, 479, 1, 1),
(41, 480, 1, 1),
(41, 481, 0, 0),
(41, 482, 0, 0),
(41, 483, 0, 0),
(41, 484, 0, 0),
(41, 485, 1, 1),
(41, 486, 1, 1),
(41, 487, 1, 1),
(41, 488, 1, 1),
(41, 489, 1, 1),
(41, 490, 1, 1),
(41, 491, 1, 1),
(41, 492, 0, 0),
(41, 493, 0, 0),
(41, 494, 0, 0),
(41, 495, 1, 1),
(41, 496, 1, 1),
(41, 497, 1, 1),
(41, 498, 0, 0),
(41, 499, 0, 0),
(41, 500, 0, 0),
(41, 501, 0, 0),
(41, 502, 0, 0),
(41, 503, 1, 1),
(41, 504, 1, 1),
(41, 505, 1, 1),
(41, 506, 1, 1),
(41, 511, 1, 1),
(41, 512, 1, 1),
(41, 513, 1, 1),
(41, 514, 1, 1),
(41, 515, 0, 0),
(41, 516, 0, 0),
(41, 519, 0, 0),
(41, 520, 0, 0),
(41, 521, 0, 0),
(41, 523, 0, 0),
(41, 524, 0, 0),
(41, 525, 0, 0),
(41, 526, 0, 0),
(41, 527, 0, 0),
(41, 528, 0, 0),
(41, 529, 1, 1),
(41, 530, 1, 1),
(41, 531, 0, 0),
(41, 532, 0, 0),
(41, 533, 0, 0),
(41, 534, 0, 0),
(41, 535, 0, 0),
(41, 536, 0, 0),
(41, 537, 0, 0),
(41, 538, 0, 0),
(41, 552, 0, 0),
(41, 567, 1, 1),
(41, 568, 1, 1),
(41, 569, 0, 0),
(42, 251, 1, 1),
(42, 313, 0, 0),
(42, 314, 0, 0),
(42, 319, 0, 0),
(42, 320, 0, 0),
(42, 321, 0, 0),
(42, 358, 0, 0),
(42, 361, 0, 0),
(42, 363, 0, 0),
(42, 365, 0, 0),
(42, 366, 0, 0),
(42, 367, 0, 0),
(42, 371, 0, 0),
(42, 372, 0, 0),
(42, 373, 0, 0),
(42, 374, 0, 0),
(42, 375, 0, 0),
(42, 376, 0, 0),
(42, 377, 0, 0),
(42, 378, 0, 0),
(42, 379, 0, 0),
(42, 380, 0, 0),
(42, 381, 0, 0),
(42, 382, 0, 0),
(42, 383, 0, 0),
(42, 384, 0, 0),
(42, 385, 0, 0),
(42, 386, 0, 0),
(42, 387, 0, 0),
(42, 388, 0, 0),
(42, 389, 0, 0),
(42, 390, 0, 0),
(42, 391, 0, 0),
(42, 392, 0, 0),
(42, 393, 0, 0),
(42, 401, 0, 0),
(42, 402, 0, 0),
(42, 403, 0, 0),
(42, 404, 0, 0),
(42, 405, 0, 0),
(42, 406, 0, 0),
(42, 407, 0, 0),
(42, 408, 0, 0),
(42, 409, 0, 0),
(42, 410, 0, 0),
(42, 411, 0, 0),
(42, 412, 0, 0),
(42, 413, 0, 0),
(42, 414, 0, 0),
(42, 415, 0, 0),
(42, 416, 0, 0),
(42, 417, 0, 0),
(42, 418, 0, 0),
(42, 419, 0, 0),
(42, 420, 0, 0),
(42, 421, 0, 0),
(42, 422, 0, 0),
(42, 423, 0, 0),
(42, 424, 0, 0),
(42, 425, 0, 0),
(42, 427, 0, 0),
(42, 428, 0, 0),
(42, 429, 0, 0),
(42, 430, 0, 0),
(42, 431, 0, 0),
(42, 432, 0, 0),
(42, 433, 0, 0),
(42, 434, 0, 0),
(42, 435, 0, 0),
(42, 436, 0, 0),
(42, 437, 1, 1),
(42, 442, 0, 0),
(42, 443, 0, 0),
(42, 444, 0, 0),
(42, 445, 0, 0),
(42, 446, 0, 0),
(42, 447, 0, 0),
(42, 448, 0, 0),
(42, 449, 0, 0),
(42, 450, 0, 0),
(42, 451, 0, 0),
(42, 452, 0, 0),
(42, 453, 0, 0),
(42, 454, 0, 0),
(42, 455, 0, 0),
(42, 456, 0, 0),
(42, 457, 0, 0),
(42, 458, 0, 0),
(42, 459, 0, 0),
(42, 460, 0, 0),
(42, 461, 0, 0),
(42, 463, 0, 0),
(42, 464, 0, 0),
(42, 465, 0, 0),
(42, 466, 0, 0),
(42, 467, 0, 0),
(42, 468, 0, 0),
(42, 469, 0, 0),
(42, 470, 0, 0),
(42, 471, 0, 0),
(42, 472, 0, 0),
(42, 481, 0, 0),
(42, 482, 0, 0),
(42, 483, 0, 0),
(42, 484, 0, 0),
(42, 492, 0, 0),
(42, 493, 0, 0),
(42, 494, 0, 0),
(42, 498, 0, 0),
(42, 499, 0, 0),
(42, 500, 0, 0),
(42, 501, 0, 0),
(42, 502, 0, 0),
(42, 503, 1, 1),
(42, 504, 1, 1),
(42, 505, 1, 1),
(42, 506, 1, 1),
(42, 511, 1, 1),
(42, 512, 1, 1),
(42, 515, 0, 0),
(42, 516, 0, 0),
(42, 519, 0, 0),
(42, 520, 0, 0),
(42, 521, 0, 0),
(42, 523, 0, 0),
(42, 524, 0, 0),
(42, 525, 0, 0),
(42, 526, 0, 0),
(42, 527, 0, 0),
(42, 528, 0, 0),
(42, 531, 0, 0),
(42, 532, 0, 0),
(42, 533, 0, 0),
(42, 534, 0, 0),
(42, 535, 0, 0),
(42, 536, 0, 0),
(42, 537, 0, 0),
(42, 538, 0, 0),
(42, 552, 0, 0),
(42, 569, 0, 0),
(43, 300, 1, 1),
(43, 313, 0, 0),
(43, 314, 0, 0),
(43, 319, 0, 0),
(43, 320, 0, 0),
(43, 321, 0, 0),
(43, 355, 1, 1),
(43, 356, 1, 1),
(43, 358, 0, 0),
(43, 361, 0, 0),
(43, 363, 0, 0),
(43, 365, 0, 0),
(43, 366, 0, 0),
(43, 367, 0, 0),
(43, 371, 0, 0),
(43, 372, 0, 0),
(43, 373, 0, 0),
(43, 374, 0, 0),
(43, 375, 0, 0),
(43, 376, 0, 0),
(43, 377, 0, 0),
(43, 378, 0, 0),
(43, 379, 0, 0),
(43, 380, 0, 0),
(43, 381, 0, 0),
(43, 382, 0, 0),
(43, 383, 0, 0),
(43, 384, 0, 0),
(43, 385, 0, 0),
(43, 386, 0, 0),
(43, 387, 0, 0),
(43, 388, 0, 0),
(43, 389, 0, 0),
(43, 390, 0, 0),
(43, 391, 0, 0),
(43, 392, 0, 0),
(43, 393, 0, 0),
(43, 401, 0, 0),
(43, 402, 0, 0),
(43, 403, 0, 0),
(43, 404, 0, 0),
(43, 405, 0, 0),
(43, 406, 0, 0),
(43, 407, 0, 0),
(43, 408, 0, 0),
(43, 409, 0, 0),
(43, 410, 0, 0),
(43, 411, 0, 0),
(43, 412, 0, 0),
(43, 413, 0, 0),
(43, 414, 0, 0),
(43, 415, 0, 0),
(43, 416, 0, 0),
(43, 417, 0, 0),
(43, 418, 0, 0),
(43, 419, 0, 0),
(43, 420, 0, 0),
(43, 421, 0, 0),
(43, 422, 0, 0),
(43, 423, 0, 0),
(43, 424, 0, 0),
(43, 425, 0, 0),
(43, 427, 0, 0),
(43, 428, 0, 0),
(43, 429, 0, 0),
(43, 430, 0, 0),
(43, 431, 0, 0),
(43, 432, 0, 0),
(43, 433, 0, 0),
(43, 434, 0, 0),
(43, 435, 0, 0),
(43, 436, 0, 0),
(43, 438, 1, 1),
(43, 439, 1, 1),
(43, 440, 1, 1),
(43, 441, 1, 1),
(43, 442, 0, 0),
(43, 443, 0, 0),
(43, 444, 0, 0),
(43, 445, 0, 0),
(43, 446, 0, 0),
(43, 447, 0, 0),
(43, 448, 0, 0),
(43, 449, 0, 0),
(43, 450, 0, 0),
(43, 451, 0, 0),
(43, 452, 0, 0),
(43, 453, 0, 0),
(43, 454, 0, 0),
(43, 455, 0, 0),
(43, 456, 0, 0),
(43, 457, 0, 0),
(43, 458, 0, 0),
(43, 459, 0, 0),
(43, 460, 0, 0),
(43, 461, 0, 0),
(43, 463, 0, 0),
(43, 464, 0, 0),
(43, 465, 0, 0),
(43, 466, 0, 0),
(43, 467, 0, 0),
(43, 468, 0, 0),
(43, 469, 0, 0),
(43, 470, 0, 0),
(43, 471, 0, 0),
(43, 472, 0, 0),
(43, 481, 0, 0),
(43, 482, 0, 0),
(43, 483, 0, 0),
(43, 484, 0, 0),
(43, 492, 0, 0),
(43, 493, 0, 0),
(43, 494, 0, 0),
(43, 498, 0, 0),
(43, 499, 0, 0),
(43, 500, 0, 0),
(43, 501, 0, 0),
(43, 502, 0, 0),
(43, 513, 1, 1),
(43, 514, 1, 1),
(43, 515, 0, 0),
(43, 516, 0, 0),
(43, 519, 0, 0),
(43, 520, 0, 0),
(43, 521, 0, 0),
(43, 523, 0, 0),
(43, 524, 0, 0),
(43, 525, 0, 0),
(43, 526, 0, 0),
(43, 527, 0, 0),
(43, 528, 0, 0),
(43, 531, 0, 0),
(43, 532, 0, 0),
(43, 533, 0, 0),
(43, 534, 0, 0),
(43, 535, 0, 0),
(43, 536, 0, 0),
(43, 537, 0, 0),
(43, 538, 0, 0),
(43, 552, 0, 0),
(43, 569, 0, 0),
(44, 313, 0, 0),
(44, 314, 0, 0),
(44, 319, 0, 0),
(44, 320, 0, 0),
(44, 321, 0, 0),
(44, 358, 0, 0),
(44, 361, 0, 0),
(44, 363, 0, 0),
(44, 365, 0, 0),
(44, 366, 0, 0),
(44, 367, 0, 0),
(44, 371, 0, 0),
(44, 372, 0, 0),
(44, 373, 0, 0),
(44, 374, 0, 0),
(44, 375, 0, 0),
(44, 376, 0, 0),
(44, 377, 0, 0),
(44, 378, 0, 0),
(44, 379, 0, 0),
(44, 380, 0, 0),
(44, 381, 0, 0),
(44, 382, 0, 0),
(44, 383, 0, 0),
(44, 384, 0, 0),
(44, 385, 0, 0),
(44, 386, 0, 0),
(44, 387, 0, 0),
(44, 388, 0, 0),
(44, 389, 0, 0),
(44, 390, 0, 0),
(44, 391, 0, 0),
(44, 392, 0, 0),
(44, 393, 0, 0),
(44, 401, 1, 1),
(44, 402, 0, 0),
(44, 403, 0, 0),
(44, 404, 0, 0),
(44, 405, 0, 0),
(44, 406, 0, 0),
(44, 407, 0, 0),
(44, 408, 0, 0),
(44, 409, 0, 0),
(44, 410, 0, 0),
(44, 411, 0, 0),
(44, 412, 0, 0),
(44, 413, 0, 0),
(44, 414, 0, 0),
(44, 415, 0, 0),
(44, 416, 0, 0),
(44, 417, 0, 0),
(44, 418, 0, 0),
(44, 419, 0, 0),
(44, 420, 0, 0),
(44, 421, 0, 0),
(44, 422, 0, 0),
(44, 423, 0, 0),
(44, 424, 0, 0),
(44, 425, 0, 0),
(44, 427, 0, 0),
(44, 428, 0, 0),
(44, 429, 0, 0),
(44, 430, 0, 0),
(44, 431, 0, 0),
(44, 432, 0, 0),
(44, 433, 0, 0),
(44, 434, 0, 0),
(44, 435, 0, 0),
(44, 436, 0, 0),
(44, 442, 0, 0),
(44, 443, 0, 0),
(44, 444, 0, 0),
(44, 445, 0, 0),
(44, 446, 0, 0),
(44, 447, 0, 0),
(44, 448, 0, 0),
(44, 449, 0, 0),
(44, 450, 0, 0),
(44, 451, 0, 0),
(44, 452, 0, 0),
(44, 453, 0, 0),
(44, 454, 0, 0),
(44, 455, 0, 0),
(44, 456, 0, 0),
(44, 457, 0, 0),
(44, 458, 0, 0),
(44, 459, 0, 0),
(44, 460, 0, 0),
(44, 461, 0, 0),
(44, 463, 0, 0),
(44, 464, 0, 0),
(44, 465, 0, 0),
(44, 466, 0, 0),
(44, 467, 0, 0),
(44, 468, 0, 0),
(44, 469, 0, 0),
(44, 470, 0, 0),
(44, 471, 0, 0),
(44, 472, 0, 0),
(44, 481, 0, 0),
(44, 482, 0, 0),
(44, 483, 0, 0),
(44, 484, 0, 0),
(44, 492, 0, 0),
(44, 493, 0, 0),
(44, 494, 0, 0),
(44, 498, 0, 0),
(44, 499, 0, 0),
(44, 500, 1, 1),
(44, 501, 1, 1),
(44, 502, 1, 1),
(44, 515, 0, 0),
(44, 516, 0, 0),
(44, 519, 0, 0),
(44, 520, 0, 0),
(44, 521, 0, 0),
(44, 523, 0, 0),
(44, 524, 0, 0),
(44, 525, 0, 0),
(44, 526, 0, 0),
(44, 527, 0, 0),
(44, 528, 0, 0),
(44, 531, 0, 0),
(44, 532, 0, 0),
(44, 533, 0, 0),
(44, 534, 0, 0),
(44, 535, 0, 0),
(44, 536, 0, 0),
(44, 537, 0, 0),
(44, 538, 0, 0),
(44, 552, 0, 0),
(44, 569, 0, 0),
(45, 313, 0, 0),
(45, 314, 0, 0),
(45, 319, 0, 0),
(45, 320, 0, 0),
(45, 321, 0, 0),
(45, 350, 1, 1),
(45, 351, 1, 1),
(45, 352, 1, 1),
(45, 353, 1, 1),
(45, 354, 1, 1),
(45, 358, 0, 0),
(45, 361, 0, 0),
(45, 363, 0, 0),
(45, 365, 0, 0),
(45, 366, 0, 0),
(45, 367, 0, 0),
(45, 371, 0, 0),
(45, 372, 0, 0),
(45, 373, 0, 0),
(45, 374, 0, 0),
(45, 375, 0, 0),
(45, 376, 0, 0),
(45, 377, 0, 0),
(45, 378, 0, 0),
(45, 379, 0, 0),
(45, 380, 0, 0),
(45, 381, 0, 0),
(45, 382, 0, 0),
(45, 383, 0, 0),
(45, 384, 0, 0),
(45, 385, 0, 0),
(45, 386, 0, 0),
(45, 387, 0, 0),
(45, 388, 0, 0),
(45, 389, 0, 0),
(45, 390, 0, 0),
(45, 391, 0, 0),
(45, 392, 0, 0),
(45, 393, 0, 0),
(45, 401, 0, 0),
(45, 402, 0, 0),
(45, 403, 0, 0),
(45, 404, 0, 0),
(45, 405, 0, 0),
(45, 406, 0, 0),
(45, 407, 0, 0),
(45, 408, 0, 0),
(45, 409, 0, 0),
(45, 410, 0, 0),
(45, 411, 0, 0),
(45, 412, 0, 0),
(45, 413, 0, 0),
(45, 414, 0, 0),
(45, 415, 0, 0),
(45, 416, 0, 0),
(45, 417, 0, 0),
(45, 418, 0, 0),
(45, 419, 0, 0),
(45, 420, 0, 0),
(45, 421, 0, 0),
(45, 422, 0, 0),
(45, 423, 0, 0),
(45, 424, 0, 0),
(45, 425, 0, 0),
(45, 427, 0, 0),
(45, 428, 0, 0),
(45, 429, 0, 0),
(45, 430, 0, 0),
(45, 431, 0, 0),
(45, 432, 0, 0),
(45, 433, 0, 0),
(45, 434, 0, 0),
(45, 435, 0, 0),
(45, 436, 0, 0),
(45, 442, 0, 0),
(45, 443, 0, 0),
(45, 444, 0, 0),
(45, 445, 0, 0),
(45, 446, 0, 0),
(45, 447, 0, 0),
(45, 448, 0, 0),
(45, 449, 0, 0),
(45, 450, 0, 0),
(45, 451, 0, 0),
(45, 452, 0, 0),
(45, 453, 0, 0),
(45, 454, 0, 0),
(45, 455, 0, 0),
(45, 456, 0, 0),
(45, 457, 0, 0),
(45, 458, 0, 0),
(45, 459, 0, 0),
(45, 460, 0, 0),
(45, 461, 0, 0),
(45, 463, 0, 0),
(45, 464, 0, 0),
(45, 465, 0, 0),
(45, 466, 0, 0),
(45, 467, 0, 0),
(45, 468, 0, 0),
(45, 469, 0, 0),
(45, 470, 0, 0),
(45, 471, 0, 0),
(45, 472, 0, 0),
(45, 481, 0, 0),
(45, 482, 0, 0),
(45, 483, 0, 0),
(45, 484, 0, 0),
(45, 492, 0, 0),
(45, 493, 0, 0),
(45, 494, 0, 0),
(45, 498, 0, 0),
(45, 499, 0, 0),
(45, 500, 0, 0),
(45, 501, 0, 0),
(45, 502, 0, 0),
(45, 507, 1, 1),
(45, 508, 1, 1),
(45, 509, 1, 1),
(45, 510, 1, 1),
(45, 515, 0, 0),
(45, 516, 0, 0),
(45, 517, 1, 1),
(45, 518, 1, 1),
(45, 519, 0, 0),
(45, 520, 0, 0),
(45, 521, 0, 0),
(45, 523, 0, 0),
(45, 524, 0, 0),
(45, 525, 0, 0),
(45, 526, 0, 0),
(45, 527, 0, 0),
(45, 528, 0, 0),
(45, 531, 0, 0),
(45, 532, 0, 0),
(45, 533, 0, 0),
(45, 534, 0, 0),
(45, 535, 0, 0),
(45, 536, 0, 0),
(45, 537, 0, 0),
(45, 538, 0, 0),
(45, 552, 0, 0),
(45, 569, 0, 0),
(46, 313, 0, 0),
(46, 314, 0, 0),
(46, 319, 0, 0),
(46, 320, 0, 0),
(46, 321, 0, 0),
(46, 358, 0, 0),
(46, 361, 0, 0),
(46, 363, 0, 0),
(46, 365, 0, 0),
(46, 366, 0, 0),
(46, 367, 0, 0),
(46, 371, 0, 0),
(46, 372, 0, 0),
(46, 373, 0, 0),
(46, 374, 0, 0),
(46, 375, 0, 0),
(46, 376, 0, 0),
(46, 377, 0, 0),
(46, 378, 0, 0),
(46, 379, 0, 0),
(46, 380, 0, 0),
(46, 381, 0, 0),
(46, 382, 0, 0),
(46, 383, 0, 0),
(46, 384, 0, 0),
(46, 385, 0, 0),
(46, 386, 0, 0),
(46, 387, 0, 0),
(46, 388, 0, 0),
(46, 389, 0, 0),
(46, 390, 0, 0),
(46, 391, 0, 0),
(46, 392, 0, 0),
(46, 393, 0, 0),
(46, 401, 0, 0),
(46, 402, 0, 0),
(46, 403, 0, 0),
(46, 404, 0, 0),
(46, 405, 0, 0),
(46, 406, 0, 0),
(46, 407, 0, 0),
(46, 408, 0, 0),
(46, 409, 1, 1),
(46, 410, 0, 0),
(46, 411, 0, 0),
(46, 412, 0, 0),
(46, 413, 0, 0),
(46, 414, 0, 0),
(46, 415, 0, 0),
(46, 416, 0, 0),
(46, 417, 0, 0),
(46, 418, 0, 0),
(46, 419, 0, 0),
(46, 420, 0, 0),
(46, 421, 0, 0),
(46, 422, 0, 0),
(46, 423, 0, 0),
(46, 424, 0, 0),
(46, 425, 0, 0),
(46, 427, 0, 0),
(46, 428, 0, 0),
(46, 429, 0, 0),
(46, 430, 0, 0),
(46, 431, 0, 0),
(46, 432, 0, 0),
(46, 433, 0, 0),
(46, 434, 0, 0),
(46, 435, 0, 0),
(46, 436, 0, 0),
(46, 442, 0, 0),
(46, 443, 0, 0),
(46, 444, 0, 0),
(46, 445, 0, 0),
(46, 446, 0, 0),
(46, 447, 1, 1),
(46, 448, 1, 1),
(46, 449, 1, 1),
(46, 450, 1, 1),
(46, 451, 0, 0),
(46, 452, 0, 0),
(46, 453, 0, 0),
(46, 454, 0, 0),
(46, 455, 0, 0),
(46, 456, 0, 0),
(46, 457, 0, 0),
(46, 458, 0, 0),
(46, 459, 0, 0),
(46, 460, 0, 0),
(46, 461, 0, 0),
(46, 463, 0, 0),
(46, 464, 0, 0),
(46, 465, 0, 0),
(46, 466, 0, 0),
(46, 467, 0, 0),
(46, 468, 0, 0),
(46, 469, 0, 0),
(46, 470, 0, 0),
(46, 471, 0, 0),
(46, 472, 0, 0),
(46, 481, 0, 0),
(46, 482, 0, 0),
(46, 483, 0, 0),
(46, 484, 0, 0),
(46, 492, 0, 0),
(46, 493, 0, 0),
(46, 494, 0, 0),
(46, 498, 0, 0),
(46, 499, 0, 0),
(46, 500, 0, 0),
(46, 501, 0, 0),
(46, 502, 0, 0),
(46, 515, 0, 0),
(46, 516, 0, 0),
(46, 519, 1, 1),
(46, 520, 1, 1),
(46, 521, 0, 0),
(46, 523, 0, 0),
(46, 524, 0, 0),
(46, 525, 0, 0),
(46, 526, 0, 0),
(46, 527, 0, 0),
(46, 528, 0, 0),
(46, 531, 0, 0),
(46, 532, 0, 0),
(46, 533, 0, 0),
(46, 534, 0, 0),
(46, 535, 0, 0),
(46, 536, 0, 0),
(46, 537, 0, 0),
(46, 538, 0, 0),
(46, 552, 0, 0),
(46, 569, 0, 0),
(48, 313, 0, 0),
(48, 314, 0, 0),
(48, 319, 0, 0),
(48, 320, 0, 0),
(48, 321, 0, 0),
(48, 358, 0, 0),
(48, 361, 0, 0),
(48, 363, 0, 0),
(48, 365, 0, 0),
(48, 366, 0, 0),
(48, 367, 0, 0),
(48, 371, 0, 0),
(48, 372, 0, 0),
(48, 373, 0, 0),
(48, 374, 0, 0),
(48, 375, 0, 0),
(48, 376, 0, 0),
(48, 377, 0, 0),
(48, 378, 0, 0),
(48, 379, 0, 0),
(48, 380, 0, 0),
(48, 381, 0, 0),
(48, 382, 0, 0),
(48, 383, 0, 0),
(48, 384, 0, 0),
(48, 385, 0, 0),
(48, 386, 0, 0),
(48, 387, 0, 0),
(48, 388, 0, 0),
(48, 389, 0, 0),
(48, 390, 0, 0),
(48, 391, 0, 0),
(48, 392, 0, 0),
(48, 393, 0, 0),
(48, 401, 0, 0),
(48, 402, 0, 0),
(48, 403, 0, 0),
(48, 404, 0, 0),
(48, 405, 0, 0),
(48, 406, 0, 0),
(48, 407, 0, 0),
(48, 408, 0, 0),
(48, 409, 0, 0),
(48, 410, 0, 0),
(48, 411, 0, 0),
(48, 412, 1, 1),
(48, 413, 0, 0),
(48, 414, 0, 0),
(48, 415, 0, 0),
(48, 416, 0, 0),
(48, 417, 0, 0),
(48, 418, 0, 0),
(48, 419, 0, 0),
(48, 420, 0, 0),
(48, 421, 0, 0),
(48, 422, 0, 0),
(48, 423, 0, 0),
(48, 424, 0, 0),
(48, 425, 0, 0),
(48, 427, 0, 0),
(48, 428, 0, 0),
(48, 429, 0, 0),
(48, 430, 0, 0),
(48, 431, 0, 0),
(48, 432, 0, 0),
(48, 433, 0, 0),
(48, 434, 0, 0),
(48, 435, 0, 0),
(48, 436, 0, 0),
(48, 442, 0, 0),
(48, 443, 0, 0),
(48, 444, 0, 0),
(48, 445, 0, 0),
(48, 446, 0, 0),
(48, 447, 0, 0),
(48, 448, 0, 0),
(48, 449, 0, 0),
(48, 450, 0, 0),
(48, 451, 0, 0),
(48, 452, 0, 0),
(48, 453, 0, 0),
(48, 454, 0, 0),
(48, 455, 0, 0),
(48, 456, 0, 0),
(48, 457, 0, 0),
(48, 458, 0, 0),
(48, 459, 0, 0),
(48, 460, 0, 0),
(48, 461, 0, 0),
(48, 463, 0, 0),
(48, 464, 0, 0),
(48, 465, 0, 0),
(48, 466, 0, 0),
(48, 467, 0, 0),
(48, 468, 0, 0),
(48, 469, 0, 0),
(48, 470, 0, 0),
(48, 471, 0, 0),
(48, 472, 0, 0),
(48, 481, 0, 0),
(48, 482, 0, 0),
(48, 483, 0, 0),
(48, 484, 0, 0),
(48, 492, 0, 0),
(48, 493, 0, 0),
(48, 494, 0, 0),
(48, 498, 1, 1),
(48, 499, 1, 1),
(48, 500, 0, 0),
(48, 501, 0, 0),
(48, 502, 0, 0),
(48, 515, 0, 0),
(48, 516, 0, 0),
(48, 519, 0, 0),
(48, 520, 0, 0),
(48, 521, 1, 1),
(48, 523, 0, 0),
(48, 524, 0, 0),
(48, 525, 0, 0),
(48, 526, 0, 0),
(48, 527, 0, 0),
(48, 528, 0, 0),
(48, 531, 0, 0),
(48, 532, 0, 0),
(48, 533, 0, 0),
(48, 534, 0, 0),
(48, 535, 0, 0),
(48, 536, 0, 0),
(48, 537, 0, 0),
(48, 538, 0, 0),
(48, 552, 0, 0),
(48, 569, 0, 0),
(49, 293, 1, 1),
(49, 313, 0, 0),
(49, 314, 0, 0),
(49, 319, 0, 0),
(49, 320, 0, 0),
(49, 321, 0, 0),
(49, 358, 0, 0),
(49, 361, 0, 0),
(49, 363, 0, 0),
(49, 365, 0, 0),
(49, 366, 0, 0),
(49, 367, 0, 0),
(49, 371, 0, 0),
(49, 372, 0, 0),
(49, 373, 0, 0),
(49, 374, 0, 0),
(49, 375, 0, 0),
(49, 376, 0, 0),
(49, 377, 0, 0),
(49, 378, 0, 0),
(49, 379, 0, 0),
(49, 380, 0, 0),
(49, 381, 0, 0),
(49, 382, 0, 0),
(49, 383, 0, 0),
(49, 384, 0, 0),
(49, 385, 0, 0),
(49, 386, 0, 0),
(49, 387, 0, 0),
(49, 388, 0, 0),
(49, 389, 0, 0),
(49, 390, 0, 0),
(49, 391, 0, 0),
(49, 392, 0, 0),
(49, 393, 0, 0),
(49, 401, 0, 0),
(49, 402, 0, 0),
(49, 403, 0, 0),
(49, 404, 0, 0),
(49, 405, 0, 0),
(49, 406, 0, 0),
(49, 407, 0, 0),
(49, 408, 0, 0),
(49, 409, 0, 0),
(49, 410, 0, 0),
(49, 411, 0, 0),
(49, 412, 0, 0),
(49, 413, 0, 0),
(49, 414, 0, 0),
(49, 415, 0, 0),
(49, 416, 0, 0),
(49, 417, 0, 0),
(49, 418, 0, 0),
(49, 419, 0, 0),
(49, 420, 0, 0),
(49, 421, 0, 0),
(49, 422, 0, 0),
(49, 423, 0, 0),
(49, 424, 0, 0),
(49, 425, 0, 0),
(49, 427, 0, 0),
(49, 428, 0, 0),
(49, 429, 0, 0),
(49, 430, 0, 0),
(49, 431, 0, 0),
(49, 432, 0, 0),
(49, 433, 0, 0),
(49, 434, 0, 0),
(49, 435, 0, 0),
(49, 436, 0, 0),
(49, 442, 0, 0),
(49, 443, 0, 0),
(49, 444, 0, 0),
(49, 445, 0, 0),
(49, 446, 0, 0),
(49, 447, 0, 0),
(49, 448, 0, 0),
(49, 449, 0, 0),
(49, 450, 0, 0),
(49, 451, 0, 0),
(49, 452, 0, 0),
(49, 453, 0, 0),
(49, 454, 0, 0),
(49, 455, 0, 0),
(49, 456, 0, 0),
(49, 457, 0, 0),
(49, 458, 0, 0),
(49, 459, 0, 0),
(49, 460, 0, 0),
(49, 461, 0, 0),
(49, 463, 0, 0),
(49, 464, 0, 0),
(49, 465, 0, 0),
(49, 466, 0, 0),
(49, 467, 0, 0),
(49, 468, 0, 0),
(49, 469, 0, 0),
(49, 470, 0, 0),
(49, 471, 0, 0),
(49, 472, 0, 0),
(49, 481, 0, 0),
(49, 482, 0, 0),
(49, 483, 0, 0),
(49, 484, 0, 0),
(49, 492, 0, 0),
(49, 493, 0, 0),
(49, 494, 0, 0),
(49, 495, 1, 1),
(49, 496, 1, 1),
(49, 497, 1, 1),
(49, 498, 0, 0),
(49, 499, 0, 0),
(49, 500, 0, 0),
(49, 501, 0, 0),
(49, 502, 0, 0),
(49, 515, 0, 0),
(49, 516, 0, 0),
(49, 519, 0, 0),
(49, 520, 0, 0),
(49, 521, 0, 0),
(49, 523, 0, 0),
(49, 524, 0, 0),
(49, 525, 0, 0),
(49, 526, 0, 0),
(49, 527, 0, 0),
(49, 528, 0, 0),
(49, 531, 0, 0),
(49, 532, 0, 0),
(49, 533, 0, 0),
(49, 534, 0, 0),
(49, 535, 0, 0),
(49, 536, 0, 0),
(49, 537, 0, 0),
(49, 538, 0, 0),
(49, 552, 0, 0),
(49, 569, 0, 0),
(50, 313, 0, 0),
(50, 314, 0, 0),
(50, 319, 0, 0),
(50, 320, 0, 0),
(50, 321, 0, 0),
(50, 358, 0, 0),
(50, 361, 0, 0),
(50, 363, 0, 0),
(50, 365, 0, 0),
(50, 366, 0, 0),
(50, 367, 0, 0),
(50, 371, 1, 1),
(50, 372, 1, 1),
(50, 373, 1, 1),
(50, 374, 1, 1),
(50, 375, 0, 0),
(50, 376, 0, 0),
(50, 377, 0, 0),
(50, 378, 0, 0),
(50, 379, 0, 0),
(50, 380, 0, 0),
(50, 381, 0, 0),
(50, 382, 0, 0),
(50, 383, 0, 0),
(50, 384, 0, 0),
(50, 385, 0, 0),
(50, 386, 0, 0),
(50, 387, 0, 0),
(50, 388, 0, 0),
(50, 389, 0, 0),
(50, 390, 0, 0),
(50, 391, 0, 0),
(50, 392, 0, 0),
(50, 393, 0, 0),
(50, 401, 0, 0),
(50, 402, 0, 0),
(50, 403, 0, 0),
(50, 404, 0, 0),
(50, 405, 0, 0),
(50, 406, 0, 0),
(50, 407, 0, 0),
(50, 408, 0, 0),
(50, 409, 0, 0),
(50, 410, 0, 0),
(50, 411, 0, 0),
(50, 412, 0, 0),
(50, 413, 0, 0),
(50, 414, 0, 0),
(50, 415, 0, 0),
(50, 416, 0, 0),
(50, 417, 0, 0),
(50, 418, 0, 0),
(50, 419, 0, 0),
(50, 420, 0, 0),
(50, 421, 0, 0),
(50, 422, 0, 0),
(50, 423, 0, 0),
(50, 424, 0, 0),
(50, 425, 0, 0),
(50, 427, 0, 0),
(50, 428, 0, 0),
(50, 429, 0, 0),
(50, 430, 0, 0),
(50, 431, 0, 0),
(50, 432, 0, 0),
(50, 433, 0, 0),
(50, 434, 0, 0),
(50, 435, 0, 0),
(50, 436, 0, 0),
(50, 442, 0, 0),
(50, 443, 0, 0),
(50, 444, 0, 0),
(50, 445, 0, 0),
(50, 446, 0, 0),
(50, 447, 0, 0),
(50, 448, 0, 0),
(50, 449, 0, 0),
(50, 450, 0, 0),
(50, 451, 0, 0),
(50, 452, 0, 0),
(50, 453, 0, 0),
(50, 454, 0, 0),
(50, 455, 0, 0),
(50, 456, 0, 0),
(50, 457, 0, 0),
(50, 458, 0, 0),
(50, 459, 0, 0),
(50, 460, 0, 0),
(50, 461, 0, 0),
(50, 463, 0, 0),
(50, 464, 0, 0),
(50, 465, 0, 0),
(50, 466, 0, 0),
(50, 467, 0, 0),
(50, 468, 0, 0),
(50, 469, 0, 0),
(50, 470, 0, 0),
(50, 471, 0, 0),
(50, 472, 0, 0),
(50, 481, 0, 0),
(50, 482, 0, 0),
(50, 483, 0, 0),
(50, 484, 0, 0),
(50, 492, 1, 1),
(50, 493, 1, 1),
(50, 494, 1, 1),
(50, 498, 0, 0),
(50, 499, 0, 0),
(50, 500, 0, 0),
(50, 501, 0, 0),
(50, 502, 0, 0),
(50, 515, 0, 0),
(50, 516, 0, 0),
(50, 519, 0, 0),
(50, 520, 0, 0),
(50, 521, 0, 0),
(50, 523, 0, 0),
(50, 524, 1, 1),
(50, 525, 1, 1),
(50, 526, 0, 0),
(50, 527, 0, 0),
(50, 528, 0, 0),
(50, 531, 0, 0),
(50, 532, 0, 0),
(50, 533, 0, 0),
(50, 534, 0, 0),
(50, 535, 0, 0),
(50, 536, 0, 0),
(50, 537, 0, 0),
(50, 538, 0, 0),
(50, 552, 0, 0),
(50, 569, 0, 0),
(51, 313, 0, 0),
(51, 314, 0, 0),
(51, 319, 0, 0),
(51, 320, 0, 0),
(51, 321, 0, 0),
(51, 358, 0, 0),
(51, 361, 0, 0),
(51, 363, 0, 0),
(51, 365, 0, 0),
(51, 366, 0, 0),
(51, 367, 0, 0),
(51, 371, 0, 0),
(51, 372, 0, 0),
(51, 373, 0, 0),
(51, 374, 0, 0),
(51, 375, 1, 1),
(51, 376, 0, 0),
(51, 377, 0, 0),
(51, 378, 0, 0),
(51, 379, 0, 0),
(51, 380, 0, 0),
(51, 381, 0, 0),
(51, 382, 0, 0),
(51, 383, 0, 0),
(51, 384, 0, 0),
(51, 385, 0, 0),
(51, 386, 0, 0),
(51, 387, 0, 0),
(51, 388, 0, 0),
(51, 389, 0, 0),
(51, 390, 0, 0),
(51, 391, 0, 0),
(51, 392, 0, 0),
(51, 393, 0, 0),
(51, 401, 0, 0),
(51, 402, 0, 0),
(51, 403, 0, 0),
(51, 404, 0, 0),
(51, 405, 0, 0),
(51, 406, 0, 0),
(51, 407, 0, 0),
(51, 408, 0, 0),
(51, 409, 0, 0),
(51, 410, 0, 0),
(51, 411, 0, 0),
(51, 412, 0, 0),
(51, 413, 0, 0),
(51, 414, 0, 0),
(51, 415, 1, 1),
(51, 416, 1, 1),
(51, 417, 1, 1),
(51, 418, 0, 0),
(51, 419, 0, 0),
(51, 420, 0, 0),
(51, 421, 0, 0),
(51, 422, 0, 0),
(51, 423, 0, 0),
(51, 424, 0, 0),
(51, 425, 0, 0),
(51, 427, 0, 0),
(51, 428, 0, 0),
(51, 429, 0, 0),
(51, 430, 0, 0),
(51, 431, 0, 0),
(51, 432, 0, 0),
(51, 433, 0, 0),
(51, 434, 0, 0),
(51, 435, 0, 0),
(51, 436, 0, 0),
(51, 442, 0, 0),
(51, 443, 0, 0),
(51, 444, 0, 0),
(51, 445, 0, 0),
(51, 446, 0, 0),
(51, 447, 0, 0),
(51, 448, 0, 0),
(51, 449, 0, 0),
(51, 450, 0, 0),
(51, 451, 0, 0),
(51, 452, 0, 0),
(51, 453, 0, 0),
(51, 454, 1, 1),
(51, 455, 1, 1),
(51, 456, 1, 1),
(51, 457, 0, 0),
(51, 458, 0, 0),
(51, 459, 0, 0),
(51, 460, 0, 0),
(51, 461, 0, 0),
(51, 463, 0, 0),
(51, 464, 0, 0),
(51, 465, 0, 0),
(51, 466, 0, 0),
(51, 467, 0, 0),
(51, 468, 0, 0),
(51, 469, 0, 0),
(51, 470, 0, 0),
(51, 471, 0, 0),
(51, 472, 0, 0),
(51, 481, 0, 0),
(51, 482, 0, 0),
(51, 483, 0, 0),
(51, 484, 0, 0),
(51, 492, 0, 0),
(51, 493, 0, 0),
(51, 494, 0, 0),
(51, 498, 0, 0),
(51, 499, 0, 0),
(51, 500, 0, 0),
(51, 501, 0, 0),
(51, 502, 0, 0),
(51, 515, 0, 0),
(51, 516, 0, 0),
(51, 519, 0, 0),
(51, 520, 0, 0),
(51, 521, 0, 0),
(51, 523, 0, 0),
(51, 524, 0, 0),
(51, 525, 0, 0),
(51, 526, 1, 1),
(51, 527, 0, 0),
(51, 528, 0, 0),
(51, 531, 0, 0),
(51, 532, 0, 0),
(51, 533, 0, 0),
(51, 534, 0, 0),
(51, 535, 0, 0),
(51, 536, 0, 0),
(51, 537, 0, 0),
(51, 538, 0, 0),
(51, 552, 0, 0),
(51, 569, 0, 0),
(52, 313, 0, 0),
(52, 314, 0, 0),
(52, 319, 0, 0),
(52, 320, 0, 0),
(52, 321, 0, 0),
(52, 358, 0, 0),
(52, 361, 0, 0),
(52, 363, 0, 0),
(52, 365, 0, 0),
(52, 366, 0, 0),
(52, 367, 0, 0),
(52, 371, 0, 0),
(52, 372, 0, 0),
(52, 373, 0, 0),
(52, 374, 0, 0),
(52, 375, 0, 0),
(52, 376, 0, 0),
(52, 377, 0, 0),
(52, 378, 0, 0),
(52, 379, 0, 0),
(52, 380, 0, 0),
(52, 381, 0, 0),
(52, 382, 0, 0),
(52, 383, 0, 0),
(52, 384, 0, 0),
(52, 385, 0, 0),
(52, 386, 0, 0),
(52, 387, 0, 0),
(52, 388, 0, 0),
(52, 389, 0, 0),
(52, 390, 0, 0),
(52, 391, 0, 0),
(52, 392, 0, 0),
(52, 393, 0, 0),
(52, 401, 0, 0),
(52, 402, 0, 0),
(52, 403, 0, 0),
(52, 404, 0, 0),
(52, 405, 1, 1),
(52, 406, 0, 0),
(52, 407, 0, 0),
(52, 408, 0, 0),
(52, 409, 0, 0),
(52, 410, 0, 0),
(52, 411, 0, 0),
(52, 412, 0, 0),
(52, 413, 0, 0),
(52, 414, 0, 0),
(52, 415, 0, 0),
(52, 416, 0, 0),
(52, 417, 0, 0),
(52, 418, 0, 0),
(52, 419, 0, 0),
(52, 420, 0, 0),
(52, 421, 0, 0),
(52, 422, 0, 0),
(52, 423, 0, 0),
(52, 424, 0, 0),
(52, 425, 0, 0),
(52, 427, 0, 0),
(52, 428, 0, 0),
(52, 429, 0, 0),
(52, 430, 0, 0),
(52, 431, 0, 0),
(52, 432, 0, 0),
(52, 433, 0, 0),
(52, 434, 0, 0),
(52, 435, 0, 0),
(52, 436, 0, 0),
(52, 442, 0, 0),
(52, 443, 0, 0),
(52, 444, 0, 0),
(52, 445, 0, 0),
(52, 446, 0, 0),
(52, 447, 0, 0),
(52, 448, 0, 0),
(52, 449, 0, 0),
(52, 450, 0, 0),
(52, 451, 0, 0),
(52, 452, 0, 0),
(52, 453, 0, 0),
(52, 454, 0, 0),
(52, 455, 0, 0),
(52, 456, 0, 0),
(52, 457, 0, 0),
(52, 458, 0, 0),
(52, 459, 0, 0),
(52, 460, 0, 0),
(52, 461, 0, 0),
(52, 463, 0, 0),
(52, 464, 0, 0),
(52, 465, 0, 0),
(52, 466, 0, 0),
(52, 467, 0, 0),
(52, 468, 0, 0),
(52, 469, 0, 0),
(52, 470, 0, 0),
(52, 471, 0, 0),
(52, 472, 0, 0),
(52, 481, 0, 0),
(52, 482, 0, 0),
(52, 483, 0, 0),
(52, 484, 0, 0),
(52, 492, 0, 0),
(52, 493, 0, 0),
(52, 494, 0, 0),
(52, 498, 0, 0),
(52, 499, 0, 0),
(52, 500, 0, 0),
(52, 501, 0, 0),
(52, 502, 0, 0),
(52, 515, 0, 0),
(52, 516, 0, 0),
(52, 519, 0, 0),
(52, 520, 0, 0),
(52, 521, 0, 0),
(52, 523, 0, 0),
(52, 524, 0, 0),
(52, 525, 0, 0),
(52, 526, 0, 0),
(52, 527, 0, 0),
(52, 528, 0, 0),
(52, 531, 0, 0),
(52, 532, 0, 0),
(52, 533, 0, 0),
(52, 534, 0, 0),
(52, 535, 0, 0),
(52, 536, 0, 0),
(52, 537, 0, 0),
(52, 538, 0, 0),
(52, 552, 0, 0),
(52, 569, 0, 0),
(53, 313, 0, 0),
(53, 314, 0, 0),
(53, 319, 0, 0),
(53, 320, 0, 0),
(53, 321, 0, 0),
(53, 339, 1, 1),
(53, 340, 1, 1),
(53, 341, 1, 1),
(53, 342, 1, 1),
(53, 343, 1, 1),
(53, 344, 1, 1),
(53, 345, 1, 1),
(53, 346, 1, 1),
(53, 347, 1, 1),
(53, 348, 1, 1),
(53, 358, 0, 0),
(53, 361, 0, 0),
(53, 363, 0, 0),
(53, 365, 0, 0),
(53, 366, 0, 0),
(53, 367, 0, 0),
(53, 371, 0, 0),
(53, 372, 0, 0),
(53, 373, 0, 0),
(53, 374, 0, 0),
(53, 375, 0, 0),
(53, 376, 0, 0),
(53, 377, 0, 0),
(53, 378, 0, 0),
(53, 379, 0, 0),
(53, 380, 0, 0),
(53, 381, 0, 0),
(53, 382, 0, 0),
(53, 383, 0, 0),
(53, 384, 0, 0),
(53, 385, 0, 0),
(53, 386, 0, 0),
(53, 387, 0, 0),
(53, 388, 0, 0),
(53, 389, 0, 0),
(53, 390, 0, 0),
(53, 391, 0, 0),
(53, 392, 0, 0),
(53, 393, 0, 0),
(53, 401, 0, 0),
(53, 402, 0, 0),
(53, 403, 0, 0),
(53, 404, 0, 0),
(53, 405, 0, 0),
(53, 406, 0, 0),
(53, 407, 0, 0),
(53, 408, 0, 0),
(53, 409, 0, 0),
(53, 410, 0, 0),
(53, 411, 0, 0),
(53, 412, 0, 0),
(53, 413, 0, 0),
(53, 414, 0, 0),
(53, 415, 0, 0),
(53, 416, 0, 0),
(53, 417, 0, 0),
(53, 418, 0, 0),
(53, 419, 0, 0),
(53, 420, 0, 0),
(53, 421, 0, 0),
(53, 422, 0, 0),
(53, 423, 0, 0),
(53, 424, 0, 0),
(53, 425, 0, 0),
(53, 427, 0, 0),
(53, 428, 0, 0),
(53, 429, 0, 0),
(53, 430, 0, 0),
(53, 431, 0, 0),
(53, 432, 0, 0),
(53, 433, 0, 0),
(53, 434, 0, 0),
(53, 435, 0, 0),
(53, 436, 0, 0),
(53, 442, 0, 0),
(53, 443, 0, 0),
(53, 444, 0, 0),
(53, 445, 0, 0),
(53, 446, 0, 0),
(53, 447, 0, 0),
(53, 448, 0, 0),
(53, 449, 0, 0),
(53, 450, 0, 0),
(53, 451, 0, 0),
(53, 452, 0, 0),
(53, 453, 0, 0),
(53, 454, 0, 0),
(53, 455, 0, 0),
(53, 456, 0, 0),
(53, 457, 0, 0),
(53, 458, 0, 0),
(53, 459, 0, 0),
(53, 460, 0, 0),
(53, 461, 0, 0),
(53, 463, 0, 0),
(53, 464, 0, 0),
(53, 465, 0, 0),
(53, 466, 0, 0),
(53, 467, 0, 0),
(53, 468, 0, 0),
(53, 469, 0, 0),
(53, 470, 0, 0),
(53, 471, 0, 0),
(53, 472, 0, 0),
(53, 473, 1, 1),
(53, 474, 1, 1),
(53, 475, 1, 1),
(53, 481, 0, 0),
(53, 482, 0, 0),
(53, 483, 0, 0),
(53, 484, 0, 0),
(53, 492, 0, 0),
(53, 493, 0, 0),
(53, 494, 0, 0),
(53, 498, 0, 0),
(53, 499, 0, 0),
(53, 500, 0, 0),
(53, 501, 0, 0),
(53, 502, 0, 0),
(53, 515, 0, 0),
(53, 516, 0, 0),
(53, 519, 0, 0),
(53, 520, 0, 0),
(53, 521, 0, 0),
(53, 522, 1, 1),
(53, 523, 0, 0),
(53, 524, 0, 0),
(53, 525, 0, 0),
(53, 526, 0, 0),
(53, 527, 0, 0),
(53, 528, 0, 0),
(53, 531, 0, 0),
(53, 532, 0, 0),
(53, 533, 0, 0),
(53, 534, 0, 0),
(53, 535, 0, 0),
(53, 536, 0, 0),
(53, 537, 0, 0),
(53, 538, 0, 0),
(53, 552, 0, 0),
(53, 569, 0, 0),
(54, 313, 0, 0),
(54, 314, 0, 0),
(54, 319, 0, 0),
(54, 320, 0, 0),
(54, 321, 0, 0),
(54, 358, 0, 0),
(54, 361, 0, 0),
(54, 363, 0, 0),
(54, 365, 0, 0),
(54, 366, 0, 0),
(54, 367, 0, 0),
(54, 371, 0, 0),
(54, 372, 0, 0),
(54, 373, 0, 0),
(54, 374, 0, 0),
(54, 375, 0, 0),
(54, 376, 0, 0),
(54, 377, 0, 0),
(54, 378, 0, 0),
(54, 379, 0, 0),
(54, 380, 0, 0),
(54, 381, 0, 0),
(54, 382, 0, 0),
(54, 383, 0, 0),
(54, 384, 0, 0),
(54, 385, 0, 0),
(54, 386, 0, 0),
(54, 387, 0, 0),
(54, 388, 0, 0),
(54, 389, 0, 0),
(54, 390, 0, 0),
(54, 391, 0, 0),
(54, 392, 0, 0),
(54, 393, 0, 0),
(54, 401, 0, 0),
(54, 402, 0, 0),
(54, 403, 0, 0),
(54, 404, 0, 0),
(54, 405, 0, 0),
(54, 406, 0, 0),
(54, 407, 0, 0),
(54, 408, 0, 0),
(54, 409, 0, 0),
(54, 410, 0, 0),
(54, 411, 0, 0),
(54, 412, 0, 0),
(54, 413, 0, 0),
(54, 414, 0, 0),
(54, 415, 0, 0),
(54, 416, 0, 0),
(54, 417, 0, 0),
(54, 418, 0, 0),
(54, 419, 0, 0),
(54, 420, 0, 0),
(54, 421, 0, 0),
(54, 422, 0, 0),
(54, 423, 0, 0),
(54, 424, 1, 1),
(54, 425, 0, 0),
(54, 427, 0, 0),
(54, 428, 0, 0),
(54, 429, 0, 0),
(54, 430, 0, 0),
(54, 431, 0, 0),
(54, 432, 0, 0),
(54, 433, 0, 0),
(54, 434, 1, 1),
(54, 435, 1, 1),
(54, 436, 1, 1),
(54, 442, 1, 1),
(54, 443, 1, 1),
(54, 444, 1, 1),
(54, 445, 1, 1),
(54, 446, 1, 1),
(54, 447, 0, 0),
(54, 448, 0, 0),
(54, 449, 0, 0),
(54, 450, 0, 0),
(54, 451, 0, 0),
(54, 452, 0, 0),
(54, 453, 0, 0),
(54, 454, 0, 0),
(54, 455, 0, 0),
(54, 456, 0, 0),
(54, 457, 0, 0),
(54, 458, 0, 0),
(54, 459, 0, 0),
(54, 460, 0, 0),
(54, 461, 0, 0),
(54, 463, 0, 0),
(54, 464, 0, 0),
(54, 465, 0, 0),
(54, 466, 0, 0),
(54, 467, 0, 0),
(54, 468, 0, 0),
(54, 469, 0, 0),
(54, 470, 0, 0),
(54, 471, 0, 0),
(54, 472, 0, 0),
(54, 481, 0, 0),
(54, 482, 0, 0),
(54, 483, 0, 0),
(54, 484, 0, 0),
(54, 492, 0, 0),
(54, 493, 0, 0),
(54, 494, 0, 0),
(54, 498, 0, 0),
(54, 499, 0, 0),
(54, 500, 0, 0),
(54, 501, 0, 0),
(54, 502, 0, 0),
(54, 515, 1, 1),
(54, 516, 1, 1),
(54, 519, 0, 0),
(54, 520, 0, 0),
(54, 521, 0, 0),
(54, 523, 0, 0),
(54, 524, 0, 0),
(54, 525, 0, 0),
(54, 526, 0, 0),
(54, 527, 0, 0),
(54, 528, 0, 0),
(54, 531, 0, 0),
(54, 532, 0, 0),
(54, 533, 0, 0),
(54, 534, 0, 0),
(54, 535, 0, 0),
(54, 536, 0, 0),
(54, 537, 0, 0),
(54, 538, 0, 0),
(54, 552, 0, 0),
(54, 569, 0, 0),
(55, 313, 0, 0),
(55, 314, 0, 0),
(55, 319, 0, 0),
(55, 320, 0, 0),
(55, 321, 0, 0),
(55, 358, 0, 0),
(55, 361, 0, 0),
(55, 363, 1, 1),
(55, 365, 0, 0),
(55, 366, 0, 0),
(55, 367, 0, 0),
(55, 371, 0, 0),
(55, 372, 0, 0),
(55, 373, 0, 0),
(55, 374, 0, 0),
(55, 375, 0, 0),
(55, 376, 0, 0),
(55, 377, 0, 0),
(55, 378, 0, 0),
(55, 379, 0, 0),
(55, 380, 0, 0),
(55, 381, 0, 0),
(55, 382, 0, 0),
(55, 383, 0, 0),
(55, 384, 0, 0),
(55, 385, 0, 0),
(55, 386, 0, 0),
(55, 387, 0, 0),
(55, 388, 0, 0),
(55, 389, 0, 0),
(55, 390, 0, 0),
(55, 391, 0, 0),
(55, 392, 0, 0),
(55, 393, 0, 0),
(55, 401, 0, 0),
(55, 402, 0, 0),
(55, 403, 0, 0),
(55, 404, 0, 0),
(55, 405, 0, 0),
(55, 406, 0, 0),
(55, 407, 0, 0),
(55, 408, 0, 0),
(55, 409, 0, 0),
(55, 410, 0, 0),
(55, 411, 0, 0),
(55, 412, 0, 0),
(55, 413, 0, 0),
(55, 414, 0, 0),
(55, 415, 0, 0),
(55, 416, 0, 0),
(55, 417, 0, 0),
(55, 418, 0, 0),
(55, 419, 0, 0),
(55, 420, 0, 0),
(55, 421, 0, 0),
(55, 422, 0, 0),
(55, 423, 0, 0),
(55, 424, 0, 0),
(55, 425, 0, 0),
(55, 427, 0, 0),
(55, 428, 0, 0),
(55, 429, 0, 0),
(55, 430, 0, 0),
(55, 431, 0, 0),
(55, 432, 0, 0),
(55, 433, 0, 0),
(55, 434, 0, 0),
(55, 435, 0, 0),
(55, 436, 0, 0),
(55, 442, 0, 0),
(55, 443, 0, 0),
(55, 444, 0, 0),
(55, 445, 0, 0),
(55, 446, 0, 0),
(55, 447, 0, 0),
(55, 448, 0, 0),
(55, 449, 0, 0),
(55, 450, 0, 0),
(55, 451, 1, 1),
(55, 452, 1, 1),
(55, 453, 1, 1),
(55, 454, 0, 0),
(55, 455, 0, 0),
(55, 456, 0, 0),
(55, 457, 0, 0),
(55, 458, 0, 0),
(55, 459, 0, 0),
(55, 460, 0, 0),
(55, 461, 0, 0),
(55, 463, 0, 0),
(55, 464, 0, 0),
(55, 465, 0, 0),
(55, 466, 0, 0),
(55, 467, 0, 0),
(55, 468, 0, 0),
(55, 469, 0, 0),
(55, 470, 0, 0),
(55, 471, 0, 0),
(55, 472, 0, 0),
(55, 481, 0, 0),
(55, 482, 0, 0),
(55, 483, 0, 0),
(55, 484, 0, 0),
(55, 492, 0, 0),
(55, 493, 0, 0),
(55, 494, 0, 0),
(55, 498, 0, 0),
(55, 499, 0, 0),
(55, 500, 0, 0),
(55, 501, 0, 0),
(55, 502, 0, 0),
(55, 515, 0, 0),
(55, 516, 0, 0),
(55, 519, 0, 0),
(55, 520, 0, 0),
(55, 521, 0, 0),
(55, 523, 1, 1),
(55, 524, 0, 0),
(55, 525, 0, 0),
(55, 526, 0, 0),
(55, 527, 0, 0),
(55, 528, 0, 0),
(55, 531, 0, 0),
(55, 532, 0, 0),
(55, 533, 0, 0),
(55, 534, 0, 0),
(55, 535, 0, 0),
(55, 536, 1, 1),
(55, 537, 0, 0),
(55, 538, 0, 0),
(55, 552, 0, 0),
(55, 569, 0, 0),
(56, 313, 1, 1),
(56, 314, 1, 1),
(56, 319, 0, 0),
(56, 320, 0, 0),
(56, 321, 0, 0),
(56, 358, 1, 1),
(56, 361, 1, 1),
(56, 363, 0, 0),
(56, 365, 0, 0),
(56, 366, 0, 0),
(56, 367, 0, 0),
(56, 371, 0, 0),
(56, 372, 0, 0),
(56, 373, 0, 0),
(56, 374, 0, 0),
(56, 375, 0, 0),
(56, 376, 0, 0),
(56, 377, 0, 0),
(56, 378, 0, 0),
(56, 379, 0, 0),
(56, 380, 0, 0),
(56, 381, 0, 0),
(56, 382, 0, 0),
(56, 383, 0, 0),
(56, 384, 0, 0),
(56, 385, 0, 0),
(56, 386, 0, 0),
(56, 387, 0, 0),
(56, 388, 0, 0),
(56, 389, 0, 0),
(56, 390, 0, 0),
(56, 391, 0, 0),
(56, 392, 0, 0),
(56, 393, 0, 0),
(56, 401, 0, 0),
(56, 402, 0, 0),
(56, 403, 0, 0),
(56, 404, 0, 0),
(56, 405, 0, 0),
(56, 406, 0, 0),
(56, 407, 0, 0),
(56, 408, 0, 0),
(56, 409, 0, 0),
(56, 410, 0, 0),
(56, 411, 0, 0),
(56, 412, 0, 0),
(56, 413, 0, 0),
(56, 414, 0, 0),
(56, 415, 0, 0),
(56, 416, 0, 0),
(56, 417, 0, 0),
(56, 418, 0, 0),
(56, 419, 0, 0),
(56, 420, 0, 0),
(56, 421, 0, 0),
(56, 422, 0, 0),
(56, 423, 0, 0),
(56, 424, 0, 0),
(56, 425, 0, 0),
(56, 427, 0, 0),
(56, 428, 0, 0),
(56, 429, 0, 0),
(56, 430, 0, 0),
(56, 431, 0, 0),
(56, 432, 0, 0),
(56, 433, 0, 0),
(56, 434, 0, 0),
(56, 435, 0, 0),
(56, 436, 0, 0),
(56, 442, 0, 0),
(56, 443, 0, 0),
(56, 444, 0, 0),
(56, 445, 0, 0),
(56, 446, 0, 0),
(56, 447, 0, 0),
(56, 448, 0, 0),
(56, 449, 0, 0),
(56, 450, 0, 0),
(56, 451, 0, 0),
(56, 452, 0, 0),
(56, 453, 0, 0),
(56, 454, 0, 0),
(56, 455, 0, 0),
(56, 456, 0, 0),
(56, 457, 0, 0),
(56, 458, 0, 0),
(56, 459, 0, 0),
(56, 460, 0, 0),
(56, 461, 0, 0),
(56, 463, 0, 0),
(56, 464, 0, 0),
(56, 465, 0, 0),
(56, 466, 0, 0),
(56, 467, 0, 0),
(56, 468, 0, 0),
(56, 469, 0, 0),
(56, 470, 0, 0),
(56, 471, 0, 0),
(56, 472, 0, 0),
(56, 481, 0, 0),
(56, 482, 0, 0),
(56, 483, 0, 0),
(56, 484, 0, 0),
(56, 492, 0, 0),
(56, 493, 0, 0),
(56, 494, 0, 0),
(56, 498, 0, 0),
(56, 499, 0, 0),
(56, 500, 0, 0),
(56, 501, 0, 0),
(56, 502, 0, 0),
(56, 515, 0, 0),
(56, 516, 0, 0),
(56, 519, 0, 0),
(56, 520, 0, 0),
(56, 521, 0, 0),
(56, 523, 0, 0),
(56, 524, 0, 0),
(56, 525, 0, 0),
(56, 526, 0, 0),
(56, 527, 0, 0),
(56, 528, 0, 0),
(56, 531, 0, 0),
(56, 532, 0, 0),
(56, 533, 0, 0),
(56, 534, 0, 0),
(56, 535, 0, 0),
(56, 536, 0, 0),
(56, 537, 0, 0),
(56, 538, 0, 0),
(56, 552, 0, 0),
(56, 569, 0, 0),
(58, 319, 0, 0),
(58, 320, 0, 0),
(58, 321, 0, 0),
(58, 363, 0, 0),
(58, 365, 0, 0),
(58, 366, 0, 0),
(58, 367, 0, 0),
(58, 371, 0, 0),
(58, 372, 0, 0),
(58, 373, 0, 0),
(58, 374, 0, 0),
(58, 375, 0, 0),
(58, 376, 0, 0),
(58, 377, 0, 0),
(58, 378, 0, 0),
(58, 379, 0, 0),
(58, 380, 0, 0),
(58, 381, 0, 0),
(58, 382, 0, 0),
(58, 383, 0, 0),
(58, 384, 0, 0),
(58, 385, 0, 0),
(58, 386, 0, 0),
(58, 387, 0, 0),
(58, 388, 0, 0),
(58, 389, 1, 1),
(58, 390, 1, 1),
(58, 391, 0, 0),
(58, 392, 0, 0),
(58, 393, 0, 0),
(58, 401, 0, 0),
(58, 402, 0, 0),
(58, 403, 0, 0),
(58, 404, 0, 0),
(58, 405, 0, 0),
(58, 406, 0, 0),
(58, 407, 0, 0),
(58, 408, 0, 0),
(58, 409, 0, 0),
(58, 410, 0, 0),
(58, 411, 0, 0),
(58, 412, 0, 0);
INSERT INTO `tm_acl_document` (`user_id`, `document_id`, `is_read`, `is_write`) VALUES
(58, 413, 0, 0),
(58, 414, 0, 0),
(58, 415, 0, 0),
(58, 416, 0, 0),
(58, 417, 0, 0),
(58, 418, 0, 0),
(58, 419, 0, 0),
(58, 420, 0, 0),
(58, 421, 0, 0),
(58, 422, 0, 0),
(58, 423, 0, 0),
(58, 424, 0, 0),
(58, 425, 0, 0),
(58, 427, 0, 0),
(58, 428, 0, 0),
(58, 429, 0, 0),
(58, 430, 0, 0),
(58, 431, 0, 0),
(58, 432, 0, 0),
(58, 433, 0, 0),
(58, 434, 0, 0),
(58, 435, 0, 0),
(58, 436, 0, 0),
(58, 442, 0, 0),
(58, 443, 0, 0),
(58, 444, 0, 0),
(58, 445, 0, 0),
(58, 446, 0, 0),
(58, 447, 0, 0),
(58, 448, 0, 0),
(58, 449, 0, 0),
(58, 450, 0, 0),
(58, 451, 0, 0),
(58, 452, 0, 0),
(58, 453, 0, 0),
(58, 454, 0, 0),
(58, 455, 0, 0),
(58, 456, 0, 0),
(58, 457, 0, 0),
(58, 458, 0, 0),
(58, 459, 0, 0),
(58, 460, 0, 0),
(58, 461, 0, 0),
(58, 463, 0, 0),
(58, 464, 0, 0),
(58, 465, 0, 0),
(58, 466, 0, 0),
(58, 467, 0, 0),
(58, 468, 0, 0),
(58, 469, 0, 0),
(58, 470, 0, 0),
(58, 471, 0, 0),
(58, 472, 0, 0),
(58, 481, 1, 1),
(58, 482, 1, 1),
(58, 483, 1, 1),
(58, 484, 1, 1),
(58, 492, 0, 0),
(58, 493, 0, 0),
(58, 494, 0, 0),
(58, 498, 0, 0),
(58, 499, 0, 0),
(58, 500, 0, 0),
(58, 501, 0, 0),
(58, 502, 0, 0),
(58, 515, 0, 0),
(58, 516, 0, 0),
(58, 519, 0, 0),
(58, 520, 0, 0),
(58, 521, 0, 0),
(58, 523, 0, 0),
(58, 524, 0, 0),
(58, 525, 0, 0),
(58, 526, 0, 0),
(58, 527, 0, 0),
(58, 528, 0, 0),
(58, 531, 0, 0),
(58, 532, 0, 0),
(58, 533, 0, 0),
(58, 534, 0, 0),
(58, 535, 0, 0),
(58, 536, 0, 0),
(58, 537, 0, 0),
(58, 538, 0, 0),
(58, 552, 0, 0),
(58, 569, 0, 0),
(59, 319, 0, 0),
(59, 320, 0, 0),
(59, 321, 0, 0),
(59, 363, 0, 0),
(59, 365, 0, 0),
(59, 366, 0, 0),
(59, 367, 0, 0),
(59, 371, 0, 0),
(59, 372, 0, 0),
(59, 373, 0, 0),
(59, 374, 0, 0),
(59, 375, 0, 0),
(59, 376, 0, 0),
(59, 377, 0, 0),
(59, 378, 0, 0),
(59, 379, 0, 0),
(59, 380, 0, 0),
(59, 381, 0, 0),
(59, 382, 0, 0),
(59, 383, 0, 0),
(59, 384, 0, 0),
(59, 385, 0, 0),
(59, 386, 0, 0),
(59, 387, 0, 0),
(59, 388, 0, 0),
(59, 389, 0, 0),
(59, 390, 0, 0),
(59, 391, 0, 0),
(59, 392, 0, 0),
(59, 393, 1, 1),
(59, 401, 0, 0),
(59, 402, 0, 0),
(59, 403, 0, 0),
(59, 404, 0, 0),
(59, 405, 0, 0),
(59, 406, 0, 0),
(59, 407, 0, 0),
(59, 408, 0, 0),
(59, 409, 0, 0),
(59, 410, 0, 0),
(59, 411, 0, 0),
(59, 412, 0, 0),
(59, 413, 0, 0),
(59, 414, 0, 0),
(59, 415, 0, 0),
(59, 416, 0, 0),
(59, 417, 0, 0),
(59, 418, 0, 0),
(59, 419, 0, 0),
(59, 420, 0, 0),
(59, 421, 0, 0),
(59, 422, 1, 1),
(59, 423, 1, 1),
(59, 424, 0, 0),
(59, 425, 0, 0),
(59, 427, 0, 0),
(59, 428, 0, 0),
(59, 429, 0, 0),
(59, 430, 0, 0),
(59, 431, 0, 0),
(59, 432, 0, 0),
(59, 433, 0, 0),
(59, 434, 0, 0),
(59, 435, 0, 0),
(59, 436, 0, 0),
(59, 442, 0, 0),
(59, 443, 0, 0),
(59, 444, 0, 0),
(59, 445, 0, 0),
(59, 446, 0, 0),
(59, 447, 0, 0),
(59, 448, 0, 0),
(59, 449, 0, 0),
(59, 450, 0, 0),
(59, 451, 0, 0),
(59, 452, 0, 0),
(59, 453, 0, 0),
(59, 454, 0, 0),
(59, 455, 0, 0),
(59, 456, 0, 0),
(59, 457, 1, 1),
(59, 458, 1, 1),
(59, 459, 0, 0),
(59, 460, 0, 0),
(59, 461, 0, 0),
(59, 463, 0, 0),
(59, 464, 0, 0),
(59, 465, 0, 0),
(59, 466, 0, 0),
(59, 467, 0, 0),
(59, 468, 0, 0),
(59, 469, 0, 0),
(59, 470, 0, 0),
(59, 471, 0, 0),
(59, 472, 0, 0),
(59, 481, 0, 0),
(59, 482, 0, 0),
(59, 483, 0, 0),
(59, 484, 0, 0),
(59, 492, 0, 0),
(59, 493, 0, 0),
(59, 494, 0, 0),
(59, 498, 0, 0),
(59, 499, 0, 0),
(59, 500, 0, 0),
(59, 501, 0, 0),
(59, 502, 0, 0),
(59, 515, 0, 0),
(59, 516, 0, 0),
(59, 519, 0, 0),
(59, 520, 0, 0),
(59, 521, 0, 0),
(59, 523, 0, 0),
(59, 524, 0, 0),
(59, 525, 0, 0),
(59, 526, 0, 0),
(59, 527, 0, 0),
(59, 528, 0, 0),
(59, 531, 0, 0),
(59, 532, 0, 0),
(59, 533, 0, 0),
(59, 534, 0, 0),
(59, 535, 0, 0),
(59, 536, 0, 0),
(59, 537, 0, 0),
(59, 538, 0, 0),
(59, 552, 0, 0),
(59, 569, 0, 0),
(60, 319, 0, 0),
(60, 320, 0, 0),
(60, 321, 0, 0),
(60, 363, 0, 0),
(60, 365, 0, 0),
(60, 366, 0, 0),
(60, 367, 0, 0),
(60, 371, 0, 0),
(60, 372, 0, 0),
(60, 373, 0, 0),
(60, 374, 0, 0),
(60, 375, 0, 0),
(60, 376, 0, 0),
(60, 377, 0, 0),
(60, 378, 0, 0),
(60, 379, 0, 0),
(60, 380, 0, 0),
(60, 381, 0, 0),
(60, 382, 0, 0),
(60, 383, 0, 0),
(60, 384, 0, 0),
(60, 385, 0, 0),
(60, 386, 0, 0),
(60, 387, 0, 0),
(60, 388, 0, 0),
(60, 389, 0, 0),
(60, 390, 0, 0),
(60, 391, 0, 0),
(60, 392, 0, 0),
(60, 393, 0, 0),
(60, 401, 0, 0),
(60, 402, 0, 0),
(60, 403, 0, 0),
(60, 404, 0, 0),
(60, 405, 0, 0),
(60, 406, 0, 0),
(60, 407, 0, 0),
(60, 408, 0, 0),
(60, 409, 0, 0),
(60, 410, 0, 0),
(60, 411, 0, 0),
(60, 412, 0, 0),
(60, 413, 0, 0),
(60, 414, 0, 0),
(60, 415, 0, 0),
(60, 416, 0, 0),
(60, 417, 0, 0),
(60, 418, 1, 1),
(60, 419, 0, 0),
(60, 420, 0, 0),
(60, 421, 0, 0),
(60, 422, 0, 0),
(60, 423, 0, 0),
(60, 424, 0, 0),
(60, 425, 0, 0),
(60, 427, 0, 0),
(60, 428, 0, 0),
(60, 429, 0, 0),
(60, 430, 0, 0),
(60, 431, 0, 0),
(60, 432, 0, 0),
(60, 433, 0, 0),
(60, 434, 0, 0),
(60, 435, 0, 0),
(60, 436, 0, 0),
(60, 442, 0, 0),
(60, 443, 0, 0),
(60, 444, 0, 0),
(60, 445, 0, 0),
(60, 446, 0, 0),
(60, 447, 0, 0),
(60, 448, 0, 0),
(60, 449, 0, 0),
(60, 450, 0, 0),
(60, 451, 0, 0),
(60, 452, 0, 0),
(60, 453, 0, 0),
(60, 454, 0, 0),
(60, 455, 0, 0),
(60, 456, 0, 0),
(60, 457, 0, 0),
(60, 458, 0, 0),
(60, 459, 1, 1),
(60, 460, 1, 1),
(60, 461, 1, 1),
(60, 463, 0, 0),
(60, 464, 0, 0),
(60, 465, 0, 0),
(60, 466, 0, 0),
(60, 467, 0, 0),
(60, 468, 0, 0),
(60, 469, 0, 0),
(60, 470, 0, 0),
(60, 471, 0, 0),
(60, 472, 0, 0),
(60, 481, 0, 0),
(60, 482, 0, 0),
(60, 483, 0, 0),
(60, 484, 0, 0),
(60, 492, 0, 0),
(60, 493, 0, 0),
(60, 494, 0, 0),
(60, 498, 0, 0),
(60, 499, 0, 0),
(60, 500, 0, 0),
(60, 501, 0, 0),
(60, 502, 0, 0),
(60, 515, 0, 0),
(60, 516, 0, 0),
(60, 519, 0, 0),
(60, 520, 0, 0),
(60, 521, 0, 0),
(60, 523, 0, 0),
(60, 524, 0, 0),
(60, 525, 0, 0),
(60, 526, 0, 0),
(60, 527, 1, 1),
(60, 528, 1, 1),
(60, 531, 0, 0),
(60, 532, 0, 0),
(60, 533, 0, 0),
(60, 534, 0, 0),
(60, 535, 0, 0),
(60, 536, 0, 0),
(60, 537, 0, 0),
(60, 538, 0, 0),
(60, 552, 0, 0),
(60, 569, 0, 0),
(61, 285, 1, 1),
(61, 319, 0, 0),
(61, 320, 0, 0),
(61, 321, 0, 0),
(61, 363, 0, 0),
(61, 365, 0, 0),
(61, 366, 0, 0),
(61, 367, 0, 0),
(61, 371, 0, 0),
(61, 372, 0, 0),
(61, 373, 0, 0),
(61, 374, 0, 0),
(61, 375, 0, 0),
(61, 376, 0, 0),
(61, 377, 0, 0),
(61, 378, 0, 0),
(61, 379, 0, 0),
(61, 380, 0, 0),
(61, 381, 0, 0),
(61, 382, 0, 0),
(61, 383, 0, 0),
(61, 384, 0, 0),
(61, 385, 0, 0),
(61, 386, 0, 0),
(61, 387, 0, 0),
(61, 388, 0, 0),
(61, 389, 0, 0),
(61, 390, 0, 0),
(61, 391, 0, 0),
(61, 392, 0, 0),
(61, 393, 0, 0),
(61, 394, 1, 1),
(61, 395, 1, 1),
(61, 396, 1, 1),
(61, 401, 0, 0),
(61, 402, 0, 0),
(61, 403, 0, 0),
(61, 404, 0, 0),
(61, 405, 0, 0),
(61, 406, 0, 0),
(61, 407, 0, 0),
(61, 408, 0, 0),
(61, 409, 0, 0),
(61, 410, 0, 0),
(61, 411, 0, 0),
(61, 412, 0, 0),
(61, 413, 0, 0),
(61, 414, 0, 0),
(61, 415, 0, 0),
(61, 416, 0, 0),
(61, 417, 0, 0),
(61, 418, 0, 0),
(61, 419, 0, 0),
(61, 420, 0, 0),
(61, 421, 0, 0),
(61, 422, 0, 0),
(61, 423, 0, 0),
(61, 424, 0, 0),
(61, 425, 0, 0),
(61, 427, 0, 0),
(61, 428, 0, 0),
(61, 429, 0, 0),
(61, 430, 0, 0),
(61, 431, 0, 0),
(61, 432, 0, 0),
(61, 433, 0, 0),
(61, 434, 0, 0),
(61, 435, 0, 0),
(61, 436, 0, 0),
(61, 442, 0, 0),
(61, 443, 0, 0),
(61, 444, 0, 0),
(61, 445, 0, 0),
(61, 446, 0, 0),
(61, 447, 0, 0),
(61, 448, 0, 0),
(61, 449, 0, 0),
(61, 450, 0, 0),
(61, 451, 0, 0),
(61, 452, 0, 0),
(61, 453, 0, 0),
(61, 454, 0, 0),
(61, 455, 0, 0),
(61, 456, 0, 0),
(61, 457, 0, 0),
(61, 458, 0, 0),
(61, 459, 0, 0),
(61, 460, 0, 0),
(61, 461, 0, 0),
(61, 463, 0, 0),
(61, 464, 0, 0),
(61, 465, 0, 0),
(61, 466, 0, 0),
(61, 467, 0, 0),
(61, 468, 0, 0),
(61, 469, 0, 0),
(61, 470, 0, 0),
(61, 471, 0, 0),
(61, 472, 0, 0),
(61, 476, 1, 1),
(61, 477, 1, 1),
(61, 478, 1, 1),
(61, 479, 1, 1),
(61, 480, 1, 1),
(61, 481, 0, 0),
(61, 482, 0, 0),
(61, 483, 0, 0),
(61, 484, 0, 0),
(61, 492, 0, 0),
(61, 493, 0, 0),
(61, 494, 0, 0),
(61, 498, 0, 0),
(61, 499, 0, 0),
(61, 500, 0, 0),
(61, 501, 0, 0),
(61, 502, 0, 0),
(61, 515, 0, 0),
(61, 516, 0, 0),
(61, 519, 0, 0),
(61, 520, 0, 0),
(61, 521, 0, 0),
(61, 523, 0, 0),
(61, 524, 0, 0),
(61, 525, 0, 0),
(61, 526, 0, 0),
(61, 527, 0, 0),
(61, 528, 0, 0),
(61, 529, 1, 1),
(61, 530, 1, 1),
(61, 531, 0, 0),
(61, 532, 0, 0),
(61, 533, 0, 0),
(61, 534, 0, 0),
(61, 535, 0, 0),
(61, 536, 0, 0),
(61, 537, 0, 0),
(61, 538, 0, 0),
(61, 552, 0, 0),
(61, 569, 0, 0),
(62, 319, 0, 0),
(62, 320, 0, 0),
(62, 321, 0, 0),
(62, 363, 0, 0),
(62, 365, 0, 0),
(62, 366, 0, 0),
(62, 367, 0, 0),
(62, 371, 0, 0),
(62, 372, 0, 0),
(62, 373, 0, 0),
(62, 374, 0, 0),
(62, 375, 0, 0),
(62, 376, 0, 0),
(62, 377, 0, 0),
(62, 378, 0, 0),
(62, 379, 0, 0),
(62, 380, 0, 0),
(62, 381, 0, 0),
(62, 382, 0, 0),
(62, 383, 0, 0),
(62, 384, 0, 0),
(62, 385, 0, 0),
(62, 386, 0, 0),
(62, 387, 0, 0),
(62, 388, 0, 0),
(62, 389, 0, 0),
(62, 390, 0, 0),
(62, 391, 0, 0),
(62, 392, 0, 0),
(62, 393, 0, 0),
(62, 401, 0, 0),
(62, 402, 0, 0),
(62, 403, 0, 0),
(62, 404, 0, 0),
(62, 405, 0, 0),
(62, 406, 0, 0),
(62, 407, 0, 0),
(62, 408, 0, 0),
(62, 409, 0, 0),
(62, 410, 0, 0),
(62, 411, 0, 0),
(62, 412, 0, 0),
(62, 413, 0, 0),
(62, 414, 0, 0),
(62, 415, 0, 0),
(62, 416, 0, 0),
(62, 417, 0, 0),
(62, 418, 0, 0),
(62, 419, 0, 0),
(62, 420, 0, 0),
(62, 421, 0, 0),
(62, 422, 0, 0),
(62, 423, 0, 0),
(62, 424, 0, 0),
(62, 425, 0, 0),
(62, 427, 1, 1),
(62, 428, 1, 1),
(62, 429, 1, 1),
(62, 430, 1, 1),
(62, 431, 1, 1),
(62, 432, 1, 1),
(62, 433, 1, 1),
(62, 434, 0, 0),
(62, 435, 0, 0),
(62, 436, 0, 0),
(62, 442, 0, 0),
(62, 443, 0, 0),
(62, 444, 0, 0),
(62, 445, 0, 0),
(62, 446, 0, 0),
(62, 447, 0, 0),
(62, 448, 0, 0),
(62, 449, 0, 0),
(62, 450, 0, 0),
(62, 451, 0, 0),
(62, 452, 0, 0),
(62, 453, 0, 0),
(62, 454, 0, 0),
(62, 455, 0, 0),
(62, 456, 0, 0),
(62, 457, 0, 0),
(62, 458, 0, 0),
(62, 459, 0, 0),
(62, 460, 0, 0),
(62, 461, 0, 0),
(62, 463, 1, 1),
(62, 464, 1, 1),
(62, 465, 1, 1),
(62, 466, 1, 1),
(62, 467, 1, 1),
(62, 468, 1, 1),
(62, 469, 1, 1),
(62, 470, 1, 1),
(62, 471, 1, 1),
(62, 472, 1, 1),
(62, 481, 0, 0),
(62, 482, 0, 0),
(62, 483, 0, 0),
(62, 484, 0, 0),
(62, 492, 0, 0),
(62, 493, 0, 0),
(62, 494, 0, 0),
(62, 498, 0, 0),
(62, 499, 0, 0),
(62, 500, 0, 0),
(62, 501, 0, 0),
(62, 502, 0, 0),
(62, 515, 0, 0),
(62, 516, 0, 0),
(62, 519, 0, 0),
(62, 520, 0, 0),
(62, 521, 0, 0),
(62, 523, 0, 0),
(62, 524, 0, 0),
(62, 525, 0, 0),
(62, 526, 0, 0),
(62, 527, 0, 0),
(62, 528, 0, 0),
(62, 531, 1, 1),
(62, 532, 1, 1),
(62, 533, 1, 1),
(62, 534, 1, 1),
(62, 535, 1, 1),
(62, 536, 0, 0),
(62, 537, 0, 0),
(62, 538, 0, 0),
(62, 552, 0, 0),
(62, 569, 0, 0),
(64, 319, 1, 1),
(64, 320, 0, 0),
(64, 321, 0, 0),
(64, 363, 0, 0),
(64, 365, 0, 0),
(64, 366, 0, 0),
(64, 367, 0, 0),
(64, 371, 0, 0),
(64, 372, 0, 0),
(64, 373, 0, 0),
(64, 374, 0, 0),
(64, 375, 0, 0),
(64, 376, 0, 0),
(64, 377, 0, 0),
(64, 378, 0, 0),
(64, 379, 0, 0),
(64, 380, 0, 0),
(64, 381, 0, 0),
(64, 382, 0, 0),
(64, 383, 0, 0),
(64, 384, 0, 0),
(64, 385, 0, 0),
(64, 386, 0, 0),
(64, 387, 0, 0),
(64, 388, 0, 0),
(64, 389, 0, 0),
(64, 390, 0, 0),
(64, 391, 0, 0),
(64, 392, 0, 0),
(64, 393, 0, 0),
(64, 401, 0, 0),
(64, 402, 0, 0),
(64, 403, 0, 0),
(64, 404, 0, 0),
(64, 405, 0, 0),
(64, 406, 0, 0),
(64, 407, 0, 0),
(64, 408, 0, 0),
(64, 409, 0, 0),
(64, 410, 0, 0),
(64, 411, 0, 0),
(64, 412, 0, 0),
(64, 413, 0, 0),
(64, 414, 0, 0),
(64, 415, 0, 0),
(64, 416, 0, 0),
(64, 417, 0, 0),
(64, 418, 0, 0),
(64, 419, 0, 0),
(64, 420, 0, 0),
(64, 421, 0, 0),
(64, 422, 0, 0),
(64, 423, 0, 0),
(64, 424, 0, 0),
(64, 425, 0, 0),
(64, 427, 0, 0),
(64, 428, 0, 0),
(64, 429, 0, 0),
(64, 430, 0, 0),
(64, 431, 0, 0),
(64, 432, 0, 0),
(64, 433, 0, 0),
(64, 434, 0, 0),
(64, 435, 0, 0),
(64, 436, 0, 0),
(64, 442, 0, 0),
(64, 443, 0, 0),
(64, 444, 0, 0),
(64, 445, 0, 0),
(64, 446, 0, 0),
(64, 447, 0, 0),
(64, 448, 0, 0),
(64, 449, 0, 0),
(64, 450, 0, 0),
(64, 451, 0, 0),
(64, 452, 0, 0),
(64, 453, 0, 0),
(64, 454, 0, 0),
(64, 455, 0, 0),
(64, 456, 0, 0),
(64, 457, 0, 0),
(64, 458, 0, 0),
(64, 459, 0, 0),
(64, 460, 0, 0),
(64, 461, 0, 0),
(64, 463, 0, 0),
(64, 464, 0, 0),
(64, 465, 0, 0),
(64, 466, 0, 0),
(64, 467, 0, 0),
(64, 468, 0, 0),
(64, 469, 0, 0),
(64, 470, 0, 0),
(64, 471, 0, 0),
(64, 472, 0, 0),
(64, 481, 0, 0),
(64, 482, 0, 0),
(64, 483, 0, 0),
(64, 484, 0, 0),
(64, 492, 0, 0),
(64, 493, 0, 0),
(64, 494, 0, 0),
(64, 498, 0, 0),
(64, 499, 0, 0),
(64, 500, 0, 0),
(64, 501, 0, 0),
(64, 502, 0, 0),
(64, 515, 0, 0),
(64, 516, 0, 0),
(64, 519, 0, 0),
(64, 520, 0, 0),
(64, 521, 0, 0),
(64, 523, 0, 0),
(64, 524, 0, 0),
(64, 525, 0, 0),
(64, 526, 0, 0),
(64, 527, 0, 0),
(64, 528, 0, 0),
(64, 531, 0, 0),
(64, 532, 0, 0),
(64, 533, 0, 0),
(64, 534, 0, 0),
(64, 535, 0, 0),
(64, 536, 0, 0),
(64, 537, 0, 0),
(64, 538, 0, 0),
(64, 552, 0, 0),
(64, 569, 0, 0),
(65, 300, 1, 1),
(65, 321, 0, 0),
(65, 355, 1, 1),
(65, 356, 1, 1),
(65, 363, 0, 0),
(65, 365, 0, 0),
(65, 366, 0, 0),
(65, 367, 0, 0),
(65, 371, 0, 0),
(65, 372, 0, 0),
(65, 373, 0, 0),
(65, 374, 0, 0),
(65, 375, 0, 0),
(65, 376, 0, 0),
(65, 377, 0, 0),
(65, 378, 0, 0),
(65, 379, 0, 0),
(65, 380, 0, 0),
(65, 381, 0, 0),
(65, 382, 0, 0),
(65, 383, 0, 0),
(65, 384, 0, 0),
(65, 385, 0, 0),
(65, 386, 0, 0),
(65, 387, 0, 0),
(65, 388, 0, 0),
(65, 389, 0, 0),
(65, 390, 0, 0),
(65, 391, 0, 0),
(65, 392, 0, 0),
(65, 393, 0, 0),
(65, 401, 0, 0),
(65, 402, 0, 0),
(65, 403, 0, 0),
(65, 404, 0, 0),
(65, 405, 0, 0),
(65, 406, 0, 0),
(65, 407, 0, 0),
(65, 408, 0, 0),
(65, 409, 0, 0),
(65, 410, 0, 0),
(65, 411, 0, 0),
(65, 412, 0, 0),
(65, 413, 0, 0),
(65, 414, 0, 0),
(65, 415, 0, 0),
(65, 416, 0, 0),
(65, 417, 0, 0),
(65, 418, 0, 0),
(65, 419, 0, 0),
(65, 420, 0, 0),
(65, 421, 0, 0),
(65, 422, 0, 0),
(65, 423, 0, 0),
(65, 424, 0, 0),
(65, 425, 0, 0),
(65, 427, 0, 0),
(65, 428, 0, 0),
(65, 429, 0, 0),
(65, 430, 0, 0),
(65, 431, 0, 0),
(65, 432, 0, 0),
(65, 433, 0, 0),
(65, 434, 0, 0),
(65, 435, 0, 0),
(65, 436, 0, 0),
(65, 438, 1, 1),
(65, 439, 1, 1),
(65, 440, 1, 1),
(65, 441, 1, 1),
(65, 442, 0, 0),
(65, 443, 0, 0),
(65, 444, 0, 0),
(65, 445, 0, 0),
(65, 446, 0, 0),
(65, 447, 0, 0),
(65, 448, 0, 0),
(65, 449, 0, 0),
(65, 450, 0, 0),
(65, 451, 0, 0),
(65, 452, 0, 0),
(65, 453, 0, 0),
(65, 454, 0, 0),
(65, 455, 0, 0),
(65, 456, 0, 0),
(65, 457, 0, 0),
(65, 458, 0, 0),
(65, 459, 0, 0),
(65, 460, 0, 0),
(65, 461, 0, 0),
(65, 463, 0, 0),
(65, 464, 0, 0),
(65, 465, 0, 0),
(65, 466, 0, 0),
(65, 467, 0, 0),
(65, 468, 0, 0),
(65, 469, 0, 0),
(65, 470, 0, 0),
(65, 471, 0, 0),
(65, 472, 0, 0),
(65, 481, 0, 0),
(65, 482, 0, 0),
(65, 483, 0, 0),
(65, 484, 0, 0),
(65, 492, 0, 0),
(65, 493, 0, 0),
(65, 494, 0, 0),
(65, 498, 0, 0),
(65, 499, 0, 0),
(65, 500, 0, 0),
(65, 501, 0, 0),
(65, 502, 0, 0),
(65, 513, 1, 1),
(65, 514, 1, 1),
(65, 515, 0, 0),
(65, 516, 0, 0),
(65, 519, 0, 0),
(65, 520, 0, 0),
(65, 521, 0, 0),
(65, 523, 0, 0),
(65, 524, 0, 0),
(65, 525, 0, 0),
(65, 526, 0, 0),
(65, 527, 0, 0),
(65, 528, 0, 0),
(65, 531, 0, 0),
(65, 532, 0, 0),
(65, 533, 0, 0),
(65, 534, 0, 0),
(65, 535, 0, 0),
(65, 536, 0, 0),
(65, 537, 0, 0),
(65, 538, 0, 0),
(65, 552, 1, 1),
(65, 569, 0, 0),
(66, 380, 1, 1),
(66, 381, 1, 1),
(66, 382, 1, 1),
(66, 383, 1, 1),
(66, 384, 1, 1),
(66, 385, 1, 1),
(66, 386, 1, 1),
(66, 387, 1, 1),
(66, 388, 1, 1),
(66, 537, 0, 0),
(66, 538, 0, 0),
(66, 552, 0, 0),
(67, 537, 1, 1),
(67, 538, 1, 1),
(67, 552, 0, 0),
(68, 552, 1, 1);

-- --------------------------------------------------------

--
-- Структура таблицы `tm_acl_role`
--

DROP TABLE IF EXISTS `tm_acl_role`;
CREATE TABLE IF NOT EXISTS `tm_acl_role` (
  `tm_user_role_id` int(10) unsigned NOT NULL,
  `tm_user_resource_id` int(10) unsigned NOT NULL,
  `is_allow` tinyint(1) NOT NULL DEFAULT '0',
  `privileges` varchar(255) NOT NULL,
  PRIMARY KEY (`tm_user_role_id`,`tm_user_resource_id`),
  KEY `tm_user_resource_id` (`tm_user_resource_id`)
) ENGINE=InnoDB DEFAULT CHARSET=utf8;

--
-- Дамп данных таблицы `tm_acl_role`
--

INSERT INTO `tm_acl_role` (`tm_user_role_id`, `tm_user_resource_id`, `is_allow`, `privileges`) VALUES
(1, 1, 1, 'show'),
(1, 2, 1, 'show'),
(1, 3, 1, 'show'),
(1, 4, 1, 'show,show-my-task,show-my-discussion,show-my-reports'),
(1, 5, 1, 'show'),
(1, 6, 1, 'show'),
(1, 7, 1, 'show'),
(1, 8, 1, 'show'),
(1, 15, 1, 'show,show-attribute-hash,show-attribute-type,show-resource'),
(1, 19, 1, 'show'),
(1, 20, 1, 'show'),
(1, 21, 1, 'show'),
(1, 22, 1, 'show'),
(1, 23, 1, 'show'),
(1, 24, 1, 'show'),
(1, 25, 1, 'show'),
(1, 26, 1, 'show,show-attribute-hash,show-attribute-type,show-archive'),
(1, 27, 1, 'show'),
(1, 28, 1, 'show'),
(1, 29, 1, 'show'),
(1, 30, 1, 'show'),
(1, 31, 1, 'show'),
(1, 32, 1, 'show'),
(1, 33, 1, 'show'),
(1, 34, 1, 'show'),
(1, 35, 1, 'show'),
(1, 36, 1, 'show'),
(1, 37, 1, 'show,show-attribute-hash,show-attribute-type'),
(1, 38, 1, 'show'),
(1, 39, 1, 'show'),
(1, 40, 1, 'show'),
(1, 41, 1, 'show'),
(1, 42, 1, 'show'),
(1, 43, 1, 'show'),
(1, 44, 1, 'show'),
(1, 45, 1, 'show'),
(1, 46, 1, 'show'),
(1, 47, 1, 'show'),
(1, 48, 1, 'show'),
(1, 49, 1, 'show'),
(1, 50, 1, 'show'),
(1, 51, 1, 'show'),
(1, 52, 1, 'show'),
(1, 53, 1, 'show'),
(1, 54, 1, 'show'),
(1, 55, 1, 'show'),
(1, 56, 1, 'show'),
(1, 57, 1, 'show'),
(1, 58, 1, 'show'),
(1, 59, 1, 'show'),
(1, 60, 1, 'show'),
(1, 61, 1, 'show'),
(1, 62, 1, 'show'),
(1, 63, 1, 'show'),
(1, 64, 1, 'show'),
(1, 65, 1, 'show'),
(1, 66, 1, 'show'),
(1, 67, 1, 'show'),
(1, 68, 1, 'show'),
(1, 69, 1, 'show'),
(1, 70, 1, 'show'),
(1, 71, 1, 'show'),
(1, 72, 1, 'show'),
(1, 73, 0, 'show'),
(1, 74, 1, 'show'),
(1, 75, 1, 'show'),
(1, 76, 1, 'show'),
(1, 77, 1, 'show'),
(1, 78, 1, 'show'),
(1, 79, 1, 'show'),
(1, 80, 1, 'show'),
(1, 81, 1, 'show'),
(1, 82, 1, 'show'),
(1, 83, 1, 'show'),
(1, 84, 1, 'show'),
(1, 85, 1, 'show'),
(1, 86, 1, 'show'),
(1, 87, 1, 'show'),
(1, 88, 1, 'show'),
(1, 89, 1, 'show'),
(1, 90, 1, 'show'),
(1, 91, 1, 'show'),
(1, 92, 1, 'show'),
(1, 93, 1, 'show'),
(1, 94, 1, 'show'),
(3, 1, 1, 'show'),
(3, 2, 1, 'show'),
(3, 3, 1, 'show'),
(3, 4, 1, 'show,show-my-task,show-my-discussion,show-my-reports'),
(3, 5, 0, 'show'),
(3, 6, 0, 'show'),
(3, 7, 0, 'show'),
(3, 8, 0, 'show'),
(3, 15, 0, 'show'),
(3, 19, 0, 'show'),
(3, 20, 0, 'show'),
(3, 21, 0, 'show'),
(3, 22, 0, 'show'),
(3, 23, 0, 'show'),
(3, 24, 0, 'show'),
(3, 25, 0, 'show'),
(3, 26, 1, 'show'),
(3, 27, 0, 'show'),
(3, 28, 0, 'show'),
(3, 29, 0, 'show'),
(3, 30, 0, 'show'),
(3, 31, 0, 'show'),
(3, 32, 0, 'show'),
(3, 33, 0, 'show'),
(3, 34, 0, 'show'),
(3, 35, 0, 'show'),
(3, 36, 0, 'show'),
(3, 37, 1, 'show'),
(3, 38, 0, 'show'),
(3, 39, 0, 'show'),
(3, 40, 0, 'show'),
(3, 41, 0, 'show'),
(3, 42, 0, 'show'),
(3, 43, 0, 'show'),
(3, 44, 0, 'show'),
(3, 45, 0, 'show'),
(3, 46, 0, 'show'),
(3, 47, 0, 'show'),
(3, 48, 0, 'show'),
(3, 49, 0, 'show'),
(3, 50, 1, 'show'),
(3, 51, 0, 'show'),
(3, 52, 0, 'show'),
(3, 53, 0, 'show'),
(3, 54, 0, 'show'),
(3, 55, 0, 'show'),
(3, 56, 0, 'show'),
(3, 57, 0, 'show'),
(3, 58, 1, 'show'),
(3, 59, 0, 'show'),
(3, 60, 1, 'show'),
(3, 61, 0, 'show'),
(3, 62, 0, 'show'),
(3, 63, 0, 'show'),
(3, 64, 1, 'show'),
(3, 65, 1, 'show'),
(3, 66, 1, 'show'),
(3, 67, 0, 'show'),
(3, 68, 0, 'show'),
(3, 69, 0, 'show'),
(3, 70, 0, 'show'),
(3, 71, 0, 'show'),
(3, 72, 0, 'show'),
(3, 73, 1, 'show'),
(3, 74, 1, 'show'),
(3, 75, 1, 'show'),
(3, 76, 1, 'show'),
(3, 77, 1, 'show'),
(3, 78, 1, 'show'),
(3, 79, 0, 'show'),
(3, 80, 0, 'show'),
(3, 81, 0, 'show'),
(3, 82, 0, 'show'),
(3, 83, 0, 'show'),
(3, 84, 0, 'show'),
(3, 85, 0, 'show'),
(3, 86, 1, 'show'),
(4, 1, 1, 'show'),
(4, 2, 1, 'show'),
(4, 3, 1, 'show'),
(4, 4, 1, 'show,show-my-task,show-my-discussion'),
(4, 5, 0, 'show'),
(4, 6, 0, 'show'),
(4, 7, 0, 'show'),
(4, 8, 0, 'show'),
(4, 15, 0, 'show'),
(4, 19, 0, 'show'),
(4, 20, 0, 'show'),
(4, 21, 0, 'show'),
(4, 22, 0, 'show'),
(4, 23, 0, 'show'),
(4, 24, 0, 'show'),
(4, 25, 0, 'show'),
(4, 26, 1, 'show'),
(4, 27, 0, 'show'),
(4, 28, 0, 'show'),
(4, 29, 0, 'show'),
(4, 30, 0, 'show'),
(4, 31, 0, 'show'),
(4, 32, 0, 'show'),
(4, 33, 0, 'show'),
(4, 34, 0, 'show'),
(4, 35, 0, 'show'),
(4, 36, 0, 'show'),
(4, 37, 1, 'show'),
(4, 38, 1, 'show'),
(4, 39, 1, 'show'),
(4, 40, 0, 'show'),
(4, 41, 0, 'show'),
(4, 42, 0, 'show'),
(4, 43, 0, 'show'),
(4, 44, 0, 'show'),
(4, 45, 0, 'show'),
(4, 46, 0, 'show'),
(4, 47, 0, 'show'),
(4, 48, 0, 'show'),
(4, 49, 0, 'show'),
(4, 50, 1, 'show'),
(4, 51, 1, 'show'),
(4, 52, 1, 'show'),
(4, 53, 0, 'show'),
(4, 54, 0, 'show'),
(4, 55, 0, 'show'),
(4, 56, 0, 'show'),
(4, 57, 1, 'show'),
(4, 58, 0, 'show'),
(4, 59, 0, 'show'),
(4, 60, 0, 'show'),
(4, 61, 0, 'show'),
(4, 62, 0, 'show'),
(4, 63, 0, 'show'),
(4, 64, 0, 'show'),
(4, 65, 0, 'show'),
(4, 66, 1, 'show'),
(4, 67, 0, 'show'),
(4, 68, 0, 'show'),
(4, 69, 0, 'show'),
(4, 70, 0, 'show'),
(4, 71, 0, 'show'),
(4, 72, 0, 'show'),
(4, 73, 1, 'show'),
(4, 74, 1, 'show'),
(4, 75, 1, 'show'),
(4, 76, 1, 'show'),
(4, 77, 1, 'show'),
(4, 78, 0, 'show'),
(4, 79, 0, 'show'),
(4, 80, 0, 'show'),
(4, 81, 0, 'show'),
(4, 82, 0, 'show'),
(4, 83, 0, 'show'),
(4, 84, 0, 'show'),
(4, 85, 0, 'show'),
(4, 86, 1, 'show'),
(5, 1, 1, 'show'),
(5, 2, 1, 'show'),
(5, 3, 1, 'show'),
(5, 4, 1, 'show'),
(5, 5, 0, 'show'),
(5, 6, 0, 'show'),
(5, 7, 0, 'show'),
(5, 8, 0, 'show'),
(5, 15, 0, 'show'),
(5, 19, 0, 'show'),
(5, 20, 0, 'show'),
(5, 21, 0, 'show'),
(5, 22, 0, 'show'),
(5, 23, 0, 'show'),
(5, 24, 0, 'show'),
(5, 25, 0, 'show'),
(5, 26, 0, 'show'),
(5, 27, 0, 'show'),
(5, 28, 0, 'show'),
(5, 29, 0, 'show'),
(5, 30, 0, 'show'),
(5, 31, 0, 'show'),
(5, 32, 0, 'show'),
(5, 33, 0, 'show'),
(5, 34, 0, 'show'),
(5, 35, 0, 'show'),
(5, 36, 0, 'show'),
(5, 37, 0, 'show'),
(5, 38, 0, 'show'),
(5, 39, 0, 'show'),
(5, 40, 0, 'show'),
(5, 41, 0, 'show'),
(5, 42, 0, 'show'),
(5, 43, 0, 'show'),
(5, 44, 0, 'show'),
(5, 45, 0, 'show'),
(5, 46, 0, 'show'),
(5, 47, 0, 'show'),
(5, 48, 0, 'show'),
(5, 49, 0, 'show'),
(5, 50, 0, 'show'),
(5, 51, 0, 'show'),
(5, 52, 0, 'show'),
(5, 53, 0, 'show'),
(5, 54, 0, 'show'),
(5, 55, 0, 'show'),
(5, 56, 0, 'show'),
(5, 57, 0, 'show'),
(5, 58, 0, 'show'),
(5, 59, 0, 'show'),
(5, 60, 0, 'show'),
(5, 61, 0, 'show'),
(5, 62, 0, 'show'),
(5, 63, 0, 'show'),
(5, 64, 0, 'show'),
(5, 65, 0, 'show'),
(5, 66, 0, 'show'),
(5, 67, 0, 'show'),
(5, 68, 0, 'show'),
(5, 69, 0, 'show'),
(5, 70, 0, 'show'),
(5, 71, 0, 'show'),
(5, 72, 0, 'show'),
(5, 73, 0, 'show'),
(5, 74, 0, 'show'),
(5, 75, 0, 'show'),
(5, 76, 0, 'show'),
(5, 77, 0, 'show'),
(5, 78, 0, 'show'),
(5, 79, 0, 'show'),
(5, 80, 0, 'show'),
(5, 81, 0, 'show'),
(5, 82, 0, 'show'),
(5, 83, 0, 'show'),
(5, 84, 0, 'show'),
(5, 85, 0, 'show'),
(5, 86, 0, 'show'),
(7, 1, 1, 'show'),
(7, 2, 1, 'show'),
(7, 3, 1, 'show'),
(7, 4, 1, 'show,show-my-task,show-my-discussion'),
(7, 5, 0, ''),
(7, 6, 0, ''),
(7, 7, 0, ''),
(7, 8, 0, ''),
(7, 15, 0, ''),
(7, 19, 0, ''),
(7, 20, 0, ''),
(7, 21, 0, ''),
(7, 22, 0, ''),
(7, 23, 0, ''),
(7, 24, 0, ''),
(7, 25, 0, ''),
(7, 26, 1, 'show'),
(7, 27, 0, ''),
(7, 28, 0, ''),
(7, 29, 0, ''),
(7, 30, 0, ''),
(7, 31, 0, ''),
(7, 32, 0, ''),
(7, 33, 0, ''),
(7, 34, 0, ''),
(7, 35, 0, ''),
(7, 36, 0, ''),
(7, 37, 1, 'show'),
(7, 38, 1, 'show'),
(7, 39, 1, 'show'),
(7, 40, 0, ''),
(7, 41, 0, ''),
(7, 42, 0, ''),
(7, 43, 0, ''),
(7, 44, 0, ''),
(7, 45, 0, ''),
(7, 46, 0, ''),
(7, 47, 0, ''),
(7, 48, 0, ''),
(7, 49, 0, ''),
(7, 50, 1, 'show'),
(7, 51, 1, 'show'),
(7, 52, 1, ''),
(7, 53, 0, ''),
(7, 54, 0, ''),
(7, 55, 0, ''),
(7, 56, 0, ''),
(7, 57, 1, 'show'),
(7, 58, 0, 'show'),
(7, 59, 0, ''),
(7, 60, 0, 'show'),
(7, 61, 0, ''),
(7, 62, 0, ''),
(7, 63, 0, ''),
(7, 64, 0, 'show'),
(7, 65, 0, 'show'),
(7, 66, 1, 'show'),
(7, 67, 0, ''),
(7, 68, 0, ''),
(7, 69, 0, ''),
(7, 70, 0, ''),
(7, 71, 0, ''),
(7, 72, 0, ''),
(7, 73, 1, 'show'),
(7, 74, 1, 'show'),
(7, 75, 1, 'show'),
(7, 76, 1, 'show'),
(7, 77, 0, 'show'),
(7, 78, 0, 'show'),
(7, 79, 0, 'show'),
(7, 80, 0, 'show'),
(7, 81, 0, 'show'),
(7, 82, 0, 'show'),
(7, 83, 0, 'show'),
(7, 84, 0, 'show'),
(7, 85, 0, 'show'),
(7, 86, 1, 'show'),
(7, 87, 0, 'show'),
(7, 88, 0, 'show'),
(7, 89, 0, 'show'),
(7, 90, 0, 'show'),
(7, 91, 0, 'show'),
(7, 92, 0, 'show'),
(7, 93, 0, 'show'),
(7, 94, 0, 'show'),
(8, 1, 1, 'show'),
(8, 2, 1, 'show'),
(8, 3, 1, 'show'),
(8, 4, 1, 'show,show-my-task,show-my-discussion'),
(8, 5, 0, 'show'),
(8, 6, 0, 'show'),
(8, 7, 0, 'show'),
(8, 8, 0, 'show'),
(8, 15, 0, 'show'),
(8, 19, 0, 'show'),
(8, 20, 0, 'show'),
(8, 21, 0, 'show'),
(8, 22, 0, 'show'),
(8, 23, 0, 'show'),
(8, 24, 0, 'show'),
(8, 25, 0, 'show'),
(8, 26, 0, 'show'),
(8, 27, 0, 'show'),
(8, 28, 0, 'show'),
(8, 29, 0, 'show'),
(8, 30, 0, 'show'),
(8, 31, 0, 'show'),
(8, 32, 0, 'show'),
(8, 33, 0, 'show'),
(8, 34, 0, 'show'),
(8, 35, 0, 'show'),
(8, 36, 0, 'show'),
(8, 37, 1, 'show'),
(8, 38, 1, 'show'),
(8, 39, 1, 'show'),
(8, 40, 0, 'show'),
(8, 41, 0, 'show'),
(8, 42, 0, 'show'),
(8, 43, 0, 'show'),
(8, 44, 0, 'show'),
(8, 45, 0, 'show'),
(8, 46, 0, 'show'),
(8, 47, 0, 'show'),
(8, 48, 0, 'show'),
(8, 49, 0, 'show'),
(8, 50, 1, 'show'),
(8, 51, 1, 'show'),
(8, 52, 1, 'show'),
(8, 53, 0, 'show'),
(8, 54, 0, 'show'),
(8, 55, 0, 'show'),
(8, 56, 0, 'show'),
(8, 57, 1, 'show'),
(8, 58, 0, 'show'),
(8, 59, 0, 'show'),
(8, 60, 0, 'show'),
(8, 61, 0, 'show'),
(8, 62, 0, 'show'),
(8, 63, 0, 'show'),
(8, 64, 0, 'show'),
(8, 65, 0, 'show'),
(8, 66, 0, 'show'),
(8, 67, 0, 'show'),
(8, 68, 0, 'show'),
(8, 69, 0, 'show'),
(8, 70, 0, 'show'),
(8, 71, 0, 'show'),
(8, 72, 0, 'show'),
(8, 73, 0, 'show'),
(8, 74, 1, 'show'),
(8, 75, 0, 'show'),
(8, 76, 1, 'show'),
(8, 77, 0, 'show'),
(8, 78, 0, 'show'),
(8, 79, 0, 'show'),
(8, 80, 0, 'show'),
(8, 81, 0, 'show'),
(8, 82, 0, 'show'),
(8, 83, 0, 'show'),
(8, 84, 0, 'show'),
(8, 85, 0, 'show'),
(8, 86, 1, 'show'),
(9, 1, 1, 'show'),
(9, 2, 1, 'show'),
(9, 3, 1, 'show'),
(9, 4, 1, 'show,show-my-task,show-my-discussion,show-my-reports'),
(9, 5, 0, 'show'),
(9, 6, 0, 'show'),
(9, 7, 0, 'show'),
(9, 8, 0, 'show'),
(9, 15, 0, 'show'),
(9, 19, 0, 'show'),
(9, 20, 0, 'show'),
(9, 21, 0, 'show'),
(9, 22, 0, 'show'),
(9, 23, 0, 'show'),
(9, 24, 0, 'show'),
(9, 25, 0, 'show'),
(9, 26, 1, 'show'),
(9, 27, 0, 'show'),
(9, 28, 0, 'show'),
(9, 29, 0, 'show'),
(9, 30, 0, 'show'),
(9, 31, 0, 'show'),
(9, 32, 0, 'show'),
(9, 33, 0, 'show'),
(9, 34, 0, 'show'),
(9, 35, 0, 'show'),
(9, 36, 0, 'show'),
(9, 37, 1, 'show'),
(9, 38, 1, 'show'),
(9, 39, 1, 'show'),
(9, 40, 0, 'show'),
(9, 41, 0, 'show'),
(9, 42, 0, 'show'),
(9, 43, 0, 'show'),
(9, 44, 0, 'show'),
(9, 45, 0, 'show'),
(9, 46, 0, 'show'),
(9, 47, 0, 'show'),
(9, 48, 0, 'show'),
(9, 49, 0, 'show'),
(9, 50, 1, 'show'),
(9, 51, 1, 'show'),
(9, 52, 1, 'show'),
(9, 53, 0, 'show'),
(9, 54, 0, 'show'),
(9, 55, 0, 'show'),
(9, 56, 0, 'show'),
(9, 57, 1, 'show'),
(9, 58, 1, 'show'),
(9, 59, 0, 'show'),
(9, 60, 1, 'show'),
(9, 61, 0, 'show'),
(9, 62, 0, 'show'),
(9, 63, 0, 'show'),
(9, 64, 1, 'show'),
(9, 65, 1, 'show'),
(9, 66, 1, 'show'),
(9, 67, 0, 'show'),
(9, 68, 0, 'show'),
(9, 69, 0, 'show'),
(9, 70, 0, 'show'),
(9, 71, 0, 'show'),
(9, 72, 0, 'show'),
(9, 73, 1, 'show'),
(9, 74, 1, 'show'),
(9, 75, 1, 'show'),
(9, 76, 1, 'show'),
(9, 77, 1, 'show'),
(9, 78, 1, 'show'),
(9, 79, 0, 'show'),
(9, 80, 0, 'show'),
(9, 81, 0, 'show'),
(9, 82, 0, 'show'),
(9, 83, 0, 'show'),
(9, 84, 0, 'show'),
(9, 85, 0, 'show'),
(9, 86, 1, 'show'),
(10, 1, 1, 'show'),
(10, 2, 1, 'show'),
(10, 3, 1, 'show'),
(10, 4, 1, 'show'),
(10, 5, 1, 'show'),
(10, 6, 1, 'show'),
(10, 7, 1, 'show'),
(10, 8, 1, 'show'),
(10, 15, 1, 'show'),
(10, 19, 0, 'show'),
(10, 20, 0, 'show'),
(10, 21, 0, 'show'),
(10, 22, 0, 'show'),
(10, 23, 0, 'show'),
(10, 24, 0, 'show'),
(10, 25, 0, 'show'),
(10, 26, 1, 'show'),
(10, 27, 1, 'show'),
(10, 28, 1, 'show'),
(10, 29, 1, 'show'),
(10, 30, 0, 'show'),
(10, 31, 0, 'show'),
(10, 32, 0, 'show'),
(10, 33, 0, 'show'),
(10, 34, 0, 'show'),
(10, 35, 0, 'show'),
(10, 36, 1, 'show'),
(10, 37, 1, 'show'),
(10, 38, 1, 'show'),
(10, 39, 1, 'show'),
(10, 40, 1, 'show'),
(10, 41, 1, 'show'),
(10, 42, 1, 'show'),
(10, 43, 1, 'show'),
(10, 44, 1, 'show'),
(10, 45, 0, 'show'),
(10, 46, 0, 'show'),
(10, 47, 0, 'show'),
(10, 48, 0, 'show'),
(10, 49, 0, 'show'),
(10, 50, 1, 'show'),
(10, 51, 1, 'show'),
(10, 52, 1, 'show'),
(10, 53, 1, 'show'),
(10, 54, 1, 'show'),
(10, 55, 1, 'show'),
(10, 56, 1, 'show'),
(10, 57, 1, 'show'),
(10, 58, 1, 'show'),
(10, 59, 0, 'show'),
(10, 60, 1, 'show'),
(10, 61, 1, 'show'),
(10, 62, 1, 'show'),
(10, 63, 1, 'show'),
(10, 64, 1, 'show'),
(10, 65, 1, 'show'),
(10, 66, 1, 'show'),
(10, 67, 0, 'show'),
(10, 68, 0, 'show'),
(10, 69, 0, 'show'),
(10, 70, 0, 'show'),
(10, 71, 0, 'show'),
(10, 72, 0, 'show'),
(10, 73, 0, 'show'),
(10, 74, 1, 'show'),
(10, 75, 1, 'show'),
(10, 76, 1, 'show'),
(10, 77, 1, 'show'),
(10, 78, 1, 'show'),
(10, 79, 0, 'show'),
(10, 80, 0, 'show'),
(10, 81, 0, 'show'),
(10, 82, 0, 'show'),
(10, 83, 0, 'show'),
(10, 84, 0, 'show'),
(10, 85, 0, 'show'),
(10, 86, 1, 'show'),
(11, 1, 1, 'show'),
(11, 2, 1, 'show'),
(11, 3, 1, 'show'),
(11, 4, 1, 'show'),
(11, 5, 1, 'show'),
(11, 6, 1, 'show'),
(11, 7, 1, 'show'),
(11, 8, 1, 'show'),
(11, 15, 1, 'show'),
(11, 19, 1, 'show'),
(11, 20, 1, 'show'),
(11, 21, 1, 'show'),
(11, 22, 1, 'show'),
(11, 23, 1, 'show'),
(11, 24, 1, 'show'),
(11, 25, 1, 'show'),
(11, 26, 1, 'show'),
(11, 27, 1, 'show'),
(11, 28, 1, 'show'),
(11, 29, 1, 'show'),
(11, 30, 1, 'show'),
(11, 31, 1, 'show'),
(11, 32, 1, 'show'),
(11, 33, 1, 'show'),
(11, 34, 1, 'show'),
(11, 35, 1, 'show'),
(11, 36, 1, 'show'),
(11, 37, 1, 'show'),
(11, 38, 1, 'show'),
(11, 39, 1, 'show'),
(11, 40, 1, 'show'),
(11, 41, 1, 'show'),
(11, 42, 1, 'show'),
(11, 43, 1, 'show'),
(11, 44, 1, 'show'),
(11, 45, 1, 'show'),
(11, 46, 1, 'show'),
(11, 47, 1, 'show'),
(11, 48, 1, 'show'),
(11, 49, 1, 'show'),
(11, 50, 1, 'show'),
(11, 51, 1, 'show'),
(11, 52, 1, 'show'),
(11, 53, 1, 'show'),
(11, 54, 1, 'show'),
(11, 55, 1, 'show'),
(11, 56, 1, 'show'),
(11, 57, 1, 'show'),
(11, 58, 1, 'show'),
(11, 59, 1, 'show'),
(11, 60, 1, 'show'),
(11, 61, 1, 'show'),
(11, 62, 1, 'show'),
(11, 63, 1, 'show'),
(11, 64, 1, 'show'),
(11, 65, 1, 'show'),
(11, 66, 1, 'show'),
(11, 67, 1, 'show'),
(11, 68, 1, 'show'),
(11, 69, 1, 'show'),
(11, 70, 1, 'show'),
(11, 71, 1, 'show'),
(11, 72, 1, 'show'),
(11, 73, 1, 'show'),
(11, 74, 1, 'show'),
(11, 75, 1, 'show'),
(11, 76, 1, 'show'),
(11, 77, 1, 'show'),
(11, 78, 1, 'show'),
(11, 79, 1, 'show'),
(11, 80, 1, 'show'),
(11, 81, 1, 'show'),
(11, 82, 1, 'show'),
(11, 83, 1, 'show'),
(11, 84, 1, 'show'),
(11, 85, 1, 'show'),
(11, 86, 1, 'show'),
(11, 87, 1, 'show'),
(11, 88, 1, 'show'),
(11, 89, 1, 'show'),
(11, 90, 1, 'show'),
(11, 91, 1, 'show');

-- --------------------------------------------------------

--
-- Структура таблицы `tm_acl_task`
--

DROP TABLE IF EXISTS `tm_acl_task`;
CREATE TABLE IF NOT EXISTS `tm_acl_task` (
  `user_id` int(10) unsigned NOT NULL,
  `task_id` int(10) unsigned NOT NULL,
  `is_read` tinyint(1) NOT NULL DEFAULT '0',
  `is_write` tinyint(1) NOT NULL DEFAULT '0',
  `is_executant` tinyint(1) DEFAULT '0',
  PRIMARY KEY (`user_id`,`task_id`),
  KEY `fk_tm_acl_tm_user1` (`user_id`),
  KEY `fk_tm_acl_tm_task1` (`task_id`)
) ENGINE=InnoDB DEFAULT CHARSET=utf8;

--
-- Дамп данных таблицы `tm_acl_task`
--

INSERT INTO `tm_acl_task` (`user_id`, `task_id`, `is_read`, `is_write`, `is_executant`) VALUES
(1, 181, 1, 1, 1),
(1, 193, 1, 1, 0),
(1, 194, 1, 1, 0),
(1, 195, 1, 1, 0),
(1, 196, 1, 1, 0),
(1, 197, 1, 1, 0),
(1, 198, 1, 1, 0),
(1, 199, 1, 1, 0),
(1, 200, 1, 1, 0),
(1, 201, 1, 1, 0),
(1, 202, 1, 1, 0),
(1, 203, 1, 1, 0),
(1, 204, 1, 1, 0),
(1, 205, 1, 1, 0),
(1, 206, 1, 1, 0),
(1, 207, 1, 1, 0),
(1, 208, 1, 1, 0),
(1, 209, 1, 1, 0),
(1, 210, 1, 1, 0),
(1, 211, 1, 1, 0),
(1, 212, 1, 1, 0),
(1, 213, 1, 1, 0),
(1, 214, 1, 1, 0),
(1, 215, 1, 1, 0),
(1, 216, 1, 1, 0),
(1, 217, 1, 1, 0),
(1, 218, 1, 1, 0),
(1, 219, 1, 1, 0),
(1, 220, 1, 1, 0),
(1, 221, 1, 1, 0),
(1, 222, 1, 1, 0),
(1, 223, 1, 1, 0),
(1, 224, 1, 1, 0),
(1, 225, 1, 1, 0),
(1, 226, 1, 1, 0),
(1, 227, 1, 1, 0),
(1, 228, 1, 1, 0),
(1, 229, 1, 1, 0),
(1, 230, 1, 1, 0),
(1, 231, 1, 1, 0),
(1, 232, 1, 1, 0),
(1, 233, 1, 1, 0),
(1, 235, 1, 1, 0),
(1, 236, 1, 1, 0),
(1, 237, 1, 1, 0),
(1, 238, 1, 1, 0),
(1, 239, 1, 1, 0),
(1, 240, 1, 1, 0),
(1, 241, 1, 1, 0),
(1, 242, 1, 1, 0),
(1, 243, 1, 1, 0),
(1, 244, 1, 1, 0),
(1, 245, 1, 1, 0),
(1, 246, 1, 1, 0),
(1, 247, 1, 1, 0),
(1, 262, 1, 1, 0),
(1, 263, 0, 0, 0),
(1, 264, 0, 0, 0),
(1, 269, 0, 0, 0),
(1, 271, 0, 0, 0),
(1, 272, 0, 0, 0),
(1, 273, 0, 0, 0),
(1, 274, 0, 0, 0),
(1, 275, 1, 1, 1),
(1, 276, 0, 0, 0),
(1, 277, 0, 0, 0),
(1, 278, 0, 0, 0),
(1, 279, 0, 0, 0),
(1, 280, 0, 0, 0),
(1, 281, 0, 0, 0),
(1, 282, 0, 0, 0),
(1, 283, 0, 0, 0),
(1, 285, 0, 0, 0),
(1, 288, 0, 0, 0),
(1, 289, 0, 0, 0),
(5, 181, 1, 1, 0),
(5, 193, 1, 1, 0),
(5, 194, 1, 1, 0),
(5, 195, 1, 1, 0),
(5, 196, 1, 1, 0),
(5, 197, 1, 1, 0),
(5, 198, 1, 1, 0),
(5, 199, 1, 1, 0),
(5, 200, 1, 1, 0),
(5, 201, 1, 1, 0),
(5, 202, 1, 1, 0),
(5, 203, 1, 1, 0),
(5, 204, 1, 1, 0),
(5, 205, 1, 1, 0),
(5, 206, 1, 1, 0),
(5, 207, 1, 1, 0),
(5, 208, 1, 1, 0),
(5, 209, 1, 1, 0),
(5, 210, 1, 1, 0),
(5, 211, 1, 1, 0),
(5, 212, 1, 1, 0),
(5, 213, 1, 1, 0),
(5, 214, 1, 1, 0),
(5, 215, 1, 1, 0),
(5, 216, 1, 1, 0),
(5, 217, 1, 1, 0),
(5, 218, 1, 1, 0),
(5, 219, 1, 1, 0),
(5, 220, 1, 1, 0),
(5, 221, 1, 1, 0),
(5, 222, 1, 1, 0),
(5, 223, 1, 1, 0),
(5, 224, 1, 1, 0),
(5, 225, 1, 1, 0),
(5, 226, 1, 1, 0),
(5, 227, 1, 1, 0),
(5, 228, 1, 1, 0),
(5, 229, 1, 1, 0),
(5, 230, 1, 1, 0),
(5, 231, 1, 1, 0),
(5, 232, 1, 1, 0),
(5, 233, 1, 1, 0),
(5, 235, 1, 1, 0),
(5, 236, 1, 1, 0),
(5, 237, 1, 1, 0),
(5, 238, 1, 1, 0),
(5, 239, 1, 1, 0),
(5, 240, 1, 1, 0),
(5, 241, 1, 1, 0),
(5, 242, 1, 1, 0),
(5, 243, 1, 1, 0),
(5, 244, 1, 1, 0),
(5, 245, 1, 1, 0),
(5, 246, 1, 1, 0),
(5, 247, 1, 1, 0),
(5, 262, 0, 0, 0),
(5, 263, 0, 0, 0),
(5, 264, 0, 0, 0),
(5, 269, 0, 0, 0),
(5, 271, 0, 0, 0),
(5, 272, 0, 0, 0),
(5, 273, 0, 0, 0),
(5, 274, 0, 0, 0),
(5, 275, 0, 0, 0),
(5, 276, 0, 0, 0),
(5, 277, 0, 0, 0),
(5, 278, 0, 0, 0),
(5, 279, 0, 0, 0),
(5, 280, 0, 0, 0),
(5, 281, 0, 0, 0),
(5, 282, 0, 0, 0),
(5, 283, 0, 0, 0),
(5, 285, 0, 0, 0),
(5, 288, 0, 0, 0),
(5, 289, 0, 0, 0),
(7, 181, 1, 1, 0),
(7, 193, 1, 1, 0),
(7, 194, 1, 1, 0),
(7, 195, 1, 1, 0),
(7, 196, 1, 1, 0),
(7, 197, 1, 1, 0),
(7, 198, 1, 1, 0),
(7, 199, 1, 1, 0),
(7, 200, 1, 1, 0),
(7, 201, 1, 1, 0),
(7, 202, 1, 1, 0),
(7, 203, 1, 1, 0),
(7, 204, 1, 1, 0),
(7, 205, 1, 1, 0),
(7, 206, 1, 1, 0),
(7, 207, 1, 1, 0),
(7, 208, 1, 1, 0),
(7, 209, 1, 1, 0),
(7, 210, 1, 1, 0),
(7, 211, 1, 1, 0),
(7, 212, 1, 1, 0),
(7, 213, 1, 1, 0),
(7, 214, 1, 1, 0),
(7, 215, 1, 1, 0),
(7, 216, 1, 1, 0),
(7, 217, 1, 1, 0),
(7, 218, 1, 1, 0),
(7, 219, 1, 1, 0),
(7, 220, 1, 1, 0),
(7, 221, 1, 1, 0),
(7, 222, 1, 1, 0),
(7, 223, 1, 1, 0),
(7, 224, 1, 1, 0),
(7, 225, 1, 1, 0),
(7, 226, 1, 1, 0),
(7, 227, 1, 1, 0),
(7, 228, 1, 1, 0),
(7, 229, 1, 1, 0),
(7, 230, 1, 1, 0),
(7, 231, 1, 1, 0),
(7, 232, 1, 1, 0),
(7, 233, 1, 1, 0),
(7, 235, 1, 1, 0),
(7, 236, 1, 1, 0),
(7, 237, 1, 1, 0),
(7, 238, 1, 1, 0),
(7, 239, 1, 1, 0),
(7, 240, 1, 1, 0),
(7, 241, 1, 1, 0),
(7, 242, 1, 1, 0),
(7, 243, 1, 1, 0),
(7, 244, 1, 1, 0),
(7, 245, 1, 1, 0),
(7, 246, 1, 1, 0),
(7, 247, 1, 1, 0),
(7, 262, 0, 0, 0),
(7, 263, 0, 0, 0),
(7, 264, 0, 0, 0),
(7, 269, 0, 0, 0),
(7, 271, 0, 0, 0),
(7, 272, 0, 0, 0),
(7, 273, 0, 0, 0),
(7, 274, 0, 0, 0),
(7, 275, 1, 1, 1),
(7, 276, 0, 0, 0),
(7, 277, 0, 0, 0),
(7, 278, 0, 0, 0),
(7, 279, 0, 0, 0),
(7, 280, 0, 0, 0),
(7, 281, 0, 0, 0),
(7, 282, 0, 0, 0),
(7, 283, 0, 0, 0),
(7, 285, 0, 0, 0),
(7, 288, 0, 0, 0),
(7, 289, 0, 0, 0),
(8, 181, 1, 1, 0),
(8, 193, 1, 1, 0),
(8, 194, 1, 1, 0),
(8, 195, 1, 1, 0),
(8, 196, 1, 1, 0),
(8, 197, 1, 1, 0),
(8, 198, 1, 1, 0),
(8, 199, 1, 1, 0),
(8, 200, 1, 1, 0),
(8, 201, 1, 1, 0),
(8, 202, 1, 1, 0),
(8, 203, 1, 1, 0),
(8, 204, 1, 1, 0),
(8, 205, 1, 1, 0),
(8, 206, 1, 1, 0),
(8, 207, 1, 1, 0),
(8, 208, 1, 1, 0),
(8, 209, 1, 1, 0),
(8, 210, 1, 1, 0),
(8, 211, 1, 1, 0),
(8, 212, 1, 1, 0),
(8, 213, 1, 1, 0),
(8, 214, 1, 1, 0),
(8, 215, 1, 1, 0),
(8, 216, 1, 1, 0),
(8, 217, 1, 1, 0),
(8, 218, 1, 1, 0),
(8, 219, 1, 1, 0),
(8, 220, 1, 1, 0),
(8, 221, 1, 1, 0),
(8, 222, 1, 1, 0),
(8, 223, 1, 1, 0),
(8, 224, 1, 1, 0),
(8, 225, 1, 1, 0),
(8, 226, 1, 1, 0),
(8, 227, 1, 1, 0),
(8, 228, 1, 1, 0),
(8, 229, 1, 1, 0),
(8, 230, 1, 1, 0),
(8, 231, 1, 1, 0),
(8, 232, 1, 1, 0),
(8, 233, 1, 1, 0),
(8, 235, 1, 1, 0),
(8, 236, 1, 1, 0),
(8, 237, 1, 1, 0),
(8, 238, 1, 1, 0),
(8, 239, 1, 1, 0),
(8, 240, 1, 1, 0),
(8, 241, 1, 1, 0),
(8, 242, 1, 1, 0),
(8, 243, 1, 1, 0),
(8, 244, 1, 1, 0),
(8, 245, 1, 1, 0),
(8, 246, 1, 1, 0),
(8, 247, 1, 1, 0),
(8, 262, 0, 0, 0),
(8, 263, 0, 0, 0),
(8, 264, 0, 0, 0),
(8, 269, 0, 0, 0),
(8, 271, 0, 0, 0),
(8, 272, 0, 0, 0),
(8, 273, 0, 0, 0),
(8, 274, 0, 0, 0),
(8, 275, 0, 0, 0),
(8, 276, 0, 0, 0),
(8, 277, 0, 0, 0),
(8, 278, 0, 0, 0),
(8, 279, 0, 0, 0),
(8, 280, 0, 0, 0),
(8, 281, 0, 0, 0),
(8, 282, 0, 0, 0),
(8, 283, 0, 0, 0),
(8, 285, 0, 0, 0),
(8, 288, 0, 0, 0),
(8, 289, 0, 0, 0),
(9, 181, 1, 1, 0),
(9, 193, 1, 1, 0),
(9, 194, 1, 1, 0),
(9, 195, 1, 1, 0),
(9, 196, 1, 1, 0),
(9, 197, 1, 1, 0),
(9, 198, 1, 1, 0),
(9, 199, 1, 1, 0),
(9, 200, 1, 1, 0),
(9, 201, 1, 1, 0),
(9, 202, 1, 1, 0),
(9, 203, 1, 1, 0),
(9, 204, 1, 1, 0),
(9, 205, 1, 1, 0),
(9, 206, 1, 1, 0),
(9, 207, 1, 1, 0),
(9, 208, 1, 1, 0),
(9, 209, 1, 1, 0),
(9, 210, 1, 1, 0),
(9, 211, 1, 1, 0),
(9, 212, 1, 1, 0),
(9, 213, 1, 1, 0),
(9, 214, 1, 1, 0),
(9, 215, 1, 1, 0),
(9, 216, 1, 1, 0),
(9, 217, 1, 1, 0),
(9, 218, 1, 1, 0),
(9, 219, 1, 1, 0),
(9, 220, 1, 1, 0),
(9, 221, 1, 1, 0),
(9, 222, 1, 1, 0),
(9, 223, 1, 1, 0),
(9, 224, 1, 1, 0),
(9, 225, 1, 1, 0),
(9, 226, 1, 1, 0),
(9, 227, 1, 1, 0),
(9, 228, 1, 1, 0),
(9, 229, 1, 1, 0),
(9, 230, 1, 1, 0),
(9, 231, 1, 1, 0),
(9, 232, 1, 1, 0),
(9, 233, 1, 1, 0),
(9, 235, 1, 1, 0),
(9, 236, 1, 1, 0),
(9, 237, 1, 1, 0),
(9, 238, 1, 1, 0),
(9, 239, 1, 1, 0),
(9, 240, 1, 1, 0),
(9, 241, 1, 1, 0),
(9, 242, 1, 1, 0),
(9, 243, 1, 1, 0),
(9, 244, 1, 1, 0),
(9, 245, 1, 1, 0),
(9, 246, 1, 1, 0),
(9, 247, 1, 1, 0),
(9, 262, 0, 0, 0),
(9, 263, 0, 0, 0),
(9, 264, 0, 0, 0),
(9, 269, 0, 0, 0),
(9, 271, 0, 0, 0),
(9, 272, 0, 0, 0),
(9, 273, 0, 0, 0),
(9, 274, 0, 0, 0),
(9, 275, 1, 1, 1),
(9, 276, 0, 0, 0),
(9, 277, 0, 0, 0),
(9, 278, 0, 0, 0),
(9, 279, 0, 0, 0),
(9, 280, 0, 0, 0),
(9, 281, 0, 0, 0),
(9, 282, 0, 0, 0),
(9, 283, 0, 0, 0),
(9, 285, 0, 0, 0),
(9, 288, 0, 0, 0),
(9, 289, 0, 0, 0),
(10, 181, 1, 1, 0),
(10, 193, 1, 1, 0),
(10, 194, 1, 1, 0),
(10, 195, 1, 1, 0),
(10, 196, 1, 1, 0),
(10, 197, 1, 1, 0),
(10, 198, 1, 1, 0),
(10, 199, 1, 1, 0),
(10, 200, 1, 1, 0),
(10, 201, 1, 1, 0),
(10, 202, 1, 1, 0),
(10, 203, 1, 1, 0),
(10, 204, 1, 1, 0),
(10, 205, 1, 1, 0),
(10, 206, 1, 1, 0),
(10, 207, 1, 1, 0),
(10, 208, 1, 1, 0),
(10, 209, 1, 1, 0),
(10, 210, 1, 1, 0),
(10, 211, 1, 1, 0),
(10, 212, 1, 1, 0),
(10, 213, 1, 1, 0),
(10, 214, 1, 1, 0),
(10, 215, 1, 1, 0),
(10, 216, 1, 1, 0),
(10, 217, 1, 1, 0),
(10, 218, 1, 1, 0),
(10, 219, 1, 1, 0),
(10, 220, 1, 1, 0),
(10, 221, 1, 1, 0),
(10, 222, 1, 1, 0),
(10, 223, 1, 1, 0),
(10, 224, 1, 1, 0),
(10, 225, 1, 1, 0),
(10, 226, 1, 1, 0),
(10, 227, 1, 1, 0),
(10, 228, 1, 1, 0),
(10, 229, 1, 1, 0),
(10, 230, 1, 1, 0),
(10, 231, 1, 1, 0),
(10, 232, 1, 1, 0),
(10, 233, 1, 1, 0),
(10, 235, 1, 1, 0),
(10, 236, 1, 1, 0),
(10, 237, 1, 1, 0),
(10, 238, 1, 1, 0),
(10, 239, 1, 1, 0),
(10, 240, 1, 1, 0),
(10, 241, 1, 1, 0),
(10, 242, 1, 1, 0),
(10, 243, 1, 1, 0),
(10, 244, 1, 1, 0),
(10, 245, 1, 1, 0),
(10, 246, 1, 1, 0),
(10, 247, 1, 1, 0),
(10, 262, 1, 1, 0),
(10, 263, 0, 0, 0),
(10, 264, 0, 0, 0),
(10, 269, 0, 0, 0),
(10, 271, 0, 0, 0),
(10, 272, 0, 0, 0),
(10, 273, 0, 0, 0),
(10, 274, 0, 0, 0),
(10, 275, 0, 0, 0),
(10, 276, 0, 0, 0),
(10, 277, 0, 0, 0),
(10, 278, 0, 0, 0),
(10, 279, 0, 0, 0),
(10, 280, 0, 0, 0),
(10, 281, 0, 0, 0),
(10, 282, 0, 0, 0),
(10, 283, 0, 0, 0),
(10, 285, 0, 0, 0),
(10, 288, 0, 0, 0),
(10, 289, 0, 0, 0),
(11, 193, 1, 1, 0),
(11, 194, 1, 1, 0),
(11, 195, 1, 1, 0),
(11, 196, 1, 1, 0),
(11, 197, 1, 1, 0),
(11, 198, 1, 1, 0),
(11, 199, 1, 1, 0),
(11, 200, 1, 1, 0),
(11, 201, 1, 1, 0),
(11, 202, 1, 1, 0),
(11, 203, 1, 1, 0),
(11, 204, 1, 1, 0),
(11, 205, 1, 1, 0),
(11, 206, 1, 1, 0),
(11, 207, 1, 1, 0),
(11, 208, 1, 1, 0),
(11, 209, 1, 1, 0),
(11, 210, 1, 1, 0),
(11, 211, 1, 1, 0),
(11, 212, 1, 1, 0),
(11, 213, 1, 1, 0),
(11, 214, 1, 1, 0),
(11, 215, 1, 1, 0),
(11, 216, 1, 1, 0),
(11, 217, 1, 1, 0),
(11, 218, 1, 1, 0),
(11, 219, 1, 1, 0),
(11, 220, 1, 1, 0),
(11, 221, 1, 1, 0),
(11, 222, 1, 1, 0),
(11, 223, 1, 1, 0),
(11, 224, 1, 1, 0),
(11, 225, 1, 1, 0),
(11, 226, 1, 1, 0),
(11, 227, 1, 1, 0),
(11, 228, 1, 1, 0),
(11, 229, 1, 1, 0),
(11, 230, 1, 1, 0),
(11, 231, 1, 1, 0),
(11, 232, 1, 1, 0),
(11, 233, 1, 1, 0),
(11, 235, 1, 1, 0),
(11, 236, 1, 1, 0),
(11, 237, 1, 1, 0),
(11, 238, 1, 1, 0),
(11, 239, 1, 1, 0),
(11, 240, 1, 1, 0),
(11, 241, 1, 1, 0),
(11, 242, 1, 1, 0),
(11, 243, 1, 1, 0),
(11, 244, 1, 1, 0),
(11, 245, 1, 1, 0),
(11, 246, 1, 1, 0),
(11, 247, 1, 1, 0),
(11, 262, 0, 0, 0),
(11, 263, 0, 0, 0),
(11, 264, 0, 0, 0),
(11, 269, 0, 0, 0),
(11, 271, 0, 0, 0),
(11, 272, 0, 0, 0),
(11, 273, 0, 0, 0),
(11, 274, 0, 0, 0),
(11, 275, 0, 0, 0),
(11, 276, 0, 0, 0),
(11, 277, 0, 0, 0),
(11, 278, 0, 0, 0),
(11, 279, 0, 0, 0),
(11, 280, 0, 0, 0),
(11, 281, 0, 0, 0),
(11, 282, 0, 0, 0),
(11, 283, 0, 0, 0),
(11, 285, 0, 0, 0),
(11, 288, 0, 0, 0),
(11, 289, 0, 0, 0),
(12, 193, 1, 1, 0),
(12, 194, 1, 1, 0),
(12, 195, 1, 1, 0),
(12, 196, 1, 1, 0),
(12, 197, 1, 1, 0),
(12, 198, 1, 1, 0),
(12, 199, 1, 1, 0),
(12, 200, 1, 1, 0),
(12, 201, 1, 1, 0),
(12, 202, 1, 1, 0),
(12, 203, 1, 1, 0),
(12, 204, 1, 1, 0),
(12, 205, 1, 1, 0),
(12, 206, 1, 1, 0),
(12, 207, 1, 1, 0),
(12, 208, 1, 1, 0),
(12, 209, 1, 1, 0),
(12, 210, 1, 1, 0),
(12, 211, 1, 1, 0),
(12, 212, 1, 1, 0),
(12, 213, 1, 1, 0),
(12, 214, 1, 1, 0),
(12, 215, 1, 1, 0),
(12, 216, 1, 1, 0),
(12, 217, 1, 1, 0),
(12, 218, 1, 1, 0),
(12, 219, 1, 1, 0),
(12, 220, 1, 1, 0),
(12, 221, 1, 1, 0),
(12, 222, 1, 1, 0),
(12, 223, 1, 1, 0),
(12, 224, 1, 1, 0),
(12, 225, 1, 1, 0),
(12, 226, 1, 1, 0),
(12, 227, 1, 1, 0),
(12, 228, 1, 1, 0),
(12, 229, 1, 1, 0),
(12, 230, 1, 1, 0),
(12, 231, 1, 1, 0),
(12, 232, 1, 1, 0),
(12, 233, 1, 1, 0),
(12, 235, 1, 1, 0),
(12, 236, 1, 1, 0),
(12, 237, 1, 1, 0),
(12, 238, 1, 1, 0),
(12, 239, 1, 1, 0),
(12, 240, 1, 1, 0),
(12, 241, 1, 1, 0),
(12, 242, 1, 1, 0),
(12, 243, 1, 1, 0),
(12, 244, 1, 1, 0),
(12, 245, 1, 1, 0),
(12, 246, 1, 1, 0),
(12, 247, 1, 1, 0),
(12, 262, 0, 0, 0),
(12, 263, 0, 0, 0),
(12, 264, 0, 0, 0),
(12, 269, 0, 0, 0),
(12, 271, 0, 0, 0),
(12, 272, 0, 0, 0),
(12, 273, 0, 0, 0),
(12, 274, 0, 0, 0),
(12, 275, 0, 0, 0),
(12, 276, 0, 0, 0),
(12, 277, 0, 0, 0),
(12, 278, 0, 0, 0),
(12, 279, 0, 0, 0),
(12, 280, 0, 0, 0),
(12, 281, 0, 0, 0),
(12, 282, 0, 0, 0),
(12, 283, 0, 0, 0),
(12, 285, 0, 0, 0),
(12, 288, 0, 0, 0),
(12, 289, 0, 0, 0),
(13, 193, 1, 1, 0),
(13, 194, 1, 1, 0),
(13, 195, 1, 1, 0),
(13, 196, 1, 1, 0),
(13, 197, 1, 1, 0),
(13, 198, 1, 1, 0),
(13, 199, 1, 1, 0),
(13, 200, 1, 1, 0),
(13, 201, 1, 1, 0),
(13, 202, 1, 1, 0),
(13, 203, 1, 1, 0),
(13, 204, 1, 1, 0),
(13, 205, 1, 1, 0),
(13, 206, 1, 1, 0),
(13, 207, 1, 1, 0),
(13, 208, 1, 1, 0),
(13, 209, 1, 1, 0),
(13, 210, 1, 1, 0),
(13, 211, 1, 1, 0),
(13, 212, 1, 1, 0),
(13, 213, 1, 1, 0),
(13, 214, 1, 1, 0),
(13, 215, 1, 1, 0),
(13, 216, 1, 1, 0),
(13, 217, 1, 1, 0),
(13, 218, 1, 1, 0),
(13, 219, 1, 1, 0),
(13, 220, 1, 1, 0),
(13, 221, 1, 1, 0),
(13, 222, 1, 1, 0),
(13, 223, 1, 1, 0),
(13, 224, 1, 1, 0),
(13, 225, 1, 1, 0),
(13, 226, 1, 1, 0),
(13, 227, 1, 1, 0),
(13, 228, 1, 1, 0),
(13, 229, 1, 1, 0),
(13, 230, 1, 1, 0),
(13, 231, 1, 1, 0),
(13, 232, 1, 1, 0),
(13, 233, 1, 1, 0),
(13, 235, 1, 1, 0),
(13, 236, 1, 1, 0),
(13, 237, 1, 1, 0),
(13, 238, 1, 1, 0),
(13, 239, 1, 1, 0),
(13, 240, 1, 1, 0),
(13, 241, 1, 1, 0),
(13, 242, 1, 1, 0),
(13, 243, 1, 1, 0),
(13, 244, 1, 1, 0),
(13, 245, 1, 1, 0),
(13, 246, 1, 1, 0),
(13, 247, 1, 1, 0),
(13, 262, 0, 0, 0),
(13, 263, 0, 0, 0),
(13, 264, 0, 0, 0),
(13, 269, 0, 0, 0),
(13, 271, 0, 0, 0),
(13, 272, 0, 0, 0),
(13, 273, 0, 0, 0),
(13, 274, 0, 0, 0),
(13, 275, 0, 0, 0),
(13, 276, 0, 0, 0),
(13, 277, 0, 0, 0),
(13, 278, 0, 0, 0),
(13, 279, 0, 0, 0),
(13, 280, 0, 0, 0),
(13, 281, 0, 0, 0),
(13, 282, 0, 0, 0),
(13, 283, 0, 0, 0),
(13, 285, 0, 0, 0),
(13, 288, 0, 0, 0),
(13, 289, 0, 0, 0),
(14, 193, 1, 1, 0),
(14, 194, 1, 1, 0),
(14, 195, 1, 1, 0),
(14, 196, 1, 1, 0),
(14, 197, 1, 1, 0),
(14, 198, 1, 1, 0),
(14, 199, 1, 1, 0),
(14, 200, 1, 1, 0),
(14, 201, 1, 1, 0),
(14, 202, 1, 1, 0),
(14, 203, 1, 1, 0),
(14, 204, 1, 1, 0),
(14, 205, 1, 1, 0),
(14, 206, 1, 1, 0),
(14, 207, 1, 1, 0),
(14, 208, 1, 1, 0),
(14, 209, 1, 1, 0),
(14, 210, 1, 1, 0),
(14, 211, 1, 1, 0),
(14, 212, 1, 1, 0),
(14, 213, 1, 1, 0),
(14, 214, 1, 1, 0),
(14, 215, 1, 1, 0),
(14, 216, 1, 1, 0),
(14, 217, 1, 1, 0),
(14, 218, 1, 1, 0),
(14, 219, 1, 1, 0),
(14, 220, 1, 1, 0),
(14, 221, 1, 1, 0),
(14, 222, 1, 1, 0),
(14, 223, 1, 1, 0),
(14, 224, 1, 1, 0),
(14, 225, 1, 1, 0),
(14, 226, 1, 1, 0),
(14, 227, 1, 1, 0),
(14, 228, 1, 1, 0),
(14, 229, 1, 1, 0),
(14, 230, 1, 1, 0),
(14, 231, 1, 1, 0),
(14, 232, 1, 1, 0),
(14, 233, 1, 1, 0),
(14, 235, 1, 1, 0),
(14, 236, 1, 1, 0),
(14, 237, 1, 1, 0),
(14, 238, 1, 1, 0),
(14, 239, 1, 1, 0),
(14, 240, 1, 1, 0),
(14, 241, 1, 1, 0),
(14, 242, 1, 1, 0),
(14, 243, 1, 1, 0),
(14, 244, 1, 1, 0),
(14, 245, 1, 1, 0),
(14, 246, 1, 1, 0),
(14, 247, 1, 1, 0),
(14, 262, 0, 0, 0),
(14, 263, 0, 0, 0),
(14, 264, 0, 0, 0),
(14, 269, 0, 0, 0),
(14, 271, 0, 0, 0),
(14, 272, 0, 0, 0),
(14, 273, 0, 0, 0),
(14, 274, 0, 0, 0),
(14, 275, 0, 0, 0),
(14, 276, 0, 0, 0),
(14, 277, 0, 0, 0),
(14, 278, 0, 0, 0),
(14, 279, 0, 0, 0),
(14, 280, 0, 0, 0),
(14, 281, 0, 0, 0),
(14, 282, 0, 0, 0),
(14, 283, 0, 0, 0),
(14, 285, 0, 0, 0),
(14, 288, 0, 0, 0),
(14, 289, 0, 0, 0),
(15, 193, 1, 1, 0),
(15, 194, 1, 1, 0),
(15, 195, 1, 1, 0),
(15, 196, 1, 1, 0),
(15, 197, 1, 1, 0),
(15, 198, 1, 1, 0),
(15, 199, 1, 1, 0),
(15, 200, 1, 1, 0),
(15, 201, 1, 1, 0),
(15, 202, 1, 1, 0),
(15, 203, 1, 1, 0),
(15, 204, 1, 1, 0),
(15, 205, 1, 1, 0),
(15, 206, 1, 1, 0),
(15, 207, 1, 1, 0),
(15, 208, 1, 1, 0),
(15, 209, 1, 1, 0),
(15, 210, 1, 1, 0),
(15, 211, 1, 1, 0),
(15, 212, 1, 1, 0),
(15, 213, 1, 1, 0),
(15, 214, 1, 1, 0),
(15, 215, 1, 1, 0),
(15, 216, 1, 1, 0),
(15, 217, 1, 1, 0),
(15, 218, 1, 1, 0),
(15, 219, 1, 1, 0),
(15, 220, 1, 1, 0),
(15, 221, 1, 1, 0),
(15, 222, 1, 1, 0),
(15, 223, 1, 1, 0),
(15, 224, 1, 1, 0),
(15, 225, 1, 1, 0),
(15, 226, 1, 1, 0),
(15, 227, 1, 1, 0),
(15, 228, 1, 1, 0),
(15, 229, 1, 1, 0),
(15, 230, 1, 1, 0),
(15, 231, 1, 1, 0),
(15, 232, 1, 1, 0),
(15, 233, 1, 1, 0),
(15, 235, 1, 1, 0),
(15, 236, 1, 1, 0),
(15, 237, 1, 1, 0),
(15, 238, 1, 1, 0),
(15, 239, 1, 1, 0),
(15, 240, 1, 1, 0),
(15, 241, 1, 1, 0),
(15, 242, 1, 1, 0),
(15, 243, 1, 1, 0),
(15, 244, 1, 1, 0),
(15, 245, 1, 1, 0),
(15, 246, 1, 1, 0),
(15, 247, 1, 1, 0),
(15, 262, 0, 0, 0),
(15, 263, 0, 0, 0),
(15, 264, 0, 0, 0),
(15, 269, 0, 0, 0),
(15, 271, 0, 0, 0),
(15, 272, 0, 0, 0),
(15, 273, 0, 0, 0),
(15, 274, 0, 0, 0),
(15, 275, 0, 0, 0),
(15, 276, 0, 0, 0),
(15, 277, 0, 0, 0),
(15, 278, 0, 0, 0),
(15, 279, 0, 0, 0),
(15, 280, 0, 0, 0),
(15, 281, 0, 0, 0),
(15, 282, 0, 0, 0),
(15, 283, 0, 0, 0),
(15, 285, 0, 0, 0),
(15, 288, 0, 0, 0),
(15, 289, 0, 0, 0),
(16, 193, 1, 1, 0),
(16, 194, 1, 1, 0),
(16, 195, 1, 1, 0),
(16, 196, 1, 1, 0),
(16, 197, 1, 1, 0),
(16, 198, 1, 1, 0),
(16, 199, 1, 1, 0),
(16, 200, 1, 1, 0),
(16, 201, 1, 1, 0),
(16, 202, 1, 1, 0),
(16, 203, 1, 1, 0),
(16, 204, 1, 1, 0),
(16, 205, 1, 1, 0),
(16, 206, 1, 1, 0),
(16, 207, 1, 1, 0),
(16, 208, 1, 1, 0),
(16, 209, 1, 1, 0),
(16, 210, 1, 1, 0),
(16, 211, 1, 1, 0),
(16, 212, 1, 1, 0),
(16, 213, 1, 1, 0),
(16, 214, 1, 1, 0),
(16, 215, 1, 1, 0),
(16, 216, 1, 1, 0),
(16, 217, 1, 1, 0),
(16, 218, 1, 1, 0),
(16, 219, 1, 1, 0),
(16, 220, 1, 1, 0),
(16, 221, 1, 1, 0),
(16, 222, 1, 1, 0),
(16, 223, 1, 1, 0),
(16, 224, 1, 1, 0),
(16, 225, 1, 1, 0),
(16, 226, 1, 1, 0),
(16, 227, 1, 1, 0),
(16, 228, 1, 1, 0),
(16, 229, 1, 1, 0),
(16, 230, 1, 1, 0),
(16, 231, 1, 1, 0),
(16, 232, 1, 1, 0),
(16, 233, 1, 1, 0),
(16, 235, 1, 1, 0),
(16, 236, 1, 1, 0),
(16, 237, 1, 1, 0),
(16, 238, 1, 1, 0),
(16, 239, 1, 1, 0),
(16, 240, 1, 1, 0),
(16, 241, 1, 1, 0),
(16, 242, 1, 1, 0),
(16, 243, 1, 1, 0),
(16, 244, 1, 1, 0),
(16, 245, 1, 1, 0),
(16, 246, 1, 1, 0),
(16, 247, 1, 1, 0),
(16, 262, 0, 0, 0),
(16, 263, 0, 0, 0),
(16, 264, 0, 0, 0),
(16, 269, 0, 0, 0),
(16, 271, 0, 0, 0),
(16, 272, 0, 0, 0),
(16, 273, 0, 0, 0),
(16, 274, 0, 0, 0),
(16, 275, 0, 0, 0),
(16, 276, 0, 0, 0),
(16, 277, 0, 0, 0),
(16, 278, 0, 0, 0),
(16, 279, 0, 0, 0),
(16, 280, 0, 0, 0),
(16, 281, 0, 0, 0),
(16, 282, 0, 0, 0),
(16, 283, 0, 0, 0),
(16, 285, 0, 0, 0),
(16, 288, 0, 0, 0),
(16, 289, 0, 0, 0),
(17, 193, 1, 1, 0),
(17, 194, 1, 1, 0),
(17, 195, 1, 1, 0),
(17, 196, 1, 1, 0),
(17, 197, 1, 1, 0),
(17, 198, 1, 1, 0),
(17, 199, 1, 1, 0),
(17, 200, 1, 1, 0),
(17, 201, 1, 1, 0),
(17, 202, 1, 1, 0),
(17, 203, 1, 1, 0),
(17, 204, 1, 1, 0),
(17, 205, 1, 1, 0),
(17, 206, 1, 1, 0),
(17, 207, 1, 1, 0),
(17, 208, 1, 1, 0),
(17, 209, 1, 1, 0),
(17, 210, 1, 1, 0),
(17, 211, 1, 1, 0),
(17, 212, 1, 1, 0),
(17, 213, 1, 1, 0),
(17, 214, 1, 1, 0),
(17, 215, 1, 1, 0),
(17, 216, 1, 1, 0),
(17, 217, 1, 1, 0),
(17, 218, 1, 1, 0),
(17, 219, 1, 1, 0),
(17, 220, 1, 1, 0),
(17, 221, 1, 1, 0),
(17, 222, 1, 1, 0),
(17, 223, 1, 1, 0),
(17, 224, 1, 1, 0),
(17, 225, 1, 1, 0),
(17, 226, 1, 1, 0),
(17, 227, 1, 1, 0),
(17, 228, 1, 1, 0),
(17, 229, 1, 1, 0),
(17, 230, 1, 1, 0),
(17, 231, 1, 1, 0),
(17, 232, 1, 1, 0),
(17, 233, 1, 1, 0),
(17, 235, 1, 1, 0),
(17, 236, 1, 1, 0),
(17, 237, 1, 1, 0),
(17, 238, 1, 1, 0),
(17, 239, 1, 1, 0),
(17, 240, 1, 1, 0),
(17, 241, 1, 1, 0),
(17, 242, 1, 1, 0),
(17, 243, 1, 1, 0),
(17, 244, 1, 1, 0),
(17, 245, 1, 1, 0),
(17, 246, 1, 1, 0),
(17, 247, 1, 1, 0),
(17, 262, 0, 0, 0),
(17, 263, 0, 0, 0),
(17, 264, 0, 0, 0),
(17, 269, 1, 1, 1),
(17, 271, 0, 0, 0),
(17, 272, 0, 0, 0),
(17, 273, 0, 0, 0),
(17, 274, 0, 0, 0),
(17, 275, 0, 0, 0),
(17, 276, 0, 0, 0),
(17, 277, 0, 0, 0),
(17, 278, 0, 0, 0),
(17, 279, 0, 0, 0),
(17, 280, 0, 0, 0),
(17, 281, 0, 0, 0),
(17, 282, 0, 0, 0),
(17, 283, 0, 0, 0),
(17, 285, 0, 0, 0),
(17, 288, 0, 0, 0),
(17, 289, 0, 0, 0),
(18, 193, 1, 1, 0),
(18, 194, 1, 1, 0),
(18, 195, 1, 1, 0),
(18, 196, 1, 1, 0),
(18, 197, 1, 1, 0),
(18, 198, 1, 1, 0),
(18, 199, 1, 1, 0),
(18, 200, 1, 1, 0),
(18, 201, 1, 1, 0),
(18, 202, 1, 1, 0),
(18, 203, 1, 1, 0),
(18, 204, 1, 1, 0),
(18, 205, 1, 1, 0),
(18, 206, 1, 1, 0),
(18, 207, 1, 1, 0),
(18, 208, 1, 1, 0),
(18, 209, 1, 1, 0),
(18, 210, 1, 1, 0),
(18, 211, 1, 1, 0),
(18, 212, 1, 1, 0),
(18, 213, 1, 1, 0),
(18, 214, 1, 1, 0),
(18, 215, 1, 1, 0),
(18, 216, 1, 1, 0),
(18, 217, 1, 1, 0),
(18, 218, 1, 1, 0),
(18, 219, 1, 1, 0),
(18, 220, 1, 1, 0),
(18, 221, 1, 1, 0),
(18, 222, 1, 1, 0),
(18, 223, 1, 1, 0),
(18, 224, 1, 1, 0),
(18, 225, 1, 1, 0),
(18, 226, 1, 1, 0),
(18, 227, 1, 1, 0),
(18, 228, 1, 1, 0),
(18, 229, 1, 1, 0),
(18, 230, 1, 1, 0),
(18, 231, 1, 1, 0),
(18, 232, 1, 1, 0),
(18, 233, 1, 1, 0),
(18, 235, 1, 1, 0),
(18, 236, 1, 1, 0),
(18, 237, 1, 1, 0),
(18, 238, 1, 1, 0),
(18, 239, 1, 1, 0),
(18, 240, 1, 1, 0),
(18, 241, 1, 1, 0),
(18, 242, 1, 1, 0),
(18, 243, 1, 1, 0),
(18, 244, 1, 1, 0),
(18, 245, 1, 1, 0),
(18, 246, 1, 1, 0),
(18, 247, 1, 1, 0),
(18, 262, 0, 0, 0),
(18, 263, 0, 0, 0),
(18, 264, 0, 0, 0),
(18, 269, 0, 0, 0),
(18, 271, 0, 0, 0),
(18, 272, 0, 0, 0),
(18, 273, 0, 0, 0),
(18, 274, 0, 0, 0),
(18, 275, 0, 0, 0),
(18, 276, 0, 0, 0),
(18, 277, 0, 0, 0),
(18, 278, 0, 0, 0),
(18, 279, 0, 0, 0),
(18, 280, 0, 0, 0),
(18, 281, 0, 0, 0),
(18, 282, 0, 0, 0),
(18, 283, 0, 0, 0),
(18, 285, 0, 0, 0),
(18, 288, 0, 0, 0),
(18, 289, 0, 0, 0),
(19, 193, 1, 1, 0),
(19, 194, 1, 1, 0),
(19, 195, 1, 1, 0),
(19, 196, 1, 1, 0),
(19, 197, 1, 1, 0),
(19, 198, 1, 1, 0),
(19, 199, 1, 1, 0),
(19, 200, 1, 1, 0),
(19, 201, 1, 1, 0),
(19, 202, 1, 1, 0),
(19, 203, 1, 1, 0),
(19, 204, 1, 1, 0),
(19, 205, 1, 1, 0),
(19, 206, 1, 1, 0),
(19, 207, 1, 1, 0),
(19, 208, 1, 1, 0),
(19, 209, 1, 1, 0),
(19, 210, 1, 1, 0),
(19, 211, 1, 1, 0),
(19, 212, 1, 1, 0),
(19, 213, 1, 1, 0),
(19, 214, 1, 1, 0),
(19, 215, 1, 1, 0),
(19, 216, 1, 1, 0),
(19, 217, 1, 1, 0),
(19, 218, 1, 1, 0),
(19, 219, 1, 1, 0),
(19, 220, 1, 1, 0),
(19, 221, 1, 1, 0),
(19, 222, 1, 1, 0),
(19, 223, 1, 1, 0),
(19, 224, 1, 1, 0),
(19, 225, 1, 1, 0),
(19, 226, 1, 1, 0),
(19, 227, 1, 1, 0),
(19, 228, 1, 1, 0),
(19, 229, 1, 1, 0),
(19, 230, 1, 1, 0),
(19, 231, 1, 1, 0),
(19, 232, 1, 1, 0),
(19, 233, 1, 1, 0),
(19, 235, 1, 1, 0),
(19, 236, 1, 1, 0),
(19, 237, 1, 1, 0),
(19, 238, 1, 1, 0),
(19, 239, 1, 1, 0),
(19, 240, 1, 1, 0),
(19, 241, 1, 1, 0),
(19, 242, 1, 1, 0),
(19, 243, 1, 1, 0),
(19, 244, 1, 1, 0),
(19, 245, 1, 1, 0),
(19, 246, 1, 1, 0),
(19, 247, 1, 1, 0),
(19, 262, 0, 0, 0),
(19, 263, 0, 0, 0),
(19, 264, 0, 0, 0),
(19, 269, 0, 0, 0),
(19, 271, 0, 0, 0),
(19, 272, 0, 0, 0),
(19, 273, 0, 0, 0),
(19, 274, 0, 0, 0),
(19, 275, 0, 0, 0),
(19, 276, 0, 0, 0),
(19, 277, 0, 0, 0),
(19, 278, 0, 0, 0),
(19, 279, 0, 0, 0),
(19, 280, 0, 0, 0),
(19, 281, 0, 0, 0),
(19, 282, 0, 0, 0),
(19, 283, 0, 0, 0),
(19, 285, 0, 0, 0),
(19, 288, 0, 0, 0),
(19, 289, 0, 0, 0),
(20, 193, 1, 1, 0),
(20, 194, 1, 1, 0),
(20, 195, 1, 1, 0),
(20, 196, 1, 1, 0),
(20, 197, 1, 1, 0),
(20, 198, 1, 1, 0),
(20, 199, 1, 1, 0),
(20, 200, 1, 1, 0),
(20, 201, 1, 1, 0),
(20, 202, 1, 1, 0),
(20, 203, 1, 1, 0),
(20, 204, 1, 1, 0),
(20, 205, 1, 1, 0),
(20, 206, 1, 1, 0),
(20, 207, 1, 1, 0),
(20, 208, 1, 1, 0),
(20, 209, 1, 1, 0),
(20, 210, 1, 1, 0),
(20, 211, 1, 1, 0),
(20, 212, 1, 1, 0),
(20, 213, 1, 1, 0),
(20, 214, 1, 1, 0),
(20, 215, 1, 1, 0),
(20, 216, 1, 1, 0),
(20, 217, 1, 1, 0),
(20, 218, 1, 1, 0),
(20, 219, 1, 1, 0),
(20, 220, 1, 1, 0),
(20, 221, 1, 1, 0),
(20, 222, 1, 1, 0),
(20, 223, 1, 1, 0),
(20, 224, 1, 1, 0),
(20, 225, 1, 1, 0),
(20, 226, 1, 1, 0),
(20, 227, 1, 1, 0),
(20, 228, 1, 1, 0),
(20, 229, 1, 1, 0),
(20, 230, 1, 1, 0),
(20, 231, 1, 1, 0),
(20, 232, 1, 1, 0),
(20, 233, 1, 1, 0),
(20, 235, 1, 1, 0),
(20, 236, 1, 1, 0),
(20, 237, 1, 1, 0),
(20, 238, 1, 1, 0),
(20, 239, 1, 1, 0),
(20, 240, 1, 1, 0),
(20, 241, 1, 1, 0),
(20, 242, 1, 1, 0),
(20, 243, 1, 1, 0),
(20, 244, 1, 1, 0),
(20, 245, 1, 1, 0),
(20, 246, 1, 1, 0),
(20, 247, 1, 1, 0),
(20, 262, 0, 0, 0),
(20, 263, 0, 0, 0),
(20, 264, 0, 0, 0),
(20, 269, 0, 0, 0),
(20, 271, 0, 0, 0),
(20, 272, 0, 0, 0),
(20, 273, 0, 0, 0),
(20, 274, 0, 0, 0),
(20, 275, 0, 0, 0),
(20, 276, 0, 0, 0),
(20, 277, 0, 0, 0),
(20, 278, 0, 0, 0),
(20, 279, 0, 0, 0),
(20, 280, 0, 0, 0),
(20, 281, 0, 0, 0),
(20, 282, 0, 0, 0),
(20, 283, 0, 0, 0),
(20, 285, 0, 0, 0),
(20, 288, 0, 0, 0),
(20, 289, 0, 0, 0),
(21, 193, 1, 1, 0),
(21, 194, 1, 1, 0),
(21, 195, 1, 1, 0),
(21, 196, 1, 1, 0),
(21, 197, 1, 1, 0),
(21, 198, 1, 1, 0),
(21, 199, 1, 1, 0),
(21, 200, 1, 1, 0),
(21, 201, 1, 1, 0),
(21, 202, 1, 1, 0),
(21, 203, 1, 1, 0),
(21, 204, 1, 1, 0),
(21, 205, 1, 1, 0),
(21, 206, 1, 1, 0),
(21, 207, 1, 1, 0),
(21, 208, 1, 1, 0),
(21, 209, 1, 1, 0),
(21, 210, 1, 1, 0),
(21, 211, 1, 1, 0),
(21, 212, 1, 1, 0),
(21, 213, 1, 1, 0),
(21, 214, 1, 1, 0),
(21, 215, 1, 1, 0),
(21, 216, 1, 1, 0),
(21, 217, 1, 1, 0),
(21, 218, 1, 1, 0),
(21, 219, 1, 1, 0),
(21, 220, 1, 1, 0),
(21, 221, 1, 1, 0),
(21, 222, 1, 1, 0),
(21, 223, 1, 1, 0),
(21, 224, 1, 1, 0),
(21, 225, 1, 1, 0),
(21, 226, 1, 1, 0),
(21, 227, 1, 1, 0),
(21, 228, 1, 1, 0),
(21, 229, 1, 1, 0),
(21, 230, 1, 1, 0),
(21, 231, 1, 1, 0),
(21, 232, 1, 1, 0),
(21, 233, 1, 1, 0),
(21, 235, 1, 1, 0),
(21, 236, 1, 1, 0),
(21, 237, 1, 1, 0),
(21, 238, 1, 1, 0),
(21, 239, 1, 1, 0),
(21, 240, 1, 1, 0),
(21, 241, 1, 1, 0),
(21, 242, 1, 1, 0),
(21, 243, 1, 1, 0),
(21, 244, 1, 1, 0),
(21, 245, 1, 1, 0),
(21, 246, 1, 1, 0),
(21, 247, 1, 1, 0),
(21, 262, 0, 0, 0),
(21, 263, 0, 0, 0),
(21, 264, 0, 0, 0),
(21, 269, 0, 0, 0),
(21, 271, 0, 0, 0),
(21, 272, 0, 0, 0),
(21, 273, 0, 0, 0),
(21, 274, 0, 0, 0),
(21, 275, 0, 0, 0),
(21, 276, 0, 0, 0),
(21, 277, 0, 0, 0),
(21, 278, 0, 0, 0),
(21, 279, 0, 0, 0),
(21, 280, 0, 0, 0),
(21, 281, 0, 0, 0),
(21, 282, 0, 0, 0),
(21, 283, 0, 0, 0),
(21, 285, 0, 0, 0),
(21, 288, 0, 0, 0),
(21, 289, 0, 0, 0),
(22, 193, 1, 1, 0),
(22, 194, 1, 1, 0),
(22, 195, 1, 1, 0),
(22, 196, 1, 1, 0),
(22, 197, 1, 1, 0),
(22, 198, 1, 1, 0),
(22, 199, 1, 1, 0),
(22, 200, 1, 1, 0),
(22, 201, 1, 1, 0),
(22, 202, 1, 1, 0),
(22, 203, 1, 1, 0),
(22, 204, 1, 1, 0),
(22, 205, 1, 1, 0),
(22, 206, 1, 1, 0),
(22, 207, 1, 1, 0),
(22, 208, 1, 1, 0),
(22, 209, 1, 1, 0),
(22, 210, 1, 1, 0),
(22, 211, 1, 1, 0),
(22, 212, 1, 1, 0),
(22, 213, 1, 1, 0),
(22, 214, 1, 1, 0),
(22, 215, 1, 1, 0),
(22, 216, 1, 1, 0),
(22, 217, 1, 1, 0),
(22, 218, 1, 1, 0),
(22, 219, 1, 1, 0),
(22, 220, 1, 1, 0),
(22, 221, 1, 1, 0),
(22, 222, 1, 1, 0),
(22, 223, 1, 1, 0),
(22, 224, 1, 1, 0),
(22, 225, 1, 1, 0),
(22, 226, 1, 1, 0),
(22, 227, 1, 1, 0),
(22, 228, 1, 1, 0),
(22, 229, 1, 1, 0),
(22, 230, 1, 1, 0),
(22, 231, 1, 1, 0),
(22, 232, 1, 1, 0),
(22, 233, 1, 1, 0),
(22, 235, 1, 1, 0),
(22, 236, 1, 1, 0),
(22, 237, 1, 1, 0),
(22, 238, 1, 1, 0),
(22, 239, 1, 1, 0),
(22, 240, 1, 1, 0),
(22, 241, 1, 1, 0),
(22, 242, 1, 1, 0),
(22, 243, 1, 1, 0),
(22, 244, 1, 1, 0),
(22, 245, 1, 1, 0),
(22, 246, 1, 1, 0),
(22, 247, 1, 1, 0),
(22, 262, 0, 0, 0),
(22, 263, 0, 0, 0),
(22, 264, 0, 0, 0),
(22, 269, 0, 0, 0),
(22, 271, 0, 0, 0),
(22, 272, 0, 0, 0),
(22, 273, 0, 0, 0),
(22, 274, 0, 0, 0),
(22, 275, 0, 0, 0),
(22, 276, 0, 0, 0),
(22, 277, 0, 0, 0),
(22, 278, 0, 0, 0),
(22, 279, 0, 0, 0),
(22, 280, 0, 0, 0),
(22, 281, 0, 0, 0),
(22, 282, 0, 0, 0),
(22, 283, 0, 0, 0),
(22, 285, 0, 0, 0),
(22, 288, 0, 0, 0),
(22, 289, 0, 0, 0),
(23, 193, 1, 1, 0),
(23, 194, 1, 1, 0),
(23, 195, 1, 1, 0),
(23, 196, 1, 1, 0),
(23, 197, 1, 1, 0),
(23, 198, 1, 1, 0),
(23, 199, 1, 1, 0),
(23, 200, 1, 1, 0),
(23, 201, 1, 1, 0),
(23, 202, 1, 1, 0),
(23, 203, 1, 1, 0),
(23, 204, 1, 1, 0),
(23, 205, 1, 1, 0),
(23, 206, 1, 1, 0),
(23, 207, 1, 1, 0),
(23, 208, 1, 1, 0),
(23, 209, 1, 1, 0),
(23, 210, 1, 1, 0),
(23, 211, 1, 1, 0),
(23, 212, 1, 1, 0),
(23, 213, 1, 1, 0),
(23, 214, 1, 1, 0),
(23, 215, 1, 1, 0),
(23, 216, 1, 1, 0),
(23, 217, 1, 1, 0),
(23, 218, 1, 1, 0),
(23, 219, 1, 1, 0),
(23, 220, 1, 1, 0),
(23, 221, 1, 1, 0),
(23, 222, 1, 1, 0),
(23, 223, 1, 1, 0),
(23, 224, 1, 1, 0),
(23, 225, 1, 1, 0),
(23, 226, 1, 1, 0),
(23, 227, 1, 1, 0),
(23, 228, 1, 1, 0),
(23, 229, 1, 1, 0),
(23, 230, 1, 1, 0),
(23, 231, 1, 1, 0),
(23, 232, 1, 1, 0),
(23, 233, 1, 1, 0),
(23, 235, 1, 1, 0),
(23, 236, 1, 1, 0),
(23, 237, 1, 1, 0),
(23, 238, 1, 1, 0),
(23, 239, 1, 1, 0),
(23, 240, 1, 1, 0),
(23, 241, 1, 1, 0),
(23, 242, 1, 1, 0),
(23, 243, 1, 1, 0),
(23, 244, 1, 1, 0),
(23, 245, 1, 1, 0),
(23, 246, 1, 1, 0),
(23, 247, 1, 1, 0),
(23, 262, 0, 0, 0),
(23, 263, 0, 0, 0),
(23, 264, 0, 0, 0),
(23, 269, 0, 0, 0),
(23, 271, 0, 0, 0),
(23, 272, 0, 0, 0),
(23, 273, 0, 0, 0),
(23, 274, 0, 0, 0),
(23, 275, 0, 0, 0),
(23, 276, 0, 0, 0),
(23, 277, 0, 0, 0),
(23, 278, 0, 0, 0),
(23, 279, 0, 0, 0),
(23, 280, 0, 0, 0),
(23, 281, 0, 0, 0),
(23, 282, 0, 0, 0),
(23, 283, 0, 0, 0),
(23, 285, 0, 0, 0),
(23, 288, 0, 0, 0),
(23, 289, 0, 0, 0),
(24, 193, 1, 1, 0),
(24, 194, 1, 1, 0),
(24, 195, 1, 1, 0),
(24, 196, 1, 1, 0),
(24, 197, 1, 1, 0),
(24, 198, 1, 1, 0),
(24, 199, 1, 1, 0),
(24, 200, 1, 1, 0),
(24, 201, 1, 1, 0),
(24, 202, 1, 1, 0),
(24, 203, 1, 1, 0),
(24, 204, 1, 1, 0),
(24, 205, 1, 1, 0),
(24, 206, 1, 1, 0),
(24, 207, 1, 1, 0),
(24, 208, 1, 1, 0),
(24, 209, 1, 1, 0),
(24, 210, 1, 1, 0),
(24, 211, 1, 1, 0),
(24, 212, 1, 1, 0),
(24, 213, 1, 1, 0),
(24, 214, 1, 1, 0),
(24, 215, 1, 1, 0),
(24, 216, 1, 1, 0),
(24, 217, 1, 1, 0),
(24, 218, 1, 1, 0),
(24, 219, 1, 1, 0),
(24, 220, 1, 1, 0),
(24, 221, 1, 1, 0),
(24, 222, 1, 1, 0),
(24, 223, 1, 1, 0),
(24, 224, 1, 1, 0),
(24, 225, 1, 1, 0),
(24, 226, 1, 1, 0),
(24, 227, 1, 1, 0),
(24, 228, 1, 1, 0),
(24, 229, 1, 1, 0),
(24, 230, 1, 1, 0),
(24, 231, 1, 1, 0),
(24, 232, 1, 1, 0),
(24, 233, 1, 1, 0),
(24, 235, 1, 1, 0),
(24, 236, 1, 1, 0),
(24, 237, 1, 1, 0),
(24, 238, 1, 1, 0),
(24, 239, 1, 1, 0),
(24, 240, 1, 1, 0),
(24, 241, 1, 1, 0),
(24, 242, 1, 1, 0),
(24, 243, 1, 1, 0),
(24, 244, 1, 1, 0),
(24, 245, 1, 1, 0),
(24, 246, 1, 1, 0),
(24, 247, 1, 1, 0),
(24, 262, 0, 0, 0),
(24, 263, 0, 0, 0),
(24, 264, 0, 0, 0),
(24, 269, 0, 0, 0),
(24, 271, 0, 0, 0),
(24, 272, 0, 0, 0),
(24, 273, 0, 0, 0),
(24, 274, 0, 0, 0),
(24, 275, 0, 0, 0),
(24, 276, 0, 0, 0),
(24, 277, 0, 0, 0),
(24, 278, 0, 0, 0),
(24, 279, 0, 0, 0),
(24, 280, 0, 0, 0),
(24, 281, 0, 0, 0),
(24, 282, 0, 0, 0),
(24, 283, 0, 0, 0),
(24, 285, 0, 0, 0),
(24, 288, 0, 0, 0),
(24, 289, 0, 0, 0),
(25, 193, 1, 1, 0),
(25, 194, 1, 1, 0),
(25, 195, 1, 1, 0),
(25, 196, 1, 1, 0),
(25, 197, 1, 1, 0),
(25, 198, 1, 1, 0),
(25, 199, 1, 1, 0),
(25, 200, 1, 1, 0),
(25, 201, 1, 1, 0),
(25, 202, 1, 1, 0),
(25, 203, 1, 1, 0),
(25, 204, 1, 1, 0),
(25, 205, 1, 1, 0),
(25, 206, 1, 1, 0),
(25, 207, 1, 1, 0),
(25, 208, 1, 1, 0),
(25, 209, 1, 1, 0),
(25, 210, 1, 1, 0),
(25, 211, 1, 1, 0),
(25, 212, 1, 1, 0),
(25, 213, 1, 1, 0),
(25, 214, 1, 1, 0),
(25, 215, 1, 1, 0),
(25, 216, 1, 1, 0),
(25, 217, 1, 1, 0),
(25, 218, 1, 1, 0),
(25, 219, 1, 1, 0),
(25, 220, 1, 1, 0),
(25, 221, 1, 1, 0),
(25, 222, 1, 1, 0),
(25, 223, 1, 1, 0),
(25, 224, 1, 1, 0),
(25, 225, 1, 1, 0),
(25, 226, 1, 1, 0),
(25, 227, 1, 1, 0),
(25, 228, 1, 1, 0),
(25, 229, 1, 1, 0),
(25, 230, 1, 1, 0),
(25, 231, 1, 1, 0),
(25, 232, 1, 1, 0),
(25, 233, 1, 1, 0),
(25, 235, 1, 1, 0),
(25, 236, 1, 1, 0),
(25, 237, 1, 1, 0),
(25, 238, 1, 1, 0),
(25, 239, 1, 1, 0),
(25, 240, 1, 1, 0),
(25, 241, 1, 1, 0),
(25, 242, 1, 1, 0),
(25, 243, 1, 1, 0),
(25, 244, 1, 1, 0),
(25, 245, 1, 1, 0),
(25, 246, 1, 1, 0),
(25, 247, 1, 1, 0),
(25, 262, 0, 0, 0),
(25, 263, 0, 0, 0),
(25, 264, 0, 0, 0),
(25, 269, 0, 0, 0),
(25, 271, 0, 0, 0),
(25, 272, 0, 0, 0),
(25, 273, 0, 0, 0),
(25, 274, 0, 0, 0),
(25, 275, 0, 0, 0),
(25, 276, 0, 0, 0),
(25, 277, 0, 0, 0),
(25, 278, 0, 0, 0),
(25, 279, 0, 0, 0),
(25, 280, 0, 0, 0),
(25, 281, 0, 0, 0),
(25, 282, 0, 0, 0),
(25, 283, 0, 0, 0),
(25, 285, 0, 0, 0),
(25, 288, 0, 0, 0),
(25, 289, 0, 0, 0),
(26, 193, 1, 1, 0),
(26, 194, 1, 1, 0),
(26, 195, 1, 1, 0),
(26, 196, 1, 1, 0),
(26, 197, 1, 1, 0),
(26, 198, 1, 1, 0),
(26, 199, 1, 1, 0),
(26, 200, 1, 1, 0),
(26, 201, 1, 1, 0),
(26, 202, 1, 1, 0),
(26, 203, 1, 1, 0),
(26, 204, 1, 1, 0),
(26, 205, 1, 1, 0),
(26, 206, 1, 1, 0),
(26, 207, 1, 1, 0),
(26, 208, 1, 1, 0),
(26, 209, 1, 1, 0),
(26, 210, 1, 1, 0),
(26, 211, 1, 1, 0),
(26, 212, 1, 1, 0),
(26, 213, 1, 1, 0),
(26, 214, 1, 1, 0),
(26, 215, 1, 1, 0),
(26, 216, 1, 1, 0),
(26, 217, 1, 1, 0),
(26, 218, 1, 1, 0),
(26, 219, 1, 1, 0),
(26, 220, 1, 1, 0),
(26, 221, 1, 1, 0),
(26, 222, 1, 1, 0),
(26, 223, 1, 1, 0),
(26, 224, 1, 1, 0),
(26, 225, 1, 1, 0),
(26, 226, 1, 1, 0),
(26, 227, 1, 1, 0),
(26, 228, 1, 1, 0),
(26, 229, 1, 1, 0),
(26, 230, 1, 1, 0),
(26, 231, 1, 1, 0),
(26, 232, 1, 1, 0),
(26, 233, 1, 1, 0),
(26, 235, 1, 1, 0),
(26, 236, 1, 1, 0),
(26, 237, 1, 1, 0),
(26, 238, 1, 1, 0),
(26, 239, 1, 1, 0),
(26, 240, 1, 1, 0),
(26, 241, 1, 1, 0),
(26, 242, 1, 1, 0),
(26, 243, 1, 1, 0),
(26, 244, 1, 1, 0),
(26, 245, 1, 1, 0),
(26, 246, 1, 1, 0),
(26, 247, 1, 1, 0),
(26, 262, 0, 0, 0),
(26, 263, 0, 0, 0),
(26, 264, 0, 0, 0),
(26, 269, 0, 0, 0),
(26, 271, 0, 0, 0),
(26, 272, 0, 0, 0),
(26, 273, 0, 0, 0),
(26, 274, 0, 0, 0),
(26, 275, 0, 0, 0),
(26, 276, 0, 0, 0),
(26, 277, 0, 0, 0),
(26, 278, 0, 0, 0),
(26, 279, 0, 0, 0),
(26, 280, 0, 0, 0),
(26, 281, 0, 0, 0),
(26, 282, 0, 0, 0),
(26, 283, 0, 0, 0),
(26, 285, 0, 0, 0),
(26, 288, 0, 0, 0),
(26, 289, 0, 0, 0),
(27, 193, 1, 1, 0),
(27, 194, 1, 1, 0),
(27, 195, 1, 1, 0),
(27, 196, 1, 1, 0),
(27, 197, 1, 1, 0),
(27, 198, 1, 1, 0),
(27, 199, 1, 1, 0),
(27, 200, 1, 1, 0),
(27, 201, 1, 1, 0),
(27, 202, 1, 1, 0),
(27, 203, 1, 1, 0),
(27, 204, 1, 1, 0),
(27, 205, 1, 1, 0),
(27, 206, 1, 1, 0),
(27, 207, 1, 1, 0),
(27, 208, 1, 1, 0),
(27, 209, 1, 1, 0),
(27, 210, 1, 1, 0),
(27, 211, 1, 1, 0),
(27, 212, 1, 1, 0),
(27, 213, 1, 1, 0),
(27, 214, 1, 1, 0),
(27, 215, 1, 1, 0),
(27, 216, 1, 1, 0),
(27, 217, 1, 1, 0),
(27, 218, 1, 1, 0),
(27, 219, 1, 1, 0),
(27, 220, 1, 1, 0),
(27, 221, 1, 1, 0),
(27, 222, 1, 1, 0),
(27, 223, 1, 1, 0),
(27, 224, 1, 1, 0),
(27, 225, 1, 1, 0),
(27, 226, 1, 1, 0),
(27, 227, 1, 1, 0),
(27, 228, 1, 1, 0),
(27, 229, 1, 1, 0),
(27, 230, 1, 1, 0),
(27, 231, 1, 1, 0),
(27, 232, 1, 1, 0),
(27, 233, 1, 1, 0),
(27, 235, 1, 1, 0),
(27, 236, 1, 1, 0),
(27, 237, 1, 1, 0),
(27, 238, 1, 1, 0),
(27, 239, 1, 1, 0),
(27, 240, 1, 1, 0),
(27, 241, 1, 1, 0),
(27, 242, 1, 1, 0),
(27, 243, 1, 1, 0),
(27, 244, 1, 1, 0),
(27, 245, 1, 1, 0),
(27, 246, 1, 1, 0),
(27, 247, 1, 1, 0),
(27, 262, 0, 0, 0),
(27, 263, 0, 0, 0),
(27, 264, 0, 0, 0),
(27, 269, 0, 0, 0),
(27, 271, 0, 0, 0),
(27, 272, 0, 0, 0),
(27, 273, 0, 0, 0),
(27, 274, 0, 0, 0),
(27, 275, 0, 0, 0),
(27, 276, 0, 0, 0),
(27, 277, 0, 0, 0),
(27, 278, 0, 0, 0),
(27, 279, 0, 0, 0),
(27, 280, 0, 0, 0),
(27, 281, 0, 0, 0),
(27, 282, 0, 0, 0),
(27, 283, 0, 0, 0),
(27, 285, 0, 0, 0),
(27, 288, 0, 0, 0),
(27, 289, 0, 0, 0),
(28, 193, 1, 1, 0),
(28, 194, 1, 1, 0),
(28, 195, 1, 1, 0),
(28, 196, 1, 1, 0),
(28, 197, 1, 1, 0),
(28, 198, 1, 1, 0),
(28, 199, 1, 1, 0),
(28, 200, 1, 1, 0),
(28, 201, 1, 1, 0),
(28, 202, 1, 1, 0),
(28, 203, 1, 1, 0),
(28, 204, 1, 1, 0),
(28, 205, 1, 1, 0),
(28, 206, 1, 1, 0),
(28, 207, 1, 1, 0),
(28, 208, 1, 1, 0),
(28, 209, 1, 1, 0),
(28, 210, 1, 1, 0),
(28, 211, 1, 1, 0),
(28, 212, 1, 1, 0),
(28, 213, 1, 1, 0),
(28, 214, 1, 1, 0),
(28, 215, 1, 1, 0),
(28, 216, 1, 1, 0),
(28, 217, 1, 1, 0),
(28, 218, 1, 1, 0),
(28, 219, 1, 1, 0),
(28, 220, 1, 1, 0),
(28, 221, 1, 1, 0),
(28, 222, 1, 1, 0),
(28, 223, 1, 1, 0),
(28, 224, 1, 1, 0),
(28, 225, 1, 1, 0),
(28, 226, 1, 1, 0),
(28, 227, 1, 1, 0),
(28, 228, 1, 1, 0),
(28, 229, 1, 1, 0),
(28, 230, 1, 1, 0),
(28, 231, 1, 1, 0),
(28, 232, 1, 1, 0),
(28, 233, 1, 1, 0),
(28, 235, 1, 1, 0),
(28, 236, 1, 1, 0),
(28, 237, 1, 1, 0),
(28, 238, 1, 1, 0),
(28, 239, 1, 1, 0),
(28, 240, 1, 1, 0),
(28, 241, 1, 1, 0),
(28, 242, 1, 1, 0),
(28, 243, 1, 1, 0),
(28, 244, 1, 1, 0),
(28, 245, 1, 1, 0),
(28, 246, 1, 1, 0),
(28, 247, 1, 1, 0),
(28, 262, 0, 0, 0),
(28, 263, 0, 0, 0),
(28, 264, 0, 0, 0),
(28, 269, 0, 0, 0),
(28, 271, 0, 0, 0),
(28, 272, 0, 0, 0),
(28, 273, 0, 0, 0),
(28, 274, 0, 0, 0),
(28, 275, 0, 0, 0),
(28, 276, 0, 0, 0),
(28, 277, 0, 0, 0),
(28, 278, 0, 0, 0),
(28, 279, 0, 0, 0),
(28, 280, 0, 0, 0),
(28, 281, 0, 0, 0),
(28, 282, 0, 0, 0),
(28, 283, 0, 0, 0),
(28, 285, 0, 0, 0),
(28, 288, 0, 0, 0),
(28, 289, 0, 0, 0),
(29, 193, 1, 1, 0),
(29, 194, 1, 1, 0),
(29, 195, 1, 1, 0),
(29, 196, 1, 1, 0),
(29, 197, 1, 1, 0),
(29, 198, 1, 1, 0),
(29, 199, 1, 1, 0),
(29, 200, 1, 1, 0),
(29, 201, 1, 1, 0),
(29, 202, 1, 1, 0),
(29, 203, 1, 1, 0),
(29, 204, 1, 1, 0),
(29, 205, 1, 1, 0),
(29, 206, 1, 1, 0),
(29, 207, 1, 1, 0),
(29, 208, 1, 1, 0),
(29, 209, 1, 1, 0),
(29, 210, 1, 1, 0),
(29, 211, 1, 1, 0),
(29, 212, 1, 1, 0),
(29, 213, 1, 1, 0),
(29, 214, 1, 1, 0),
(29, 215, 1, 1, 0),
(29, 216, 1, 1, 0),
(29, 217, 1, 1, 0),
(29, 218, 1, 1, 0),
(29, 219, 1, 1, 0),
(29, 220, 1, 1, 0),
(29, 221, 1, 1, 0),
(29, 222, 1, 1, 0),
(29, 223, 1, 1, 0),
(29, 224, 1, 1, 0),
(29, 225, 1, 1, 0),
(29, 226, 1, 1, 0),
(29, 227, 1, 1, 0),
(29, 228, 1, 1, 0),
(29, 229, 1, 1, 0),
(29, 230, 1, 1, 0),
(29, 231, 1, 1, 0),
(29, 232, 1, 1, 0),
(29, 233, 1, 1, 0),
(29, 235, 1, 1, 0),
(29, 236, 1, 1, 0),
(29, 237, 1, 1, 0),
(29, 238, 1, 1, 0),
(29, 239, 1, 1, 0),
(29, 240, 1, 1, 0),
(29, 241, 1, 1, 0),
(29, 242, 1, 1, 0),
(29, 243, 1, 1, 0),
(29, 244, 1, 1, 0),
(29, 245, 1, 1, 0),
(29, 246, 1, 1, 0),
(29, 247, 1, 1, 0),
(29, 262, 0, 0, 0),
(29, 263, 0, 0, 0),
(29, 264, 0, 0, 0),
(29, 269, 0, 0, 0),
(29, 271, 0, 0, 0),
(29, 272, 0, 0, 0),
(29, 273, 0, 0, 0),
(29, 274, 0, 0, 0),
(29, 275, 0, 0, 0),
(29, 276, 0, 0, 0),
(29, 277, 0, 0, 0),
(29, 278, 0, 0, 0),
(29, 279, 0, 0, 0),
(29, 280, 0, 0, 0),
(29, 281, 0, 0, 0),
(29, 282, 0, 0, 0),
(29, 283, 0, 0, 0),
(29, 285, 0, 0, 0),
(29, 288, 0, 0, 0),
(29, 289, 0, 0, 0),
(30, 193, 1, 1, 0),
(30, 194, 1, 1, 0),
(30, 195, 1, 1, 0),
(30, 196, 1, 1, 0),
(30, 197, 1, 1, 0),
(30, 198, 1, 1, 0),
(30, 199, 1, 1, 0),
(30, 200, 1, 1, 0),
(30, 201, 1, 1, 0),
(30, 202, 1, 1, 0),
(30, 203, 1, 1, 0),
(30, 204, 1, 1, 0),
(30, 205, 1, 1, 0),
(30, 206, 1, 1, 0),
(30, 207, 1, 1, 0),
(30, 208, 1, 1, 0),
(30, 209, 1, 1, 0),
(30, 210, 1, 1, 0),
(30, 211, 1, 1, 0),
(30, 212, 1, 1, 0),
(30, 213, 1, 1, 0),
(30, 214, 1, 1, 0),
(30, 215, 1, 1, 0),
(30, 216, 1, 1, 0),
(30, 217, 1, 1, 0),
(30, 218, 1, 1, 0),
(30, 219, 1, 1, 0),
(30, 220, 1, 1, 0),
(30, 221, 1, 1, 0),
(30, 222, 1, 1, 0),
(30, 223, 1, 1, 0),
(30, 224, 1, 1, 0),
(30, 225, 1, 1, 0),
(30, 226, 1, 1, 0),
(30, 227, 1, 1, 0),
(30, 228, 1, 1, 0),
(30, 229, 1, 1, 0),
(30, 230, 1, 1, 0),
(30, 231, 1, 1, 0),
(30, 232, 1, 1, 0),
(30, 233, 1, 1, 0),
(30, 235, 1, 1, 0),
(30, 236, 1, 1, 0),
(30, 237, 1, 1, 0),
(30, 238, 1, 1, 0),
(30, 239, 1, 1, 0),
(30, 240, 1, 1, 0),
(30, 241, 1, 1, 0),
(30, 242, 1, 1, 0),
(30, 243, 1, 1, 0),
(30, 244, 1, 1, 0),
(30, 245, 1, 1, 0),
(30, 246, 1, 1, 0),
(30, 247, 1, 1, 0),
(30, 262, 0, 0, 0),
(30, 263, 0, 0, 0),
(30, 264, 0, 0, 0),
(30, 269, 0, 0, 0),
(30, 271, 0, 0, 0),
(30, 272, 0, 0, 0),
(30, 273, 0, 0, 0),
(30, 274, 0, 0, 0),
(30, 275, 0, 0, 0),
(30, 276, 0, 0, 0),
(30, 277, 0, 0, 0),
(30, 278, 0, 0, 0),
(30, 279, 0, 0, 0),
(30, 280, 0, 0, 0),
(30, 281, 0, 0, 0),
(30, 282, 0, 0, 0),
(30, 283, 0, 0, 0),
(30, 285, 0, 0, 0),
(30, 288, 0, 0, 0),
(30, 289, 0, 0, 0),
(31, 193, 1, 1, 0),
(31, 194, 1, 1, 0),
(31, 195, 1, 1, 0),
(31, 196, 1, 1, 0),
(31, 197, 1, 1, 0),
(31, 198, 1, 1, 0),
(31, 199, 1, 1, 0),
(31, 200, 1, 1, 0),
(31, 201, 1, 1, 0),
(31, 202, 1, 1, 0),
(31, 203, 1, 1, 0),
(31, 204, 1, 1, 0),
(31, 205, 1, 1, 0),
(31, 206, 1, 1, 0),
(31, 207, 1, 1, 0),
(31, 208, 1, 1, 0),
(31, 209, 1, 1, 0),
(31, 210, 1, 1, 0),
(31, 211, 1, 1, 0),
(31, 212, 1, 1, 0),
(31, 213, 1, 1, 0),
(31, 214, 1, 1, 0),
(31, 215, 1, 1, 0),
(31, 216, 1, 1, 0),
(31, 217, 1, 1, 0),
(31, 218, 1, 1, 0),
(31, 219, 1, 1, 0),
(31, 220, 1, 1, 0),
(31, 221, 1, 1, 0),
(31, 222, 1, 1, 0),
(31, 223, 1, 1, 0),
(31, 224, 1, 1, 0),
(31, 225, 1, 1, 0),
(31, 226, 1, 1, 0),
(31, 227, 1, 1, 0),
(31, 228, 1, 1, 0),
(31, 229, 1, 1, 0),
(31, 230, 1, 1, 0),
(31, 231, 1, 1, 0),
(31, 232, 1, 1, 0),
(31, 233, 1, 1, 0),
(31, 235, 1, 1, 0),
(31, 236, 1, 1, 0),
(31, 237, 1, 1, 0),
(31, 238, 1, 1, 0),
(31, 239, 1, 1, 0),
(31, 240, 1, 1, 0),
(31, 241, 1, 1, 0),
(31, 242, 1, 1, 0),
(31, 243, 1, 1, 0),
(31, 244, 1, 1, 0),
(31, 245, 1, 1, 0),
(31, 246, 1, 1, 0),
(31, 247, 1, 1, 0),
(31, 262, 0, 0, 0),
(31, 263, 0, 0, 0),
(31, 264, 0, 0, 0),
(31, 269, 0, 0, 0),
(31, 271, 0, 0, 0),
(31, 272, 0, 0, 0),
(31, 273, 0, 0, 0),
(31, 274, 0, 0, 0),
(31, 275, 0, 0, 0),
(31, 276, 0, 0, 0),
(31, 277, 0, 0, 0),
(31, 278, 0, 0, 0),
(31, 279, 0, 0, 0),
(31, 280, 0, 0, 0),
(31, 281, 0, 0, 0),
(31, 282, 0, 0, 0),
(31, 283, 0, 0, 0),
(31, 285, 0, 0, 0),
(31, 288, 0, 0, 0),
(31, 289, 0, 0, 0),
(32, 193, 1, 1, 0),
(32, 194, 1, 1, 0),
(32, 195, 1, 1, 0),
(32, 196, 1, 1, 0),
(32, 197, 1, 1, 0),
(32, 198, 1, 1, 0),
(32, 199, 1, 1, 0),
(32, 200, 1, 1, 0),
(32, 201, 1, 1, 0),
(32, 202, 1, 1, 0),
(32, 203, 1, 1, 0),
(32, 204, 1, 1, 0),
(32, 205, 1, 1, 0),
(32, 206, 1, 1, 0),
(32, 207, 1, 1, 0),
(32, 208, 1, 1, 0),
(32, 209, 1, 1, 0),
(32, 210, 1, 1, 0),
(32, 211, 1, 1, 0),
(32, 212, 1, 1, 0),
(32, 213, 1, 1, 0),
(32, 214, 1, 1, 0),
(32, 215, 1, 1, 0),
(32, 216, 1, 1, 0),
(32, 217, 1, 1, 0),
(32, 218, 1, 1, 0),
(32, 219, 1, 1, 0),
(32, 220, 1, 1, 0),
(32, 221, 1, 1, 0),
(32, 222, 1, 1, 0),
(32, 223, 1, 1, 0),
(32, 224, 1, 1, 0),
(32, 225, 1, 1, 0),
(32, 226, 1, 1, 0),
(32, 227, 1, 1, 0),
(32, 228, 1, 1, 0),
(32, 229, 1, 1, 0),
(32, 230, 1, 1, 0),
(32, 231, 1, 1, 0),
(32, 232, 1, 1, 0),
(32, 233, 1, 1, 0),
(32, 235, 1, 1, 0),
(32, 236, 1, 1, 0),
(32, 237, 1, 1, 0),
(32, 238, 1, 1, 0),
(32, 239, 1, 1, 0),
(32, 240, 1, 1, 0),
(32, 241, 1, 1, 0),
(32, 242, 1, 1, 0),
(32, 243, 1, 1, 0),
(32, 244, 1, 1, 0),
(32, 245, 1, 1, 0),
(32, 246, 1, 1, 0),
(32, 247, 1, 1, 0),
(32, 262, 0, 0, 0),
(32, 263, 0, 0, 0),
(32, 264, 0, 0, 0),
(32, 269, 0, 0, 0),
(32, 271, 0, 0, 0),
(32, 272, 0, 0, 0),
(32, 273, 0, 0, 0),
(32, 274, 0, 0, 0),
(32, 275, 0, 0, 0),
(32, 276, 0, 0, 0),
(32, 277, 0, 0, 0),
(32, 278, 0, 0, 0),
(32, 279, 0, 0, 0),
(32, 280, 0, 0, 0),
(32, 281, 0, 0, 0),
(32, 282, 0, 0, 0),
(32, 283, 0, 0, 0),
(32, 285, 0, 0, 0),
(32, 288, 0, 0, 0),
(32, 289, 0, 0, 0),
(33, 193, 1, 1, 0),
(33, 194, 1, 1, 0),
(33, 195, 1, 1, 0),
(33, 196, 1, 1, 0),
(33, 197, 1, 1, 0),
(33, 198, 1, 1, 0),
(33, 199, 1, 1, 0),
(33, 200, 1, 1, 0),
(33, 201, 1, 1, 0),
(33, 202, 1, 1, 0),
(33, 203, 1, 1, 0),
(33, 204, 1, 1, 0),
(33, 205, 1, 1, 0),
(33, 206, 1, 1, 0),
(33, 207, 1, 1, 0),
(33, 208, 1, 1, 0),
(33, 209, 1, 1, 0),
(33, 210, 1, 1, 0),
(33, 211, 1, 1, 0),
(33, 212, 1, 1, 0),
(33, 213, 1, 1, 0),
(33, 214, 1, 1, 0),
(33, 215, 1, 1, 0),
(33, 216, 1, 1, 0),
(33, 217, 1, 1, 0),
(33, 218, 1, 1, 0),
(33, 219, 1, 1, 0),
(33, 220, 1, 1, 0),
(33, 221, 1, 1, 0),
(33, 222, 1, 1, 0),
(33, 223, 1, 1, 0),
(33, 224, 1, 1, 0),
(33, 225, 1, 1, 0),
(33, 226, 1, 1, 0),
(33, 227, 1, 1, 0),
(33, 228, 1, 1, 0),
(33, 229, 1, 1, 0),
(33, 230, 1, 1, 0),
(33, 231, 1, 1, 0),
(33, 232, 1, 1, 0),
(33, 233, 1, 1, 0),
(33, 235, 1, 1, 0),
(33, 236, 1, 1, 0),
(33, 237, 1, 1, 0),
(33, 238, 1, 1, 0),
(33, 239, 1, 1, 0),
(33, 240, 1, 1, 0),
(33, 241, 1, 1, 0),
(33, 242, 1, 1, 0),
(33, 243, 1, 1, 0),
(33, 244, 1, 1, 0),
(33, 245, 1, 1, 0),
(33, 246, 1, 1, 0),
(33, 247, 1, 1, 0),
(33, 262, 0, 0, 0),
(33, 263, 0, 0, 0),
(33, 264, 0, 0, 0),
(33, 269, 0, 0, 0),
(33, 271, 0, 0, 0),
(33, 272, 0, 0, 0),
(33, 273, 0, 0, 0),
(33, 274, 0, 0, 0),
(33, 275, 0, 0, 0),
(33, 276, 0, 0, 0),
(33, 277, 0, 0, 0),
(33, 278, 0, 0, 0),
(33, 279, 0, 0, 0),
(33, 280, 0, 0, 0),
(33, 281, 0, 0, 0),
(33, 282, 0, 0, 0),
(33, 283, 0, 0, 0),
(33, 285, 0, 0, 0),
(33, 288, 0, 0, 0),
(33, 289, 0, 0, 0),
(34, 193, 1, 1, 0),
(34, 194, 1, 1, 0),
(34, 195, 1, 1, 0),
(34, 196, 1, 1, 0),
(34, 197, 1, 1, 0),
(34, 198, 1, 1, 0),
(34, 199, 1, 1, 0),
(34, 200, 1, 1, 0),
(34, 201, 1, 1, 0),
(34, 202, 1, 1, 0),
(34, 203, 1, 1, 0),
(34, 204, 1, 1, 0),
(34, 205, 1, 1, 0),
(34, 206, 1, 1, 0),
(34, 207, 1, 1, 0),
(34, 208, 1, 1, 0),
(34, 209, 1, 1, 0),
(34, 210, 1, 1, 0),
(34, 211, 1, 1, 0),
(34, 212, 1, 1, 0),
(34, 213, 1, 1, 0),
(34, 214, 1, 1, 0),
(34, 215, 1, 1, 0),
(34, 216, 1, 1, 0),
(34, 217, 1, 1, 0),
(34, 218, 1, 1, 0),
(34, 219, 1, 1, 0),
(34, 220, 1, 1, 0),
(34, 221, 1, 1, 0),
(34, 222, 1, 1, 0),
(34, 223, 1, 1, 0),
(34, 224, 1, 1, 0),
(34, 225, 1, 1, 0),
(34, 226, 1, 1, 0),
(34, 227, 1, 1, 0),
(34, 228, 1, 1, 0),
(34, 229, 1, 1, 0),
(34, 230, 1, 1, 0),
(34, 231, 1, 1, 0),
(34, 232, 1, 1, 0),
(34, 233, 1, 1, 0),
(34, 235, 1, 1, 0),
(34, 236, 1, 1, 0),
(34, 237, 1, 1, 0),
(34, 238, 1, 1, 0),
(34, 239, 1, 1, 0),
(34, 240, 1, 1, 0),
(34, 241, 1, 1, 0),
(34, 242, 1, 1, 0),
(34, 243, 1, 1, 0),
(34, 244, 1, 1, 0),
(34, 245, 1, 1, 0),
(34, 246, 1, 1, 0),
(34, 247, 1, 1, 0),
(34, 262, 0, 0, 0),
(34, 263, 0, 0, 0),
(34, 264, 0, 0, 0),
(34, 269, 0, 0, 0),
(34, 271, 0, 0, 0),
(34, 272, 0, 0, 0),
(34, 273, 0, 0, 0),
(34, 274, 0, 0, 0),
(34, 275, 0, 0, 0),
(34, 276, 0, 0, 0),
(34, 277, 0, 0, 0),
(34, 278, 0, 0, 0),
(34, 279, 0, 0, 0),
(34, 280, 0, 0, 0),
(34, 281, 0, 0, 0),
(34, 282, 0, 0, 0),
(34, 283, 0, 0, 0),
(34, 285, 0, 0, 0),
(34, 288, 0, 0, 0),
(34, 289, 0, 0, 0),
(35, 193, 1, 1, 0),
(35, 194, 1, 1, 0),
(35, 195, 1, 1, 0),
(35, 196, 1, 1, 0),
(35, 197, 1, 1, 0),
(35, 198, 1, 1, 0),
(35, 199, 1, 1, 0),
(35, 200, 1, 1, 0),
(35, 201, 1, 1, 0),
(35, 202, 1, 1, 0),
(35, 203, 1, 1, 0),
(35, 204, 1, 1, 0),
(35, 205, 1, 1, 0),
(35, 206, 1, 1, 0),
(35, 207, 1, 1, 0),
(35, 208, 1, 1, 0),
(35, 209, 1, 1, 0),
(35, 210, 1, 1, 0),
(35, 211, 1, 1, 0),
(35, 212, 1, 1, 0),
(35, 213, 1, 1, 0),
(35, 214, 1, 1, 0),
(35, 215, 1, 1, 0),
(35, 216, 1, 1, 0),
(35, 217, 1, 1, 0),
(35, 218, 1, 1, 0),
(35, 219, 1, 1, 0),
(35, 220, 1, 1, 0),
(35, 221, 1, 1, 0),
(35, 222, 1, 1, 0),
(35, 223, 1, 1, 0),
(35, 224, 1, 1, 0),
(35, 225, 1, 1, 0),
(35, 226, 1, 1, 0),
(35, 227, 1, 1, 0),
(35, 228, 1, 1, 0),
(35, 229, 1, 1, 0),
(35, 230, 1, 1, 0),
(35, 231, 1, 1, 0),
(35, 232, 1, 1, 0),
(35, 233, 1, 1, 0),
(35, 235, 1, 1, 0),
(35, 236, 1, 1, 0),
(35, 237, 1, 1, 0),
(35, 238, 1, 1, 0),
(35, 239, 1, 1, 0),
(35, 240, 1, 1, 0),
(35, 241, 1, 1, 0),
(35, 242, 1, 1, 0),
(35, 243, 1, 1, 0),
(35, 244, 1, 1, 0),
(35, 245, 1, 1, 0),
(35, 246, 1, 1, 0),
(35, 247, 1, 1, 0),
(35, 262, 0, 0, 0),
(35, 263, 0, 0, 0),
(35, 264, 0, 0, 0),
(35, 269, 0, 0, 0),
(35, 271, 0, 0, 0),
(35, 272, 0, 0, 0),
(35, 273, 0, 0, 0),
(35, 274, 0, 0, 0),
(35, 275, 0, 0, 0),
(35, 276, 0, 0, 0),
(35, 277, 0, 0, 0),
(35, 278, 0, 0, 0),
(35, 279, 0, 0, 0),
(35, 280, 0, 0, 0),
(35, 281, 0, 0, 0),
(35, 282, 0, 0, 0),
(35, 283, 0, 0, 0),
(35, 285, 0, 0, 0),
(35, 288, 0, 0, 0),
(35, 289, 0, 0, 0),
(36, 193, 1, 1, 0),
(36, 194, 1, 1, 0),
(36, 195, 1, 1, 0),
(36, 196, 1, 1, 0),
(36, 197, 1, 1, 0),
(36, 198, 1, 1, 0),
(36, 199, 1, 1, 0),
(36, 200, 1, 1, 0),
(36, 201, 1, 1, 0),
(36, 202, 1, 1, 0),
(36, 203, 1, 1, 0),
(36, 204, 1, 1, 0),
(36, 205, 1, 1, 0),
(36, 206, 1, 1, 0),
(36, 207, 1, 1, 0),
(36, 208, 1, 1, 0),
(36, 209, 1, 1, 0),
(36, 210, 1, 1, 0),
(36, 211, 1, 1, 0),
(36, 212, 1, 1, 0),
(36, 213, 1, 1, 0),
(36, 214, 1, 1, 0),
(36, 215, 1, 1, 0),
(36, 216, 1, 1, 0),
(36, 217, 1, 1, 0),
(36, 218, 1, 1, 0),
(36, 219, 1, 1, 0),
(36, 220, 1, 1, 0),
(36, 221, 1, 1, 0),
(36, 222, 1, 1, 0),
(36, 223, 1, 1, 0),
(36, 224, 1, 1, 0),
(36, 225, 1, 1, 0),
(36, 226, 1, 1, 0),
(36, 227, 1, 1, 0),
(36, 228, 1, 1, 0),
(36, 229, 1, 1, 0),
(36, 230, 1, 1, 0),
(36, 231, 1, 1, 0),
(36, 232, 1, 1, 0),
(36, 233, 1, 1, 0),
(36, 235, 1, 1, 0),
(36, 236, 1, 1, 0),
(36, 237, 1, 1, 0),
(36, 238, 1, 1, 0),
(36, 239, 1, 1, 0),
(36, 240, 1, 1, 0),
(36, 241, 1, 1, 0),
(36, 242, 1, 1, 0),
(36, 243, 1, 1, 0),
(36, 244, 1, 1, 0),
(36, 245, 1, 1, 0),
(36, 246, 1, 1, 0),
(36, 247, 1, 1, 0),
(36, 262, 0, 0, 0),
(36, 263, 0, 0, 0),
(36, 264, 0, 0, 0),
(36, 269, 0, 0, 0),
(36, 271, 0, 0, 0),
(36, 272, 0, 0, 0),
(36, 273, 0, 0, 0),
(36, 274, 0, 0, 0),
(36, 275, 0, 0, 0),
(36, 276, 0, 0, 0),
(36, 277, 0, 0, 0),
(36, 278, 0, 0, 0),
(36, 279, 0, 0, 0),
(36, 280, 0, 0, 0),
(36, 281, 0, 0, 0),
(36, 282, 0, 0, 0),
(36, 283, 0, 0, 0),
(36, 285, 0, 0, 0),
(36, 288, 0, 0, 0),
(36, 289, 0, 0, 0),
(41, 194, 1, 1, 0),
(41, 195, 1, 1, 0),
(41, 196, 1, 1, 0),
(41, 197, 1, 1, 0),
(41, 198, 1, 1, 0),
(41, 199, 1, 1, 0),
(41, 200, 1, 1, 0),
(41, 201, 1, 1, 0),
(41, 202, 1, 1, 0),
(41, 203, 1, 1, 0),
(41, 204, 1, 1, 0),
(41, 205, 1, 1, 0),
(41, 206, 1, 1, 0),
(41, 207, 1, 1, 0),
(41, 208, 1, 1, 0),
(41, 209, 1, 1, 0),
(41, 210, 1, 1, 0),
(41, 211, 1, 1, 0),
(41, 212, 1, 1, 0),
(41, 213, 1, 1, 0),
(41, 214, 1, 1, 0),
(41, 215, 1, 1, 0),
(41, 216, 1, 1, 0),
(41, 217, 1, 1, 0),
(41, 218, 1, 1, 0),
(41, 219, 1, 1, 0),
(41, 220, 1, 1, 0),
(41, 221, 1, 1, 0),
(41, 222, 1, 1, 0),
(41, 223, 1, 1, 0),
(41, 224, 1, 1, 0),
(41, 225, 1, 1, 0),
(41, 226, 1, 1, 0),
(41, 227, 1, 1, 0),
(41, 228, 1, 1, 0),
(41, 229, 1, 1, 0),
(41, 230, 1, 1, 0),
(41, 231, 1, 1, 0),
(41, 232, 1, 1, 0),
(41, 233, 1, 1, 0),
(41, 235, 1, 1, 0),
(41, 236, 1, 1, 0),
(41, 237, 1, 1, 0),
(41, 238, 1, 1, 0),
(41, 239, 1, 1, 0),
(41, 240, 1, 1, 0),
(41, 241, 1, 1, 0),
(41, 242, 1, 1, 0),
(41, 243, 1, 1, 0),
(41, 244, 1, 1, 0),
(41, 245, 1, 1, 0),
(41, 246, 1, 1, 0),
(41, 247, 1, 1, 0),
(41, 262, 0, 0, 0),
(41, 263, 0, 0, 0),
(41, 264, 0, 0, 0),
(41, 269, 0, 0, 0),
(41, 271, 0, 0, 0),
(41, 272, 0, 0, 0),
(41, 273, 0, 0, 0),
(41, 274, 0, 0, 0),
(41, 275, 0, 0, 0),
(41, 276, 0, 0, 0),
(41, 277, 0, 0, 0),
(41, 278, 0, 0, 0),
(41, 279, 0, 0, 0),
(41, 280, 0, 0, 0),
(41, 281, 0, 0, 0),
(41, 282, 0, 0, 0),
(41, 283, 0, 0, 0),
(41, 285, 0, 0, 0),
(41, 288, 0, 0, 0),
(41, 289, 0, 0, 0),
(42, 217, 0, 0, 0),
(42, 263, 0, 0, 0),
(42, 264, 0, 0, 0),
(42, 269, 0, 0, 0),
(42, 271, 0, 0, 0),
(42, 272, 0, 0, 0),
(42, 273, 0, 0, 0),
(42, 274, 0, 0, 0),
(42, 275, 0, 0, 0),
(42, 276, 0, 0, 0),
(42, 277, 0, 0, 0),
(42, 278, 0, 0, 0),
(42, 279, 0, 0, 0),
(42, 280, 0, 0, 0),
(42, 281, 0, 0, 0),
(42, 282, 0, 0, 0),
(42, 283, 0, 0, 0),
(42, 285, 0, 0, 0),
(42, 288, 0, 0, 0),
(42, 289, 0, 0, 0),
(43, 217, 0, 0, 0),
(43, 263, 0, 0, 0),
(43, 264, 0, 0, 0),
(43, 269, 0, 0, 0),
(43, 271, 0, 0, 0),
(43, 272, 0, 0, 0),
(43, 273, 0, 0, 0),
(43, 274, 0, 0, 0),
(43, 275, 0, 0, 0),
(43, 276, 0, 0, 0),
(43, 277, 0, 0, 0),
(43, 278, 0, 0, 0),
(43, 279, 0, 0, 0),
(43, 280, 0, 0, 0),
(43, 281, 0, 0, 0),
(43, 282, 0, 0, 0),
(43, 283, 0, 0, 0),
(43, 285, 0, 0, 0),
(43, 288, 0, 0, 0),
(43, 289, 0, 0, 0),
(44, 217, 0, 0, 0),
(44, 263, 0, 0, 0),
(44, 264, 0, 0, 0),
(44, 269, 0, 0, 0),
(44, 271, 0, 0, 0),
(44, 272, 0, 0, 0),
(44, 273, 0, 0, 0),
(44, 274, 0, 0, 0),
(44, 275, 0, 0, 0),
(44, 276, 0, 0, 0),
(44, 277, 0, 0, 0),
(44, 278, 0, 0, 0),
(44, 279, 0, 0, 0),
(44, 280, 0, 0, 0),
(44, 281, 0, 0, 0),
(44, 282, 0, 0, 0),
(44, 283, 0, 0, 0),
(44, 285, 0, 0, 0),
(44, 288, 0, 0, 0),
(44, 289, 0, 0, 0),
(45, 217, 0, 0, 0),
(45, 263, 0, 0, 0),
(45, 264, 0, 0, 0),
(45, 269, 0, 0, 0),
(45, 271, 0, 0, 0),
(45, 272, 0, 0, 0),
(45, 273, 0, 0, 0),
(45, 274, 0, 0, 0),
(45, 275, 0, 0, 0),
(45, 276, 0, 0, 0),
(45, 277, 0, 0, 0),
(45, 278, 0, 0, 0),
(45, 279, 0, 0, 0),
(45, 280, 0, 0, 0),
(45, 281, 0, 0, 0),
(45, 282, 0, 0, 0),
(45, 283, 0, 0, 0),
(45, 285, 0, 0, 0),
(45, 288, 0, 0, 0),
(45, 289, 0, 0, 0),
(46, 217, 0, 0, 0),
(46, 263, 0, 0, 0),
(46, 264, 0, 0, 0),
(46, 269, 0, 0, 0),
(46, 271, 0, 0, 0),
(46, 272, 0, 0, 0),
(46, 273, 0, 0, 0),
(46, 274, 0, 0, 0),
(46, 275, 0, 0, 0),
(46, 276, 0, 0, 0),
(46, 277, 0, 0, 0),
(46, 278, 0, 0, 0),
(46, 279, 0, 0, 0),
(46, 280, 0, 0, 0),
(46, 281, 0, 0, 0),
(46, 282, 0, 0, 0),
(46, 283, 0, 0, 0),
(46, 285, 0, 0, 0),
(46, 288, 0, 0, 0),
(46, 289, 0, 0, 0),
(48, 217, 0, 0, 0),
(48, 263, 0, 0, 0),
(48, 264, 0, 0, 0),
(48, 269, 0, 0, 0),
(48, 271, 0, 0, 0),
(48, 272, 0, 0, 0),
(48, 273, 0, 0, 0),
(48, 274, 0, 0, 0),
(48, 275, 0, 0, 0),
(48, 276, 0, 0, 0),
(48, 277, 0, 0, 0),
(48, 278, 0, 0, 0),
(48, 279, 0, 0, 0),
(48, 280, 0, 0, 0),
(48, 281, 0, 0, 0),
(48, 282, 0, 0, 0),
(48, 283, 0, 0, 0),
(48, 285, 0, 0, 0),
(48, 288, 0, 0, 0),
(48, 289, 0, 0, 0),
(49, 217, 0, 0, 0),
(49, 263, 0, 0, 0),
(49, 264, 0, 0, 0),
(49, 269, 0, 0, 0),
(49, 271, 0, 0, 0),
(49, 272, 0, 0, 0),
(49, 273, 0, 0, 0),
(49, 274, 0, 0, 0),
(49, 275, 0, 0, 0),
(49, 276, 0, 0, 0),
(49, 277, 0, 0, 0),
(49, 278, 0, 0, 0),
(49, 279, 0, 0, 0),
(49, 280, 0, 0, 0),
(49, 281, 0, 0, 0),
(49, 282, 0, 0, 0),
(49, 283, 0, 0, 0),
(49, 285, 0, 0, 0),
(49, 288, 0, 0, 0),
(49, 289, 0, 0, 0),
(50, 217, 0, 0, 0),
(50, 263, 0, 0, 0),
(50, 264, 0, 0, 0),
(50, 269, 0, 0, 0),
(50, 271, 0, 0, 0),
(50, 272, 0, 0, 0),
(50, 273, 0, 0, 0),
(50, 274, 0, 0, 0),
(50, 275, 0, 0, 0),
(50, 276, 0, 0, 0),
(50, 277, 0, 0, 0),
(50, 278, 0, 0, 0),
(50, 279, 0, 0, 0),
(50, 280, 0, 0, 0),
(50, 281, 0, 0, 0),
(50, 282, 0, 0, 0),
(50, 283, 0, 0, 0),
(50, 285, 0, 0, 0),
(50, 288, 0, 0, 0),
(50, 289, 0, 0, 0),
(51, 217, 0, 0, 0),
(51, 263, 0, 0, 0),
(51, 264, 0, 0, 0),
(51, 269, 0, 0, 0),
(51, 271, 0, 0, 0),
(51, 272, 0, 0, 0),
(51, 273, 0, 0, 0),
(51, 274, 0, 0, 0),
(51, 275, 0, 0, 0),
(51, 276, 0, 0, 0),
(51, 277, 0, 0, 0),
(51, 278, 0, 0, 0),
(51, 279, 0, 0, 0),
(51, 280, 0, 0, 0),
(51, 281, 0, 0, 0),
(51, 282, 0, 0, 0),
(51, 283, 0, 0, 0),
(51, 285, 0, 0, 0),
(51, 288, 0, 0, 0),
(51, 289, 0, 0, 0),
(52, 217, 0, 0, 0),
(52, 263, 0, 0, 0),
(52, 264, 0, 0, 0),
(52, 269, 0, 0, 0),
(52, 271, 0, 0, 0),
(52, 272, 0, 0, 0),
(52, 273, 0, 0, 0),
(52, 274, 0, 0, 0),
(52, 275, 0, 0, 0),
(52, 276, 0, 0, 0),
(52, 277, 0, 0, 0),
(52, 278, 0, 0, 0),
(52, 279, 0, 0, 0),
(52, 280, 0, 0, 0),
(52, 281, 0, 0, 0),
(52, 282, 0, 0, 0),
(52, 283, 0, 0, 0),
(52, 285, 0, 0, 0),
(52, 288, 0, 0, 0),
(52, 289, 0, 0, 0),
(53, 217, 0, 0, 0),
(53, 263, 0, 0, 0),
(53, 264, 0, 0, 0),
(53, 269, 1, 1, 1),
(53, 271, 0, 0, 0),
(53, 272, 0, 0, 0),
(53, 273, 0, 0, 0),
(53, 274, 0, 0, 0),
(53, 275, 0, 0, 0),
(53, 276, 0, 0, 0),
(53, 277, 0, 0, 0),
(53, 278, 0, 0, 0),
(53, 279, 0, 0, 0),
(53, 280, 0, 0, 0),
(53, 281, 0, 0, 0),
(53, 282, 0, 0, 0),
(53, 283, 0, 0, 0),
(53, 285, 0, 0, 0),
(53, 288, 0, 0, 0),
(53, 289, 0, 0, 0),
(54, 217, 0, 0, 0),
(54, 263, 0, 0, 0),
(54, 264, 0, 0, 0),
(54, 269, 0, 0, 0),
(54, 271, 0, 0, 0),
(54, 272, 0, 0, 0),
(54, 273, 0, 0, 0),
(54, 274, 0, 0, 0),
(54, 275, 0, 0, 0),
(54, 276, 0, 0, 0),
(54, 277, 0, 0, 0),
(54, 278, 0, 0, 0),
(54, 279, 0, 0, 0),
(54, 280, 0, 0, 0),
(54, 281, 0, 0, 0),
(54, 282, 0, 0, 0),
(54, 283, 0, 0, 0),
(54, 285, 0, 0, 0),
(54, 288, 0, 0, 0),
(54, 289, 0, 0, 0),
(55, 217, 0, 0, 0),
(55, 263, 0, 0, 0),
(55, 264, 0, 0, 0),
(55, 269, 0, 0, 0),
(55, 271, 0, 0, 0),
(55, 272, 0, 0, 0),
(55, 273, 0, 0, 0),
(55, 274, 0, 0, 0),
(55, 275, 0, 0, 0),
(55, 276, 0, 0, 0),
(55, 277, 0, 0, 0),
(55, 278, 0, 0, 0),
(55, 279, 0, 0, 0),
(55, 280, 0, 0, 0),
(55, 281, 0, 0, 0),
(55, 282, 0, 0, 0),
(55, 283, 0, 0, 0),
(55, 285, 0, 0, 0),
(55, 288, 0, 0, 0),
(55, 289, 0, 0, 0),
(56, 217, 0, 0, 0),
(56, 264, 0, 0, 0),
(56, 269, 0, 0, 0),
(56, 271, 0, 0, 0),
(56, 272, 0, 0, 0),
(56, 273, 0, 0, 0),
(56, 274, 0, 0, 0),
(56, 275, 0, 0, 0),
(56, 276, 0, 0, 0),
(56, 277, 0, 0, 0),
(56, 278, 0, 0, 0),
(56, 279, 0, 0, 0),
(56, 280, 0, 0, 0),
(56, 281, 0, 0, 0),
(56, 282, 0, 0, 0),
(56, 283, 0, 0, 0),
(56, 285, 0, 0, 0),
(56, 288, 0, 0, 0),
(56, 289, 0, 0, 0),
(58, 217, 0, 0, 0),
(58, 264, 0, 0, 0),
(58, 269, 0, 0, 0),
(58, 271, 0, 0, 0),
(58, 272, 0, 0, 0),
(58, 273, 0, 0, 0),
(58, 274, 0, 0, 0),
(58, 275, 0, 0, 0),
(58, 276, 0, 0, 0),
(58, 277, 0, 0, 0),
(58, 278, 0, 0, 0),
(58, 279, 0, 0, 0),
(58, 280, 0, 0, 0),
(58, 281, 0, 0, 0),
(58, 282, 0, 0, 0),
(58, 283, 0, 0, 0),
(58, 285, 0, 0, 0),
(58, 288, 0, 0, 0),
(58, 289, 0, 0, 0),
(59, 217, 0, 0, 0),
(59, 264, 0, 0, 0),
(59, 269, 0, 0, 0),
(59, 271, 0, 0, 0),
(59, 272, 0, 0, 0),
(59, 273, 0, 0, 0),
(59, 274, 0, 0, 0),
(59, 275, 0, 0, 0),
(59, 276, 0, 0, 0),
(59, 277, 0, 0, 0),
(59, 278, 0, 0, 0),
(59, 279, 0, 0, 0),
(59, 280, 0, 0, 0),
(59, 281, 0, 0, 0),
(59, 282, 0, 0, 0),
(59, 283, 0, 0, 0),
(59, 285, 0, 0, 0),
(59, 288, 0, 0, 0),
(59, 289, 0, 0, 0),
(60, 217, 0, 0, 0),
(60, 264, 0, 0, 0),
(60, 269, 0, 0, 0),
(60, 271, 0, 0, 0),
(60, 272, 0, 0, 0),
(60, 273, 0, 0, 0),
(60, 274, 0, 0, 0),
(60, 275, 0, 0, 0),
(60, 276, 0, 0, 0),
(60, 277, 0, 0, 0),
(60, 278, 0, 0, 0),
(60, 279, 0, 0, 0),
(60, 280, 0, 0, 0),
(60, 281, 0, 0, 0),
(60, 282, 0, 0, 0),
(60, 283, 0, 0, 0),
(60, 285, 0, 0, 0),
(60, 288, 0, 0, 0),
(60, 289, 0, 0, 0),
(61, 217, 0, 0, 0),
(61, 264, 0, 0, 0),
(61, 269, 0, 0, 0),
(61, 271, 0, 0, 0),
(61, 272, 0, 0, 0),
(61, 273, 0, 0, 0),
(61, 274, 0, 0, 0),
(61, 275, 0, 0, 0),
(61, 276, 0, 0, 0),
(61, 277, 0, 0, 0);
INSERT INTO `tm_acl_task` (`user_id`, `task_id`, `is_read`, `is_write`, `is_executant`) VALUES
(61, 278, 0, 0, 0),
(61, 279, 0, 0, 0),
(61, 280, 0, 0, 0),
(61, 281, 0, 0, 0),
(61, 282, 0, 0, 0),
(61, 283, 0, 0, 0),
(61, 285, 0, 0, 0),
(61, 288, 0, 0, 0),
(61, 289, 0, 0, 0),
(62, 217, 0, 0, 0),
(62, 264, 0, 0, 0),
(62, 269, 0, 0, 0),
(62, 271, 0, 0, 0),
(62, 272, 0, 0, 0),
(62, 273, 0, 0, 0),
(62, 274, 0, 0, 0),
(62, 275, 0, 0, 0),
(62, 276, 0, 0, 0),
(62, 277, 0, 0, 0),
(62, 278, 0, 0, 0),
(62, 279, 0, 0, 0),
(62, 280, 0, 0, 0),
(62, 281, 0, 0, 0),
(62, 282, 0, 0, 0),
(62, 283, 0, 0, 0),
(62, 285, 0, 0, 0),
(62, 288, 0, 0, 0),
(62, 289, 0, 0, 0),
(64, 217, 0, 0, 0),
(64, 264, 1, 1, 1),
(64, 269, 0, 0, 0),
(64, 271, 0, 0, 0),
(64, 272, 0, 0, 0),
(64, 273, 0, 0, 0),
(64, 274, 0, 0, 0),
(64, 275, 0, 0, 0),
(64, 276, 0, 0, 0),
(64, 277, 0, 0, 0),
(64, 278, 0, 0, 0),
(64, 279, 0, 0, 0),
(64, 280, 0, 0, 0),
(64, 281, 0, 0, 0),
(64, 282, 0, 0, 0),
(64, 283, 0, 0, 0),
(64, 285, 0, 0, 0),
(64, 288, 0, 0, 0),
(64, 289, 0, 0, 0),
(65, 217, 0, 0, 0),
(65, 264, 0, 0, 0),
(65, 269, 0, 0, 0),
(65, 271, 0, 0, 0),
(65, 272, 0, 0, 0),
(65, 273, 0, 0, 0),
(65, 274, 0, 0, 0),
(65, 275, 0, 0, 0),
(65, 276, 0, 0, 0),
(65, 277, 0, 0, 0),
(65, 278, 0, 0, 0),
(65, 279, 0, 0, 0),
(65, 280, 0, 0, 0),
(65, 281, 0, 0, 0),
(65, 282, 0, 0, 0),
(65, 283, 0, 0, 0),
(65, 285, 0, 0, 0),
(65, 288, 0, 0, 0),
(65, 289, 1, 1, 1),
(66, 275, 0, 0, 0),
(66, 288, 0, 0, 0),
(66, 289, 0, 0, 0),
(67, 275, 0, 0, 0),
(67, 288, 0, 0, 0),
(67, 289, 0, 0, 0),
(68, 275, 0, 0, 0),
(68, 289, 0, 0, 0);

-- --------------------------------------------------------

--
-- Структура таблицы `tm_activity`
--

DROP TABLE IF EXISTS `tm_activity`;
CREATE TABLE IF NOT EXISTS `tm_activity` (
  `id` int(10) unsigned NOT NULL AUTO_INCREMENT,
  `date_action` datetime NOT NULL,
  `user_id` int(10) unsigned NOT NULL,
  `razdel` varchar(30) NOT NULL,
  `message` text NOT NULL,
  PRIMARY KEY (`id`),
  KEY `user_id` (`user_id`)
) ENGINE=InnoDB  DEFAULT CHARSET=utf8 AUTO_INCREMENT=123 ;

--
-- Дамп данных таблицы `tm_activity`
--

INSERT INTO `tm_activity` (`id`, `date_action`, `user_id`, `razdel`, `message`) VALUES
(1, '2012-04-17 12:12:13', 1, 'Проекты', 'Удалена задача проверочка'),
(2, '2012-04-17 12:35:12', 1, 'Проекты', 'Добавлена задача проверка'),
(3, '2012-04-17 12:35:37', 1, 'Проекты', 'Добавлена задача проверка 1'),
(4, '2012-04-17 12:36:02', 1, 'Проекты', 'Изменения в задаче проверка 1'),
(5, '2012-04-17 12:37:16', 1, 'Проекты', 'Изменения в задаче проверка 1'),
(6, '2012-04-17 12:37:17', 1, 'Проекты', 'Изменения в задаче проверка 1'),
(7, '2012-04-17 12:37:18', 1, 'Проекты', 'Изменения в задаче проверка 1'),
(8, '2012-04-17 12:37:20', 1, 'Проекты', 'Изменения в задаче проверка 1'),
(9, '2012-04-17 12:37:21', 1, 'Проекты', 'Изменения в задаче проверка 1'),
(10, '2012-04-17 12:37:22', 1, 'Проекты', 'Изменения в задаче проверка 1'),
(11, '2012-04-17 12:37:22', 1, 'Проекты', 'Изменения в задаче проверка 1'),
(12, '2012-04-17 12:37:23', 1, 'Проекты', 'Изменения в задаче проверка 1'),
(13, '2012-04-17 12:37:23', 1, 'Проекты', 'Изменения в задаче проверка 1'),
(14, '2012-04-17 12:38:11', 1, 'Проекты', 'Удалена задача проверка'),
(15, '2012-04-17 12:38:17', 1, 'Проекты', 'Удалена задача проверка 1'),
(16, '2012-05-10 13:01:21', 9, 'Проекты', 'Добавлена задача ОАО Завод Универсал'),
(17, '2012-05-10 13:03:03', 9, 'Проекты', 'Изменения в задаче ООО Электросетевая Компания Кузбасса'),
(18, '2012-05-10 13:03:22', 9, 'Проекты', 'Удалена задача ООО Электросетевая Компания Кузбасса'),
(19, '2012-05-10 13:03:38', 9, 'Проекты', 'Добавлена задача ООО Электросетевая Компания Кузбасса'),
(20, '2012-05-11 08:16:07', 10, 'Проекты', 'Добавлена задача МУП ЖКУ Белогорск (Тисульский район) (потери)'),
(21, '2012-05-29 10:41:14', 10, 'Проекты', 'Добавлена задача ООО СДС-Тепло'),
(22, '2012-05-29 10:42:53', 10, 'Проекты', 'Добавлена задача ЗАО Железнодорожная котельная'),
(23, '2012-05-29 10:44:30', 10, 'Проекты', 'Добавлена задача ОАО ДЭП № 233'),
(24, '2012-05-29 10:45:36', 10, 'Проекты', 'Добавлена задача ООО Безруковское ЖКХ'),
(25, '2012-05-29 10:47:09', 10, 'Проекты', 'Добавлена задача ОАО Санаторий Прокопьевский'),
(26, '2012-05-29 10:51:31', 10, 'Проекты', 'Добавлена задача ООО Литвиновец'),
(27, '2012-05-29 10:53:02', 10, 'Проекты', 'Добавлена задача ООО ЗагорскКомСервис'),
(28, '2012-05-29 10:54:25', 10, 'Проекты', 'Добавлена задача ОАО «Алтайские гербициды» на 2012 (тепловые нормативы)'),
(29, '2012-05-29 10:54:59', 10, 'Проекты', 'Добавлена задача ОАО Каскад -  Энерго'),
(30, '2012-05-29 10:55:26', 10, 'Проекты', 'Добавлена задача ОАО СУЭК-Кузбасс ПЕ Спецналадка'),
(31, '2012-05-29 10:56:21', 10, 'Проекты', 'Добавлена задача ООО Авангард (г. Ленинск-Кузнецкий)'),
(32, '2012-05-29 10:56:45', 10, 'Проекты', 'Добавлена задача ООО Коммунальщик (с.Красное  Ленинск-Кузнецкий район)'),
(33, '2012-05-29 10:57:10', 10, 'Проекты', 'Добавлена задача ЗАО Сибирский колос (г. Анжеро-Судженск)'),
(34, '2012-05-29 10:57:43', 10, 'Проекты', 'Добавлена задача ООО Калининское ЖКХ '),
(35, '2012-05-29 10:58:07', 10, 'Проекты', 'Добавлена задача ООО СПК Чистогорский'),
(36, '2012-05-29 10:58:33', 10, 'Проекты', 'Добавлена задача ОАО Энергетическая компания г. Полысаево'),
(37, '2012-05-29 10:59:05', 10, 'Проекты', 'Добавлена задача ООО Технотрейд'),
(38, '2012-05-29 10:59:26', 10, 'Проекты', 'Добавлена задача МУП ЖКХ Новокузнецкого района'),
(39, '2012-05-29 10:59:55', 10, 'Проекты', 'Добавлена задача ООО Плотниковский ТеплоВодСнаб'),
(40, '2012-05-29 11:00:22', 10, 'Проекты', 'Добавлена задача ООО КУЗБАСС-ОЙЛ'),
(41, '2012-05-29 11:00:44', 10, 'Проекты', 'Добавлена задача ООО ТЭК'),
(42, '2012-05-29 11:01:08', 10, 'Проекты', 'Добавлена задача ООО ВМ-ЖКХ'),
(43, '2012-05-29 11:01:28', 10, 'Проекты', 'Добавлена задача ОАО Алтайвагон'),
(44, '2012-05-29 11:01:50', 10, 'Проекты', 'Добавлена задача ООО Новая сетевая компания'),
(45, '2012-05-29 11:02:17', 10, 'Проекты', 'Добавлена задача ООО ТеплоСервис'),
(46, '2012-05-29 11:02:41', 10, 'Проекты', 'Добавлена задача ЗАО ЯТЭК'),
(47, '2012-05-29 11:03:04', 10, 'Проекты', 'Добавлена задача ООО УК Серебряный бор на 2012'),
(48, '2012-05-29 11:03:51', 10, 'Проекты', 'Изменения в задаче ООО УК Серебряный бор '),
(49, '2012-05-29 11:04:23', 10, 'Проекты', 'Добавлена задача ФГЛПУ НКЦОЗШ'),
(50, '2012-05-29 11:04:42', 10, 'Проекты', 'Добавлена задача ООО Жилкомсервис'),
(51, '2012-05-29 11:05:05', 10, 'Проекты', 'Добавлена задача ООО Веста'),
(52, '2012-05-29 11:05:31', 10, 'Проекты', 'Добавлена задача ООО Теплосетевая компания Южного Кузбасса по узлу теплоснабжения г. Осинники'),
(53, '2012-05-29 11:05:52', 10, 'Проекты', 'Добавлена задача ООО Теплосетевая компания Южного Кузбасса по узлу теплоснабжения г. Калтан'),
(54, '2012-05-29 11:06:17', 10, 'Проекты', 'Добавлена задача ООО Вектор'),
(55, '2012-05-29 11:07:16', 10, 'Проекты', 'Добавлена задача ООО Топкинский цемен (г. Топки)'),
(56, '2012-05-29 11:07:36', 10, 'Проекты', 'Добавлена задача ОАО Знамя (г. Киселевск)'),
(57, '2012-05-29 11:08:01', 10, 'Проекты', 'Добавлена задача ООО Сибирь-Городская котельная-2 (г. Салаир)'),
(58, '2012-05-29 11:08:25', 10, 'Проекты', 'Добавлена задача ООО СЭЛФ'),
(59, '2012-05-29 11:08:53', 10, 'Проекты', 'Добавлена задача ООО Управляющая компания Энерготранс-АГРО'),
(60, '2012-05-29 11:09:13', 10, 'Проекты', 'Добавлена задача МП Тепловые сети города Кемерово'),
(61, '2012-05-29 11:09:34', 10, 'Проекты', 'Добавлена задача ФГКУ комбинат Алтай Росрезерва'),
(62, '2012-05-29 11:10:04', 10, 'Проекты', 'Добавлена задача ООО Теплоэнергетик (г. Белово)'),
(63, '2012-05-29 11:10:26', 10, 'Проекты', 'Добавлена задача ОАО ИжморВодСтрой'),
(64, '2012-05-29 11:12:08', 10, 'Проекты', 'Добавлена задача МП Городская тепловая компания'),
(65, '2012-05-29 11:57:38', 10, 'Проекты', 'Добавлена задача ООО Управляющая Коммунальная Сервисная Компания'),
(66, '2012-05-29 11:58:00', 10, 'Проекты', 'Добавлена задача ООО Южно-Кузбасская энергетическая компания'),
(67, '2012-05-29 11:58:26', 10, 'Проекты', 'Добавлена задача ОАО Энергетик'),
(68, '2012-05-29 12:00:10', 10, 'Проекты', 'Добавлена задача МУП ЖКУ Белогорск (Тисульский район) (НУР, Запасы)'),
(69, '2012-05-29 12:00:43', 10, 'Проекты', 'Добавлена задача МУП Теплокоммунэнерго'),
(70, '2012-05-29 12:01:15', 10, 'Проекты', 'Добавлена задача МУП Источник'),
(71, '2012-05-29 12:01:41', 10, 'Проекты', 'Добавлена задача ООО Чистогорское ЖКХ'),
(72, '2012-05-29 12:02:02', 10, 'Проекты', 'Добавлена задача ОАО Угольная компания Северный Кузбасс'),
(73, '2012-05-29 12:02:26', 10, 'Проекты', 'Добавлена задача ОАО Теплосервис  (г. Тайга)'),
(74, '2012-05-29 12:02:52', 10, 'Проекты', 'Добавлена задача ОАО Кузбассконсервмолоко'),
(75, '2012-06-13 19:14:04', 10, 'Проекты', 'Удалена задача МУП ЖКУ Белогорск (Тисульский район) (потери)'),
(76, '2012-06-13 19:14:08', 10, 'Проекты', 'Удалена задача МУП ЖКУ Белогорск (Тисульский район) (потери)'),
(77, '2012-06-13 19:14:11', 10, 'Проекты', 'Удалена задача МУП ЖКУ Белогорск (Тисульский район) (потери)'),
(78, '2012-06-13 19:14:15', 10, 'Проекты', 'Удалена задача МУП ЖКУ Белогорск (Тисульский район) (потери)'),
(79, '2012-06-13 19:14:20', 10, 'Проекты', 'Удалена задача МУП ЖКУ &quot;Белогорск&quot; (Тисульский район) (потери)'),
(80, '2012-06-13 19:14:24', 10, 'Проекты', 'Удалена задача МУП ЖКУ &quot;Белогорск&quot; (Тисульский район) (потери)'),
(81, '2012-06-13 19:14:28', 10, 'Проекты', 'Удалена задача МУП ЖКУ &quot;Белогорск&quot; (Тисульский район) (потери)'),
(82, '2012-06-13 19:14:54', 10, 'Проекты', 'Удалена задача МУП ЖКУ &quot;Белогорск&quot; (Тисульский район) (потери)'),
(83, '2012-06-13 19:16:36', 10, 'Проекты', 'Добавлена задача МУП ЖКУ &quot;Белогорск&quot; (Тисульский район) (потери)'),
(84, '2012-06-20 12:53:13', 10, 'Проекты', 'Добавлена задача ООО Новокузнецкие тепловые сети'),
(85, '2012-07-10 08:30:26', 10, 'Проекты', 'Добавлена задача ООО Шахта Юбилейная'),
(86, '2012-07-12 06:59:46', 10, 'Проекты', 'Добавлена задача '),
(87, '2012-07-12 06:59:55', 10, 'Проекты', 'Удалена задача '),
(88, '2012-07-18 13:01:55', 10, 'Проекты', 'Изменения в задаче ООО Шахта Юбилейная'),
(89, '2012-07-20 05:58:16', 10, 'Проекты', 'Добавлена задача '),
(90, '2012-07-20 05:58:44', 10, 'Проекты', 'Изменения в задаче ОАО Алтайвагон'),
(91, '2012-07-20 05:59:03', 10, 'Проекты', 'Добавлена задача '),
(92, '2012-07-20 06:01:59', 10, 'Проекты', 'Удалена задача '),
(93, '2012-07-20 06:02:04', 10, 'Проекты', 'Удалена задача '),
(94, '2012-07-20 06:03:30', 10, 'Проекты', 'Добавлена задача '),
(95, '2012-07-20 06:04:04', 10, 'Проекты', 'Изменения в задаче '),
(96, '2012-07-20 06:06:50', 10, 'Проекты', 'Изменения в задаче ОАО Алтайвагон'),
(97, '2012-07-20 06:12:43', 10, 'Проекты', 'Удалена задача '),
(98, '2012-07-20 06:27:14', 10, 'Проекты', 'Добавлена задача '),
(99, '2012-07-20 06:28:08', 10, 'Проекты', 'Изменения в задаче '),
(100, '2012-07-20 06:28:46', 10, 'Проекты', 'Изменения в задаче ООО Авангард'),
(101, '2012-07-20 08:05:50', 10, 'Проекты', 'Удалена задача ФГКУ комбинат Алтай Росрезерва'),
(102, '2012-10-16 10:54:26', 10, 'Проекты', 'Добавлена задача ООО Коммунальщик с.Красное  Ленинск-Кузнецкий район'),
(103, '2012-10-16 10:54:49', 10, 'Проекты', 'Удалена задача ООО Коммунальщик с.Красное  Ленинск-Кузнецкий район'),
(104, '2012-10-17 06:56:39', 10, 'Проекты', 'Добавлена задача ООО Железобетон-сервис'),
(105, '2012-10-17 07:19:31', 10, 'Проекты', 'Добавлена задача ООО Теплоресурс'),
(106, '2012-10-17 07:24:00', 10, 'Проекты', 'Добавлена задача ООО Мысковская электросетевая'),
(107, '2012-10-17 07:27:54', 10, 'Проекты', 'Добавлена задача ООО Безруковское ЖКХ'),
(108, '2012-10-17 07:30:49', 10, 'Проекты', 'Добавлена задача ООО Топкинский цемент'),
(109, '2012-10-17 07:38:57', 10, 'Проекты', 'Добавлена задача ООО УК Энерготранс-Агро'),
(110, '2012-10-17 07:41:10', 10, 'Проекты', 'Добавлена задача ЗАО Водоканал'),
(111, '2012-10-17 07:47:28', 10, 'Проекты', 'Добавлена задача ООО Кристал 1'),
(112, '2012-10-17 07:50:22', 10, 'Проекты', 'Добавлена задача ЗАО Тепловые сети г Мыски'),
(113, '2012-10-17 07:53:20', 10, 'Проекты', 'Добавлена задача СУЭК-КУЗБАС Энергоупровление'),
(114, '2012-10-17 07:57:50', 10, 'Проекты', 'Добавлена задача ЗАО Сибэлектросервис'),
(115, '2012-10-17 09:49:22', 10, 'Проекты', 'Добавлена задача ООО Химпром'),
(116, '2012-10-17 10:19:53', 10, 'Проекты', 'Добавлена задача ОАО Томусинский ремонтномеханический завод'),
(117, '2012-10-17 12:22:45', 10, 'Проекты', 'Добавлена задача ОАО Знамя'),
(118, '2012-10-17 12:23:08', 10, 'Проекты', 'Удалена задача ОАО Знамя'),
(119, '2012-10-17 12:33:13', 10, 'Проекты', 'Добавлена задача ООО ЕвразЭнергоТранс'),
(120, '2013-01-30 13:30:41', 10, 'Проекты', 'Добавлена задача ООО ТЭП'),
(121, '2013-04-26 07:35:27', 10, 'Проекты', 'Добавлена задача ОАО Теплосервис г Тайга'),
(122, '2013-05-29 14:10:15', 10, 'Проекты', 'Изменения в задаче ООО Топкинский цемент');

-- --------------------------------------------------------

--
-- Структура таблицы `tm_discussion`
--

DROP TABLE IF EXISTS `tm_discussion`;
CREATE TABLE IF NOT EXISTS `tm_discussion` (
  `id` int(10) unsigned NOT NULL AUTO_INCREMENT,
  `message` text NOT NULL,
  `date_create` datetime NOT NULL,
  `is_first` tinyint(1) NOT NULL DEFAULT '0',
  `is_message` tinyint(1) NOT NULL DEFAULT '0',
  `topic_id` int(10) unsigned DEFAULT NULL,
  `parent_id` int(10) unsigned DEFAULT NULL,
  `user_id` int(10) unsigned NOT NULL,
  `to_user_id` int(10) unsigned DEFAULT NULL,
  `is_request` tinyint(1) NOT NULL DEFAULT '0',
  `is_complete` tinyint(1) NOT NULL DEFAULT '0',
  `is_archive` tinyint(1) NOT NULL DEFAULT '0',
  PRIMARY KEY (`id`),
  KEY `fk_tm_discussion_tm_discussion1` (`parent_id`),
  KEY `fk_tm_discussion_tm_user1` (`user_id`),
  KEY `topic_id` (`topic_id`),
  KEY `to_user_id` (`to_user_id`)
) ENGINE=InnoDB  DEFAULT CHARSET=utf8 AUTO_INCREMENT=319 ;

--
-- Дамп данных таблицы `tm_discussion`
--

INSERT INTO `tm_discussion` (`id`, `message`, `date_create`, `is_first`, `is_message`, `topic_id`, `parent_id`, `user_id`, `to_user_id`, `is_request`, `is_complete`, `is_archive`) VALUES
(191, 'Заказы с сайта', '2011-12-22 21:08:41', 0, 0, NULL, NULL, 1, NULL, 0, 0, 0),
(200, 'Тестовый док', '2012-04-10 11:37:28', 0, 0, 191, NULL, 1, NULL, 0, 0, 0),
(201, 'Еще док', '2012-04-10 11:37:44', 0, 0, 191, NULL, 1, NULL, 0, 0, 0),
(208, 'ООО Электросетевая Компания Кузбасса', '2012-05-10 13:03:38', 0, 0, NULL, NULL, 9, NULL, 0, 0, 0),
(210, 'Договор', '2012-05-28 18:04:57', 0, 0, 208, NULL, 1, NULL, 0, 0, 0),
(211, 'Gthdsq', '2012-05-28 18:05:07', 0, 1, 210, NULL, 1, NULL, 0, 0, 0),
(212, 'Счет', '2012-05-28 18:05:22', 0, 0, 208, NULL, 1, NULL, 0, 0, 0),
(213, 'ООО СДС-Тепло', '2012-05-29 10:41:14', 0, 0, NULL, NULL, 10, NULL, 0, 0, 0),
(214, 'ЗАО Железнодорожная котельная', '2012-05-29 10:42:52', 0, 0, NULL, NULL, 10, NULL, 0, 0, 0),
(215, 'ОАО ДЭП № 233', '2012-05-29 10:44:30', 0, 0, NULL, NULL, 10, NULL, 0, 0, 0),
(216, 'ООО Безруковское ЖКХ', '2012-05-29 10:45:36', 0, 0, NULL, NULL, 10, NULL, 0, 0, 0),
(217, 'ОАО Санаторий Прокопьевский', '2012-05-29 10:47:09', 0, 0, NULL, NULL, 10, NULL, 0, 0, 0),
(218, 'ООО Литвиновец', '2012-05-29 10:51:31', 0, 0, NULL, NULL, 10, NULL, 0, 0, 0),
(219, 'ООО ЗагорскКомСервис', '2012-05-29 10:53:02', 0, 0, NULL, NULL, 10, NULL, 0, 0, 0),
(220, 'ОАО «Алтайские гербициды» на 2012 (тепловые нормативы)', '2012-05-29 10:54:25', 0, 0, NULL, NULL, 10, NULL, 0, 0, 0),
(221, 'ОАО Каскад -  Энерго', '2012-05-29 10:54:59', 0, 0, NULL, NULL, 10, NULL, 0, 0, 0),
(222, 'ОАО СУЭК-Кузбасс ПЕ Спецналадка', '2012-05-29 10:55:26', 0, 0, NULL, NULL, 10, NULL, 0, 0, 0),
(223, 'ООО Авангард (г. Ленинск-Кузнецкий)', '2012-05-29 10:56:21', 0, 0, NULL, NULL, 10, NULL, 0, 0, 1),
(224, 'ООО Коммунальщик (с.Красное  Ленинск-Кузнецкий район)', '2012-05-29 10:56:44', 0, 0, NULL, NULL, 10, NULL, 0, 0, 0),
(225, 'ЗАО Сибирский колос (г. Анжеро-Судженск)', '2012-05-29 10:57:10', 0, 0, NULL, NULL, 10, NULL, 0, 0, 0),
(226, 'ООО Калининское ЖКХ ', '2012-05-29 10:57:43', 0, 0, NULL, NULL, 10, NULL, 0, 0, 0),
(227, 'ООО СПК Чистогорский', '2012-05-29 10:58:07', 0, 0, NULL, NULL, 10, NULL, 0, 0, 0),
(228, 'ОАО Энергетическая компания г. Полысаево', '2012-05-29 10:58:33', 0, 0, NULL, NULL, 10, NULL, 0, 0, 0),
(229, 'ООО Технотрейд', '2012-05-29 10:59:05', 0, 0, NULL, NULL, 10, NULL, 0, 0, 0),
(230, 'МУП ЖКХ Новокузнецкого района', '2012-05-29 10:59:26', 0, 0, NULL, NULL, 10, NULL, 0, 0, 0),
(231, 'ООО Плотниковский ТеплоВодСнаб', '2012-05-29 10:59:55', 0, 0, NULL, NULL, 10, NULL, 0, 0, 0),
(232, 'ООО КУЗБАСС-ОЙЛ', '2012-05-29 11:00:22', 0, 0, NULL, NULL, 10, NULL, 0, 0, 0),
(233, 'ООО ТЭК', '2012-05-29 11:00:44', 0, 0, NULL, NULL, 10, NULL, 0, 0, 0),
(234, 'ООО ВМ-ЖКХ', '2012-05-29 11:01:08', 0, 0, NULL, NULL, 10, NULL, 0, 0, 0),
(235, 'ОАО Алтайвагон', '2012-05-29 11:01:28', 0, 0, NULL, NULL, 10, NULL, 0, 0, 0),
(236, 'ООО Новая сетевая компания', '2012-05-29 11:01:50', 0, 0, NULL, NULL, 10, NULL, 0, 0, 0),
(237, 'ООО ТеплоСервис', '2012-05-29 11:02:17', 0, 0, NULL, NULL, 10, NULL, 0, 0, 0),
(238, 'ЗАО ЯТЭК', '2012-05-29 11:02:41', 0, 0, NULL, NULL, 10, NULL, 0, 0, 0),
(239, 'ООО УК Серебряный бор на 2012', '2012-05-29 11:03:04', 0, 0, NULL, NULL, 10, NULL, 0, 0, 0),
(240, 'ФГЛПУ НКЦОЗШ', '2012-05-29 11:04:23', 0, 0, NULL, NULL, 10, NULL, 0, 0, 0),
(241, 'ООО Жилкомсервис', '2012-05-29 11:04:42', 0, 0, NULL, NULL, 10, NULL, 0, 0, 0),
(242, 'ООО Веста', '2012-05-29 11:05:05', 0, 0, NULL, NULL, 10, NULL, 0, 0, 0),
(243, 'ООО Теплосетевая компания Южного Кузбасса по узлу теплоснабжения г. Осинники', '2012-05-29 11:05:31', 0, 0, NULL, NULL, 10, NULL, 0, 0, 0),
(244, 'ООО Теплосетевая компания Южного Кузбасса по узлу теплоснабжения г. Калтан', '2012-05-29 11:05:52', 0, 0, NULL, NULL, 10, NULL, 0, 0, 0),
(245, 'ООО Вектор', '2012-05-29 11:06:17', 0, 0, NULL, NULL, 10, NULL, 0, 0, 0),
(246, 'ООО Топкинский цемен (г. Топки)', '2012-05-29 11:07:15', 0, 0, NULL, NULL, 10, NULL, 0, 0, 0),
(247, 'ОАО Знамя (г. Киселевск)', '2012-05-29 11:07:36', 0, 0, NULL, NULL, 10, NULL, 0, 0, 0),
(248, 'ООО Сибирь-Городская котельная-2 (г. Салаир)', '2012-05-29 11:08:01', 0, 0, NULL, NULL, 10, NULL, 0, 0, 0),
(249, 'ООО СЭЛФ', '2012-05-29 11:08:25', 0, 0, NULL, NULL, 10, NULL, 0, 0, 0),
(250, 'ООО Управляющая компания Энерготранс-АГРО', '2012-05-29 11:08:53', 0, 0, NULL, NULL, 10, NULL, 0, 0, 0),
(251, 'МП Тепловые сети города Кемерово', '2012-05-29 11:09:13', 0, 0, NULL, NULL, 10, NULL, 0, 0, 0),
(252, 'ФГКУ комбинат Алтай Росрезерва', '2012-05-29 11:09:33', 0, 0, NULL, NULL, 10, NULL, 0, 0, 0),
(253, 'ООО Теплоэнергетик (г. Белово)', '2012-05-29 11:10:04', 0, 0, NULL, NULL, 10, NULL, 0, 0, 0),
(254, 'ОАО ИжморВодСтрой', '2012-05-29 11:10:26', 0, 0, NULL, NULL, 10, NULL, 0, 0, 0),
(255, 'МП Городская тепловая компания', '2012-05-29 11:12:08', 0, 0, NULL, NULL, 10, NULL, 0, 0, 0),
(256, 'ООО Управляющая Коммунальная Сервисная Компания', '2012-05-29 11:57:38', 0, 0, NULL, NULL, 10, NULL, 0, 0, 0),
(257, 'ООО Южно-Кузбасская энергетическая компания', '2012-05-29 11:58:00', 0, 0, NULL, NULL, 10, NULL, 0, 0, 0),
(258, 'ОАО Энергетик', '2012-05-29 11:58:26', 0, 0, NULL, NULL, 10, NULL, 0, 0, 0),
(259, 'МУП ЖКУ Белогорск (Тисульский район) (НУР, Запасы)', '2012-05-29 12:00:10', 0, 0, NULL, NULL, 10, NULL, 0, 0, 0),
(260, 'МУП Теплокоммунэнерго', '2012-05-29 12:00:43', 0, 0, NULL, NULL, 10, NULL, 0, 0, 0),
(261, 'МУП Источник', '2012-05-29 12:01:15', 0, 0, NULL, NULL, 10, NULL, 0, 0, 0),
(262, 'ООО Чистогорское ЖКХ', '2012-05-29 12:01:40', 0, 0, NULL, NULL, 10, NULL, 0, 0, 0),
(263, 'ОАО Угольная компания Северный Кузбасс', '2012-05-29 12:02:02', 0, 0, NULL, NULL, 10, NULL, 0, 0, 0),
(264, 'ОАО Теплосервис  (г. Тайга)', '2012-05-29 12:02:26', 0, 0, NULL, NULL, 10, NULL, 0, 0, 0),
(265, 'ОАО Кузбассконсервмолоко', '2012-05-29 12:02:52', 0, 0, NULL, NULL, 10, NULL, 0, 0, 0),
(266, 'МУП ЖКУ \\"Белогорск\\" (Тисульский район) (потери)', '2012-06-13 19:16:36', 0, 0, NULL, NULL, 10, NULL, 0, 0, 0),
(267, 'ООО Новокузнецкие тепловые сети', '2012-06-20 12:53:13', 0, 0, NULL, NULL, 10, NULL, 0, 0, 0),
(268, 'Договор', '2012-06-20 13:11:44', 0, 0, 267, NULL, 56, NULL, 0, 0, 0),
(269, '', '2012-06-22 12:13:36', 0, 1, 268, NULL, 35, NULL, 0, 0, 0),
(270, '', '2012-06-22 12:15:06', 0, 1, 268, NULL, 35, NULL, 0, 0, 0),
(271, 'ООО Шахта Юбилейная', '2012-07-10 08:30:25', 0, 0, NULL, NULL, 10, NULL, 0, 0, 0),
(272, '', '2012-07-10 13:59:53', 0, 0, 271, NULL, 10, NULL, 0, 0, 0),
(273, '', '2012-07-12 06:59:45', 0, 0, 271, NULL, 10, NULL, 0, 0, 0),
(274, '', '2012-07-20 05:58:16', 0, 0, 235, NULL, 10, NULL, 0, 0, 0),
(275, '', '2012-07-20 05:59:03', 0, 0, 235, NULL, 10, NULL, 0, 0, 0),
(276, '', '2012-07-20 06:03:30', 0, 0, 223, NULL, 10, NULL, 0, 0, 0),
(278, 'Договор', '2012-07-27 07:17:38', 0, 0, 262, NULL, 65, NULL, 0, 0, 0),
(279, 'Письмо по срокам', '2012-09-04 13:24:39', 0, 0, 267, NULL, 56, NULL, 0, 0, 0),
(280, 'ООО Коммунальщик с.Красное  Ленинск-Кузнецкий район', '2012-10-16 10:54:26', 0, 0, NULL, NULL, 10, NULL, 0, 0, 0),
(281, 'ООО Железобетон-сервис', '2012-10-17 06:56:38', 0, 0, NULL, NULL, 10, NULL, 0, 0, 0),
(282, 'ООО Теплоресурс', '2012-10-17 07:19:30', 0, 0, NULL, NULL, 10, NULL, 0, 0, 0),
(283, 'ООО Мысковская электросетевая', '2012-10-17 07:24:00', 0, 0, NULL, NULL, 10, NULL, 0, 0, 0),
(284, 'ООО Безруковское ЖКХ', '2012-10-17 07:27:54', 0, 0, NULL, NULL, 10, NULL, 0, 0, 0),
(285, 'ООО Топкинский цемент', '2012-10-17 07:30:49', 0, 0, NULL, NULL, 10, NULL, 0, 0, 0),
(286, 'ООО УК Энерготранс-Агро', '2012-10-17 07:38:56', 0, 0, NULL, NULL, 10, NULL, 0, 0, 0),
(287, 'ЗАО Водоканал', '2012-10-17 07:41:10', 0, 0, NULL, NULL, 10, NULL, 0, 0, 0),
(288, 'ООО Кристал 1', '2012-10-17 07:47:28', 0, 0, NULL, NULL, 10, NULL, 0, 0, 0),
(289, 'ЗАО Тепловые сети г Мыски', '2012-10-17 07:50:22', 0, 0, NULL, NULL, 10, NULL, 0, 0, 0),
(290, 'СУЭК-КУЗБАС Энергоупровление', '2012-10-17 07:53:20', 0, 0, NULL, NULL, 10, NULL, 0, 0, 0),
(291, 'ЗАО Сибэлектросервис', '2012-10-17 07:57:50', 0, 0, NULL, NULL, 10, NULL, 0, 0, 0),
(292, 'ООО Химпром', '2012-10-17 09:49:22', 0, 0, NULL, NULL, 10, NULL, 0, 0, 0),
(293, 'ОАО Томусинский ремонтномеханический завод', '2012-10-17 10:19:53', 0, 0, NULL, NULL, 10, NULL, 0, 0, 0),
(294, 'ОАО Знамя', '2012-10-17 12:22:45', 0, 0, NULL, NULL, 10, NULL, 0, 0, 0),
(295, 'ООО ЕвразЭнергоТранс', '2012-10-17 12:33:13', 0, 0, NULL, NULL, 10, NULL, 0, 0, 0),
(296, '', '2012-10-29 10:32:15', 0, 0, 255, NULL, 10, NULL, 0, 0, 0),
(297, '', '2012-10-31 07:02:51', 0, 0, 293, NULL, 10, NULL, 0, 0, 0),
(298, '', '2012-10-31 10:56:12', 0, 0, 291, NULL, 10, NULL, 0, 0, 0),
(299, 'ООО ТЭП', '2013-01-30 13:30:40', 0, 0, NULL, NULL, 10, NULL, 0, 0, 0),
(300, '', '2013-02-05 12:07:25', 0, 0, 282, NULL, 50, NULL, 0, 0, 0),
(301, '', '2013-04-22 13:30:14', 0, 0, 290, NULL, 10, NULL, 0, 0, 0),
(302, '', '2013-04-25 06:07:28', 0, 0, 291, NULL, 10, NULL, 0, 0, 0),
(303, 'ОАО Теплосервис г Тайга', '2013-04-26 07:35:26', 0, 0, NULL, NULL, 10, NULL, 0, 0, 0),
(304, 'Экспертное заключение по расчету нормативов потерь тепловой энергии', '2013-04-26 09:53:57', 0, 0, 303, NULL, 65, NULL, 0, 0, 0),
(305, '', '2013-05-13 10:42:08', 0, 0, 295, NULL, 10, NULL, 0, 0, 0),
(306, 'Договор № 03/ЭСО – 2110/11-2/3-12 на оказание услуг от  «21» декабря 2011 г.', '2013-05-13 10:45:09', 0, 0, 295, NULL, 10, NULL, 0, 0, 0),
(307, '', '2013-05-13 10:54:25', 0, 0, 295, NULL, 10, NULL, 0, 0, 0),
(308, 'Экспертное заключение по расчету нормативов потерь тепловой энергии', '2013-05-16 07:10:40', 0, 0, 303, NULL, 10, NULL, 0, 0, 0),
(309, '', '2013-05-29 14:00:15', 0, 0, 285, NULL, 10, NULL, 0, 0, 0),
(310, 'Пишем комментарии к документу.', '2013-05-29 14:00:32', 0, 1, 309, NULL, 10, NULL, 0, 0, 0),
(311, 'Отвечаем на вопрос', '2013-05-29 14:00:49', 0, 1, 309, 310, 10, NULL, 0, 0, 0),
(312, 'Выкладываем документы', '2013-05-29 14:02:33', 0, 1, 309, NULL, 10, NULL, 0, 0, 0),
(313, 'Выкладываем документы', '2013-05-29 14:03:26', 0, 1, 309, NULL, 10, NULL, 0, 0, 0),
(314, 'Комментарий', '2013-05-29 14:06:54', 0, 1, 246, NULL, 10, NULL, 0, 0, 0),
(315, 'Проверка связи', '2013-05-29 14:07:37', 0, 1, 246, NULL, 10, 9, 0, 0, 0),
(316, 'про', '2013-05-29 14:11:01', 0, 1, 285, NULL, 10, NULL, 0, 0, 0),
(317, 'Проверка заявки', '2013-05-29 14:11:46', 0, 1, 285, NULL, 10, 9, 1, 0, 0),
(318, 'Вот так надо работать', '2013-05-29 14:20:27', 0, 1, 285, 317, 9, NULL, 0, 0, 0);

-- --------------------------------------------------------

--
-- Структура таблицы `tm_discussion_document`
--

DROP TABLE IF EXISTS `tm_discussion_document`;
CREATE TABLE IF NOT EXISTS `tm_discussion_document` (
  `document_id` int(10) unsigned NOT NULL,
  `discussion_id` int(10) unsigned NOT NULL,
  `is_doc` tinyint(1) NOT NULL DEFAULT '0',
  PRIMARY KEY (`document_id`,`discussion_id`),
  KEY `document_id` (`document_id`),
  KEY `discussion_id` (`discussion_id`)
) ENGINE=InnoDB DEFAULT CHARSET=utf8;

--
-- Дамп данных таблицы `tm_discussion_document`
--

INSERT INTO `tm_discussion_document` (`document_id`, `discussion_id`, `is_doc`) VALUES
(219, 200, 0),
(220, 201, 0),
(248, 210, 0),
(248, 211, 0),
(249, 212, 0),
(314, 268, 0),
(314, 269, 0),
(314, 270, 0),
(320, 272, 0),
(355, 278, 0),
(358, 279, 0),
(370, 296, 0),
(372, 300, 0),
(381, 309, 0),
(381, 310, 0),
(381, 311, 0),
(381, 312, 0),
(381, 313, 0),
(410, 301, 0),
(413, 298, 0),
(414, 302, 0),
(428, 306, 0),
(434, 297, 0),
(469, 307, 0),
(535, 305, 0),
(553, 308, 0),
(568, 315, 1),
(569, 318, 1);

-- --------------------------------------------------------

--
-- Структура таблицы `tm_document`
--

DROP TABLE IF EXISTS `tm_document`;
CREATE TABLE IF NOT EXISTS `tm_document` (
  `id` int(10) unsigned NOT NULL AUTO_INCREMENT,
  `title` varchar(255) NOT NULL,
  `date_create` datetime NOT NULL,
  `user_id` int(10) unsigned NOT NULL,
  `file` varchar(255) DEFAULT NULL,
  `is_folder` tinyint(1) NOT NULL DEFAULT '0',
  `parent_id` int(10) unsigned DEFAULT NULL,
  `is_archive` tinyint(1) NOT NULL DEFAULT '0',
  PRIMARY KEY (`id`),
  KEY `fk_tm_document_tm_document1` (`parent_id`),
  KEY `fk_tm_document_tm_user1` (`user_id`)
) ENGINE=InnoDB  DEFAULT CHARSET=utf8 AUTO_INCREMENT=570 ;

--
-- Дамп данных таблицы `tm_document`
--

INSERT INTO `tm_document` (`id`, `title`, `date_create`, `user_id`, `file`, `is_folder`, `parent_id`, `is_archive`) VALUES
(215, 'Заказы с сайта', '2011-12-22 21:08:41', 1, 'Zakaz__aya', 1, NULL, 0),
(219, 'Тестовый док', '2011-12-23 12:14:53', 1, 'file_23-12-2011-12-14-53.sql', 0, 215, 0),
(220, 'Еще док', '2011-12-23 12:16:36', 1, 'file_23-12-2011-12-16-36.sql', 0, 215, 0),
(244, 'ООО Электросетевая Компания Кузбасса', '2012-05-10 13:03:38', 9, 'OOO_Elekoeevaya_Kompaniya_Kzbaa', 1, NULL, 0),
(247, 'Первичные документы', '2012-05-10 13:06:16', 9, 'Pevine_dokmen', 1, 244, 0),
(248, 'Договор', '2012-05-10 13:06:32', 9, '', 0, 247, 0),
(249, 'Счет', '2012-05-10 13:06:43', 9, '', 0, 247, 0),
(251, 'ООО СДС-Тепло', '2012-05-29 10:41:14', 10, 'OOO_SDSTeplo', 1, NULL, 0),
(252, 'ЗАО Железнодорожная котельная', '2012-05-29 10:42:52', 10, 'ZAO_Jeleznodoojnaya_koelnaya', 1, NULL, 0),
(253, 'ОАО ДЭП № 233', '2012-05-29 10:44:30', 10, 'OAO_DEP__233', 1, NULL, 0),
(254, 'ООО Безруковское ЖКХ', '2012-05-29 10:45:36', 10, 'OOO_Bezkovkoe_JKH', 1, NULL, 0),
(255, 'ОАО Санаторий Прокопьевский', '2012-05-29 10:47:09', 10, 'OAO_Sanaoiy_Pokopevkiy', 1, NULL, 0),
(256, 'ООО Литвиновец', '2012-05-29 10:51:31', 10, 'OOO_Livinove', 1, NULL, 0),
(257, 'ООО ЗагорскКомСервис', '2012-05-29 10:53:02', 10, 'OOO_ZagokKomSevi', 1, NULL, 0),
(258, 'ОАО «Алтайские гербициды» на 2012 (тепловые нормативы)', '2012-05-29 10:54:25', 10, 'OAO_Alaykie_gebiid_na_2012_eplove_nomaiv', 1, NULL, 0),
(259, 'ОАО Каскад -  Энерго', '2012-05-29 10:54:59', 10, 'OAO_Kakad___Enego', 1, NULL, 0),
(260, 'ОАО СУЭК-Кузбасс ПЕ Спецналадка', '2012-05-29 10:55:26', 10, 'OAO_SUEKKzba_PE_Spenaladka', 1, NULL, 0),
(261, 'ООО Авангард (г. Ленинск-Кузнецкий)', '2012-05-29 10:56:21', 10, 'OOO_Avangad_g_LeninkKznekiy', 1, NULL, 1),
(262, 'ООО Коммунальщик (с.Красное  Ленинск-Кузнецкий район)', '2012-05-29 10:56:44', 10, 'OOO_Kommnalik_Kanoe__LeninkKznekiy_ayon', 1, NULL, 0),
(263, 'ЗАО Сибирский колос (г. Анжеро-Судженск)', '2012-05-29 10:57:10', 10, 'ZAO_Sibikiy_kolo_g_AnjeoSdjenk', 1, NULL, 0),
(264, 'ООО Калининское ЖКХ ', '2012-05-29 10:57:43', 10, 'OOO_Kalininkoe_JKH_', 1, NULL, 0),
(265, 'ООО СПК Чистогорский', '2012-05-29 10:58:07', 10, 'OOO_SPK_CHiogokiy', 1, NULL, 0),
(266, 'ОАО Энергетическая компания г. Полысаево', '2012-05-29 10:58:33', 10, 'OAO_Enegeiekaya_kompaniya_g_Polaevo', 1, NULL, 0),
(267, 'ООО Технотрейд', '2012-05-29 10:59:05', 10, 'OOO_Tenoeyd', 1, NULL, 0),
(268, 'МУП ЖКХ Новокузнецкого района', '2012-05-29 10:59:26', 10, 'MUP_JKH_Novokznekogo_ayona', 1, NULL, 0),
(269, 'ООО Плотниковский ТеплоВодСнаб', '2012-05-29 10:59:55', 10, 'OOO_Plonikovkiy_TeploVodSnab', 1, NULL, 0),
(270, 'ООО КУЗБАСС-ОЙЛ', '2012-05-29 11:00:22', 10, 'OOO_KUZBASSOYL', 1, NULL, 0),
(271, 'ООО ТЭК', '2012-05-29 11:00:44', 10, 'OOO_TEK', 1, NULL, 0),
(272, 'ООО ВМ-ЖКХ', '2012-05-29 11:01:08', 10, 'OOO_VMJKH', 1, NULL, 0),
(273, 'ОАО Алтайвагон', '2012-05-29 11:01:28', 10, 'OAO_Alayvagon', 1, NULL, 0),
(274, 'ООО Новая сетевая компания', '2012-05-29 11:01:50', 10, 'OOO_Novaya_eevaya_kompaniya', 1, NULL, 0),
(275, 'ООО ТеплоСервис', '2012-05-29 11:02:17', 10, 'OOO_TeploSevi', 1, NULL, 0),
(276, 'ЗАО ЯТЭК', '2012-05-29 11:02:41', 10, 'ZAO_YATEK', 1, NULL, 0),
(277, 'ООО УК Серебряный бор на 2012', '2012-05-29 11:03:04', 10, 'OOO_UK_Seebyany_bo_na_2012', 1, NULL, 0),
(278, 'ФГЛПУ НКЦОЗШ', '2012-05-29 11:04:23', 10, 'FGLPU_NKTSOZSH', 1, NULL, 0),
(279, 'ООО Жилкомсервис', '2012-05-29 11:04:42', 10, 'OOO_Jilkomevi', 1, NULL, 0),
(280, 'ООО Веста', '2012-05-29 11:05:05', 10, 'OOO_Vea', 1, NULL, 0),
(281, 'ООО Теплосетевая компания Южного Кузбасса по узлу теплоснабжения г. Осинники', '2012-05-29 11:05:31', 10, 'OOO_Teploeevaya_kompaniya_YUjnogo_Kzbaa_po_zl_eplonabjeniya_g_Oinniki', 1, NULL, 0),
(282, 'ООО Теплосетевая компания Южного Кузбасса по узлу теплоснабжения г. Калтан', '2012-05-29 11:05:52', 10, 'OOO_Teploeevaya_kompaniya_YUjnogo_Kzbaa_po_zl_eplonabjeniya_g_Kalan', 1, NULL, 0),
(283, 'ООО Вектор', '2012-05-29 11:06:17', 10, 'OOO_Veko', 1, NULL, 0),
(284, 'ООО Топкинский цемен (г. Топки)', '2012-05-29 11:07:15', 10, 'OOO_Topkinkiy_emen_g_Topki', 1, NULL, 0),
(285, 'ОАО Знамя (г. Киселевск)', '2012-05-29 11:07:36', 10, 'OAO_Znamya_g_Kielevk', 1, NULL, 0),
(286, 'ООО Сибирь-Городская котельная-2 (г. Салаир)', '2012-05-29 11:08:01', 10, 'OOO_SibiGoodkaya_koelnaya2_g_Salai', 1, NULL, 0),
(287, 'ООО СЭЛФ', '2012-05-29 11:08:25', 10, 'OOO_SELF', 1, NULL, 0),
(288, 'ООО Управляющая компания Энерготранс-АГРО', '2012-05-29 11:08:53', 10, 'OOO_Upavlyaaya_kompaniya_EnegoanAGRO', 1, NULL, 0),
(289, 'МП Тепловые сети города Кемерово', '2012-05-29 11:09:13', 10, 'MP_Teplove_ei_gooda_Kemeovo', 1, NULL, 0),
(291, 'ООО Теплоэнергетик (г. Белово)', '2012-05-29 11:10:04', 10, 'OOO_Teplonegeik_g_Belovo', 1, NULL, 0),
(292, 'ОАО ИжморВодСтрой', '2012-05-29 11:10:26', 10, 'OAO_IjmoVodSoy', 1, NULL, 0),
(293, 'МП Городское тепловое хозяйство', '2012-05-29 11:12:08', 10, 'MP_Goodkaya_eplovaya_kompaniya', 1, NULL, 0),
(294, 'ООО Управляющая Коммунальная Сервисная Компания', '2012-05-29 11:57:38', 10, 'OOO_Upavlyaaya_Kommnalnaya_Sevinaya_Kompaniya', 1, NULL, 0),
(295, 'ООО Южно-Кузбасская энергетическая компания', '2012-05-29 11:58:00', 10, 'OOO_YUjnoKzbakaya_negeiekaya_kompaniya', 1, NULL, 0),
(296, 'ОАО Энергетик', '2012-05-29 11:58:26', 10, 'OAO_Enegeik', 1, NULL, 0),
(297, 'МУП ЖКУ Белогорск (Тисульский район) (НУР, Запасы)', '2012-05-29 12:00:10', 10, 'MUP_JKU_Belogok_Tilkiy_ayon_NUR_Zapa', 1, NULL, 0),
(298, 'МУП Теплокоммунэнерго', '2012-05-29 12:00:43', 10, 'MUP_Teplokommnnego', 1, NULL, 0),
(299, 'МУП Источник', '2012-05-29 12:01:15', 10, 'MUP_Ionik', 1, NULL, 0),
(300, 'ООО Чистогорское ЖКХ', '2012-05-29 12:01:40', 10, 'OOO_CHiogokoe_JKH', 1, NULL, 0),
(301, 'ОАО Угольная компания Северный Кузбасс', '2012-05-29 12:02:02', 10, 'OAO_Ugolnaya_kompaniya_Seveny_Kzba', 1, NULL, 0),
(302, 'ОАО Теплосервис  (г. Тайга)', '2012-05-29 12:02:26', 10, 'OAO_Teploevi__g_Tayga', 1, NULL, 0),
(303, 'ОАО Кузбассконсервмолоко', '2012-05-29 12:02:52', 10, 'OAO_Kzbakonevmoloko', 1, NULL, 0),
(312, 'МУП ЖКУ \\"Белогорск\\" (Тисульский район) (потери)', '2012-06-13 19:16:36', 10, 'MUP_JKU_Belogok_Tilkiy_ayon_poei', 1, NULL, 0),
(313, 'ООО Новокузнецкие тепловые сети', '2012-06-20 12:53:12', 10, 'OOO_Novokznekie_eplove_ei', 1, NULL, 0),
(314, 'Запрос информации в соответствии с договором №НТС-34-12 от 19 апреля 2012 года', '2012-06-21 11:10:12', 35, 'file_25-06-2012-05-28-08.rar', 0, 313, 0),
(315, 'ООО Комфорт-сервис', '2012-07-04 11:05:17', 10, 'OOO_Komoevi', 1, NULL, 0),
(316, 'ООО Шахта Юбилейная', '2012-07-10 08:25:29', 10, '', 1, 219, 0),
(317, 'ООО Шахта Юбилейная', '2012-07-10 08:25:29', 10, '', 1, 219, 0),
(318, 'ООО Шахта Юбилейная', '2012-07-10 08:28:49', 10, '', 1, 316, 0),
(319, 'ООО Шахта Юбилейная', '2012-07-10 08:30:25', 10, 'OOO_SHaa_YUbileynaya', 1, NULL, 0),
(320, '', '2012-07-10 08:30:48', 10, 'file_10-07-2012-08-31-28.doc', 0, 319, 0),
(321, '', '2012-07-12 06:59:45', 10, '', 1, 319, 0),
(324, '', '2012-07-20 05:46:52', 10, 'file_20-07-2012-05-48-43.doc', 0, 261, 0),
(326, '', '2012-07-20 05:53:11', 10, 'file_20-07-2012-05-53-26.doc', 0, 261, 0),
(327, '', '2012-07-20 05:53:31', 10, 'file_20-07-2012-05-53-50.doc', 0, 261, 0),
(328, '', '2012-07-20 05:53:53', 10, 'file_20-07-2012-05-54-02.doc', 0, 261, 0),
(329, '', '2012-07-20 05:54:15', 10, 'file_20-07-2012-05-54-41.doc', 0, 261, 0),
(330, '', '2012-07-20 05:54:46', 10, 'file_20-07-2012-05-54-56.doc', 0, 261, 0),
(331, '', '2012-07-20 05:54:59', 10, 'file_20-07-2012-05-55-12.doc', 0, 261, 0),
(332, '', '2012-07-20 05:55:15', 10, 'file_20-07-2012-05-55-22.doc', 0, 261, 0),
(333, '', '2012-07-20 05:55:23', 10, 'file_20-07-2012-05-55-32.doc', 0, 261, 0),
(338, 'ООО Авангард', '2012-07-20 06:14:40', 10, 'OOO_Avangad', 1, 215, 0),
(339, 'ООО Авангард', '2012-07-20 06:20:14', 10, 'OOO_Avangad', 1, NULL, 0),
(340, '', '2012-07-20 06:20:51', 10, 'file_20-07-2012-06-21-00.doc', 0, 339, 0),
(341, '', '2012-07-20 06:21:04', 10, 'file_20-07-2012-06-21-17.doc', 0, 339, 0),
(342, '', '2012-07-20 06:21:19', 10, 'file_20-07-2012-06-21-26.doc', 0, 339, 0),
(343, '', '2012-07-20 06:21:29', 10, 'file_20-07-2012-06-21-41.doc', 0, 339, 0),
(344, '', '2012-07-20 06:21:43', 10, 'file_20-07-2012-06-21-49.doc', 0, 339, 0),
(345, '', '2012-07-20 06:21:52', 10, 'file_20-07-2012-06-22-01.doc', 0, 339, 0),
(346, '', '2012-07-20 06:22:02', 10, 'file_20-07-2012-06-22-09.doc', 0, 339, 0),
(347, '', '2012-07-20 06:22:11', 10, 'file_20-07-2012-06-22-24.doc', 0, 339, 0),
(348, '', '2012-07-20 06:22:37', 10, 'file_20-07-2012-06-22-45.doc', 0, 339, 0),
(350, 'ООО ОФ Прокопьевскуголь', '2012-07-26 10:37:53', 10, 'OOO_OF_Pokopevkgol', 1, NULL, 0),
(351, ' ПОСТАНОВЛЕНИЕ', '2012-07-26 11:11:13', 10, '_POSTANOVLENIE', 1, 350, 0),
(352, '', '2012-07-26 11:11:31', 10, 'file_26-07-2012-11-11-51.docx', 0, 351, 0),
(353, '', '2012-07-26 11:11:54', 10, 'file_26-07-2012-11-12-00.docx', 0, 351, 0),
(354, '', '2012-07-26 11:12:02', 10, 'file_26-07-2012-11-12-15.docx', 0, 351, 0),
(355, 'Договор', '2012-07-27 07:15:39', 65, 'file_27-07-2012-07-16-20.doc', 0, 300, 0),
(356, 'Расчет норматива потерь тепловой энергии при передаче', '2012-07-27 07:16:45', 65, 'file_27-07-2012-07-17-33.doc', 0, 300, 0),
(357, 'Письмо, счет-фактура и акт выполненных работ по нормативам', '2012-08-10 11:42:29', 35, 'file_10-08-2012-11-44-15.rar', 0, 289, 0),
(358, 'Письмо по срокам', '2012-08-22 11:17:47', 35, 'file_22-08-2012-11-18-25.rar', 0, 313, 0),
(359, 'Акт, Счет-фактура', '2012-08-27 11:44:56', 35, 'file_27-08-2012-11-45-54.pdf', 0, 284, 0),
(360, 'Акт', '2012-08-27 11:46:21', 35, 'file_27-08-2012-11-46-34.pdf', 0, 284, 0),
(361, '', '2012-09-04 13:25:01', 56, 'file_04-09-2012-13-26-36.xls', 0, 313, 0),
(363, 'ООО Железобетон-сервис', '2012-10-17 06:56:38', 10, 'OOO_Jelezobeonevi', 1, NULL, 0),
(365, '', '2012-10-17 06:58:07', 10, 'file_17-10-2012-06-59-16.doc', 0, 363, 0),
(366, '', '2012-10-17 06:59:19', 10, 'file_17-10-2012-06-59-28.doc', 0, 363, 0),
(367, '', '2012-10-17 06:59:30', 10, 'file_17-10-2012-06-59-36.doc', 0, 363, 0),
(368, '', '2012-10-17 07:02:37', 10, 'file_17-10-2012-07-03-47.doc', 0, 293, 0),
(369, '', '2012-10-17 07:03:49', 10, 'file_17-10-2012-07-03-54.doc', 0, 293, 0),
(370, '', '2012-10-17 07:03:56', 10, 'file_17-10-2012-07-04-01.doc', 0, 293, 0),
(371, 'ООО Теплоресурс', '2012-10-17 07:19:30', 10, 'OOO_Teploe', 1, NULL, 0),
(372, '', '2012-10-17 07:19:40', 10, 'file_17-10-2012-07-21-52.doc', 0, 371, 0),
(373, '', '2012-10-17 07:21:56', 10, 'file_17-10-2012-07-22-02.doc', 0, 371, 0),
(374, '', '2012-10-17 07:22:04', 10, 'file_17-10-2012-07-22-10.doc', 0, 371, 0),
(375, 'ООО Мысковская электросетевая организация', '2012-10-17 07:24:00', 10, 'OOO_Mkovkaya_lekoeevaya', 1, NULL, 0),
(376, 'ООО Безруковское ЖКХ', '2012-10-17 07:27:54', 10, 'OOO_Bezkovkoe_JKH', 1, NULL, 0),
(377, '', '2012-10-17 07:28:25', 10, 'file_17-10-2012-07-29-19.doc', 0, 376, 0),
(378, '', '2012-10-17 07:29:21', 10, 'file_17-10-2012-07-29-27.doc', 0, 376, 0),
(379, '', '2012-10-17 07:29:29', 10, 'file_17-10-2012-07-29-35.doc', 0, 376, 0),
(380, 'ООО Топкинский цемент', '2012-10-17 07:30:49', 10, 'OOO_Topkinkiy_emen', 1, NULL, 0),
(381, '', '2012-10-17 07:31:01', 10, 'file_17-10-2012-07-31-54.doc', 0, 380, 0),
(382, '', '2012-10-17 07:31:56', 10, 'file_17-10-2012-07-34-17.doc', 0, 380, 0),
(383, '', '2012-10-17 07:34:32', 10, 'file_17-10-2012-07-34-46.doc', 0, 380, 0),
(384, '', '2012-10-17 07:34:49', 10, 'file_17-10-2012-07-34-57.doc', 0, 380, 0),
(385, '', '2012-10-17 07:34:59', 10, 'file_17-10-2012-07-35-06.doc', 0, 380, 0),
(386, '', '2012-10-17 07:35:08', 10, 'file_17-10-2012-07-35-20.doc', 0, 380, 0),
(387, '', '2012-10-17 07:35:22', 10, 'file_17-10-2012-07-36-42.doc', 0, 380, 0),
(388, '', '2012-10-17 07:37:03', 10, 'file_17-10-2012-07-37-10.doc', 0, 380, 0),
(389, 'ООО УК Энерготранс-Агро', '2012-10-17 07:38:56', 10, 'OOO_UK_EnegoanAgo', 1, NULL, 0),
(390, '', '2012-10-17 07:39:34', 10, 'file_17-10-2012-07-39-53.doc', 0, 389, 0),
(391, '', '2012-10-17 07:39:55', 10, 'file_17-10-2012-07-40-02.doc', 0, 389, 0),
(392, '', '2012-10-17 07:40:04', 10, 'file_17-10-2012-07-40-10.doc', 0, 389, 0),
(393, 'ЗАО Водоканал', '2012-10-17 07:41:10', 10, 'ZAO_Vodokanal', 1, NULL, 0),
(394, '', '2012-10-17 07:43:03', 10, 'file_17-10-2012-07-43-17.doc', 0, 285, 0),
(395, '', '2012-10-17 07:43:19', 10, 'file_17-10-2012-07-43-24.doc', 0, 285, 0),
(396, '', '2012-10-17 07:43:26', 10, 'file_17-10-2012-07-43-32.doc', 0, 285, 0),
(398, '', '2012-10-17 07:44:36', 10, 'file_17-10-2012-07-44-41.doc', 0, 251, 0),
(399, '', '2012-10-17 07:44:43', 10, 'file_17-10-2012-07-44-49.doc', 0, 251, 0),
(400, '', '2012-10-17 07:44:51', 10, 'file_17-10-2012-07-44-56.doc', 0, 251, 0),
(401, 'ООО Кристал 1', '2012-10-17 07:47:28', 10, 'OOO_Kial_1', 1, NULL, 0),
(402, '', '2012-10-17 07:47:41', 10, 'file_17-10-2012-07-48-00.doc', 0, 401, 0),
(403, '', '2012-10-17 07:48:01', 10, 'file_17-10-2012-07-48-07.doc', 0, 401, 0),
(404, '', '2012-10-17 07:48:09', 10, 'file_17-10-2012-07-48-17.doc', 0, 401, 0),
(405, 'ЗАО Тепловые сети г Мыски', '2012-10-17 07:50:22', 10, 'ZAO_Teplove_ei_g_Mki', 1, NULL, 0),
(406, '', '2012-10-17 07:50:31', 10, 'file_17-10-2012-07-50-41.doc', 0, 405, 0),
(407, '', '2012-10-17 07:50:42', 10, 'file_17-10-2012-07-50-47.doc', 0, 405, 0),
(408, '', '2012-10-17 07:50:49', 10, 'file_17-10-2012-07-50-55.doc', 0, 405, 0),
(409, 'СУЭК-КУЗБАС Энергоупровление', '2012-10-17 07:53:20', 10, 'SUEKKUZBAS_Enegopovlenie', 1, NULL, 0),
(410, '', '2012-10-17 07:55:25', 10, 'file_17-10-2012-07-56-34.doc', 0, 409, 0),
(411, '', '2012-10-17 07:56:36', 10, 'file_17-10-2012-07-56-44.doc', 0, 409, 0),
(412, 'ЗАО Сибэлектросервис', '2012-10-17 07:57:50', 10, 'ZAO_Siblekoevi', 1, NULL, 0),
(413, '', '2012-10-17 07:58:58', 10, 'file_17-10-2012-07-59-11.doc', 0, 412, 0),
(414, '', '2012-10-17 07:59:13', 10, 'file_17-10-2012-07-59-20.doc', 0, 412, 0),
(415, '', '2012-10-17 09:43:36', 10, 'file_17-10-2012-09-43-53.doc', 0, 375, 0),
(416, '', '2012-10-17 09:43:55', 10, 'file_17-10-2012-09-44-00.doc', 0, 375, 0),
(417, '', '2012-10-17 09:44:02', 10, 'file_17-10-2012-09-44-11.doc', 0, 375, 0),
(418, 'ООО Химпром', '2012-10-17 09:49:22', 10, 'OOO_Himpom', 1, NULL, 0),
(419, 'Договор № 03/ЭСО - 2112 на оказание услуг ', '2012-10-17 09:49:32', 10, 'file_17-10-2012-09-49-53.doc', 0, 418, 0),
(420, '', '2012-10-17 09:49:55', 10, 'file_17-10-2012-09-50-01.doc', 0, 418, 0),
(421, '', '2012-10-17 09:50:03', 10, 'file_17-10-2012-09-50-11.doc', 0, 418, 0),
(422, '', '2012-10-17 10:18:08', 10, 'file_17-10-2012-10-18-37.doc', 0, 393, 0),
(423, '', '2012-10-17 10:18:39', 10, 'file_17-10-2012-10-18-45.doc', 0, 393, 0),
(424, 'ОАО Томусинский ремонтномеханический завод', '2012-10-17 10:19:53', 10, 'OAO_Tominkiy_emonnomeaniekiy_zavod', 1, NULL, 0),
(425, 'ДОГОВОР № 05-02р/т-2012 на оказание услуг по расчету тарифов на тепловую энергию', '2012-10-17 10:20:02', 10, 'file_17-10-2012-10-20-08.doc', 0, 424, 0),
(427, 'ООО ЕвразЭнергоТранс', '2012-10-17 12:33:13', 10, 'OOO_EvazEnegoTan', 1, NULL, 0),
(428, 'Договор № 03/ЭСО – 2110/11-2/3-12 на оказание услуг от  «21» декабря 2011 г.', '2012-10-17 12:49:20', 10, 'file_17-10-2012-12-49-52.doc', 0, 427, 0),
(429, 'Экспертное заключение  по результатам проведения экспертизы расчета норматива технологических потерь электрической энергии при ее передаче по электрическим сетям  ООО «ЕвразЭнергоТранс» (г. Новокузнецк) на территории Свердловской области на 2013 год', '2012-10-17 12:50:30', 10, 'file_17-10-2012-12-50-36.doc', 0, 427, 0),
(430, 'ЗАКЛЮЧЕНИЕ по результатам экспертизы материалов, обосновывающих значение нормативов технологических потерь электроэнергии при ее передаче по электрическим сетям на 2013 год по ООО «ЕвразЭнергоТранс» на территории Свердловской области.', '2012-10-17 12:50:43', 10, 'file_17-10-2012-12-50-51.doc', 0, 427, 0),
(431, '', '2012-10-17 12:56:40', 10, 'file_17-10-2012-12-56-51.doc', 0, 427, 0),
(432, '', '2012-10-17 12:56:53', 10, 'file_17-10-2012-12-56-59.doc', 0, 427, 0),
(433, '', '2012-10-17 12:57:01', 10, 'file_17-10-2012-12-57-06.doc', 0, 427, 0),
(434, 'Экспертное заключение по результатам проведения экспертизы расчета нормативов технологических  потерь при передаче тепловой энергии ОАО «Томусинский ремонтно- механический завод» г. ', '2012-10-31 07:01:41', 10, 'file_31-10-2012-07-02-21.pdf', 0, 424, 0),
(435, '', '2012-10-31 07:02:26', 10, 'file_31-10-2012-07-02-33.pdf', 0, 424, 0),
(436, '', '2012-10-31 07:02:36', 10, 'file_31-10-2012-07-02-47.pdf', 0, 424, 0),
(437, '', '2012-10-31 07:52:59', 10, 'file_31-10-2012-07-53-22.pdf', 0, 251, 0),
(438, '', '2012-11-01 13:17:45', 10, 'file_01-11-2012-13-18-03.pdf', 0, 300, 0),
(439, '', '2012-11-01 13:18:07', 10, 'file_01-11-2012-13-18-15.pdf', 0, 300, 0),
(440, '', '2012-11-01 13:18:18', 10, 'file_01-11-2012-13-18-27.pdf', 0, 300, 0),
(441, '', '2012-11-01 13:18:30', 10, 'file_01-11-2012-13-18-37.pdf', 0, 300, 0),
(442, '', '2012-11-01 13:19:35', 10, 'file_01-11-2012-13-19-51.pdf', 0, 424, 0),
(443, '', '2012-11-01 13:19:55', 10, 'file_01-11-2012-13-20-02.pdf', 0, 424, 0),
(444, '', '2012-11-01 13:20:05', 10, 'file_01-11-2012-13-20-12.pdf', 0, 424, 0),
(445, '', '2012-11-01 13:20:14', 10, 'file_01-11-2012-13-20-24.pdf', 0, 424, 0),
(446, '', '2012-11-01 13:20:29', 10, 'file_01-11-2012-13-20-37.pdf', 0, 424, 0),
(447, '', '2012-11-01 13:21:07', 10, 'file_01-11-2012-13-21-20.pdf', 0, 409, 0),
(448, '', '2012-11-01 13:21:22', 10, 'file_01-11-2012-13-21-28.pdf', 0, 409, 0),
(449, '', '2012-11-01 13:21:29', 10, 'file_01-11-2012-13-21-36.pdf', 0, 409, 0),
(450, '', '2012-11-01 13:21:38', 10, 'file_01-11-2012-13-21-47.pdf', 0, 409, 0),
(451, '', '2012-11-01 13:22:10', 10, 'file_01-11-2012-13-22-21.pdf', 0, 363, 0),
(452, '', '2012-11-01 13:22:22', 10, 'file_01-11-2012-13-22-29.pdf', 0, 363, 0),
(453, '', '2012-11-01 13:22:31', 10, 'file_01-11-2012-13-22-35.pdf', 0, 363, 0),
(454, '', '2012-11-01 13:22:58', 10, 'file_01-11-2012-13-23-09.pdf', 0, 375, 0),
(455, '', '2012-11-01 13:23:11', 10, 'file_01-11-2012-13-23-15.pdf', 0, 375, 0),
(456, '', '2012-11-01 13:23:17', 10, 'file_01-11-2012-13-23-22.pdf', 0, 375, 0),
(457, '', '2012-11-01 13:23:48', 10, 'file_01-11-2012-13-24-00.pdf', 0, 393, 0),
(458, '', '2012-11-01 13:24:02', 10, 'file_01-11-2012-13-24-08.pdf', 0, 393, 0),
(459, '', '2012-11-01 13:24:31', 10, 'file_01-11-2012-13-24-41.pdf', 0, 418, 0),
(460, '', '2012-11-01 13:24:42', 10, 'file_01-11-2012-13-24-48.pdf', 0, 418, 0),
(461, '', '2012-11-01 13:24:50', 10, 'file_01-11-2012-13-24-57.pdf', 0, 418, 0),
(463, '', '2012-11-01 13:26:44', 10, 'file_01-11-2012-13-26-55.pdf', 0, 427, 0),
(464, '', '2012-11-01 13:26:57', 10, 'file_01-11-2012-13-27-02.pdf', 0, 427, 0),
(465, '', '2012-11-01 13:27:04', 10, 'file_01-11-2012-13-27-15.pdf', 0, 427, 0),
(466, '', '2012-11-01 13:27:17', 10, 'file_01-11-2012-13-27-24.pdf', 0, 427, 0),
(467, '', '2012-11-01 13:27:26', 10, 'file_01-11-2012-13-27-31.pdf', 0, 427, 0),
(468, '', '2012-11-01 13:27:33', 10, 'file_01-11-2012-13-27-39.pdf', 0, 427, 0),
(469, '', '2012-11-01 13:27:41', 10, 'file_01-11-2012-13-27-54.pdf', 0, 427, 0),
(470, '', '2012-11-01 13:27:56', 10, 'file_01-11-2012-13-28-03.pdf', 0, 427, 0),
(471, '', '2012-11-01 13:28:05', 10, 'file_01-11-2012-13-28-12.pdf', 0, 427, 0),
(472, '', '2012-11-01 13:28:14', 10, 'file_01-11-2012-13-28-20.pdf', 0, 427, 0),
(473, '', '2012-11-01 13:49:16', 10, 'file_01-11-2012-13-49-29.pdf', 0, 339, 0),
(474, '', '2012-11-01 13:49:31', 10, 'file_01-11-2012-13-49-37.pdf', 0, 339, 0),
(475, '', '2012-11-01 13:49:39', 10, 'file_01-11-2012-13-49-45.pdf', 0, 339, 0),
(476, '', '2012-11-07 12:00:10', 10, 'file_07-11-2012-12-00-32.pdf', 0, 285, 0),
(477, '', '2012-11-07 12:00:34', 10, 'file_07-11-2012-12-00-41.pdf', 0, 285, 0),
(478, '', '2012-11-07 12:00:42', 10, 'file_07-11-2012-12-00-49.pdf', 0, 285, 0),
(479, '', '2012-11-07 12:00:50', 10, 'file_07-11-2012-12-00-57.pdf', 0, 285, 0),
(480, '', '2012-11-07 12:00:59', 10, 'file_07-11-2012-12-01-07.pdf', 0, 285, 0),
(481, '', '2012-11-07 12:01:47', 10, 'file_07-11-2012-12-01-59.pdf', 0, 389, 0),
(482, '', '2012-11-07 12:02:01', 10, 'file_07-11-2012-12-02-07.pdf', 0, 389, 0),
(483, '', '2012-11-07 12:02:13', 10, 'file_07-11-2012-12-02-20.pdf', 0, 389, 0),
(484, '', '2012-11-07 12:02:21', 10, 'file_07-11-2012-12-02-30.pdf', 0, 389, 0),
(485, '', '2012-11-07 12:02:54', 10, 'file_07-11-2012-12-03-21.pdf', 0, 284, 0),
(486, '', '2012-11-07 12:03:23', 10, 'file_07-11-2012-12-03-29.pdf', 0, 284, 0),
(487, '', '2012-11-07 12:03:30', 10, 'file_07-11-2012-12-03-37.pdf', 0, 284, 0),
(488, '', '2012-11-07 12:03:39', 10, 'file_07-11-2012-12-03-46.pdf', 0, 284, 0),
(489, '', '2012-11-07 12:03:47', 10, 'file_07-11-2012-12-03-53.pdf', 0, 284, 0),
(490, '', '2012-11-07 12:03:55', 10, 'file_07-11-2012-12-04-04.pdf', 0, 284, 0),
(491, '', '2012-11-07 12:04:06', 10, 'file_07-11-2012-12-04-11.pdf', 0, 284, 0),
(492, '', '2012-11-07 12:05:53', 10, 'file_07-11-2012-12-06-03.pdf', 0, 371, 0),
(493, '', '2012-11-07 12:06:04', 10, 'file_07-11-2012-12-06-12.pdf', 0, 371, 0),
(494, '', '2012-11-07 12:06:15', 10, 'file_07-11-2012-12-06-20.pdf', 0, 371, 0),
(495, '', '2012-11-07 12:07:00', 10, 'file_07-11-2012-12-07-14.pdf', 0, 293, 0),
(496, '', '2012-11-07 12:07:15', 10, 'file_07-11-2012-12-07-21.pdf', 0, 293, 0),
(497, '', '2012-11-07 12:07:22', 10, 'file_07-11-2012-12-07-27.pdf', 0, 293, 0),
(498, '', '2012-11-07 12:07:57', 10, 'file_07-11-2012-12-08-10.pdf', 0, 412, 0),
(499, '', '2012-11-07 12:08:12', 10, 'file_07-11-2012-12-08-18.pdf', 0, 412, 0),
(500, '', '2012-11-07 12:08:46', 10, 'file_07-11-2012-12-08-56.pdf', 0, 401, 0),
(501, '', '2012-11-07 12:08:57', 10, 'file_07-11-2012-12-09-04.pdf', 0, 401, 0),
(502, '', '2012-11-07 12:09:06', 10, 'file_07-11-2012-12-09-11.pdf', 0, 401, 0),
(503, '', '2012-11-07 12:09:23', 10, 'file_07-11-2012-12-09-31.pdf', 0, 251, 0),
(504, '', '2012-11-07 12:09:33', 10, 'file_07-11-2012-12-09-39.pdf', 0, 251, 0),
(505, '', '2012-11-07 12:09:40', 10, 'file_07-11-2012-12-09-46.pdf', 0, 251, 0),
(506, '', '2012-11-07 12:09:49', 10, 'file_07-11-2012-12-09-58.pdf', 0, 251, 0),
(507, '', '2012-11-07 12:29:32', 10, 'file_07-11-2012-12-29-43.pdf', 0, 350, 0),
(508, '', '2012-11-07 12:29:45', 10, 'file_07-11-2012-12-29-50.pdf', 0, 350, 0),
(509, '', '2012-11-07 12:29:52', 10, 'file_07-11-2012-12-30-00.pdf', 0, 350, 0),
(510, '', '2012-11-07 12:30:02', 10, 'file_07-11-2012-12-30-11.pdf', 0, 350, 0),
(511, '', '2012-11-21 10:33:22', 10, 'file_21-11-2012-10-33-52.pdf', 0, 251, 0),
(512, '', '2012-11-21 10:33:57', 10, 'file_21-11-2012-10-34-05.pdf', 0, 251, 0),
(513, '', '2012-11-21 10:34:40', 10, 'file_21-11-2012-10-34-55.pdf', 0, 300, 0),
(514, '', '2012-11-21 10:34:58', 10, 'file_21-11-2012-10-35-04.pdf', 0, 300, 0),
(515, '', '2012-11-21 10:35:38', 10, 'file_21-11-2012-10-35-49.pdf', 0, 424, 0),
(516, '', '2012-11-21 10:35:52', 10, 'file_21-11-2012-10-35-58.pdf', 0, 424, 0),
(517, '', '2012-11-21 10:36:28', 10, 'file_21-11-2012-10-36-39.pdf', 0, 350, 0),
(518, '', '2012-11-21 10:36:41', 10, 'file_21-11-2012-10-36-50.pdf', 0, 350, 0),
(519, '', '2012-11-21 10:37:21', 10, 'file_21-11-2012-10-37-35.pdf', 0, 409, 0),
(520, '', '2012-11-21 10:37:37', 10, 'file_21-11-2012-10-37-44.pdf', 0, 409, 0),
(521, '', '2012-11-21 10:38:31', 10, 'file_21-11-2012-10-38-41.pdf', 0, 412, 0),
(522, '', '2012-11-21 10:39:00', 10, 'file_21-11-2012-10-39-15.pdf', 0, 339, 0),
(523, '', '2012-11-21 10:39:39', 10, 'file_21-11-2012-10-39-58.pdf', 0, 363, 0),
(524, '', '2012-11-21 10:40:45', 10, 'file_21-11-2012-10-41-00.pdf', 0, 371, 0),
(525, '', '2012-11-21 10:41:02', 10, 'file_21-11-2012-10-41-07.pdf', 0, 371, 0),
(526, '', '2012-11-21 10:41:28', 10, 'file_21-11-2012-10-41-55.pdf', 0, 375, 0),
(527, '', '2012-11-21 10:43:30', 10, 'file_21-11-2012-10-43-42.pdf', 0, 418, 0),
(528, '', '2012-11-21 10:43:43', 10, 'file_21-11-2012-10-43-54.pdf', 0, 418, 0),
(529, '', '2012-11-21 10:44:15', 10, 'file_21-11-2012-10-44-32.pdf', 0, 285, 0),
(530, '', '2012-11-21 10:44:35', 10, 'file_21-11-2012-10-44-42.pdf', 0, 285, 0),
(531, '', '2012-11-21 10:45:05', 10, 'file_21-11-2012-10-45-23.pdf', 0, 427, 0),
(532, '', '2012-11-21 10:45:25', 10, 'file_21-11-2012-10-45-36.pdf', 0, 427, 0),
(533, '', '2012-11-21 10:45:38', 10, 'file_21-11-2012-10-45-50.pdf', 0, 427, 0),
(534, '', '2012-11-21 10:45:58', 10, 'file_21-11-2012-10-46-13.pdf', 0, 427, 0),
(535, '', '2012-11-21 10:46:32', 10, 'file_21-11-2012-10-47-13.pdf', 0, 427, 0),
(536, '', '2012-11-22 07:55:18', 10, 'file_22-11-2012-07-55-31.pdf', 0, 363, 0),
(537, 'ООО ТЭП', '2013-01-30 13:30:40', 10, 'OOO_TEP', 1, NULL, 0),
(538, '', '2013-02-15 06:47:03', 10, '', 1, 537, 0),
(552, 'ОАО Теплосервис г Тайга', '2013-04-26 07:35:26', 10, 'OAO_Teploevi_g_Tayga', 1, NULL, 0),
(553, 'Экспертное заключение по расчету нормативов потерь тепловой энергии', '2013-04-26 08:01:55', 65, '', 0, 552, 0),
(555, 'Экспертное заключение по расчету норматива удельного расхода топлива', '2013-04-26 08:05:19', 65, '', 0, 552, 0),
(557, 'Экспертное заключение по расчету создания запасов топлива на котельной', '2013-04-26 08:05:52', 65, '', 0, 552, 0),
(559, 'Акты выполненных работы', '2013-04-26 08:19:27', 65, '', 0, 552, 0),
(561, 'Счет-фактура', '2013-04-26 08:19:59', 65, '', 0, 552, 0),
(563, 'Отметка о сдачи документов в РЭК на утверждение нормативов', '2013-04-26 08:20:17', 65, '', 0, 552, 0),
(567, 'Тест', '2013-04-26 12:51:42', 1, 'file_26-04-2013-12-52-13.pdf', 0, 302, 0),
(568, 'Бланк', '2013-05-29 14:07:37', 10, 'file_29-05-2013-14-07-37.pdf', 0, 284, 0),
(569, 'файл по ошибке', '2013-05-29 14:20:27', 9, 'file_29-05-2013-14-20-27.jpg', 0, 380, 0);

-- --------------------------------------------------------

--
-- Структура таблицы `tm_document_attribute`
--

DROP TABLE IF EXISTS `tm_document_attribute`;
CREATE TABLE IF NOT EXISTS `tm_document_attribute` (
  `document_id` int(10) unsigned NOT NULL,
  `attribute_key` varchar(255) NOT NULL,
  `type_id` int(10) unsigned NOT NULL,
  `attribute_value` text NOT NULL,
  `attribute_order` int(10) unsigned NOT NULL DEFAULT '0',
  `is_fill` tinyint(1) NOT NULL DEFAULT '0',
  PRIMARY KEY (`document_id`,`attribute_key`),
  KEY `fk_tm_task_attribute_tm_task1` (`document_id`),
  KEY `fk_tm_document_attribute_tm_document_attribute_type1` (`type_id`)
) ENGINE=InnoDB DEFAULT CHARSET=utf8;

--
-- Дамп данных таблицы `tm_document_attribute`
--

INSERT INTO `tm_document_attribute` (`document_id`, `attribute_key`, `type_id`, `attribute_value`, `attribute_order`, `is_fill`) VALUES
(220, 'description', 2, 'порапоаптпатпата', 0, 0),
(293, 'description', 2, '', 0, 0),
(314, 'description', 2, '', 0, 1),
(375, 'description', 2, '', 0, 0),
(419, 'description', 2, '', 0, 0),
(425, 'description', 2, '', 0, 0),
(428, 'description', 2, '', 0, 0),
(429, 'description', 2, '', 0, 0),
(430, 'description', 2, '', 0, 0),
(434, 'description', 2, '', 0, 0),
(568, 'description', 2, '', 0, 0),
(569, 'description', 2, '', 0, 0);

-- --------------------------------------------------------

--
-- Структура таблицы `tm_document_attribute_type`
--

DROP TABLE IF EXISTS `tm_document_attribute_type`;
CREATE TABLE IF NOT EXISTS `tm_document_attribute_type` (
  `id` int(10) unsigned NOT NULL AUTO_INCREMENT,
  `title` varchar(50) NOT NULL,
  `handler` varchar(100) NOT NULL,
  `description` varchar(255) NOT NULL,
  PRIMARY KEY (`id`),
  UNIQUE KEY `title_UNIQUE` (`title`)
) ENGINE=InnoDB  DEFAULT CHARSET=utf8 AUTO_INCREMENT=4 ;

--
-- Дамп данных таблицы `tm_document_attribute_type`
--

INSERT INTO `tm_document_attribute_type` (`id`, `title`, `handler`, `description`) VALUES
(1, 'Строка', 'TM_Attribute_AttributeType', 'Любое строковое значение'),
(2, 'Текст', 'TM_Attribute_AttributeTypeText', 'Многострочный  текст'),
(3, 'Список', 'TM_Attribute_AttributeTypeList', 'Список из возможных вариантов');

-- --------------------------------------------------------

--
-- Структура таблицы `tm_document_hash`
--

DROP TABLE IF EXISTS `tm_document_hash`;
CREATE TABLE IF NOT EXISTS `tm_document_hash` (
  `document_id` int(10) unsigned DEFAULT NULL,
  `attribute_key` varchar(255) NOT NULL,
  `title` varchar(255) NOT NULL,
  `type_id` int(10) unsigned NOT NULL,
  `list_value` text,
  PRIMARY KEY (`attribute_key`),
  KEY `fk_tm_document_hash_tm_task_attribute_type1` (`type_id`),
  KEY `fk_tm_document_hash_tm_task1` (`document_id`)
) ENGINE=InnoDB DEFAULT CHARSET=utf8;

--
-- Дамп данных таблицы `tm_document_hash`
--

INSERT INTO `tm_document_hash` (`document_id`, `attribute_key`, `title`, `type_id`, `list_value`) VALUES
(NULL, 'description', 'Описание документа', 2, ' ');

-- --------------------------------------------------------

--
-- Структура таблицы `tm_task`
--

DROP TABLE IF EXISTS `tm_task`;
CREATE TABLE IF NOT EXISTS `tm_task` (
  `id` int(10) unsigned NOT NULL AUTO_INCREMENT,
  `title` varchar(255) NOT NULL,
  `user_id` int(10) unsigned NOT NULL,
  `date_create` datetime NOT NULL,
  `type` int(10) unsigned NOT NULL DEFAULT '1',
  `is_archive` tinyint(1) NOT NULL DEFAULT '0',
  PRIMARY KEY (`id`),
  KEY `fk_tm_task_tm_user1` (`user_id`)
) ENGINE=InnoDB  DEFAULT CHARSET=utf8 AUTO_INCREMENT=290 ;

--
-- Дамп данных таблицы `tm_task`
--

INSERT INTO `tm_task` (`id`, `title`, `user_id`, `date_create`, `type`, `is_archive`) VALUES
(181, 'Заказы с сайта', 1, '2011-12-22 21:08:02', 2, 0),
(184, 'Проверка заказа', 1, '2011-12-23 00:00:00', 1, 0),
(193, 'ООО Электросетевая Компания Кузбасса', 9, '2012-05-10 13:03:26', 1, 0),
(194, 'МУП ЖКУ Белогорск (Тисульский район) (потери)', 10, '2012-05-11 08:15:52', 1, 0),
(195, 'ООО СДС-Тепло', 10, '2012-05-29 10:40:18', 1, 0),
(196, 'ЗАО Железнодорожная котельная', 10, '2012-05-29 10:42:03', 1, 0),
(197, 'ОАО ДЭП № 233', 10, '2012-05-29 10:43:13', 1, 0),
(198, 'ООО Безруковское ЖКХ', 10, '2012-05-29 10:44:54', 1, 0),
(199, 'ОАО Санаторий Прокопьевский', 10, '2012-05-29 10:46:26', 1, 0),
(200, 'ООО Литвиновец', 10, '2012-05-29 10:50:38', 1, 0),
(201, 'ООО ЗагорскКомСервис', 10, '2012-05-29 10:52:02', 1, 0),
(202, 'ОАО «Алтайские гербициды» на 2012 (тепловые нормативы)', 10, '2012-05-29 10:54:14', 1, 0),
(203, 'ОАО Каскад -  Энерго', 10, '2012-05-29 10:54:29', 1, 0),
(204, 'ОАО СУЭК-Кузбасс ПЕ Спецналадка', 10, '2012-05-29 10:55:01', 1, 0),
(205, 'ООО Авангард (г. Ленинск-Кузнецкий)', 10, '2012-05-29 10:55:29', 1, 1),
(206, 'ООО Коммунальщик (с.Красное  Ленинск-Кузнецкий район)', 10, '2012-05-29 10:56:24', 1, 0),
(207, 'ЗАО Сибирский колос (г. Анжеро-Судженск)', 10, '2012-05-29 10:56:48', 1, 0),
(208, 'ООО Калининское ЖКХ ', 10, '2012-05-29 10:57:14', 1, 0),
(209, 'ООО СПК Чистогорский', 10, '2012-05-29 10:57:47', 1, 0),
(210, 'ОАО Энергетическая компания г. Полысаево', 10, '2012-05-29 10:58:10', 1, 0),
(211, 'ООО Технотрейд', 10, '2012-05-29 10:58:37', 1, 0),
(212, 'МУП ЖКХ Новокузнецкого района', 10, '2012-05-29 10:59:08', 1, 0),
(213, 'ООО Плотниковский ТеплоВодСнаб', 10, '2012-05-29 10:59:28', 1, 0),
(214, 'ООО КУЗБАСС-ОЙЛ', 10, '2012-05-29 10:59:58', 1, 0),
(215, 'ООО ТЭК', 10, '2012-05-29 11:00:25', 1, 0),
(216, 'ООО ВМ-ЖКХ', 10, '2012-05-29 11:00:47', 1, 0),
(217, 'ОАО Алтайвагон', 10, '2012-05-29 11:01:10', 1, 0),
(218, 'ООО Новая сетевая компания', 10, '2012-05-29 11:01:30', 1, 0),
(219, 'ООО ТеплоСервис', 10, '2012-05-29 11:01:54', 1, 0),
(220, 'ЗАО ЯТЭК', 10, '2012-05-29 11:02:23', 1, 0),
(221, 'ООО УК Серебряный бор ', 10, '2012-05-29 11:02:43', 1, 0),
(222, 'ФГЛПУ НКЦОЗШ', 10, '2012-05-29 11:04:02', 1, 0),
(223, 'ООО Жилкомсервис', 10, '2012-05-29 11:04:25', 1, 0),
(224, 'ООО Веста', 10, '2012-05-29 11:04:45', 1, 0),
(225, 'ООО Теплосетевая компания Южного Кузбасса по узлу теплоснабжения г. Осинники', 10, '2012-05-29 11:05:07', 1, 0),
(226, 'ООО Теплосетевая компания Южного Кузбасса по узлу теплоснабжения г. Калтан', 10, '2012-05-29 11:05:33', 1, 0),
(227, 'ООО Вектор', 10, '2012-05-29 11:05:54', 1, 0),
(228, 'ООО Топкинский цемен (г. Топки)', 10, '2012-05-29 11:06:19', 1, 0),
(229, 'ОАО Знамя (г. Киселевск)', 10, '2012-05-29 11:07:18', 1, 0),
(230, 'ООО Сибирь-Городская котельная-2 (г. Салаир)', 10, '2012-05-29 11:07:39', 1, 0),
(231, 'ООО СЭЛФ', 10, '2012-05-29 11:08:05', 1, 0),
(232, 'ООО Управляющая компания Энерготранс-АГРО', 10, '2012-05-29 11:08:29', 1, 0),
(233, 'МП Тепловые сети города Кемерово', 10, '2012-05-29 11:08:56', 1, 0),
(235, 'ООО Теплоэнергетик (г. Белово)', 10, '2012-05-29 11:09:37', 1, 0),
(236, 'ОАО ИжморВодСтрой', 10, '2012-05-29 11:10:06', 1, 0),
(237, 'МП Городская тепловая компания', 10, '2012-05-29 11:10:29', 1, 0),
(238, 'ООО Управляющая Коммунальная Сервисная Компания', 10, '2012-05-29 11:57:29', 1, 0),
(239, 'ООО Южно-Кузбасская энергетическая компания', 10, '2012-05-29 11:57:40', 1, 0),
(240, 'ОАО Энергетик', 10, '2012-05-29 11:58:04', 1, 0),
(241, 'МУП ЖКУ Белогорск (Тисульский район) (НУР, Запасы)', 10, '2012-05-29 11:58:29', 1, 0),
(242, 'МУП Теплокоммунэнерго', 10, '2012-05-29 12:00:13', 1, 0),
(243, 'МУП Источник', 10, '2012-05-29 12:00:54', 1, 0),
(244, 'ООО Чистогорское ЖКХ', 10, '2012-05-29 12:01:18', 1, 0),
(245, 'ОАО Угольная компания Северный Кузбасс', 10, '2012-05-29 12:01:44', 1, 0),
(246, 'ОАО Теплосервис  (г. Тайга)', 10, '2012-05-29 12:02:05', 1, 0),
(247, 'ОАО Кузбассконсервмолоко', 10, '2012-05-29 12:02:30', 1, 0),
(248, 'Прошу выдать индивидуальный логин и пароль для входа в личный кабинет организации', 1, '2012-06-01 00:00:00', 1, 0),
(249, 'Что желаете заказать?', 1, '2012-06-06 00:00:00', 1, 0),
(250, 'Прошу выдать индивидуальный логин и пароль для входа в систему.', 1, '2012-06-06 00:00:00', 1, 0),
(251, 'Прошу выдать индивидуальный логин и пароль для входа в личный кабинет ', 1, '2012-06-07 00:00:00', 1, 0),
(252, 'Прошу выдать индивидуальный логин и пароль для входа в личный кабинет', 1, '2012-06-07 00:00:00', 1, 0),
(253, 'Логин и Пароль для входа в систему', 1, '2012-06-13 00:00:00', 1, 0),
(262, 'МУП ЖКУ \\"Белогорск\\" (Тисульский район) (потери)', 10, '2012-06-13 08:46:00', 1, 0),
(263, 'ООО Новокузнецкие тепловые сети', 10, '2012-06-20 12:52:49', 1, 0),
(264, 'ООО Шахта Юбилейная', 10, '2012-07-10 08:30:08', 2, 0),
(269, 'ООО Авангард', 10, '2012-07-20 06:26:35', 1, 0),
(271, 'ООО Железобетон-сервис', 10, '2012-10-17 06:56:31', 1, 0),
(272, 'ООО Теплоресурс', 10, '2012-10-17 07:18:51', 1, 0),
(273, 'ООО Мысковская электросетевая', 10, '2012-10-17 07:23:08', 1, 0),
(274, 'ООО Безруковское ЖКХ', 10, '2012-10-17 07:27:13', 1, 0),
(275, 'ООО Топкинский цемент', 10, '2012-10-17 07:30:15', 1, 0),
(276, 'ООО УК Энерготранс-Агро', 10, '2012-10-17 07:38:06', 1, 0),
(277, 'ЗАО Водоканал', 10, '2012-10-17 07:40:44', 1, 0),
(278, 'ООО Кристал 1', 10, '2012-10-17 07:47:01', 1, 0),
(279, 'ЗАО Тепловые сети г Мыски', 10, '2012-10-17 07:49:36', 1, 0),
(280, 'СУЭК-КУЗБАС Энергоупровление', 10, '2012-10-17 07:52:19', 1, 0),
(281, 'ЗАО Сибэлектросервис', 10, '2012-10-17 07:57:15', 1, 0),
(282, 'ООО Химпром', 10, '2012-10-17 09:48:57', 1, 0),
(283, 'ОАО Томусинский ремонтномеханический завод', 10, '2012-10-17 10:18:50', 1, 0),
(285, 'ООО ЕвразЭнергоТранс', 10, '2012-10-17 12:32:35', 1, 0),
(286, 'Прошу Вас направить коммерческое предложение на проведение энергоаудита и экспертизы нормирования ТЭР при передачи тепла, электроэнергии, газа, жидкого топлива.', 1, '2012-10-18 00:00:00', 1, 0),
(287, 'Что желаете заказать?', 1, '2013-01-30 00:00:00', 1, 0),
(288, 'ООО ТЭП', 10, '2013-01-30 13:30:25', 1, 0),
(289, 'ОАО Теплосервис г Тайга', 10, '2013-04-26 07:34:26', 1, 0);

-- --------------------------------------------------------

--
-- Структура таблицы `tm_task_attribute`
--

DROP TABLE IF EXISTS `tm_task_attribute`;
CREATE TABLE IF NOT EXISTS `tm_task_attribute` (
  `task_id` int(10) unsigned NOT NULL,
  `attribute_key` varchar(255) NOT NULL,
  `type_id` int(10) unsigned NOT NULL,
  `attribute_value` text NOT NULL,
  `attribute_order` int(10) unsigned NOT NULL DEFAULT '0',
  `is_fill` tinyint(1) NOT NULL DEFAULT '0',
  PRIMARY KEY (`task_id`,`attribute_key`),
  KEY `fk_tm_task_attribute_tm_task_attribute_type1` (`type_id`),
  KEY `fk_tm_task_attribute_tm_task1` (`task_id`)
) ENGINE=InnoDB DEFAULT CHARSET=utf8;

--
-- Дамп данных таблицы `tm_task_attribute`
--

INSERT INTO `tm_task_attribute` (`task_id`, `attribute_key`, `type_id`, `attribute_value`, `attribute_order`, `is_fill`) VALUES
(181, 'deadline', 4, '31.12.2011 09:00:00', 0, 0),
(181, 'description', 2, '', 0, 0),
(181, 'prior', 3, 'Средний', 0, 0),
(181, 'reason_for_idle', 2, '', 0, 0),
(181, 'state', 3, 'Не выполнена', 0, 0),
(181, 'who_adopted', 6, 'admin', 0, 0),
(181, 'who_responsible', 5, '-', 0, 0),
(181, 'who_set', 7, '1', 0, 0),
(184, 'deadline', 4, '2011-12-23', 0, 0),
(184, 'description', 2, 'Поступил новый заказ: \r\nДата: 2011-12-23\r\nКомпания: Заказчик\r\nФИО: Иван\r\nТелефон: 4646696\r\nE-mail: adc@gg.com\r\nЧто желаете заказать?Проверка заказа', 0, 0),
(193, 'deadline', 4, '10.05.2012 13:03:26', 0, 0),
(193, 'description', 2, '', 0, 0),
(193, 'prior', 3, 'Средний', 0, 0),
(193, 'reason_for_idle', 2, '', 0, 0),
(193, 'state', 3, 'Не выполнена', 0, 0),
(193, 'who_responsible', 5, '-', 0, 0),
(193, 'who_set', 7, '9', 0, 0),
(194, 'deadline', 4, '11.05.2012 08:15:52', 0, 0),
(194, 'description', 2, '', 0, 0),
(194, 'prior', 3, 'Средний', 0, 0),
(194, 'reason_for_idle', 2, '', 0, 0),
(194, 'state', 3, 'Не выполнена', 0, 0),
(194, 'who_responsible', 5, '-', 0, 0),
(194, 'who_set', 7, '10', 0, 0),
(195, 'deadline', 4, '29.05.2012 10:40:18', 0, 0),
(195, 'description', 2, '', 0, 0),
(195, 'prior', 3, 'Средний', 0, 0),
(195, 'reason_for_idle', 2, '', 0, 0),
(195, 'state', 3, 'Не выполнена', 0, 0),
(195, 'who_responsible', 5, '-', 0, 0),
(195, 'who_set', 7, '10', 0, 0),
(196, 'deadline', 4, '29.05.2012 10:42:03', 0, 0),
(196, 'description', 2, '', 0, 0),
(196, 'prior', 3, 'Средний', 0, 0),
(196, 'reason_for_idle', 2, '', 0, 0),
(196, 'state', 3, 'Не выполнена', 0, 0),
(196, 'who_responsible', 5, '-', 0, 0),
(196, 'who_set', 7, '10', 0, 0),
(197, 'deadline', 4, '29.05.2012 10:43:13', 0, 0),
(197, 'description', 2, '', 0, 0),
(197, 'prior', 3, 'Средний', 0, 0),
(197, 'reason_for_idle', 2, '', 0, 0),
(197, 'state', 3, 'Не выполнена', 0, 0),
(197, 'who_responsible', 5, '-', 0, 0),
(197, 'who_set', 7, '10', 0, 0),
(198, 'deadline', 4, '29.05.2012 10:44:54', 0, 0),
(198, 'description', 2, '', 0, 0),
(198, 'prior', 3, 'Средний', 0, 0),
(198, 'reason_for_idle', 2, '', 0, 0),
(198, 'state', 3, 'Не выполнена', 0, 0),
(198, 'who_responsible', 5, '-', 0, 0),
(198, 'who_set', 7, '10', 0, 0),
(199, 'deadline', 4, '29.05.2012 10:46:26', 0, 0),
(199, 'description', 2, '', 0, 0),
(199, 'prior', 3, 'Средний', 0, 0),
(199, 'reason_for_idle', 2, '', 0, 0),
(199, 'state', 3, 'Не выполнена', 0, 0),
(199, 'who_responsible', 5, '-', 0, 0),
(199, 'who_set', 7, '10', 0, 0),
(200, 'deadline', 4, '29.05.2012 10:50:38', 0, 0),
(200, 'description', 2, '', 0, 0),
(200, 'prior', 3, 'Средний', 0, 0),
(200, 'reason_for_idle', 2, '', 0, 0),
(200, 'state', 3, 'Не выполнена', 0, 0),
(200, 'who_responsible', 5, '-', 0, 0),
(200, 'who_set', 7, '10', 0, 0),
(201, 'deadline', 4, '29.05.2012 10:52:02', 0, 0),
(201, 'description', 2, '', 0, 0),
(201, 'prior', 3, 'Средний', 0, 0),
(201, 'reason_for_idle', 2, '', 0, 0),
(201, 'state', 3, 'Не выполнена', 0, 0),
(201, 'who_responsible', 5, '-', 0, 0),
(201, 'who_set', 7, '10', 0, 0),
(202, 'deadline', 4, '29.05.2012 10:54:15', 0, 0),
(202, 'description', 2, '', 0, 0),
(202, 'prior', 3, 'Средний', 0, 0),
(202, 'reason_for_idle', 2, '', 0, 0),
(202, 'state', 3, 'Не выполнена', 0, 0),
(202, 'who_responsible', 5, '-', 0, 0),
(202, 'who_set', 7, '10', 0, 0),
(203, 'deadline', 4, '29.05.2012 10:54:29', 0, 0),
(203, 'description', 2, '', 0, 0),
(203, 'prior', 3, 'Средний', 0, 0),
(203, 'reason_for_idle', 2, '', 0, 0),
(203, 'state', 3, 'Не выполнена', 0, 0),
(203, 'who_responsible', 5, '-', 0, 0),
(203, 'who_set', 7, '10', 0, 0),
(204, 'deadline', 4, '29.05.2012 10:55:01', 0, 0),
(204, 'description', 2, '', 0, 0),
(204, 'prior', 3, 'Средний', 0, 0),
(204, 'reason_for_idle', 2, '', 0, 0),
(204, 'state', 3, 'Не выполнена', 0, 0),
(204, 'who_responsible', 5, '-', 0, 0),
(204, 'who_set', 7, '10', 0, 0),
(205, 'deadline', 4, '20.07.2012 06:02', 0, 0),
(205, 'description', 2, '', 0, 0),
(205, 'prior', 3, 'Средний', 0, 0),
(205, 'reason_for_idle', 2, '', 0, 0),
(205, 'state', 3, 'Не выполнена', 0, 0),
(205, 'who_responsible', 5, '-', 0, 0),
(205, 'who_set', 7, '10', 0, 0),
(206, 'deadline', 4, '29.05.2012 10:56:24', 0, 0),
(206, 'description', 2, '', 0, 0),
(206, 'prior', 3, 'Средний', 0, 0),
(206, 'reason_for_idle', 2, '', 0, 0),
(206, 'state', 3, 'Не выполнена', 0, 0),
(206, 'who_responsible', 5, '-', 0, 0),
(206, 'who_set', 7, '10', 0, 0),
(207, 'deadline', 4, '29.05.2012 10:56:48', 0, 0),
(207, 'description', 2, '', 0, 0),
(207, 'prior', 3, 'Средний', 0, 0),
(207, 'reason_for_idle', 2, '', 0, 0),
(207, 'state', 3, 'Не выполнена', 0, 0),
(207, 'who_responsible', 5, '-', 0, 0),
(207, 'who_set', 7, '10', 0, 0),
(208, 'deadline', 4, '29.05.2012 10:57:14', 0, 0),
(208, 'description', 2, '', 0, 0),
(208, 'prior', 3, 'Средний', 0, 0),
(208, 'reason_for_idle', 2, '', 0, 0),
(208, 'state', 3, 'Не выполнена', 0, 0),
(208, 'who_responsible', 5, '-', 0, 0),
(208, 'who_set', 7, '10', 0, 0),
(209, 'deadline', 4, '29.05.2012 10:57:47', 0, 0),
(209, 'description', 2, '', 0, 0),
(209, 'prior', 3, 'Средний', 0, 0),
(209, 'reason_for_idle', 2, '', 0, 0),
(209, 'state', 3, 'Не выполнена', 0, 0),
(209, 'who_responsible', 5, '-', 0, 0),
(209, 'who_set', 7, '10', 0, 0),
(210, 'deadline', 4, '29.05.2012 10:58:10', 0, 0),
(210, 'description', 2, '', 0, 0),
(210, 'prior', 3, 'Средний', 0, 0),
(210, 'reason_for_idle', 2, '', 0, 0),
(210, 'state', 3, 'Не выполнена', 0, 0),
(210, 'who_responsible', 5, '-', 0, 0),
(210, 'who_set', 7, '10', 0, 0),
(211, 'deadline', 4, '29.05.2012 10:58:37', 0, 0),
(211, 'description', 2, '', 0, 0),
(211, 'prior', 3, 'Средний', 0, 0),
(211, 'reason_for_idle', 2, '', 0, 0),
(211, 'state', 3, 'Не выполнена', 0, 0),
(211, 'who_responsible', 5, '-', 0, 0),
(211, 'who_set', 7, '10', 0, 0),
(212, 'deadline', 4, '29.05.2012 10:59:09', 0, 0),
(212, 'description', 2, '', 0, 0),
(212, 'prior', 3, 'Средний', 0, 0),
(212, 'reason_for_idle', 2, '', 0, 0),
(212, 'state', 3, 'Не выполнена', 0, 0),
(212, 'who_responsible', 5, '-', 0, 0),
(212, 'who_set', 7, '10', 0, 0),
(213, 'deadline', 4, '29.05.2012 10:59:28', 0, 0),
(213, 'description', 2, '', 0, 0),
(213, 'prior', 3, 'Средний', 0, 0),
(213, 'reason_for_idle', 2, '', 0, 0),
(213, 'state', 3, 'Не выполнена', 0, 0),
(213, 'who_responsible', 5, '-', 0, 0),
(213, 'who_set', 7, '10', 0, 0),
(214, 'deadline', 4, '29.05.2012 10:59:58', 0, 0),
(214, 'description', 2, '', 0, 0),
(214, 'prior', 3, 'Средний', 0, 0),
(214, 'reason_for_idle', 2, '', 0, 0),
(214, 'state', 3, 'Не выполнена', 0, 0),
(214, 'who_responsible', 5, '-', 0, 0),
(214, 'who_set', 7, '10', 0, 0),
(215, 'deadline', 4, '29.05.2012 11:00:25', 0, 0),
(215, 'description', 2, '', 0, 0),
(215, 'prior', 3, 'Средний', 0, 0),
(215, 'reason_for_idle', 2, '', 0, 0),
(215, 'state', 3, 'Не выполнена', 0, 0),
(215, 'who_responsible', 5, '-', 0, 0),
(215, 'who_set', 7, '10', 0, 0),
(216, 'deadline', 4, '29.05.2012 11:00:47', 0, 0),
(216, 'description', 2, '', 0, 0),
(216, 'prior', 3, 'Средний', 0, 0),
(216, 'reason_for_idle', 2, '', 0, 0),
(216, 'state', 3, 'Не выполнена', 0, 0),
(216, 'who_responsible', 5, '-', 0, 0),
(216, 'who_set', 7, '10', 0, 0),
(217, 'deadline', 4, '20.07.2012 05:58:00', 0, 0),
(217, 'description', 2, '', 0, 0),
(217, 'prior', 3, 'Средний', 0, 0),
(217, 'reason_for_idle', 2, '', 0, 0),
(217, 'state', 3, 'Не выполнена', 0, 0),
(217, 'who_responsible', 5, '-', 0, 0),
(217, 'who_set', 7, '10', 0, 0),
(218, 'deadline', 4, '29.05.2012 11:01:30', 0, 0),
(218, 'description', 2, '', 0, 0),
(218, 'prior', 3, 'Средний', 0, 0),
(218, 'reason_for_idle', 2, '', 0, 0),
(218, 'state', 3, 'Не выполнена', 0, 0),
(218, 'who_responsible', 5, '-', 0, 0),
(218, 'who_set', 7, '10', 0, 0),
(219, 'deadline', 4, '29.05.2012 11:01:54', 0, 0),
(219, 'description', 2, '', 0, 0),
(219, 'prior', 3, 'Средний', 0, 0),
(219, 'reason_for_idle', 2, '', 0, 0),
(219, 'state', 3, 'Не выполнена', 0, 0),
(219, 'who_responsible', 5, '-', 0, 0),
(219, 'who_set', 7, '10', 0, 0),
(220, 'deadline', 4, '29.05.2012 11:02:23', 0, 0),
(220, 'description', 2, '', 0, 0),
(220, 'prior', 3, 'Средний', 0, 0),
(220, 'reason_for_idle', 2, '', 0, 0),
(220, 'state', 3, 'Не выполнена', 0, 0),
(220, 'who_responsible', 5, '-', 0, 0),
(220, 'who_set', 7, '10', 0, 0),
(221, 'deadline', 4, '29.05.2012 11:02:43', 0, 0),
(221, 'description', 2, '', 0, 0),
(221, 'prior', 3, 'Средний', 0, 0),
(221, 'reason_for_idle', 2, '', 0, 0),
(221, 'state', 3, 'Не выполнена', 0, 0),
(221, 'who_responsible', 5, '-', 0, 0),
(221, 'who_set', 7, '10', 0, 0),
(222, 'deadline', 4, '29.05.2012 11:04:02', 0, 0),
(222, 'description', 2, '', 0, 0),
(222, 'prior', 3, 'Средний', 0, 0),
(222, 'reason_for_idle', 2, '', 0, 0),
(222, 'state', 3, 'Не выполнена', 0, 0),
(222, 'who_responsible', 5, '-', 0, 0),
(222, 'who_set', 7, '10', 0, 0),
(223, 'deadline', 4, '29.05.2012 11:04:25', 0, 0),
(223, 'description', 2, '', 0, 0),
(223, 'prior', 3, 'Средний', 0, 0),
(223, 'reason_for_idle', 2, '', 0, 0),
(223, 'state', 3, 'Не выполнена', 0, 0),
(223, 'who_responsible', 5, '-', 0, 0),
(223, 'who_set', 7, '10', 0, 0),
(224, 'deadline', 4, '29.05.2012 11:04:45', 0, 0),
(224, 'description', 2, '', 0, 0),
(224, 'prior', 3, 'Средний', 0, 0),
(224, 'reason_for_idle', 2, '', 0, 0),
(224, 'state', 3, 'Не выполнена', 0, 0),
(224, 'who_responsible', 5, '-', 0, 0),
(224, 'who_set', 7, '10', 0, 0),
(225, 'deadline', 4, '29.05.2012 11:05:08', 0, 0),
(225, 'description', 2, '', 0, 0),
(225, 'prior', 3, 'Средний', 0, 0),
(225, 'reason_for_idle', 2, '', 0, 0),
(225, 'state', 3, 'Не выполнена', 0, 0),
(225, 'who_responsible', 5, '-', 0, 0),
(225, 'who_set', 7, '10', 0, 0),
(226, 'deadline', 4, '29.05.2012 11:05:33', 0, 0),
(226, 'description', 2, '', 0, 0),
(226, 'prior', 3, 'Средний', 0, 0),
(226, 'reason_for_idle', 2, '', 0, 0),
(226, 'state', 3, 'Не выполнена', 0, 0),
(226, 'who_responsible', 5, '-', 0, 0),
(226, 'who_set', 7, '10', 0, 0),
(227, 'deadline', 4, '29.05.2012 11:05:55', 0, 0),
(227, 'description', 2, '', 0, 0),
(227, 'prior', 3, 'Средний', 0, 0),
(227, 'reason_for_idle', 2, '', 0, 0),
(227, 'state', 3, 'Не выполнена', 0, 0),
(227, 'who_responsible', 5, '-', 0, 0),
(227, 'who_set', 7, '10', 0, 0),
(228, 'deadline', 4, '29.05.2012 11:06:19', 0, 0),
(228, 'description', 2, '', 0, 0),
(228, 'prior', 3, 'Средний', 0, 0),
(228, 'reason_for_idle', 2, '', 0, 0),
(228, 'state', 3, 'Не выполнена', 0, 0),
(228, 'who_responsible', 5, '-', 0, 0),
(228, 'who_set', 7, '10', 0, 0),
(229, 'deadline', 4, '29.05.2012 11:07:18', 0, 0),
(229, 'description', 2, '', 0, 0),
(229, 'prior', 3, 'Средний', 0, 0),
(229, 'reason_for_idle', 2, '', 0, 0),
(229, 'state', 3, 'Не выполнена', 0, 0),
(229, 'who_responsible', 5, '-', 0, 0),
(229, 'who_set', 7, '10', 0, 0),
(230, 'deadline', 4, '29.05.2012 11:07:39', 0, 0),
(230, 'description', 2, '', 0, 0),
(230, 'prior', 3, 'Средний', 0, 0),
(230, 'reason_for_idle', 2, '', 0, 0),
(230, 'state', 3, 'Не выполнена', 0, 0),
(230, 'who_responsible', 5, '-', 0, 0),
(230, 'who_set', 7, '10', 0, 0),
(231, 'deadline', 4, '29.05.2012 11:08:05', 0, 0),
(231, 'description', 2, '', 0, 0),
(231, 'prior', 3, 'Средний', 0, 0),
(231, 'reason_for_idle', 2, '', 0, 0),
(231, 'state', 3, 'Не выполнена', 0, 0),
(231, 'who_responsible', 5, '-', 0, 0),
(231, 'who_set', 7, '10', 0, 0),
(232, 'deadline', 4, '29.05.2012 11:08:29', 0, 0),
(232, 'description', 2, '', 0, 0),
(232, 'prior', 3, 'Средний', 0, 0),
(232, 'reason_for_idle', 2, '', 0, 0),
(232, 'state', 3, 'Не выполнена', 0, 0),
(232, 'who_responsible', 5, '-', 0, 0),
(232, 'who_set', 7, '10', 0, 0),
(233, 'deadline', 4, '29.05.2012 11:08:56', 0, 0),
(233, 'description', 2, '', 0, 0),
(233, 'prior', 3, 'Средний', 0, 0),
(233, 'reason_for_idle', 2, '', 0, 0),
(233, 'state', 3, 'Не выполнена', 0, 0),
(233, 'who_responsible', 5, '-', 0, 0),
(233, 'who_set', 7, '10', 0, 0),
(235, 'deadline', 4, '29.05.2012 11:09:37', 0, 0),
(235, 'description', 2, '', 0, 0),
(235, 'prior', 3, 'Средний', 0, 0),
(235, 'reason_for_idle', 2, '', 0, 0),
(235, 'state', 3, 'Не выполнена', 0, 0),
(235, 'who_responsible', 5, '-', 0, 0),
(235, 'who_set', 7, '10', 0, 0),
(236, 'deadline', 4, '29.05.2012 11:10:07', 0, 0),
(236, 'description', 2, '', 0, 0),
(236, 'prior', 3, 'Средний', 0, 0),
(236, 'reason_for_idle', 2, '', 0, 0),
(236, 'state', 3, 'Не выполнена', 0, 0),
(236, 'who_responsible', 5, '-', 0, 0),
(236, 'who_set', 7, '10', 0, 0),
(237, 'deadline', 4, '29.05.2012 11:10:29', 0, 0),
(237, 'description', 2, '', 0, 0),
(237, 'prior', 3, 'Средний', 0, 0),
(237, 'reason_for_idle', 2, '', 0, 0),
(237, 'state', 3, 'Не выполнена', 0, 0),
(237, 'who_responsible', 5, '-', 0, 0),
(237, 'who_set', 7, '10', 0, 0),
(238, 'deadline', 4, '29.05.2012 11:57:29', 0, 0),
(238, 'description', 2, '', 0, 0),
(238, 'prior', 3, 'Средний', 0, 0),
(238, 'reason_for_idle', 2, '', 0, 0),
(238, 'state', 3, 'Не выполнена', 0, 0),
(238, 'who_responsible', 5, '-', 0, 0),
(238, 'who_set', 7, '10', 0, 0),
(239, 'deadline', 4, '29.05.2012 11:57:40', 0, 0),
(239, 'description', 2, '', 0, 0),
(239, 'prior', 3, 'Средний', 0, 0),
(239, 'reason_for_idle', 2, '', 0, 0),
(239, 'state', 3, 'Не выполнена', 0, 0),
(239, 'who_responsible', 5, '-', 0, 0),
(239, 'who_set', 7, '10', 0, 0),
(240, 'deadline', 4, '29.05.2012 11:58:04', 0, 0),
(240, 'description', 2, '', 0, 0),
(240, 'prior', 3, 'Средний', 0, 0),
(240, 'reason_for_idle', 2, '', 0, 0),
(240, 'state', 3, 'Не выполнена', 0, 0),
(240, 'who_responsible', 5, '-', 0, 0),
(240, 'who_set', 7, '10', 0, 0),
(241, 'deadline', 4, '29.05.2012 11:58:29', 0, 0),
(241, 'description', 2, '', 0, 0),
(241, 'prior', 3, 'Средний', 0, 0),
(241, 'reason_for_idle', 2, '', 0, 0),
(241, 'state', 3, 'Не выполнена', 0, 0),
(241, 'who_responsible', 5, '-', 0, 0),
(241, 'who_set', 7, '10', 0, 0),
(242, 'deadline', 4, '29.05.2012 12:00:13', 0, 0),
(242, 'description', 2, '', 0, 0),
(242, 'prior', 3, 'Средний', 0, 0),
(242, 'reason_for_idle', 2, '', 0, 0),
(242, 'state', 3, 'Не выполнена', 0, 0),
(242, 'who_responsible', 5, '-', 0, 0),
(242, 'who_set', 7, '10', 0, 0),
(243, 'deadline', 4, '29.05.2012 12:00:55', 0, 0),
(243, 'description', 2, '', 0, 0),
(243, 'prior', 3, 'Средний', 0, 0),
(243, 'reason_for_idle', 2, '', 0, 0),
(243, 'state', 3, 'Не выполнена', 0, 0),
(243, 'who_responsible', 5, '-', 0, 0),
(243, 'who_set', 7, '10', 0, 0),
(244, 'deadline', 4, '29.05.2012 12:01:18', 0, 0),
(244, 'description', 2, '', 0, 0),
(244, 'prior', 3, 'Средний', 0, 0),
(244, 'reason_for_idle', 2, '', 0, 0),
(244, 'state', 3, 'Не выполнена', 0, 0),
(244, 'who_responsible', 5, '-', 0, 0),
(244, 'who_set', 7, '10', 0, 0),
(245, 'deadline', 4, '29.05.2012 12:01:44', 0, 0),
(245, 'description', 2, '', 0, 0),
(245, 'prior', 3, 'Средний', 0, 0),
(245, 'reason_for_idle', 2, '', 0, 0),
(245, 'state', 3, 'Не выполнена', 0, 0),
(245, 'who_responsible', 5, '-', 0, 0),
(245, 'who_set', 7, '10', 0, 0),
(246, 'deadline', 4, '29.05.2012 12:02:05', 0, 0),
(246, 'description', 2, '', 0, 0),
(246, 'prior', 3, 'Средний', 0, 0),
(246, 'reason_for_idle', 2, '', 0, 0),
(246, 'state', 3, 'Не выполнена', 0, 0),
(246, 'who_responsible', 5, '-', 0, 0),
(246, 'who_set', 7, '10', 0, 0),
(247, 'deadline', 4, '29.05.2012 12:02:30', 0, 0),
(247, 'description', 2, '', 0, 0),
(247, 'prior', 3, 'Средний', 0, 0),
(247, 'reason_for_idle', 2, '', 0, 0),
(247, 'state', 3, 'Не выполнена', 0, 0),
(247, 'who_responsible', 5, '-', 0, 0),
(247, 'who_set', 7, '10', 0, 0),
(248, 'deadline', 4, '2012-06-01', 0, 0),
(248, 'description', 2, 'Поступил новый заказ: \r\nДата: 2012-06-01\r\nКомпания:  ОАО \\"Энергетик\\"\r\nФИО: Лопаницына Ирина Николаевна, коммерческий директор\r\nТелефон: 8384251351\r\nE-mail: energetic.05@mail.ru\r\nЧто желаете заказать?Прошу выдать индивидуальный логин и пароль для входа в личный кабинет организации', 0, 0),
(249, 'deadline', 4, '2012-06-06', 0, 0),
(249, 'description', 2, 'Поступил новый заказ: \r\nДата: 2012-06-06\r\nКомпания: Компания\r\nФИО: ФИО\r\nТелефон: Телефон\r\nE-mail: E-mail\r\nЧто желаете заказать?Что желаете заказать?', 0, 0),
(250, 'deadline', 4, '2012-06-06', 0, 0),
(250, 'description', 2, 'Поступил новый заказ: \r\nДата: 2012-06-06\r\nКомпания: ЗАО \\"Сибэлектросервис\\"\r\nФИО: Гаринов Виктор Донатович\r\nТелефон: 64-33-00\r\nE-mail: bad2310@mail.ru\r\nЧто желаете заказать?Прошу выдать индивидуальный логин и пароль для входа в систему.', 0, 0),
(251, 'deadline', 4, '2012-06-07', 0, 0),
(251, 'description', 2, 'Поступил новый заказ: \r\nДата: 2012-06-07\r\nКомпания: ООО \\"Литвиновец\\" Яшкинский район\r\nФИО: Варенников Виктор Федорович\r\nТелефон: (38455) 2-55-46\r\nE-mail: Litvinovec@mail.ru\r\nЧто желаете заказать?Прошу выдать индивидуальный логин и пароль для входа в личный кабинет ', 0, 0),
(252, 'deadline', 4, '2012-06-07', 0, 0),
(252, 'description', 2, 'Поступил новый заказ: \r\nДата: 2012-06-07\r\nКомпания: ООО \\"Сэлф\\" Яшкинского района\r\nФИО: Варенников Виктор Федорович\r\nТелефон: (38455) 2-55-46\r\nE-mail: oooself@rambler.ru\r\nЧто желаете заказать?Прошу выдать индивидуальный логин и пароль для входа в личный кабинет', 0, 0),
(253, 'deadline', 4, '2012-06-13', 0, 0),
(253, 'description', 2, 'Поступил новый заказ: \r\nДата: 2012-06-13\r\nКомпания: ЗАО \\"ЯТЭК\\"\r\nФИО: Тюльпин Даниил Евгеньевич\r\nТелефон: 89617223382\r\nE-mail: zaoyatek@mail.ru\r\nЧто желаете заказать?Логин и Пароль для входа в систему', 0, 0),
(262, 'deadline', 4, '13.06.2012 08:46', 0, 0),
(262, 'description', 2, '', 0, 0),
(262, 'prior', 3, 'Средний', 0, 0),
(262, 'reason_for_idle', 2, '', 0, 0),
(262, 'state', 3, 'Не выполнена', 0, 0),
(262, 'who_responsible', 5, '-', 0, 0),
(262, 'who_set', 7, '10', 0, 0),
(263, 'deadline', 4, '20.06.2012 12:52:49', 0, 0),
(263, 'description', 2, '', 0, 0),
(263, 'prior', 3, 'Средний', 0, 0),
(263, 'reason_for_idle', 2, '', 0, 0),
(263, 'state', 3, 'Не выполнена', 0, 0),
(263, 'who_responsible', 5, '-', 0, 0),
(263, 'who_set', 7, '10', 0, 0),
(264, 'deadline', 4, '12.07.2012 06:59:00', 0, 0),
(264, 'description', 2, '', 0, 0),
(264, 'prior', 3, 'Средний', 0, 0),
(264, 'reason_for_idle', 2, '', 0, 0),
(264, 'state', 3, 'Не выполнена', 0, 0),
(264, 'who_responsible', 5, '-', 0, 0),
(264, 'who_set', 7, '10', 0, 0),
(269, 'deadline', 4, '20.07.2012 06:26:35', 0, 0),
(269, 'description', 2, '', 0, 0),
(269, 'prior', 3, 'Средний', 0, 0),
(269, 'reason_for_idle', 2, '', 0, 0),
(269, 'state', 3, 'Не выполнена', 0, 0),
(269, 'who_responsible', 5, '17', 0, 0),
(269, 'who_set', 7, '10', 0, 0),
(271, 'deadline', 4, '17.10.2012 06:56:32', 0, 0),
(271, 'description', 2, '', 0, 0),
(271, 'prior', 3, 'Средний', 0, 0),
(271, 'reason_for_idle', 2, '', 0, 0),
(271, 'state', 3, 'Не выполнена', 0, 0),
(271, 'who_responsible', 5, '-', 0, 0),
(271, 'who_set', 7, '10', 0, 0),
(272, 'deadline', 4, '17.10.2012 07:18:51', 0, 0),
(272, 'description', 2, '', 0, 0),
(272, 'prior', 3, 'Средний', 0, 0),
(272, 'reason_for_idle', 2, '', 0, 0),
(272, 'state', 3, 'Не выполнена', 0, 0),
(272, 'who_responsible', 5, '-', 0, 0),
(272, 'who_set', 7, '10', 0, 0),
(273, 'deadline', 4, '17.10.2012 07:23:08', 0, 0),
(273, 'description', 2, '', 0, 0),
(273, 'prior', 3, 'Средний', 0, 0),
(273, 'reason_for_idle', 2, '', 0, 0),
(273, 'state', 3, 'Не выполнена', 0, 0),
(273, 'who_responsible', 5, '-', 0, 0),
(273, 'who_set', 7, '10', 0, 0),
(274, 'deadline', 4, '17.10.2012 07:27:13', 0, 0),
(274, 'description', 2, '', 0, 0),
(274, 'prior', 3, 'Средний', 0, 0),
(274, 'reason_for_idle', 2, '', 0, 0),
(274, 'state', 3, 'Не выполнена', 0, 0),
(274, 'who_responsible', 5, '-', 0, 0),
(274, 'who_set', 7, '10', 0, 0),
(275, 'deadline', 4, '17.10.2012 07:30:15', 0, 0),
(275, 'description', 2, '', 0, 0),
(275, 'prior', 3, 'Средний', 0, 0),
(275, 'reason_for_idle', 2, '', 0, 0),
(275, 'state', 3, 'Не выполнена', 0, 0),
(275, 'who_responsible', 5, '-', 0, 0),
(275, 'who_set', 7, '10', 0, 0),
(276, 'deadline', 4, '17.10.2012 07:38:06', 0, 0),
(276, 'description', 2, '', 0, 0),
(276, 'prior', 3, 'Средний', 0, 0),
(276, 'reason_for_idle', 2, '', 0, 0),
(276, 'state', 3, 'Не выполнена', 0, 0),
(276, 'who_responsible', 5, '-', 0, 0),
(276, 'who_set', 7, '10', 0, 0),
(277, 'deadline', 4, '17.10.2012 07:40:45', 0, 0),
(277, 'description', 2, '', 0, 0),
(277, 'prior', 3, 'Средний', 0, 0),
(277, 'reason_for_idle', 2, '', 0, 0),
(277, 'state', 3, 'Не выполнена', 0, 0),
(277, 'who_responsible', 5, '-', 0, 0),
(277, 'who_set', 7, '10', 0, 0),
(278, 'deadline', 4, '17.10.2012 07:47:01', 0, 0),
(278, 'description', 2, '', 0, 0),
(278, 'prior', 3, 'Средний', 0, 0),
(278, 'reason_for_idle', 2, '', 0, 0),
(278, 'state', 3, 'Не выполнена', 0, 0),
(278, 'who_responsible', 5, '-', 0, 0),
(278, 'who_set', 7, '10', 0, 0),
(279, 'deadline', 4, '17.10.2012 07:49:36', 0, 0),
(279, 'description', 2, '', 0, 0),
(279, 'prior', 3, 'Средний', 0, 0),
(279, 'reason_for_idle', 2, '', 0, 0),
(279, 'state', 3, 'Не выполнена', 0, 0),
(279, 'who_responsible', 5, '-', 0, 0),
(279, 'who_set', 7, '10', 0, 0),
(280, 'deadline', 4, '17.10.2012 07:52:19', 0, 0),
(280, 'description', 2, '', 0, 0),
(280, 'prior', 3, 'Средний', 0, 0),
(280, 'reason_for_idle', 2, '', 0, 0),
(280, 'state', 3, 'Не выполнена', 0, 0),
(280, 'who_responsible', 5, '-', 0, 0),
(280, 'who_set', 7, '10', 0, 0),
(281, 'deadline', 4, '17.10.2012 07:57:15', 0, 0),
(281, 'description', 2, '', 0, 0),
(281, 'prior', 3, 'Средний', 0, 0),
(281, 'reason_for_idle', 2, '', 0, 0),
(281, 'state', 3, 'Не выполнена', 0, 0),
(281, 'who_responsible', 5, '-', 0, 0),
(281, 'who_set', 7, '10', 0, 0),
(282, 'deadline', 4, '17.10.2012 09:48:58', 0, 0),
(282, 'description', 2, '', 0, 0),
(282, 'prior', 3, 'Средний', 0, 0),
(282, 'reason_for_idle', 2, '', 0, 0),
(282, 'state', 3, 'Не выполнена', 0, 0),
(282, 'who_responsible', 5, '-', 0, 0),
(282, 'who_set', 7, '10', 0, 0),
(283, 'deadline', 4, '17.10.2012 10:18:50', 0, 0),
(283, 'description', 2, '', 0, 0),
(283, 'prior', 3, 'Средний', 0, 0),
(283, 'reason_for_idle', 2, '', 0, 0),
(283, 'state', 3, 'Не выполнена', 0, 0),
(283, 'who_responsible', 5, '-', 0, 0),
(283, 'who_set', 7, '10', 0, 0),
(285, 'deadline', 4, '17.10.2012 12:32:35', 0, 0),
(285, 'description', 2, '', 0, 0),
(285, 'prior', 3, 'Средний', 0, 0),
(285, 'reason_for_idle', 2, '', 0, 0),
(285, 'state', 3, 'Не выполнена', 0, 0),
(285, 'who_responsible', 5, '-', 0, 0),
(285, 'who_set', 7, '10', 0, 0),
(286, 'deadline', 4, '2012-10-18', 0, 0),
(286, 'description', 2, 'Поступил новый заказ: \r\nДата: 2012-10-18\r\nКомпания: ООО \\"Семечко\\"\r\nФИО: Прокопенко Илларион Ждугашвили\r\nТелефон: Телефон\r\nE-mail: semechko@gmail.com\r\nЧто желаете заказать?Прошу Вас направить коммерческое предложение на проведение энергоаудита и экспертизы нормирования ТЭР при передачи тепла, электроэнергии, газа, жидкого топлива.', 0, 0),
(287, 'deadline', 4, '2013-01-30', 0, 0),
(287, 'description', 2, 'Поступил новый заказ: \r\nДата: 2013-01-30\r\nКомпания: Компания\r\nФИО: ФИО\r\nТелефон: Телефон\r\nE-mail: E-mail\r\nЧто желаете заказать?Что желаете заказать?', 0, 0),
(288, 'deadline', 4, '30.01.2013 13:30:26', 0, 0),
(288, 'description', 2, '', 0, 0),
(288, 'prior', 3, 'Средний', 0, 0),
(288, 'reason_for_idle', 2, '', 0, 0),
(288, 'state', 3, 'Не выполнена', 0, 0),
(288, 'who_responsible', 5, '-', 0, 0),
(288, 'who_set', 7, '10', 0, 0),
(289, 'deadline', 4, '26.04.2013 07:34:27', 0, 0),
(289, 'description', 2, '', 0, 0),
(289, 'prior', 3, 'Средний', 0, 0),
(289, 'reason_for_idle', 2, '', 0, 0),
(289, 'state', 3, 'Не выполнена', 0, 0),
(289, 'who_responsible', 5, '-', 0, 0),
(289, 'who_set', 7, '10', 0, 0);

-- --------------------------------------------------------

--
-- Структура таблицы `tm_task_attribute_type`
--

DROP TABLE IF EXISTS `tm_task_attribute_type`;
CREATE TABLE IF NOT EXISTS `tm_task_attribute_type` (
  `id` int(10) unsigned NOT NULL AUTO_INCREMENT,
  `title` varchar(50) NOT NULL,
  `handler` varchar(100) NOT NULL,
  `description` varchar(255) NOT NULL,
  PRIMARY KEY (`id`),
  UNIQUE KEY `title_UNIQUE` (`title`)
) ENGINE=InnoDB  DEFAULT CHARSET=utf8 AUTO_INCREMENT=8 ;

--
-- Дамп данных таблицы `tm_task_attribute_type`
--

INSERT INTO `tm_task_attribute_type` (`id`, `title`, `handler`, `description`) VALUES
(1, 'Строка', 'TM_Attribute_AttributeType', 'Любое строковое значение'),
(2, 'Текст', 'TM_Attribute_AttributeTypeText', 'Многострочный  текст'),
(3, 'Список', 'TM_Attribute_AttributeTypeList', 'Список из возможных вариантов'),
(4, 'Дата', 'TM_Attribute_AttributeTypeDate', ''),
(5, 'Список пользователей', 'TM_Attribute_AttributeTypeUserList', 'Список пользователей'),
(6, 'Условие с активным пользователем', 'TM_Attribute_AttributeTypeActiveUser', 'Условие с активным пользователем'),
(7, 'Список пользователей с активным пользователем', 'TM_Attribute_AttributeTypeActiveUserList', 'Список пользователей с активным пользователем');

-- --------------------------------------------------------

--
-- Структура таблицы `tm_task_discussion`
--

DROP TABLE IF EXISTS `tm_task_discussion`;
CREATE TABLE IF NOT EXISTS `tm_task_discussion` (
  `task_id` int(10) unsigned NOT NULL,
  `discussion_id` int(10) unsigned NOT NULL,
  PRIMARY KEY (`task_id`,`discussion_id`),
  KEY `fk_tm_task_discussion_tm_discussion1` (`discussion_id`)
) ENGINE=InnoDB DEFAULT CHARSET=utf8;

--
-- Дамп данных таблицы `tm_task_discussion`
--

INSERT INTO `tm_task_discussion` (`task_id`, `discussion_id`) VALUES
(181, 191),
(193, 208),
(195, 213),
(196, 214),
(197, 215),
(198, 216),
(199, 217),
(200, 218),
(201, 219),
(202, 220),
(203, 221),
(204, 222),
(205, 223),
(206, 224),
(207, 225),
(208, 226),
(209, 227),
(210, 228),
(211, 229),
(212, 230),
(213, 231),
(214, 232),
(215, 233),
(216, 234),
(217, 235),
(218, 236),
(219, 237),
(220, 238),
(221, 239),
(222, 240),
(223, 241),
(224, 242),
(225, 243),
(226, 244),
(227, 245),
(228, 246),
(229, 247),
(230, 248),
(231, 249),
(232, 250),
(233, 251),
(235, 253),
(236, 254),
(237, 255),
(238, 256),
(239, 257),
(240, 258),
(241, 259),
(242, 260),
(243, 261),
(244, 262),
(245, 263),
(246, 264),
(247, 265),
(262, 266),
(263, 267),
(264, 271),
(271, 281),
(272, 282),
(273, 283),
(274, 284),
(275, 285),
(276, 286),
(277, 287),
(278, 288),
(279, 289),
(280, 290),
(281, 291),
(282, 292),
(283, 293),
(285, 295),
(288, 299),
(289, 303),
(228, 314),
(228, 315),
(275, 316),
(275, 317),
(275, 318);

-- --------------------------------------------------------

--
-- Структура таблицы `tm_task_document`
--

DROP TABLE IF EXISTS `tm_task_document`;
CREATE TABLE IF NOT EXISTS `tm_task_document` (
  `task_id` int(10) unsigned NOT NULL,
  `document_id` int(10) unsigned NOT NULL,
  PRIMARY KEY (`task_id`,`document_id`),
  KEY `fk_tm_task_document_tm_task1` (`task_id`),
  KEY `fk_tm_task_document_tm_document1` (`document_id`)
) ENGINE=InnoDB DEFAULT CHARSET=utf8;

--
-- Дамп данных таблицы `tm_task_document`
--

INSERT INTO `tm_task_document` (`task_id`, `document_id`) VALUES
(181, 215),
(181, 219),
(193, 244),
(195, 251),
(196, 252),
(197, 253),
(198, 254),
(199, 255),
(200, 256),
(201, 257),
(202, 258),
(203, 259),
(204, 260),
(205, 261),
(206, 262),
(207, 263),
(208, 264),
(209, 265),
(210, 266),
(211, 267),
(212, 268),
(213, 269),
(214, 270),
(215, 271),
(216, 272),
(217, 273),
(218, 274),
(219, 275),
(220, 276),
(221, 277),
(222, 278),
(223, 279),
(224, 280),
(225, 281),
(226, 282),
(227, 283),
(228, 284),
(229, 285),
(230, 286),
(231, 287),
(232, 288),
(233, 289),
(235, 291),
(236, 292),
(237, 293),
(238, 294),
(239, 295),
(240, 296),
(241, 297),
(242, 298),
(243, 299),
(244, 300),
(245, 301),
(246, 302),
(247, 303),
(262, 312),
(263, 313),
(264, 319),
(271, 363),
(272, 371),
(273, 375),
(274, 376),
(275, 380),
(276, 389),
(277, 393),
(278, 401),
(279, 405),
(280, 409),
(281, 412),
(282, 418),
(283, 424),
(285, 427),
(288, 537),
(289, 552);

-- --------------------------------------------------------

--
-- Структура таблицы `tm_task_hash`
--

DROP TABLE IF EXISTS `tm_task_hash`;
CREATE TABLE IF NOT EXISTS `tm_task_hash` (
  `task_id` int(10) unsigned DEFAULT NULL,
  `attribute_key` varchar(255) NOT NULL,
  `title` varchar(255) NOT NULL,
  `type_id` int(10) unsigned NOT NULL,
  `list_value` text,
  `list_order` varchar(255) NOT NULL DEFAULT '',
  `required` tinyint(1) NOT NULL DEFAULT '0',
  `sort_order` int(11) NOT NULL DEFAULT '1000',
  PRIMARY KEY (`attribute_key`),
  KEY `fk_tm_task_hash_tm_task_attribute_type1` (`type_id`),
  KEY `fk_tm_task_hash_tm_task1` (`task_id`)
) ENGINE=InnoDB DEFAULT CHARSET=utf8;

--
-- Дамп данных таблицы `tm_task_hash`
--

INSERT INTO `tm_task_hash` (`task_id`, `attribute_key`, `title`, `type_id`, `list_value`, `list_order`, `required`, `sort_order`) VALUES
(NULL, 'deadline', 'Срок выполнения задачи', 4, '  ', '', 1, 1),
(NULL, 'description', 'Описание задачи', 2, '  ', '', 0, 7),
(NULL, 'prior', 'Приоритет', 3, 'Очень высокий||Высоки||*Средний||Низкий||Очень низкий    ', '', 0, 6),
(NULL, 'reason_for_idle', 'Причина простоя', 2, '  ', '', 0, 3),
(NULL, 'state', 'Статус выполения задачи', 3, 'Выполнена||*Не выполнена||Возникли вопросы ', '', 1, 2),
(NULL, 'who_adopted', 'Кто принял?', 6, '    ', '', 0, 5),
(NULL, 'who_responsible', 'Кто ответственный?', 5, '  ', '', 0, 4),
(NULL, 'who_set', 'Кем поставлена?', 7, '    ', '', 0, 4);

-- --------------------------------------------------------

--
-- Структура таблицы `tm_task_relation`
--

DROP TABLE IF EXISTS `tm_task_relation`;
CREATE TABLE IF NOT EXISTS `tm_task_relation` (
  `parent_id` int(10) unsigned NOT NULL,
  `child_id` int(10) unsigned NOT NULL,
  PRIMARY KEY (`parent_id`,`child_id`),
  KEY `fk_tm_task_relation_tm_task2` (`child_id`)
) ENGINE=InnoDB DEFAULT CHARSET=utf8;

--
-- Дамп данных таблицы `tm_task_relation`
--

INSERT INTO `tm_task_relation` (`parent_id`, `child_id`) VALUES
(181, 184),
(181, 248),
(181, 249),
(181, 250),
(181, 251),
(181, 252),
(181, 253),
(181, 286),
(181, 287);

-- --------------------------------------------------------

--
-- Структура таблицы `tm_user`
--

DROP TABLE IF EXISTS `tm_user`;
CREATE TABLE IF NOT EXISTS `tm_user` (
  `id` int(10) unsigned NOT NULL AUTO_INCREMENT,
  `login` varchar(32) NOT NULL,
  `password` varchar(32) NOT NULL,
  `role_id` int(10) unsigned NOT NULL,
  `date_create` datetime NOT NULL,
  `type` varchar(15) NOT NULL DEFAULT 'client',
  PRIMARY KEY (`id`),
  UNIQUE KEY `login_UNIQUE` (`login`),
  KEY `fk_tm_user_tm_user_role1` (`role_id`),
  KEY `type` (`type`)
) ENGINE=InnoDB  DEFAULT CHARSET=utf8 AUTO_INCREMENT=69 ;

--
-- Дамп данных таблицы `tm_user`
--

INSERT INTO `tm_user` (`id`, `login`, `password`, `role_id`, `date_create`, `type`) VALUES
(1, 'admin', '123', 1, '2011-11-16 16:26:00', 'administrator'),
(5, 'boss', '654', 3, '2011-11-25 21:50:00', 'client'),
(7, 'dima', '321', 1, '2011-12-04 11:19:06', 'client'),
(8, 'ivan', '321', 4, '2011-12-04 11:19:47', 'client'),
(9, 'sergey', '321', 1, '2011-12-04 11:20:00', 'administrator'),
(10, 'varakin.s', 'varakin', 11, '2011-12-19 16:35:00', 'client'),
(11, 'Еремеева', 'Еремеева', 3, '2012-01-31 11:43:00', 'client'),
(12, 'Малюта', 'Малюта', 3, '2012-01-31 11:47:00', 'client'),
(13, 'Юрьев', 'Юрьев', 4, '2012-01-31 11:50:00', 'client'),
(14, 'Федоров', 'Федоров', 4, '2012-01-31 11:53:00', 'client'),
(15, 'Омельченко', 'Омельченко', 4, '2012-01-31 11:57:00', 'client'),
(16, 'Овчинников', 'Овчинников', 4, '2012-01-31 11:59:00', 'client'),
(17, 'Хамзин', 'Хамзин', 4, '2012-01-31 12:01:00', 'client'),
(18, 'Гаристов', 'Гаристов', 4, '2012-01-31 12:02:00', 'client'),
(19, 'Соловьева', 'Соловьева', 4, '2012-01-31 12:04:00', 'client'),
(20, 'Набатникова', 'Набатникова', 4, '2012-01-31 12:06:00', 'client'),
(21, 'Каиль', 'Каиль', 4, '2012-01-31 12:08:00', 'client'),
(22, 'Демченко', 'Демченко', 4, '2012-01-31 12:10:00', 'client'),
(23, 'Джосан', 'Джосан', 4, '2012-01-31 12:12:00', 'client'),
(24, 'Тупкалов', 'Тупкалов', 4, '2012-01-31 12:13:00', 'client'),
(25, 'Алексина', 'Алексина', 4, '2012-01-31 12:15:00', 'client'),
(26, 'Холкина', 'Холкина', 4, '2012-01-31 12:16:00', 'client'),
(27, 'Ешкилева', 'Ешкилева', 4, '2012-01-31 12:17:00', 'client'),
(28, 'Зинченко', 'Зинченко', 4, '2012-01-31 12:19:00', 'client'),
(29, 'Ковалева', 'Ковалева', 4, '2012-01-31 12:20:00', 'client'),
(30, 'Михайлевич', 'Михайлевич', 4, '2012-01-31 12:26:00', 'client'),
(31, 'Алексина М', 'Алексина М', 4, '2012-01-31 12:27:00', 'client'),
(32, 'Венгер', 'Венгер', 4, '2012-01-31 12:29:00', 'client'),
(33, 'Борзенко', 'Борзенко', 4, '2012-01-31 12:30:00', 'client'),
(34, 'Толкачева', 'Толкачева', 4, '2012-01-31 12:31:00', 'client'),
(35, 'Ляпустин', 'Дима', 4, '2012-01-31 12:32:00', 'client'),
(36, 'Заживихин', 'Заживихин', 8, '2012-02-14 10:43:00', 'client'),
(41, 'Борисенко', 'Борисенко', 7, '2012-05-10 14:44:00', 'client'),
(42, 'Трофимова', 'Трофимова', 7, '2012-06-14 10:28:00', 'client'),
(43, 'Варенова', 'Варенова', 7, '2012-06-14 10:30:00', 'client'),
(44, 'Муковников', 'Муковников', 7, '2012-06-14 10:33:00', 'client'),
(45, 'Волков', 'Волков', 7, '2012-06-14 10:35:00', 'client'),
(46, 'Пушкарева', 'Пушкарева', 7, '2012-06-14 10:37:00', 'client'),
(48, 'Гаринов', 'Гаринов', 7, '2012-06-14 10:41:00', 'client'),
(49, 'Мартынов', 'Мартынов', 7, '2012-06-14 10:42:00', 'client'),
(50, 'Чекрыжева', 'Чекрыжева', 7, '2012-06-14 10:44:00', 'client'),
(51, 'Андреев', 'Андреев', 7, '2012-06-14 10:46:00', 'client'),
(52, 'Иванов', 'Иванов', 7, '2012-06-14 11:42:00', 'client'),
(53, 'Кайгородова', 'Кайгородова', 7, '2012-06-14 11:45:00', 'client'),
(54, 'Мусияченко', 'Мусияченко', 7, '2012-06-14 11:47:00', 'client'),
(55, 'Усачев', 'Усачев', 7, '2012-06-14 11:48:00', 'client'),
(56, 'Семдянкин', '111', 7, '2012-06-20 12:53:00', 'client'),
(58, 'Кочетов', 'Кочетов', 7, '2012-06-21 06:32:00', 'client'),
(59, 'Киселева', 'Киселева', 7, '2012-06-25 13:14:00', 'client'),
(60, 'Фликов', 'Фликов', 7, '2012-06-26 06:52:00', 'client'),
(61, 'Диков', 'Диков', 7, '2012-06-29 11:20:00', 'client'),
(62, 'Яшина', 'Яшина', 7, '2012-06-29 11:37:00', 'client'),
(64, 'Кран', 'Кран', 7, '2012-07-05 11:31:00', 'client'),
(65, 'Дюков', 'Дюков', 4, '2012-07-11 07:01:00', 'client'),
(66, 'Штаненко', 'Штаненко', 7, '2012-10-17 12:53:00', 'client'),
(67, 'Миллер', 'Миллер', 7, '2013-01-30 13:26:00', 'client'),
(68, 'Телицын', 'Телицын', 7, '2013-04-26 07:25:00', 'client');

-- --------------------------------------------------------

--
-- Структура таблицы `tm_user_attribute`
--

DROP TABLE IF EXISTS `tm_user_attribute`;
CREATE TABLE IF NOT EXISTS `tm_user_attribute` (
  `user_id` int(10) unsigned NOT NULL,
  `attribute_key` varchar(255) NOT NULL,
  `type_id` int(10) unsigned NOT NULL,
  `attribute_value` text NOT NULL,
  `attribute_order` int(10) unsigned NOT NULL DEFAULT '0',
  `is_fill` tinyint(1) NOT NULL DEFAULT '0',
  PRIMARY KEY (`user_id`,`attribute_key`),
  KEY `fk_tm_task_attribute_tm_task1` (`user_id`),
  KEY `fk_tm_document_attribute_tm_document_attribute_type1` (`type_id`)
) ENGINE=InnoDB DEFAULT CHARSET=utf8;

--
-- Дамп данных таблицы `tm_user_attribute`
--

INSERT INTO `tm_user_attribute` (`user_id`, `attribute_key`, `type_id`, `attribute_value`, `attribute_order`, `is_fill`) VALUES
(1, 'address', 1, '', 0, 1),
(1, 'birthday', 1, '', 0, 1),
(1, 'name', 1, 'Администратор', 0, 1),
(1, 'note', 2, '', 0, 1),
(1, 'organization', 1, '', 0, 1),
(1, 'phone', 1, '', 0, 1),
(1, 'position', 1, '', 0, 1),
(5, 'name', 1, 'Руководитель', 0, 1),
(5, 'organization', 1, '', 0, 1),
(5, 'position', 1, '', 0, 1),
(7, 'name', 1, 'Кудрявцев Дмитрий', 0, 1),
(7, 'organization', 1, '', 0, 1),
(7, 'position', 1, '', 0, 1),
(8, 'name', 1, 'Харлампенков Иван', 0, 1),
(8, 'organization', 1, '', 0, 1),
(8, 'position', 1, '', 0, 1),
(9, 'address', 1, '', 0, 1),
(9, 'birthday', 1, '', 0, 1),
(9, 'name', 1, 'Щеглов Сергей', 0, 1),
(9, 'note', 2, '', 0, 1),
(9, 'organization', 1, 'ГП КО АЭЭ', 0, 1),
(9, 'phone', 1, '', 0, 1),
(9, 'position', 1, 'Системный администратор', 0, 1),
(10, 'address', 1, '', 0, 1),
(10, 'birthday', 1, '', 0, 1),
(10, 'name', 1, 'Варакин Сергей Анатольевич', 0, 1),
(10, 'note', 2, '', 0, 1),
(10, 'organization', 1, 'АЭЭ', 0, 1),
(10, 'phone', 1, '', 0, 1),
(10, 'position', 1, '', 0, 1),
(11, 'name', 1, 'Еремеева Татьяна Юрьевна', 0, 1),
(11, 'organization', 1, 'ГП КО АЭЭ', 0, 1),
(11, 'position', 1, 'Директор', 0, 1),
(12, 'address', 1, '', 0, 1),
(12, 'birthday', 1, '', 0, 1),
(12, 'name', 1, 'Малюта Дмитрий Владимирович', 0, 1),
(12, 'note', 2, '', 0, 1),
(12, 'organization', 1, 'ГП КО АЭЭ', 0, 1),
(12, 'phone', 1, '', 0, 1),
(12, 'position', 1, 'Заместитель директора', 0, 1),
(13, 'name', 1, 'Юрьев Михаил Владимирович', 0, 1),
(13, 'organization', 1, 'ГП КО АЭЭ', 0, 1),
(13, 'position', 1, 'Начальник отдела', 0, 1),
(14, 'name', 1, 'Федоров Андрей Иванович', 0, 1),
(14, 'organization', 1, 'ГП КО АЭЭ', 0, 1),
(14, 'position', 1, 'Заместитель начальника отдела', 0, 1),
(15, 'name', 1, 'Омельченко Андрей Алексеевич', 0, 1),
(15, 'organization', 1, 'ГП КО АЭЭ', 0, 1),
(15, 'position', 1, 'Инженер', 0, 1),
(16, 'name', 1, 'Овчинников Александр Геннадьевич', 0, 1),
(16, 'organization', 1, 'ГП КО АЭЭ', 0, 1),
(16, 'position', 1, 'Инженер', 0, 1),
(17, 'name', 1, 'Хамзин Родион Шакурович', 0, 1),
(17, 'organization', 1, 'ГП КО АЭЭ', 0, 1),
(17, 'position', 1, 'Инженер', 0, 1),
(18, 'name', 1, 'Гаристов Николай Николаевич', 0, 1),
(18, 'organization', 1, 'ГП КО АЭЭ', 0, 1),
(18, 'position', 1, 'Начальник отдела', 0, 1),
(19, 'name', 1, 'Соловьева Светлана Витальевна', 0, 1),
(19, 'organization', 1, 'ГП КО АЭЭ', 0, 1),
(19, 'position', 1, 'Начальник отдела', 0, 1),
(20, 'name', 1, 'Набатникова Олеся Юрьевна', 0, 1),
(20, 'organization', 1, 'ГП КО АЭЭ', 0, 1),
(20, 'position', 1, 'Заместитель начальника отдела', 0, 1),
(21, 'name', 1, 'Каиль Марина Валерьевна', 0, 1),
(21, 'organization', 1, 'ГП КО АЭЭ', 0, 1),
(21, 'position', 1, 'Бухгалтер', 0, 1),
(22, 'name', 1, 'Демченко Сергей Яковлевич', 0, 1),
(22, 'organization', 1, 'ГП КО АЭЭ', 0, 1),
(22, 'position', 1, 'Начальник отдела', 0, 1),
(23, 'name', 1, 'Джосан Галина Владимировна', 0, 1),
(23, 'organization', 1, 'ГП КО АЭЭ', 0, 1),
(23, 'position', 1, 'Заместитель начальника отдела', 0, 1),
(24, 'name', 1, 'Тупкалов Максим Анатольевич', 0, 1),
(24, 'organization', 1, 'ГП КО АЭЭ', 0, 1),
(24, 'position', 1, 'Экономист', 0, 1),
(25, 'name', 1, 'Алексина Наталья Валериевна', 0, 1),
(25, 'organization', 1, 'ГП КО АЭЭ', 0, 1),
(25, 'position', 1, 'Экономист', 0, 1),
(26, 'name', 1, 'Холкина Лариса Александровна', 0, 1),
(26, 'organization', 1, 'ГП КО АЭЭ', 0, 1),
(26, 'position', 1, 'Начальник отдела', 0, 1),
(27, 'name', 1, 'Ешкилева Оксана Валерьевна', 0, 1),
(27, 'organization', 1, 'ГП КО АЭЭ', 0, 1),
(27, 'position', 1, 'Экономист', 0, 1),
(28, 'name', 1, 'Зинченко Марина Владимировна', 0, 1),
(28, 'organization', 1, 'ГП КО АЭЭ', 0, 1),
(28, 'position', 1, 'Экономист', 0, 1),
(29, 'name', 1, 'Ковалева Ольга Владимировна', 0, 1),
(29, 'organization', 1, 'ГП КО АЭЭ', 0, 1),
(29, 'position', 1, 'специалист по кадрам аппарата управления', 0, 1),
(30, 'name', 1, 'Михайлевич Максим Евгеньевич', 0, 1),
(30, 'organization', 1, 'ГП КО АЭЭ', 0, 1),
(30, 'position', 1, 'Инженер', 0, 1),
(31, 'name', 1, 'Алексина Марина Валерьевна', 0, 1),
(31, 'organization', 1, 'ГП КО АЭЭ', 0, 1),
(31, 'position', 1, 'Начальник отдела', 0, 1),
(32, 'name', 1, 'Венгер Александр Николаевич', 0, 1),
(32, 'organization', 1, 'ГП КО АЭЭ', 0, 1),
(32, 'position', 1, 'Заместитель начальника отдела', 0, 1),
(33, 'name', 1, 'Борзенко Андрей Викторович', 0, 1),
(33, 'organization', 1, 'ГП КО АЭЭ', 0, 1),
(33, 'position', 1, 'Экономист', 0, 1),
(34, 'name', 1, 'Толкачева Ольга Ивановна', 0, 1),
(34, 'organization', 1, 'ГП КО АЭЭ', 0, 1),
(34, 'position', 1, 'Экономист', 0, 1),
(35, 'address', 1, '', 0, 1),
(35, 'birthday', 1, '', 0, 1),
(35, 'name', 1, 'Ляпустин Дмитрий Сергеевич', 0, 1),
(35, 'note', 2, '', 0, 1),
(35, 'organization', 1, 'ГП КО АЭЭ', 0, 1),
(35, 'phone', 1, '', 0, 1),
(35, 'position', 1, 'Инженер', 0, 1),
(36, 'address', 1, '', 0, 1),
(36, 'birthday', 1, '', 0, 1),
(36, 'name', 1, 'Заживихин Юрий Юрьевич', 0, 1),
(36, 'note', 2, '', 0, 1),
(36, 'organization', 1, '', 0, 1),
(36, 'phone', 1, '', 0, 1),
(36, 'position', 1, '', 0, 1),
(41, 'address', 1, '', 0, 1),
(41, 'birthday', 1, '', 0, 1),
(41, 'name', 1, 'Борисенко Илья Андреевич', 0, 1),
(41, 'note', 2, '', 0, 1),
(41, 'organization', 1, 'ООО Электросетевая Компания Кузбасса', 0, 1),
(41, 'phone', 1, '', 0, 1),
(41, 'position', 1, '', 0, 1),
(42, 'address', 1, '', 0, 1),
(42, 'birthday', 1, '', 0, 1),
(42, 'name', 1, 'Трофимова Юлия Николаевна', 0, 1),
(42, 'note', 2, '', 0, 1),
(42, 'organization', 1, 'ООО СДС-Тепло', 0, 1),
(42, 'phone', 1, '', 0, 1),
(42, 'position', 1, '', 0, 1),
(43, 'address', 1, '', 0, 1),
(43, 'birthday', 1, '', 0, 1),
(43, 'name', 1, 'Варенова Светлана Васильевна', 0, 1),
(43, 'note', 2, '', 0, 1),
(43, 'organization', 1, 'ООО Чистогорское ЖКХ', 0, 1),
(43, 'phone', 1, '', 0, 1),
(43, 'position', 1, '', 0, 1),
(44, 'address', 1, '', 0, 1),
(44, 'birthday', 1, '', 0, 1),
(44, 'name', 1, 'Муковников С.Л', 0, 1),
(44, 'note', 2, '', 0, 1),
(44, 'organization', 1, 'ООО Кристал 1', 0, 1),
(44, 'phone', 1, '', 0, 1),
(44, 'position', 1, '', 0, 1),
(45, 'address', 1, '', 0, 1),
(45, 'birthday', 1, '', 0, 1),
(45, 'name', 1, 'Волков Сергей', 0, 1),
(45, 'note', 2, '', 0, 1),
(45, 'organization', 1, 'ООО ОФ Прокопьевскуголь', 0, 1),
(45, 'phone', 1, '', 0, 1),
(45, 'position', 1, '', 0, 1),
(46, 'address', 1, '', 0, 1),
(46, 'birthday', 1, '', 0, 1),
(46, 'name', 1, 'Пушкарева Анастасия Юрьевна', 0, 1),
(46, 'note', 2, '', 0, 1),
(46, 'organization', 1, 'СУЭК-КУЗБАС Энергоупровление', 0, 1),
(46, 'phone', 1, '', 0, 1),
(46, 'position', 1, '', 0, 1),
(48, 'address', 1, '', 0, 1),
(48, 'birthday', 1, '', 0, 1),
(48, 'name', 1, 'Гаринов В.Д', 0, 1),
(48, 'note', 2, '', 0, 1),
(48, 'organization', 1, 'ЗАО Сибэлектросервис', 0, 1),
(48, 'phone', 1, '', 0, 1),
(48, 'position', 1, '', 0, 1),
(49, 'address', 1, '', 0, 1),
(49, 'birthday', 1, '', 0, 1),
(49, 'name', 1, 'Мартынов Ю.Н', 0, 1),
(49, 'note', 2, '', 0, 1),
(49, 'organization', 1, 'МП Городское тепловое хозяйство', 0, 1),
(49, 'phone', 1, '', 0, 1),
(49, 'position', 1, '', 0, 1),
(50, 'address', 1, '', 0, 1),
(50, 'birthday', 1, '', 0, 1),
(50, 'name', 1, 'Чекрыжева О.А', 0, 1),
(50, 'note', 2, '', 0, 1),
(50, 'organization', 1, 'ООО Теплоресурс', 0, 1),
(50, 'phone', 1, '', 0, 1),
(50, 'position', 1, '', 0, 1),
(51, 'address', 1, '', 0, 1),
(51, 'birthday', 1, '', 0, 1),
(51, 'name', 1, 'Андреев А.В', 0, 1),
(51, 'note', 2, '', 0, 1),
(51, 'organization', 1, 'ООО Мысковская электросетевая организация', 0, 1),
(51, 'phone', 1, '', 0, 1),
(51, 'position', 1, '', 0, 1),
(52, 'address', 1, '', 0, 1),
(52, 'birthday', 1, '', 0, 1),
(52, 'name', 1, 'Иванов Б.И', 0, 1),
(52, 'note', 2, '', 0, 1),
(52, 'organization', 1, 'ЗАО Тепловые сети', 0, 1),
(52, 'phone', 1, '', 0, 1),
(52, 'position', 1, '', 0, 1),
(53, 'address', 1, '', 0, 1),
(53, 'birthday', 1, '', 0, 1),
(53, 'name', 1, 'Кайгородова Е.А', 0, 1),
(53, 'note', 2, '', 0, 1),
(53, 'organization', 1, 'ООО Авангард', 0, 1),
(53, 'phone', 1, '', 0, 1),
(53, 'position', 1, '', 0, 1),
(54, 'address', 1, '', 0, 1),
(54, 'birthday', 1, '', 0, 1),
(54, 'name', 1, 'Мусияченко Н.А', 0, 1),
(54, 'note', 2, '', 0, 1),
(54, 'organization', 1, 'ОАО Томусинский ремонтно-механический завод', 0, 1),
(54, 'phone', 1, '', 0, 1),
(54, 'position', 1, '', 0, 1),
(55, 'address', 1, '', 0, 1),
(55, 'birthday', 1, '', 0, 1),
(55, 'name', 1, 'Усачев С.А', 0, 1),
(55, 'note', 2, '', 0, 1),
(55, 'organization', 1, 'ООО Железобетон-сервис', 0, 1),
(55, 'phone', 1, '', 0, 1),
(55, 'position', 1, '', 0, 1),
(56, 'address', 1, 'г. Новокузнецк ул. Орджоникидзе д.12', 0, 1),
(56, 'birthday', 1, '', 0, 1),
(56, 'name', 1, 'Семдянкин Николай Михайлович', 0, 1),
(56, 'note', 2, '', 0, 1),
(56, 'organization', 1, 'ООО Новокузнецкие тепловые сети', 0, 1),
(56, 'phone', 1, '', 0, 1),
(56, 'position', 1, 'Технический директор', 0, 1),
(58, 'address', 1, '', 0, 1),
(58, 'birthday', 1, '', 0, 1),
(58, 'name', 1, 'Кочетов В.В', 0, 1),
(58, 'note', 2, '', 0, 1),
(58, 'organization', 1, 'ООО УК Энерготранс-Агро', 0, 1),
(58, 'phone', 1, '', 0, 1),
(58, 'position', 1, '', 0, 1),
(59, 'address', 1, '', 0, 1),
(59, 'birthday', 1, '', 0, 1),
(59, 'name', 1, 'Киселева О.В', 0, 1),
(59, 'note', 2, '', 0, 1),
(59, 'organization', 1, 'ЗАО Водоканал', 0, 1),
(59, 'phone', 1, '', 0, 1),
(59, 'position', 1, '', 0, 1),
(60, 'address', 1, '', 0, 1),
(60, 'birthday', 1, '', 0, 1),
(60, 'name', 1, 'Фликов К.Ю', 0, 1),
(60, 'note', 2, '', 0, 1),
(60, 'organization', 1, 'ООО Химпром', 0, 1),
(60, 'phone', 1, '', 0, 1),
(60, 'position', 1, '', 0, 1),
(61, 'address', 1, '', 0, 1),
(61, 'birthday', 1, '', 0, 1),
(61, 'name', 1, 'Диков Ю.И', 0, 1),
(61, 'note', 2, '', 0, 1),
(61, 'organization', 1, 'ОАО Знамя', 0, 1),
(61, 'phone', 1, '', 0, 1),
(61, 'position', 1, '', 0, 1),
(62, 'address', 1, '', 0, 1),
(62, 'birthday', 1, '', 0, 1),
(62, 'name', 1, 'ЯшинаТ.А', 0, 1),
(62, 'note', 2, '', 0, 1),
(62, 'organization', 1, 'ЕвразЭнэргоТранс', 0, 1),
(62, 'phone', 1, '', 0, 1),
(62, 'position', 1, '', 0, 1),
(64, 'address', 1, '', 0, 1),
(64, 'birthday', 1, '', 0, 1),
(64, 'name', 1, 'Кран А. С', 0, 1),
(64, 'note', 2, '', 0, 1),
(64, 'organization', 1, 'ООО Шахта Юбилейная', 0, 1),
(64, 'phone', 1, '', 0, 1),
(64, 'position', 1, '', 0, 1),
(65, 'address', 1, '', 0, 1),
(65, 'birthday', 1, '', 0, 1),
(65, 'name', 1, 'Дюков Ярослав Андреевич', 0, 1),
(65, 'note', 2, '', 0, 1),
(65, 'organization', 1, '', 0, 1),
(65, 'phone', 1, '', 0, 1),
(65, 'position', 1, '', 0, 1),
(66, 'address', 1, '', 0, 1),
(66, 'birthday', 1, '', 0, 1),
(66, 'name', 1, 'Штаненко Ирина Павловна', 0, 1),
(66, 'note', 2, '', 0, 1),
(66, 'organization', 1, 'ООО Топкинский цемент', 0, 1),
(66, 'phone', 1, '', 0, 1),
(66, 'position', 1, '', 0, 1),
(67, 'address', 1, '', 0, 1),
(67, 'birthday', 1, '', 0, 1),
(67, 'name', 1, 'Миллер А.Ф', 0, 1),
(67, 'note', 2, '', 0, 1),
(67, 'organization', 1, 'ООО ЕЭП', 0, 1),
(67, 'phone', 1, '', 0, 1),
(67, 'position', 1, '', 0, 1),
(68, 'address', 1, '', 0, 1),
(68, 'birthday', 1, '', 0, 1),
(68, 'name', 1, 'Телицын Денис Юрьевич', 0, 1),
(68, 'note', 2, '', 0, 1),
(68, 'organization', 1, 'ОАО Теплосервис', 0, 1),
(68, 'phone', 1, '8384(48)2-39-64', 0, 1),
(68, 'position', 1, '', 0, 1);

-- --------------------------------------------------------

--
-- Структура таблицы `tm_user_attribute_type`
--

DROP TABLE IF EXISTS `tm_user_attribute_type`;
CREATE TABLE IF NOT EXISTS `tm_user_attribute_type` (
  `id` int(10) unsigned NOT NULL AUTO_INCREMENT,
  `title` varchar(50) NOT NULL,
  `handler` varchar(100) NOT NULL,
  `description` varchar(255) NOT NULL,
  PRIMARY KEY (`id`),
  UNIQUE KEY `title_UNIQUE` (`title`)
) ENGINE=InnoDB  DEFAULT CHARSET=utf8 AUTO_INCREMENT=4 ;

--
-- Дамп данных таблицы `tm_user_attribute_type`
--

INSERT INTO `tm_user_attribute_type` (`id`, `title`, `handler`, `description`) VALUES
(1, 'Строка', 'TM_Attribute_AttributeType', 'Любое строковое значение'),
(2, 'Текст', 'TM_Attribute_AttributeTypeText', 'Многострочный  текст'),
(3, 'Список', 'TM_Attribute_AttributeTypeList', 'Список из возможных вариантов');

-- --------------------------------------------------------

--
-- Структура таблицы `tm_user_hash`
--

DROP TABLE IF EXISTS `tm_user_hash`;
CREATE TABLE IF NOT EXISTS `tm_user_hash` (
  `user_id` int(10) unsigned DEFAULT NULL,
  `attribute_key` varchar(255) NOT NULL,
  `title` varchar(255) NOT NULL,
  `type_id` int(10) unsigned NOT NULL,
  `list_value` text,
  PRIMARY KEY (`attribute_key`),
  KEY `fk_tm_document_hash_tm_task_attribute_type1` (`type_id`),
  KEY `fk_tm_document_hash_tm_task1` (`user_id`)
) ENGINE=InnoDB DEFAULT CHARSET=utf8;

--
-- Дамп данных таблицы `tm_user_hash`
--

INSERT INTO `tm_user_hash` (`user_id`, `attribute_key`, `title`, `type_id`, `list_value`) VALUES
(NULL, 'address', 'Адрес', 1, ' '),
(NULL, 'birthday', 'Дата рождения', 1, ' '),
(NULL, 'name', 'ФИО', 1, ' '),
(NULL, 'note', 'Дополнительно', 2, ' '),
(NULL, 'organization', 'Организация', 1, ' '),
(NULL, 'phone', 'Телефон', 1, ' '),
(NULL, 'position', 'Должность', 1, ' ');

-- --------------------------------------------------------

--
-- Структура таблицы `tm_user_profile`
--

DROP TABLE IF EXISTS `tm_user_profile`;
CREATE TABLE IF NOT EXISTS `tm_user_profile` (
  `user_id` int(10) unsigned NOT NULL AUTO_INCREMENT,
  `profile_key` varchar(255) NOT NULL,
  `profile_value` text NOT NULL,
  PRIMARY KEY (`user_id`,`profile_key`),
  KEY `fk_tm_user_profile_tm_user1` (`user_id`)
) ENGINE=InnoDB DEFAULT CHARSET=utf8 AUTO_INCREMENT=1 ;

-- --------------------------------------------------------

--
-- Структура таблицы `tm_user_resource`
--

DROP TABLE IF EXISTS `tm_user_resource`;
CREATE TABLE IF NOT EXISTS `tm_user_resource` (
  `id` int(10) unsigned NOT NULL AUTO_INCREMENT,
  `title` varchar(45) DEFAULT NULL,
  `rtitle` varchar(255) NOT NULL,
  PRIMARY KEY (`id`),
  UNIQUE KEY `title` (`title`)
) ENGINE=InnoDB  DEFAULT CHARSET=utf8 AUTO_INCREMENT=95 ;

--
-- Дамп данных таблицы `tm_user_resource`
--

INSERT INTO `tm_user_resource` (`id`, `title`, `rtitle`) VALUES
(1, 'login', 'Страница для входа в систему'),
(2, 'login/index', 'Вход в систему'),
(3, 'login/logout', 'Выход из системы'),
(4, 'index/index', 'Главная страница'),
(5, 'user', 'Пользователи'),
(6, 'user/add', 'Добавить пользователя'),
(7, 'user/edit', 'Пользователи/Редактировать'),
(8, 'user/delete', 'Пользователи/Удалить'),
(15, 'user/index', 'Пользователи'),
(19, 'user/addRole', 'Пользователи/Добавить роль'),
(20, 'user/editRole', 'Пользователи/Редактировать роль'),
(21, 'user/deleteRole', 'Пользователи/Удалить роль'),
(22, 'user/addResource', 'Пользователи/Добавить ресурс'),
(23, 'user/editResource', 'Пользователи/Редактировать ресурс'),
(24, 'user/deleteResource', 'Пользователи/Удалить ресурс'),
(25, 'user/fillResource', 'Пользователи/Заполнить список ресурсов'),
(26, 'task/index', 'Проекты'),
(27, 'task/add', 'Задача/Добавить'),
(28, 'task/edit', 'Проекты/Редактировать'),
(29, 'task/delete', 'Проекты/Удалить'),
(30, 'task/addAttributeType', 'Проекты/Добавить новый тип атрибута'),
(31, 'task/editAttributeType', 'Проекты/Редактировать тип атрибута'),
(32, 'task/deleteAttributeType', 'Проекты/Удалить тип атрибута'),
(33, 'task/addAttributeHash', 'Проекты/Добавить новый атрибут'),
(34, 'task/editAttributeHash', 'Проекты/Редактировать список атрибутов'),
(35, 'task/deleteAttributeHash', 'Проекты/Удалить атрибут из списка'),
(36, 'task/deleteLinkToDoc', 'Проекты/Удалить ссылку на документ'),
(37, 'document/index', 'Документы'),
(38, 'document/add', 'Документ/Добавить документ'),
(39, 'document/edit', 'Документы/Редактировать документ'),
(40, 'document/delete', 'Документ/Удалить документ'),
(41, 'document/addFolder', 'Документ/Добавить папку'),
(42, 'document/editFolder', 'Документ/Редактировать папку'),
(43, 'document/deleteFolder', 'Документы/Удалить папку'),
(44, 'document/addAttributeType', 'Документ/Добавить тип атрибута для документов'),
(45, 'document/editAttributeType', 'Документ/Редактировать тип атрибута для документов'),
(46, 'document/deleteAttributeType', 'Документ/Удалить тип атрибута'),
(47, 'document/addAttributeHash', 'Документ/Добавить атрибут к документу'),
(48, 'document/editAttributeHash', 'Документы/Редактировать список атрибутов'),
(49, 'document/deleteAttributeHash', 'Документ/Удалить атрибут документа'),
(50, 'discussion/index', 'Обсуждение/Обсуждения'),
(51, 'discussion/add', 'Обсуждения/Добавить комментарий'),
(52, 'discussion/edit', 'Обсуждение/Редактировать комментарий'),
(53, 'discussion/delete', 'Обсуждение/Удалить комментарий'),
(54, 'discussion/addTopic', 'Обсуждение/Добавить тему'),
(55, 'discussion/editTopic', 'Обсуждение/Редактировать тему'),
(56, 'discussion/deleteTopic', 'Обсуждение/Удалить тему'),
(57, 'files/', 'Файлы'),
(58, 'reposrts', 'Отчеты'),
(59, 'user/showRoleAcl', 'Пользователи/Показать права роли'),
(60, 'reports/index', 'Аналитика/Аналитика'),
(61, 'task/showAcl', 'Проекты/Показать права'),
(62, 'document/showAcl', 'Документы/Показать права пользователей'),
(63, 'discussion/showAcl', 'Обсуждение/Назначить права на обсуждения'),
(64, 'reports/generateReport', 'Аналитика/Стандартный отчет'),
(65, 'reports/showDesigner', 'Аналитика/Редактор отчетов'),
(66, 'task/showDiscussion', 'Проекты/Показать обсуждение'),
(67, 'user/addAttributeType', 'Пользователи/Добавить тип атрибута'),
(68, 'user/editAttributeType', 'Пользователи/Редактировать тип атрибута'),
(69, 'user/deleteAttributeType', 'Пользователи/Удалить тип атрибута'),
(70, 'user/addAttributeHash', 'Пользователи/Добавить новый атрибут'),
(71, 'user/editAttributeHash', 'Пользователи/Редактировать список атрибутов'),
(72, 'user/deleteAttributeHash', 'Пользователи/Удалить атрибут из списка'),
(73, 'task/view', 'Проекты/Просмотреть информацию о проекте'),
(74, 'document/view', 'Документы/Смотреть'),
(75, 'document/showDiscussion', 'Документы/Показать обсуждение'),
(76, 'task/showTaskBlock', 'Проекты/Показать список задач'),
(77, 'reports/showTaskBlock', 'Аналитика/Показать блок задач'),
(78, 'reports/print', 'Аналитика/Печать'),
(79, 'task/viewHash', 'Проекты/Показать список атрибутов'),
(80, 'task/viewAttributeType', 'Проекты/Показать типы атрибутов'),
(81, 'document/viewAttributeType', 'Документы/Показать типы атрибутов'),
(82, 'user/viewAttributeType', 'Пользователи/Показать типы атрибутов'),
(83, 'document/viewHash', 'Документы/Показать список атрибутов'),
(84, 'user/viewHash', 'Пользователи/Показать список атрибутов'),
(85, 'user/viewResource', 'Пользователи/Показать ресурсы'),
(86, 'index/showTaskBlock', 'Главная/Показать блок задач'),
(87, 'task/archive', 'Проекты/Архив'),
(88, 'task/toArchive', 'Проекты/В архив'),
(89, 'task/fromArchive', 'Проекты/Из архива'),
(90, 'task/showArchiveBlock', 'Проекты/Просмотреть архив'),
(91, 'task/info', 'Проекты/Показать информацию о задаче'),
(92, 'user/showUserAcl', 'Пользователи/Показать права пользователя'),
(93, 'user/showUserAclBlock', 'Пользователи/Показать блок задач'),
(94, 'user/showPrivateTask', 'Пользователи/Показать задачи пользователя');

-- --------------------------------------------------------

--
-- Структура таблицы `tm_user_role`
--

DROP TABLE IF EXISTS `tm_user_role`;
CREATE TABLE IF NOT EXISTS `tm_user_role` (
  `id` int(10) unsigned NOT NULL AUTO_INCREMENT,
  `title` varchar(32) NOT NULL,
  `rtitle` varchar(255) NOT NULL,
  PRIMARY KEY (`id`)
) ENGINE=InnoDB  DEFAULT CHARSET=utf8 AUTO_INCREMENT=12 ;

--
-- Дамп данных таблицы `tm_user_role`
--

INSERT INTO `tm_user_role` (`id`, `title`, `rtitle`) VALUES
(1, 'admin', 'Администратор'),
(3, 'chief', 'Руководитель'),
(4, 'manager', 'Исполнитель'),
(5, 'guest', 'Гость'),
(7, 'client', 'Клиент'),
(8, 'subcontractor', 'Субподрядчик'),
(9, 'responsible', 'Ответственный'),
(10, 'operator', 'Оператор'),
(11, 'adminsystem', 'Администратор сайта');

--
-- Ограничения внешнего ключа сохраненных таблиц
--

--
-- Ограничения внешнего ключа таблицы `tm_acl_discussion`
--
ALTER TABLE `tm_acl_discussion`
  ADD CONSTRAINT `tm_acl_discussion_ibfk_1` FOREIGN KEY (`user_id`) REFERENCES `tm_user` (`id`) ON DELETE CASCADE ON UPDATE CASCADE,
  ADD CONSTRAINT `tm_acl_discussion_ibfk_2` FOREIGN KEY (`discussion_id`) REFERENCES `tm_discussion` (`id`) ON DELETE CASCADE ON UPDATE CASCADE;

--
-- Ограничения внешнего ключа таблицы `tm_acl_document`
--
ALTER TABLE `tm_acl_document`
  ADD CONSTRAINT `tm_acl_document_ibfk_1` FOREIGN KEY (`user_id`) REFERENCES `tm_user` (`id`) ON DELETE CASCADE ON UPDATE CASCADE,
  ADD CONSTRAINT `tm_acl_document_ibfk_2` FOREIGN KEY (`document_id`) REFERENCES `tm_document` (`id`) ON DELETE CASCADE ON UPDATE CASCADE;

--
-- Ограничения внешнего ключа таблицы `tm_acl_role`
--
ALTER TABLE `tm_acl_role`
  ADD CONSTRAINT `tm_acl_role_ibfk_1` FOREIGN KEY (`tm_user_role_id`) REFERENCES `tm_user_role` (`id`) ON DELETE CASCADE ON UPDATE CASCADE,
  ADD CONSTRAINT `tm_acl_role_ibfk_2` FOREIGN KEY (`tm_user_resource_id`) REFERENCES `tm_user_resource` (`id`) ON DELETE CASCADE ON UPDATE CASCADE;

--
-- Ограничения внешнего ключа таблицы `tm_acl_task`
--
ALTER TABLE `tm_acl_task`
  ADD CONSTRAINT `tm_acl_task_ibfk_1` FOREIGN KEY (`user_id`) REFERENCES `tm_user` (`id`) ON DELETE CASCADE ON UPDATE CASCADE,
  ADD CONSTRAINT `tm_acl_task_ibfk_2` FOREIGN KEY (`task_id`) REFERENCES `tm_task` (`id`) ON DELETE CASCADE ON UPDATE CASCADE;

--
-- Ограничения внешнего ключа таблицы `tm_activity`
--
ALTER TABLE `tm_activity`
  ADD CONSTRAINT `tm_activity_ibfk_1` FOREIGN KEY (`user_id`) REFERENCES `tm_user` (`id`) ON DELETE CASCADE ON UPDATE CASCADE;

--
-- Ограничения внешнего ключа таблицы `tm_discussion`
--
ALTER TABLE `tm_discussion`
  ADD CONSTRAINT `tm_discussion_ibfk_1` FOREIGN KEY (`parent_id`) REFERENCES `tm_discussion` (`id`) ON DELETE CASCADE ON UPDATE CASCADE,
  ADD CONSTRAINT `tm_discussion_ibfk_2` FOREIGN KEY (`user_id`) REFERENCES `tm_user` (`id`) ON DELETE CASCADE ON UPDATE CASCADE,
  ADD CONSTRAINT `tm_discussion_ibfk_3` FOREIGN KEY (`topic_id`) REFERENCES `tm_discussion` (`id`) ON DELETE CASCADE ON UPDATE CASCADE,
  ADD CONSTRAINT `tm_discussion_ibfk_4` FOREIGN KEY (`to_user_id`) REFERENCES `tm_user` (`id`) ON DELETE CASCADE ON UPDATE CASCADE;

--
-- Ограничения внешнего ключа таблицы `tm_discussion_document`
--
ALTER TABLE `tm_discussion_document`
  ADD CONSTRAINT `tm_discussion_document_ibfk_1` FOREIGN KEY (`document_id`) REFERENCES `tm_document` (`id`) ON DELETE CASCADE ON UPDATE CASCADE,
  ADD CONSTRAINT `tm_discussion_document_ibfk_2` FOREIGN KEY (`discussion_id`) REFERENCES `tm_discussion` (`id`) ON DELETE CASCADE ON UPDATE CASCADE;

--
-- Ограничения внешнего ключа таблицы `tm_document`
--
ALTER TABLE `tm_document`
  ADD CONSTRAINT `tm_document_ibfk_1` FOREIGN KEY (`user_id`) REFERENCES `tm_user` (`id`) ON DELETE CASCADE ON UPDATE CASCADE,
  ADD CONSTRAINT `tm_document_ibfk_2` FOREIGN KEY (`parent_id`) REFERENCES `tm_document` (`id`) ON DELETE CASCADE ON UPDATE CASCADE;

--
-- Ограничения внешнего ключа таблицы `tm_document_attribute`
--
ALTER TABLE `tm_document_attribute`
  ADD CONSTRAINT `tm_document_attribute_ibfk_1` FOREIGN KEY (`document_id`) REFERENCES `tm_document` (`id`) ON DELETE CASCADE ON UPDATE CASCADE,
  ADD CONSTRAINT `tm_document_attribute_ibfk_2` FOREIGN KEY (`type_id`) REFERENCES `tm_document_attribute_type` (`id`) ON DELETE CASCADE ON UPDATE CASCADE;

--
-- Ограничения внешнего ключа таблицы `tm_document_hash`
--
ALTER TABLE `tm_document_hash`
  ADD CONSTRAINT `fk_tm_document_hash_tm_document1` FOREIGN KEY (`document_id`) REFERENCES `tm_document` (`id`) ON DELETE NO ACTION ON UPDATE NO ACTION,
  ADD CONSTRAINT `fk_tm_document_hash_tm_document_attribute_type1` FOREIGN KEY (`type_id`) REFERENCES `tm_document_attribute_type` (`id`) ON DELETE NO ACTION ON UPDATE NO ACTION;

--
-- Ограничения внешнего ключа таблицы `tm_task`
--
ALTER TABLE `tm_task`
  ADD CONSTRAINT `fk_tm_task_tm_user1` FOREIGN KEY (`user_id`) REFERENCES `tm_user` (`id`) ON DELETE NO ACTION ON UPDATE NO ACTION;

--
-- Ограничения внешнего ключа таблицы `tm_task_attribute`
--
ALTER TABLE `tm_task_attribute`
  ADD CONSTRAINT `tm_task_attribute_ibfk_1` FOREIGN KEY (`task_id`) REFERENCES `tm_task` (`id`) ON DELETE CASCADE ON UPDATE CASCADE,
  ADD CONSTRAINT `tm_task_attribute_ibfk_2` FOREIGN KEY (`type_id`) REFERENCES `tm_task_attribute_type` (`id`) ON DELETE CASCADE ON UPDATE CASCADE;

--
-- Ограничения внешнего ключа таблицы `tm_task_discussion`
--
ALTER TABLE `tm_task_discussion`
  ADD CONSTRAINT `tm_task_discussion_ibfk_1` FOREIGN KEY (`task_id`) REFERENCES `tm_task` (`id`) ON DELETE CASCADE ON UPDATE CASCADE,
  ADD CONSTRAINT `tm_task_discussion_ibfk_2` FOREIGN KEY (`discussion_id`) REFERENCES `tm_discussion` (`id`) ON DELETE CASCADE ON UPDATE CASCADE;

--
-- Ограничения внешнего ключа таблицы `tm_task_document`
--
ALTER TABLE `tm_task_document`
  ADD CONSTRAINT `tm_task_document_ibfk_1` FOREIGN KEY (`task_id`) REFERENCES `tm_task` (`id`) ON DELETE CASCADE ON UPDATE CASCADE,
  ADD CONSTRAINT `tm_task_document_ibfk_2` FOREIGN KEY (`document_id`) REFERENCES `tm_document` (`id`) ON DELETE CASCADE ON UPDATE CASCADE;

--
-- Ограничения внешнего ключа таблицы `tm_task_hash`
--
ALTER TABLE `tm_task_hash`
  ADD CONSTRAINT `fk_tm_task_hash_tm_task1` FOREIGN KEY (`task_id`) REFERENCES `tm_task` (`id`) ON DELETE NO ACTION ON UPDATE NO ACTION,
  ADD CONSTRAINT `fk_tm_task_hash_tm_task_attribute_type1` FOREIGN KEY (`type_id`) REFERENCES `tm_task_attribute_type` (`id`) ON DELETE NO ACTION ON UPDATE NO ACTION;

--
-- Ограничения внешнего ключа таблицы `tm_task_relation`
--
ALTER TABLE `tm_task_relation`
  ADD CONSTRAINT `tm_task_relation_ibfk_1` FOREIGN KEY (`parent_id`) REFERENCES `tm_task` (`id`) ON DELETE CASCADE ON UPDATE CASCADE,
  ADD CONSTRAINT `tm_task_relation_ibfk_2` FOREIGN KEY (`child_id`) REFERENCES `tm_task` (`id`) ON DELETE CASCADE ON UPDATE CASCADE;

--
-- Ограничения внешнего ключа таблицы `tm_user`
--
ALTER TABLE `tm_user`
  ADD CONSTRAINT `tm_user_ibfk_1` FOREIGN KEY (`role_id`) REFERENCES `tm_user_role` (`id`);

--
-- Ограничения внешнего ключа таблицы `tm_user_attribute`
--
ALTER TABLE `tm_user_attribute`
  ADD CONSTRAINT `tm_user_attribute_ibfk_1` FOREIGN KEY (`user_id`) REFERENCES `tm_user` (`id`) ON DELETE CASCADE ON UPDATE CASCADE,
  ADD CONSTRAINT `tm_user_attribute_ibfk_2` FOREIGN KEY (`type_id`) REFERENCES `tm_user_attribute_type` (`id`) ON DELETE CASCADE ON UPDATE CASCADE;

--
-- Ограничения внешнего ключа таблицы `tm_user_hash`
--
ALTER TABLE `tm_user_hash`
  ADD CONSTRAINT `tm_user_hash_ibfk_1` FOREIGN KEY (`type_id`) REFERENCES `tm_user_attribute_type` (`id`) ON DELETE CASCADE ON UPDATE CASCADE;

--
-- Ограничения внешнего ключа таблицы `tm_user_profile`
--
ALTER TABLE `tm_user_profile`
  ADD CONSTRAINT `fk_tm_user_profile_tm_user1` FOREIGN KEY (`user_id`) REFERENCES `tm_user` (`id`) ON DELETE NO ACTION ON UPDATE NO ACTION;
SET FOREIGN_KEY_CHECKS=1;
COMMIT;

/*!40101 SET CHARACTER_SET_CLIENT=@OLD_CHARACTER_SET_CLIENT */;
/*!40101 SET CHARACTER_SET_RESULTS=@OLD_CHARACTER_SET_RESULTS */;
/*!40101 SET COLLATION_CONNECTION=@OLD_COLLATION_CONNECTION */;
