-- phpMyAdmin SQL Dump
-- version 3.4.9
-- http://www.phpmyadmin.net
--
-- Хост: localhost
-- Время создания: Июн 13 2012 г., 20:23
-- Версия сервера: 5.1.50
-- Версия PHP: 5.3.9-ZS5.6.0

SET FOREIGN_KEY_CHECKS=0;
SET SQL_MODE="NO_AUTO_VALUE_ON_ZERO";
SET AUTOCOMMIT=0;
START TRANSACTION;
SET time_zone = "+00:00";


/*!40101 SET @OLD_CHARACTER_SET_CLIENT=@@CHARACTER_SET_CLIENT */;
/*!40101 SET @OLD_CHARACTER_SET_RESULTS=@@CHARACTER_SET_RESULTS */;
/*!40101 SET @OLD_COLLATION_CONNECTION=@@COLLATION_CONNECTION */;
/*!40101 SET NAMES utf8 */;

--
-- База данных: `cl71252_tm`
--

-- --------------------------------------------------------

--
-- Структура таблицы `tm_acl_discussion`
--

DROP TABLE IF EXISTS `tm_acl_discussion`;
CREATE TABLE IF NOT EXISTS `tm_acl_discussion` (
  `user_id` int(10) unsigned NOT NULL,
  `discussion_id` int(10) unsigned NOT NULL,
  `is_read` tinyint(1) NOT NULL DEFAULT '0',
  `is_write` tinyint(1) NOT NULL DEFAULT '0',
  PRIMARY KEY (`user_id`,`discussion_id`),
  KEY `fk_tm_acl_discussion_tm_discussion1` (`discussion_id`),
  KEY `fk_tm_acl_discussion_tm_user1` (`user_id`)
) ENGINE=InnoDB DEFAULT CHARSET=utf8;

--
-- Дамп данных таблицы `tm_acl_discussion`
--

INSERT INTO `tm_acl_discussion` (`user_id`, `discussion_id`, `is_read`, `is_write`) VALUES
(1, 197, 1, 1),
(1, 198, 1, 1),
(1, 199, 1, 1),
(1, 200, 1, 1),
(1, 201, 0, 0),
(1, 203, 1, 1),
(1, 204, 1, 1),
(1, 205, 1, 1),
(1, 206, 1, 1),
(1, 207, 1, 1),
(1, 208, 1, 1),
(1, 209, 1, 1),
(1, 210, 1, 1),
(1, 211, 1, 1),
(1, 212, 1, 1),
(1, 213, 1, 1),
(1, 214, 1, 1),
(1, 215, 1, 1),
(1, 216, 1, 1),
(1, 217, 1, 1),
(1, 218, 1, 1),
(1, 219, 1, 1),
(1, 220, 1, 1),
(1, 221, 1, 1),
(1, 222, 1, 1),
(1, 223, 1, 1),
(1, 224, 1, 1),
(1, 225, 1, 1),
(1, 226, 1, 1),
(1, 227, 1, 1),
(1, 228, 1, 1),
(1, 229, 1, 1),
(1, 230, 1, 1),
(1, 231, 1, 1),
(1, 232, 1, 1),
(1, 233, 1, 1),
(1, 234, 1, 1),
(1, 235, 1, 1),
(1, 236, 1, 1),
(1, 237, 1, 1),
(1, 238, 1, 1),
(1, 239, 1, 1),
(1, 240, 1, 1),
(1, 241, 1, 1),
(1, 242, 1, 1),
(1, 243, 1, 1),
(1, 244, 1, 1),
(1, 245, 1, 1),
(1, 246, 1, 1),
(1, 247, 1, 1),
(1, 248, 1, 1),
(1, 249, 1, 1),
(1, 250, 1, 1),
(1, 251, 1, 1),
(1, 252, 1, 1),
(1, 253, 1, 1),
(1, 254, 1, 1),
(1, 255, 1, 1),
(1, 256, 1, 1),
(1, 257, 1, 1),
(1, 258, 1, 1),
(1, 259, 1, 1),
(1, 260, 1, 1),
(1, 261, 1, 1),
(1, 262, 1, 1),
(1, 263, 1, 1),
(1, 264, 1, 1),
(1, 265, 1, 1),
(1, 266, 1, 1),
(1, 267, 1, 1),
(1, 268, 1, 1),
(1, 269, 1, 1),
(1, 270, 1, 1),
(1, 271, 1, 1),
(1, 272, 1, 1),
(1, 273, 1, 1),
(1, 274, 1, 1),
(1, 275, 1, 1),
(1, 276, 1, 1),
(1, 277, 1, 1),
(1, 278, 1, 1),
(1, 279, 1, 1),
(1, 280, 1, 1),
(1, 281, 1, 1),
(1, 282, 1, 1),
(1, 283, 1, 1),
(1, 284, 1, 1),
(1, 285, 1, 1),
(1, 286, 1, 1),
(1, 287, 1, 1),
(1, 288, 1, 1),
(1, 289, 1, 1),
(1, 290, 1, 1),
(1, 291, 1, 1),
(1, 292, 1, 1),
(1, 293, 1, 1),
(1, 294, 1, 1),
(1, 296, 1, 1),
(1, 297, 1, 1),
(1, 298, 1, 1),
(1, 299, 1, 1),
(1, 300, 1, 1),
(1, 301, 1, 1),
(1, 302, 1, 1),
(1, 303, 1, 1),
(1, 304, 1, 1),
(1, 305, 1, 1),
(1, 306, 1, 1),
(1, 307, 1, 1),
(1, 308, 1, 1),
(1, 309, 1, 1),
(1, 310, 1, 1),
(1, 311, 1, 1),
(1, 312, 1, 1),
(1, 313, 1, 1),
(1, 314, 1, 1),
(1, 315, 1, 1),
(1, 316, 1, 1),
(1, 317, 1, 1),
(1, 318, 1, 1),
(1, 319, 1, 1),
(1, 320, 1, 1),
(1, 321, 1, 1),
(1, 322, 1, 1),
(1, 323, 1, 1),
(1, 324, 1, 1),
(1, 325, 1, 1),
(1, 326, 1, 1),
(1, 327, 1, 1),
(1, 328, 1, 1),
(1, 329, 1, 1),
(1, 330, 1, 1),
(1, 331, 1, 1),
(1, 332, 1, 1),
(1, 333, 1, 1),
(1, 334, 1, 1),
(1, 335, 1, 1),
(1, 336, 1, 1),
(1, 337, 1, 1),
(1, 338, 1, 1),
(1, 339, 1, 1),
(1, 340, 1, 1),
(1, 341, 1, 1),
(1, 342, 1, 1),
(1, 343, 1, 1),
(1, 344, 1, 1),
(1, 345, 1, 1),
(1, 346, 1, 1),
(1, 347, 1, 1),
(1, 348, 1, 1),
(1, 349, 1, 1),
(1, 350, 1, 1),
(1, 351, 1, 1),
(1, 352, 1, 1),
(1, 353, 1, 1),
(1, 354, 1, 1),
(1, 355, 1, 1),
(1, 356, 1, 1),
(1, 357, 1, 1),
(1, 358, 1, 1),
(1, 359, 1, 1),
(1, 360, 1, 1),
(1, 361, 1, 1),
(1, 362, 1, 1),
(1, 363, 1, 1),
(1, 364, 1, 1),
(1, 365, 1, 1),
(1, 366, 1, 1),
(1, 367, 1, 1),
(1, 368, 1, 1),
(1, 369, 1, 1),
(1, 370, 1, 1),
(1, 371, 1, 1),
(1, 372, 1, 1),
(1, 373, 1, 1),
(1, 374, 1, 1),
(1, 375, 1, 1),
(1, 376, 1, 1),
(1, 377, 1, 1),
(1, 378, 1, 1),
(1, 379, 1, 1),
(1, 380, 1, 1),
(1, 381, 1, 1),
(1, 382, 1, 1),
(1, 383, 1, 1),
(1, 384, 1, 1),
(1, 385, 1, 1),
(1, 386, 1, 1),
(1, 387, 1, 1),
(1, 388, 1, 1),
(1, 389, 1, 1),
(1, 390, 1, 1),
(1, 391, 1, 1),
(1, 392, 1, 1),
(1, 393, 1, 1),
(1, 394, 1, 1),
(1, 395, 1, 1),
(1, 396, 1, 1),
(1, 397, 1, 1),
(1, 398, 1, 1),
(1, 399, 1, 1),
(1, 400, 1, 1),
(1, 401, 1, 1),
(1, 402, 1, 1),
(1, 403, 1, 1),
(1, 404, 1, 1),
(1, 405, 1, 1),
(1, 406, 1, 1),
(1, 407, 1, 1),
(1, 408, 1, 1),
(1, 409, 1, 1),
(1, 410, 1, 1),
(1, 411, 1, 1),
(1, 412, 1, 1),
(1, 415, 1, 1),
(1, 416, 1, 1),
(1, 417, 1, 1),
(1, 418, 1, 1),
(1, 419, 1, 1),
(1, 420, 1, 1),
(1, 421, 1, 1),
(1, 422, 1, 1),
(1, 423, 1, 1),
(1, 424, 1, 1),
(1, 425, 1, 1),
(1, 426, 1, 1),
(1, 427, 1, 1),
(1, 428, 1, 1),
(1, 429, 1, 1),
(1, 430, 1, 1),
(1, 431, 1, 1),
(1, 432, 1, 1),
(1, 433, 1, 1),
(1, 434, 1, 1),
(1, 435, 1, 1),
(1, 436, 1, 1),
(1, 437, 1, 1),
(1, 438, 1, 1),
(1, 439, 1, 1),
(1, 440, 1, 1),
(1, 441, 1, 1),
(1, 442, 1, 1),
(1, 443, 1, 1),
(1, 444, 1, 1),
(1, 445, 1, 1),
(1, 446, 1, 1),
(1, 447, 1, 1),
(7, 188, 1, 1),
(7, 197, 1, 1),
(7, 198, 1, 1),
(7, 199, 1, 1),
(7, 200, 1, 1),
(7, 201, 0, 0),
(7, 203, 1, 1),
(7, 204, 1, 1),
(7, 205, 1, 1),
(7, 206, 1, 1),
(7, 207, 1, 1),
(7, 208, 1, 1),
(7, 209, 1, 1),
(7, 210, 1, 1),
(7, 211, 1, 1),
(7, 212, 1, 1),
(7, 213, 1, 1),
(7, 214, 1, 1),
(7, 215, 1, 1),
(7, 216, 1, 1),
(7, 217, 1, 1),
(7, 218, 1, 1),
(7, 219, 1, 1),
(7, 220, 1, 1),
(7, 221, 1, 1),
(7, 222, 1, 1),
(7, 223, 1, 1),
(7, 224, 1, 1),
(7, 225, 1, 1),
(7, 226, 1, 1),
(7, 227, 1, 1),
(7, 228, 1, 1),
(7, 229, 1, 1),
(7, 230, 1, 1),
(7, 231, 1, 1),
(7, 232, 1, 1),
(7, 233, 1, 1),
(7, 234, 1, 1),
(7, 235, 1, 1),
(7, 236, 1, 1),
(7, 237, 1, 1),
(7, 238, 1, 1),
(7, 239, 1, 1),
(7, 240, 1, 1),
(7, 241, 1, 1),
(7, 242, 1, 1),
(7, 243, 1, 1),
(7, 244, 1, 1),
(7, 245, 1, 1),
(7, 246, 1, 1),
(7, 247, 1, 1),
(7, 248, 1, 1),
(7, 249, 1, 1),
(7, 250, 1, 1),
(7, 251, 1, 1),
(7, 252, 1, 1),
(7, 253, 1, 1),
(7, 254, 1, 1),
(7, 255, 1, 1),
(7, 256, 1, 1),
(7, 257, 1, 1),
(7, 258, 1, 1),
(7, 259, 1, 1),
(7, 260, 1, 1),
(7, 261, 1, 1),
(7, 262, 1, 1),
(7, 263, 1, 1),
(7, 264, 1, 1),
(7, 265, 1, 1),
(7, 266, 1, 1),
(7, 267, 1, 1),
(7, 268, 1, 1),
(7, 269, 1, 1),
(7, 270, 1, 1),
(7, 271, 1, 1),
(7, 272, 1, 1),
(7, 273, 1, 1),
(7, 274, 1, 1),
(7, 275, 1, 1),
(7, 276, 1, 1),
(7, 277, 1, 1),
(7, 278, 1, 1),
(7, 279, 1, 1),
(7, 280, 1, 1),
(7, 281, 1, 1),
(7, 282, 1, 1),
(7, 283, 1, 1),
(7, 284, 1, 1),
(7, 285, 1, 1),
(7, 286, 1, 1),
(7, 287, 1, 1),
(7, 288, 1, 1),
(7, 289, 1, 1),
(7, 290, 1, 1),
(7, 291, 1, 1),
(7, 292, 1, 1),
(7, 293, 1, 1),
(7, 294, 1, 1),
(7, 295, 1, 1),
(7, 296, 1, 1),
(7, 297, 1, 1),
(7, 298, 1, 1),
(7, 299, 1, 1),
(7, 300, 1, 1),
(7, 301, 1, 1),
(7, 302, 1, 1),
(7, 303, 1, 1),
(7, 304, 1, 1),
(7, 305, 1, 1),
(7, 306, 1, 1),
(7, 307, 1, 1),
(7, 308, 1, 1),
(7, 309, 1, 1),
(7, 310, 1, 1),
(7, 311, 1, 1),
(7, 312, 1, 1),
(7, 313, 1, 1),
(7, 314, 1, 1),
(7, 315, 1, 1),
(7, 316, 1, 1),
(7, 317, 1, 1),
(7, 318, 1, 1),
(7, 319, 1, 1),
(7, 320, 1, 1),
(7, 321, 1, 1),
(7, 322, 1, 1),
(7, 323, 1, 1),
(7, 324, 1, 1),
(7, 325, 1, 1),
(7, 326, 1, 1),
(7, 327, 1, 1),
(7, 328, 1, 1),
(7, 329, 1, 1),
(7, 330, 1, 1),
(7, 331, 1, 1),
(7, 332, 1, 1),
(7, 333, 1, 1),
(7, 334, 1, 1),
(7, 335, 1, 1),
(7, 336, 1, 1),
(7, 337, 1, 1),
(7, 338, 1, 1),
(7, 339, 1, 1),
(7, 340, 1, 1),
(7, 341, 1, 1),
(7, 342, 1, 1),
(7, 343, 1, 1),
(7, 344, 1, 1),
(7, 345, 1, 1),
(7, 346, 1, 1),
(7, 347, 1, 1),
(7, 348, 1, 1),
(7, 349, 1, 1),
(7, 350, 1, 1),
(7, 351, 1, 1),
(7, 352, 1, 1),
(7, 353, 1, 1),
(7, 354, 1, 1),
(7, 355, 1, 1),
(7, 356, 1, 1),
(7, 357, 1, 1),
(7, 358, 1, 1),
(7, 359, 1, 1),
(7, 360, 1, 1),
(7, 361, 1, 1),
(7, 362, 1, 1),
(7, 363, 1, 1),
(7, 364, 1, 1),
(7, 365, 1, 1),
(7, 366, 1, 1),
(7, 367, 1, 1),
(7, 368, 1, 1),
(7, 369, 1, 1),
(7, 370, 1, 1),
(7, 371, 1, 1),
(7, 372, 1, 1),
(7, 373, 1, 1),
(7, 374, 1, 1),
(7, 375, 1, 1),
(7, 376, 1, 1),
(7, 377, 1, 1),
(7, 378, 1, 1),
(7, 379, 1, 1),
(7, 380, 1, 1),
(7, 381, 1, 1),
(7, 382, 1, 1),
(7, 383, 1, 1),
(7, 384, 1, 1),
(7, 385, 1, 1),
(7, 386, 1, 1),
(7, 387, 1, 1),
(7, 388, 1, 1),
(7, 389, 1, 1),
(7, 390, 1, 1),
(7, 391, 1, 1),
(7, 392, 1, 1),
(7, 393, 1, 1),
(7, 394, 1, 1),
(7, 395, 1, 1),
(7, 396, 1, 1),
(7, 397, 1, 1),
(7, 398, 1, 1),
(7, 399, 1, 1),
(7, 400, 1, 1),
(7, 401, 1, 1),
(7, 402, 1, 1),
(7, 403, 1, 1),
(7, 404, 1, 1),
(7, 405, 1, 1),
(7, 406, 1, 1),
(7, 407, 1, 1),
(7, 408, 1, 1),
(7, 409, 1, 1),
(7, 410, 1, 1),
(7, 411, 1, 1),
(7, 412, 1, 1),
(7, 415, 1, 1),
(7, 416, 1, 1),
(7, 417, 1, 1),
(7, 418, 1, 1),
(7, 419, 1, 1),
(7, 420, 1, 1),
(7, 421, 1, 1),
(7, 422, 1, 1),
(7, 423, 1, 1),
(7, 424, 1, 1),
(7, 425, 1, 1),
(7, 426, 1, 1),
(7, 427, 1, 1),
(7, 428, 1, 1),
(7, 429, 1, 1),
(7, 430, 1, 1),
(7, 431, 1, 1),
(7, 432, 1, 1),
(7, 433, 1, 1),
(7, 434, 1, 1),
(7, 435, 1, 1),
(7, 436, 1, 1),
(7, 437, 1, 1),
(7, 438, 1, 1),
(7, 439, 1, 1),
(7, 440, 1, 1),
(7, 441, 1, 1),
(7, 442, 1, 1),
(7, 443, 1, 1),
(7, 444, 1, 1),
(7, 445, 1, 1),
(7, 446, 1, 1),
(7, 447, 1, 1),
(9, 188, 1, 1),
(9, 197, 0, 0),
(9, 198, 0, 0),
(9, 199, 0, 0),
(9, 200, 0, 0),
(9, 201, 0, 0),
(9, 203, 1, 1),
(9, 204, 0, 0),
(9, 205, 0, 0),
(9, 206, 0, 0),
(9, 207, 0, 0),
(9, 208, 1, 1),
(9, 209, 0, 0),
(9, 210, 0, 0),
(9, 211, 1, 1),
(9, 212, 0, 0),
(9, 213, 0, 0),
(9, 214, 1, 1),
(9, 215, 1, 1),
(9, 216, 1, 1),
(9, 217, 1, 1),
(9, 218, 1, 1),
(9, 219, 1, 1),
(9, 220, 1, 1),
(9, 221, 1, 1),
(9, 222, 1, 1),
(9, 223, 1, 1),
(9, 224, 0, 0),
(9, 225, 1, 1),
(9, 226, 1, 1),
(9, 227, 0, 0),
(9, 228, 1, 1),
(9, 229, 1, 1),
(9, 230, 1, 1),
(9, 231, 0, 0),
(9, 232, 0, 0),
(9, 233, 0, 0),
(9, 234, 1, 1),
(9, 235, 0, 0),
(9, 236, 1, 1),
(9, 237, 0, 0),
(9, 238, 1, 1),
(9, 239, 1, 1),
(9, 240, 1, 1),
(9, 241, 1, 1),
(9, 242, 1, 1),
(9, 243, 1, 1),
(9, 244, 0, 0),
(9, 245, 1, 1),
(9, 246, 0, 0),
(9, 247, 1, 1),
(9, 248, 1, 1),
(9, 249, 1, 1),
(9, 250, 0, 0),
(9, 251, 1, 1),
(9, 252, 1, 1),
(9, 253, 1, 1),
(9, 254, 1, 1),
(9, 255, 1, 1),
(9, 256, 1, 1),
(9, 257, 1, 1),
(9, 258, 1, 1),
(9, 259, 1, 1),
(9, 260, 1, 1),
(9, 261, 1, 1),
(9, 262, 1, 1),
(9, 263, 1, 1),
(9, 264, 1, 1),
(9, 265, 1, 1),
(9, 266, 1, 1),
(9, 267, 1, 1),
(9, 268, 1, 1),
(9, 269, 1, 1),
(9, 270, 0, 0),
(9, 271, 1, 1),
(9, 272, 0, 0),
(9, 273, 0, 0),
(9, 274, 0, 0),
(9, 275, 1, 1),
(9, 276, 1, 1),
(9, 277, 1, 1),
(9, 278, 1, 1),
(9, 279, 0, 0),
(9, 280, 1, 1),
(9, 281, 0, 0),
(9, 282, 0, 0),
(9, 283, 1, 1),
(9, 284, 1, 1),
(9, 285, 1, 1),
(9, 286, 1, 1),
(9, 287, 1, 1),
(9, 288, 1, 1),
(9, 289, 1, 1),
(9, 290, 1, 1),
(9, 291, 0, 0),
(9, 292, 1, 1),
(9, 293, 1, 1),
(9, 294, 1, 1),
(9, 295, 1, 1),
(9, 296, 1, 1),
(9, 297, 0, 0),
(9, 298, 0, 0),
(9, 299, 0, 0),
(9, 300, 1, 1),
(9, 301, 0, 0),
(9, 302, 0, 0),
(9, 303, 0, 0),
(9, 304, 0, 0),
(9, 305, 0, 0),
(9, 306, 0, 0),
(9, 307, 0, 0),
(9, 308, 0, 0),
(9, 309, 0, 0),
(9, 310, 1, 1),
(9, 311, 1, 1),
(9, 312, 0, 0),
(9, 313, 0, 0),
(9, 314, 0, 0),
(9, 315, 0, 0),
(9, 316, 1, 1),
(9, 317, 0, 0),
(9, 318, 0, 0),
(9, 319, 0, 0),
(9, 320, 0, 0),
(9, 321, 1, 1),
(9, 322, 0, 0),
(9, 323, 0, 0),
(9, 324, 0, 0),
(9, 325, 1, 1),
(9, 326, 0, 0),
(9, 327, 0, 0),
(9, 328, 0, 0),
(9, 329, 0, 0),
(9, 330, 0, 0),
(9, 331, 0, 0),
(9, 332, 0, 0),
(9, 333, 1, 1),
(9, 334, 1, 1),
(9, 335, 0, 0),
(9, 336, 0, 0),
(9, 337, 0, 0),
(9, 338, 0, 0),
(9, 339, 0, 0),
(9, 340, 0, 0),
(9, 341, 0, 0),
(9, 342, 0, 0),
(9, 343, 1, 1),
(9, 344, 1, 1),
(9, 345, 1, 1),
(9, 346, 1, 1),
(9, 347, 1, 1),
(9, 348, 1, 1),
(9, 349, 1, 1),
(9, 350, 1, 1),
(9, 351, 1, 1),
(9, 352, 1, 1),
(9, 353, 1, 1),
(9, 354, 1, 1),
(9, 355, 1, 1),
(9, 356, 0, 0),
(9, 357, 0, 0),
(9, 358, 1, 1),
(9, 359, 1, 1),
(9, 360, 1, 1),
(9, 361, 1, 1),
(9, 362, 1, 1),
(9, 363, 1, 1),
(9, 364, 1, 1),
(9, 365, 1, 1),
(9, 366, 1, 1),
(9, 367, 1, 1),
(9, 368, 1, 1),
(9, 369, 1, 1),
(9, 370, 1, 1),
(9, 371, 1, 1),
(9, 372, 0, 0),
(9, 373, 0, 0),
(9, 374, 1, 1),
(9, 375, 1, 1),
(9, 376, 1, 1),
(9, 377, 1, 1),
(9, 378, 0, 0),
(9, 379, 1, 1),
(9, 380, 1, 1),
(9, 381, 1, 1),
(9, 382, 0, 0),
(9, 383, 1, 1),
(9, 384, 1, 1),
(9, 385, 1, 1),
(9, 386, 1, 1),
(9, 387, 1, 1),
(9, 388, 0, 0),
(9, 389, 0, 0),
(9, 390, 0, 0),
(9, 391, 0, 0),
(9, 392, 0, 0),
(9, 393, 1, 1),
(9, 394, 0, 0),
(9, 395, 0, 0),
(9, 396, 0, 0),
(9, 397, 1, 1),
(9, 398, 0, 0),
(9, 399, 1, 1),
(9, 400, 0, 0),
(9, 401, 0, 0),
(9, 402, 0, 0),
(9, 403, 1, 1),
(9, 404, 1, 1),
(9, 405, 1, 1),
(9, 406, 1, 1),
(9, 407, 1, 1),
(9, 408, 1, 1),
(9, 409, 1, 1),
(9, 410, 1, 1),
(9, 411, 1, 1),
(9, 412, 1, 1),
(9, 415, 1, 1),
(9, 416, 0, 0),
(9, 417, 0, 0),
(9, 418, 0, 0),
(9, 419, 0, 0),
(9, 420, 0, 0),
(9, 421, 0, 0),
(9, 422, 0, 0),
(9, 423, 0, 0),
(9, 424, 0, 0),
(9, 425, 0, 0),
(9, 426, 0, 0),
(9, 427, 0, 0),
(9, 428, 0, 0),
(9, 429, 0, 0),
(9, 430, 0, 0),
(9, 431, 0, 0),
(9, 432, 0, 0),
(9, 433, 0, 0),
(9, 434, 0, 0),
(9, 435, 0, 0),
(9, 436, 0, 0),
(9, 437, 0, 0),
(9, 438, 0, 0),
(9, 439, 0, 0),
(9, 440, 0, 0),
(9, 441, 0, 0),
(9, 442, 0, 0),
(9, 443, 0, 0),
(9, 444, 0, 0),
(9, 445, 1, 1),
(9, 446, 0, 0),
(9, 447, 0, 0),
(11, 198, 1, 1),
(11, 201, 0, 0),
(11, 203, 1, 1),
(11, 204, 1, 1),
(11, 205, 1, 1),
(11, 206, 1, 1),
(11, 207, 1, 1),
(11, 208, 1, 1),
(11, 209, 1, 1),
(11, 210, 1, 1),
(11, 211, 1, 1),
(11, 212, 1, 1),
(11, 213, 1, 1),
(11, 214, 1, 1),
(11, 215, 1, 1),
(11, 216, 1, 1),
(11, 217, 1, 1),
(11, 218, 1, 1),
(11, 219, 1, 1),
(11, 220, 1, 1),
(11, 221, 1, 1),
(11, 222, 1, 1),
(11, 223, 1, 1),
(11, 224, 1, 1),
(11, 225, 1, 1),
(11, 226, 1, 1),
(11, 227, 1, 1),
(11, 228, 1, 1),
(11, 229, 1, 1),
(11, 230, 1, 1),
(11, 231, 1, 1),
(11, 232, 1, 1),
(11, 233, 1, 1),
(11, 234, 1, 1),
(11, 235, 1, 1),
(11, 236, 1, 1),
(11, 237, 1, 1),
(11, 238, 1, 1),
(11, 239, 1, 1),
(11, 240, 1, 1),
(11, 241, 1, 1),
(11, 242, 1, 1),
(11, 243, 1, 1),
(11, 244, 1, 1),
(11, 245, 1, 1),
(11, 246, 1, 1),
(11, 247, 1, 1),
(11, 248, 1, 1),
(11, 249, 1, 1),
(11, 250, 1, 1),
(11, 251, 1, 1),
(11, 252, 1, 1),
(11, 253, 1, 1),
(11, 254, 1, 1),
(11, 255, 1, 1),
(11, 256, 1, 1),
(11, 257, 1, 1),
(11, 258, 1, 1),
(11, 259, 1, 1),
(11, 260, 1, 1),
(11, 261, 1, 1),
(11, 262, 1, 1),
(11, 263, 1, 1),
(11, 264, 1, 1),
(11, 265, 1, 1),
(11, 266, 1, 1),
(11, 267, 1, 1),
(11, 268, 1, 1),
(11, 269, 1, 1),
(11, 270, 1, 1),
(11, 271, 1, 1),
(11, 272, 1, 1),
(11, 273, 1, 1),
(11, 274, 1, 1),
(11, 275, 1, 1),
(11, 276, 1, 1),
(11, 277, 1, 1),
(11, 278, 1, 1),
(11, 279, 1, 1),
(11, 280, 1, 1),
(11, 281, 1, 1),
(11, 282, 1, 1),
(11, 283, 1, 1),
(11, 284, 1, 1),
(11, 285, 1, 1),
(11, 286, 1, 1),
(11, 287, 1, 1),
(11, 288, 1, 1),
(11, 289, 1, 1),
(11, 290, 1, 1),
(11, 291, 1, 1),
(11, 292, 1, 1),
(11, 293, 1, 1),
(11, 294, 1, 1),
(11, 296, 1, 1),
(11, 297, 1, 1),
(11, 298, 1, 1),
(11, 299, 1, 1),
(11, 300, 1, 1),
(11, 301, 1, 1),
(11, 302, 1, 1),
(11, 303, 1, 1),
(11, 304, 1, 1),
(11, 305, 1, 1),
(11, 306, 1, 1),
(11, 307, 1, 1),
(11, 308, 1, 1),
(11, 309, 1, 1),
(11, 310, 1, 1),
(11, 311, 1, 1),
(11, 312, 1, 1),
(11, 313, 1, 1),
(11, 314, 1, 1),
(11, 315, 1, 1),
(11, 316, 1, 1),
(11, 317, 1, 1),
(11, 318, 1, 1),
(11, 319, 1, 1),
(11, 320, 1, 1),
(11, 321, 1, 1),
(11, 322, 1, 1),
(11, 323, 1, 1),
(11, 324, 1, 1),
(11, 325, 1, 1),
(11, 326, 1, 1),
(11, 327, 0, 0),
(11, 328, 0, 0),
(11, 329, 0, 0),
(11, 330, 0, 0),
(11, 331, 0, 0),
(11, 332, 0, 0),
(11, 333, 1, 1),
(11, 334, 1, 1),
(11, 335, 0, 0),
(11, 336, 0, 0),
(11, 337, 0, 0),
(11, 338, 0, 0),
(11, 339, 0, 0),
(11, 340, 0, 0),
(11, 341, 0, 0),
(11, 342, 0, 0),
(11, 343, 1, 1),
(11, 344, 1, 1),
(11, 345, 1, 1),
(11, 346, 1, 1),
(11, 347, 1, 1),
(11, 348, 1, 1),
(11, 349, 1, 1),
(11, 350, 1, 1),
(11, 351, 1, 1),
(11, 352, 1, 1),
(11, 353, 1, 1),
(11, 354, 1, 1),
(11, 355, 1, 1),
(11, 356, 1, 1),
(11, 357, 1, 1),
(11, 358, 1, 1),
(11, 359, 1, 1),
(11, 360, 1, 1),
(11, 361, 1, 1),
(11, 362, 1, 1),
(11, 363, 1, 1),
(11, 364, 1, 1),
(11, 365, 1, 1),
(11, 366, 1, 1),
(11, 367, 1, 1),
(11, 368, 1, 1),
(11, 369, 1, 1),
(11, 370, 1, 1),
(11, 371, 1, 1),
(11, 372, 1, 1),
(11, 373, 1, 1),
(11, 374, 1, 1),
(11, 375, 1, 1),
(11, 376, 1, 1),
(11, 377, 1, 1),
(11, 378, 1, 1),
(11, 379, 1, 1),
(11, 380, 1, 1),
(11, 381, 1, 1),
(11, 382, 1, 1),
(11, 383, 1, 1),
(11, 384, 1, 1),
(11, 385, 1, 1),
(11, 386, 1, 1),
(11, 387, 1, 1),
(11, 388, 1, 1),
(11, 389, 1, 1),
(11, 390, 1, 1),
(11, 391, 1, 1),
(11, 392, 1, 1),
(11, 393, 1, 1),
(11, 394, 0, 0),
(11, 395, 1, 1),
(11, 396, 1, 1),
(11, 397, 1, 1),
(11, 398, 1, 1),
(11, 399, 1, 1),
(11, 400, 1, 1),
(11, 401, 1, 1),
(11, 402, 1, 1),
(11, 403, 1, 1),
(11, 404, 1, 1),
(11, 405, 1, 1),
(11, 406, 1, 1),
(11, 407, 1, 1),
(11, 408, 1, 1),
(11, 409, 1, 1),
(11, 410, 1, 1),
(11, 411, 1, 1),
(11, 412, 1, 1),
(11, 415, 1, 1),
(11, 416, 1, 1),
(11, 417, 1, 1),
(11, 418, 1, 1),
(11, 419, 1, 1),
(11, 420, 1, 1),
(11, 421, 1, 1),
(11, 422, 1, 1),
(11, 423, 1, 1),
(11, 424, 1, 1),
(11, 425, 1, 1),
(11, 426, 1, 1),
(11, 427, 1, 1),
(11, 428, 1, 1),
(11, 429, 1, 1),
(11, 430, 1, 1),
(11, 431, 1, 1),
(11, 432, 1, 1),
(11, 433, 1, 1),
(11, 434, 1, 1),
(11, 435, 1, 1),
(11, 436, 1, 1),
(11, 437, 1, 1),
(11, 438, 1, 1),
(11, 439, 1, 1),
(11, 440, 1, 1),
(11, 441, 1, 1),
(11, 442, 1, 1),
(11, 443, 1, 1),
(11, 444, 1, 1),
(11, 445, 1, 1),
(11, 446, 1, 1),
(11, 447, 1, 1),
(12, 197, 1, 1),
(12, 200, 1, 1),
(12, 201, 0, 0),
(12, 213, 1, 1),
(12, 214, 1, 1),
(12, 215, 1, 1),
(12, 216, 1, 1),
(12, 217, 1, 1),
(12, 218, 1, 1),
(12, 220, 1, 1),
(12, 221, 1, 1),
(12, 222, 1, 1),
(12, 224, 1, 1),
(12, 225, 1, 1),
(12, 226, 1, 1),
(12, 227, 1, 1),
(12, 228, 1, 1),
(12, 229, 1, 1),
(12, 230, 1, 1),
(12, 231, 1, 1),
(12, 232, 1, 1),
(12, 233, 1, 1),
(12, 234, 1, 1),
(12, 235, 1, 1),
(12, 236, 1, 1),
(12, 237, 1, 1),
(12, 238, 1, 1),
(12, 239, 1, 1),
(12, 240, 1, 1),
(12, 241, 1, 1),
(12, 242, 1, 1),
(12, 243, 1, 1),
(12, 244, 1, 1),
(12, 245, 1, 1),
(12, 246, 1, 1),
(12, 247, 1, 1),
(12, 248, 1, 1),
(12, 249, 1, 1),
(12, 250, 1, 1),
(12, 251, 1, 1),
(12, 252, 1, 1),
(12, 253, 1, 1),
(12, 254, 1, 1),
(12, 255, 1, 1),
(12, 256, 1, 1),
(12, 257, 1, 1),
(12, 258, 1, 1),
(12, 259, 1, 1),
(12, 260, 1, 1),
(12, 261, 1, 1),
(12, 262, 1, 1),
(12, 263, 1, 1),
(12, 264, 1, 1),
(12, 265, 1, 1),
(12, 266, 1, 1),
(12, 267, 1, 1),
(12, 268, 1, 1),
(12, 269, 1, 1),
(12, 270, 1, 1),
(12, 271, 1, 1),
(12, 272, 1, 1),
(12, 273, 1, 1),
(12, 274, 1, 1),
(12, 275, 1, 1),
(12, 276, 1, 1),
(12, 277, 1, 1),
(12, 278, 1, 1),
(12, 279, 1, 1),
(12, 280, 1, 1),
(12, 281, 1, 1),
(12, 282, 1, 1),
(12, 283, 1, 1),
(12, 284, 1, 1),
(12, 285, 1, 1),
(12, 286, 1, 1),
(12, 287, 1, 1),
(12, 288, 1, 1),
(12, 289, 1, 1),
(12, 290, 1, 1),
(12, 291, 1, 1),
(12, 292, 1, 1),
(12, 293, 1, 1),
(12, 294, 1, 1),
(12, 296, 1, 1),
(12, 297, 1, 1),
(12, 298, 1, 1),
(12, 299, 1, 1),
(12, 300, 1, 1),
(12, 301, 1, 1),
(12, 302, 1, 1),
(12, 303, 1, 1),
(12, 304, 1, 1),
(12, 305, 1, 1),
(12, 306, 1, 1),
(12, 307, 1, 1),
(12, 308, 1, 1),
(12, 309, 1, 1),
(12, 310, 1, 1),
(12, 311, 1, 1),
(12, 312, 1, 1),
(12, 313, 1, 1),
(12, 314, 1, 1),
(12, 315, 1, 1),
(12, 316, 1, 1),
(12, 317, 1, 1),
(12, 318, 1, 1),
(12, 319, 1, 1),
(12, 320, 1, 1),
(12, 321, 1, 1),
(12, 322, 1, 1),
(12, 323, 1, 1),
(12, 324, 1, 1),
(12, 325, 1, 1),
(12, 326, 1, 1),
(12, 327, 1, 1),
(12, 328, 1, 1),
(12, 329, 1, 1),
(12, 330, 1, 1),
(12, 331, 1, 1),
(12, 332, 1, 1),
(12, 333, 1, 1),
(12, 334, 1, 1),
(12, 335, 1, 1),
(12, 336, 1, 1),
(12, 337, 1, 1),
(12, 338, 1, 1),
(12, 339, 1, 1),
(12, 340, 1, 1),
(12, 341, 1, 1),
(12, 342, 1, 1),
(12, 343, 1, 1),
(12, 344, 1, 1),
(12, 345, 1, 1),
(12, 346, 1, 1),
(12, 347, 1, 1),
(12, 348, 1, 1),
(12, 349, 1, 1),
(12, 350, 1, 1),
(12, 351, 1, 1),
(12, 352, 1, 1),
(12, 353, 1, 1),
(12, 354, 1, 1),
(12, 355, 1, 1),
(12, 356, 1, 1),
(12, 357, 1, 1),
(12, 358, 1, 1),
(12, 359, 1, 1),
(12, 360, 1, 1),
(12, 361, 1, 1),
(12, 362, 1, 1),
(12, 363, 1, 1),
(12, 364, 1, 1),
(12, 365, 1, 1),
(12, 366, 1, 1),
(12, 367, 1, 1),
(12, 368, 1, 1),
(12, 369, 1, 1),
(12, 370, 1, 1),
(12, 371, 1, 1),
(12, 372, 1, 1),
(12, 373, 1, 1),
(12, 374, 1, 1),
(12, 375, 1, 1),
(12, 376, 1, 1),
(12, 377, 1, 1),
(12, 378, 1, 1),
(12, 379, 1, 1),
(12, 380, 1, 1),
(12, 381, 1, 1),
(12, 382, 0, 0),
(12, 383, 1, 1),
(12, 384, 1, 1),
(12, 385, 1, 1),
(12, 386, 1, 1),
(12, 387, 1, 1),
(12, 388, 0, 0),
(12, 389, 0, 0),
(12, 390, 0, 0),
(12, 391, 0, 0),
(12, 392, 0, 0),
(12, 393, 1, 1),
(12, 394, 0, 0),
(12, 395, 1, 1),
(12, 396, 1, 1),
(12, 397, 1, 1),
(12, 398, 0, 0),
(12, 399, 1, 1),
(12, 400, 1, 1),
(12, 401, 1, 1),
(12, 402, 1, 1),
(12, 403, 1, 1),
(12, 404, 1, 1),
(12, 405, 1, 1),
(12, 406, 1, 1),
(12, 407, 1, 1),
(12, 408, 1, 1),
(12, 409, 1, 1),
(12, 410, 1, 1),
(12, 411, 1, 1),
(12, 412, 1, 1),
(12, 415, 1, 1),
(12, 416, 0, 0),
(12, 417, 1, 1),
(12, 418, 1, 1),
(12, 419, 1, 1),
(12, 420, 1, 1),
(12, 421, 1, 1),
(12, 422, 1, 1),
(12, 423, 1, 1),
(12, 424, 1, 1),
(12, 425, 1, 1),
(12, 426, 1, 1),
(12, 427, 1, 1),
(12, 428, 1, 1),
(12, 429, 1, 1),
(12, 430, 1, 1),
(12, 431, 1, 1),
(12, 432, 1, 1),
(12, 433, 1, 1),
(12, 434, 1, 1),
(12, 435, 1, 1),
(12, 436, 1, 1),
(12, 437, 1, 1),
(12, 438, 1, 1),
(12, 439, 1, 1),
(12, 440, 1, 1),
(12, 441, 1, 1),
(12, 442, 1, 1),
(12, 443, 0, 0),
(12, 444, 1, 1),
(12, 445, 1, 1),
(12, 446, 1, 1),
(12, 447, 1, 1),
(13, 201, 0, 0),
(13, 230, 1, 1),
(13, 231, 1, 1),
(13, 232, 1, 1),
(13, 233, 1, 1),
(13, 234, 1, 1),
(13, 235, 1, 1),
(13, 236, 1, 1),
(13, 237, 1, 1),
(13, 238, 1, 1),
(13, 239, 1, 1),
(13, 240, 1, 1),
(13, 241, 1, 1),
(13, 242, 1, 1),
(13, 243, 1, 1),
(13, 244, 1, 1),
(13, 245, 1, 1),
(13, 246, 1, 1),
(13, 247, 1, 1),
(13, 248, 1, 1),
(13, 249, 1, 1),
(13, 250, 1, 1),
(13, 251, 1, 1),
(13, 252, 1, 1),
(13, 253, 1, 1),
(13, 254, 1, 1),
(13, 255, 1, 1),
(13, 256, 1, 1),
(13, 257, 1, 1),
(13, 258, 1, 1),
(13, 259, 1, 1),
(13, 260, 1, 1),
(13, 261, 1, 1),
(13, 262, 1, 1),
(13, 263, 1, 1),
(13, 264, 1, 1),
(13, 265, 1, 1),
(13, 266, 1, 1),
(13, 267, 1, 1),
(13, 268, 1, 1),
(13, 269, 1, 1),
(13, 270, 1, 1),
(13, 271, 1, 1),
(13, 272, 1, 1),
(13, 273, 1, 1),
(13, 274, 1, 1),
(13, 275, 1, 1),
(13, 276, 1, 1),
(13, 277, 1, 1),
(13, 278, 1, 1),
(13, 279, 1, 1),
(13, 280, 1, 1),
(13, 281, 1, 1),
(13, 282, 1, 1),
(13, 283, 1, 1),
(13, 284, 1, 1),
(13, 285, 1, 1),
(13, 286, 1, 1),
(13, 287, 1, 1),
(13, 288, 1, 1),
(13, 289, 1, 1),
(13, 290, 1, 1),
(13, 291, 1, 1),
(13, 292, 1, 1),
(13, 293, 1, 1),
(13, 294, 1, 1),
(13, 296, 1, 1),
(13, 297, 0, 0),
(13, 298, 0, 0),
(13, 299, 0, 0),
(13, 300, 1, 1),
(13, 301, 1, 1),
(13, 302, 1, 1),
(13, 303, 1, 1),
(13, 304, 1, 1),
(13, 305, 1, 1),
(13, 306, 1, 1),
(13, 307, 1, 1),
(13, 308, 1, 1),
(13, 309, 1, 1),
(13, 310, 1, 1),
(13, 311, 1, 1),
(13, 312, 0, 0),
(13, 313, 0, 0),
(13, 314, 0, 0),
(13, 315, 0, 0),
(13, 316, 1, 1),
(13, 317, 0, 0),
(13, 318, 0, 0),
(13, 319, 0, 0),
(13, 320, 0, 0),
(13, 321, 1, 1),
(13, 322, 0, 0),
(13, 323, 0, 0),
(13, 324, 0, 0),
(13, 325, 1, 1),
(13, 326, 0, 0),
(13, 327, 0, 0),
(13, 328, 0, 0),
(13, 329, 0, 0),
(13, 330, 0, 0),
(13, 331, 0, 0),
(13, 332, 0, 0),
(13, 333, 1, 1),
(13, 334, 1, 1),
(13, 335, 0, 0),
(13, 336, 0, 0),
(13, 337, 0, 0),
(13, 338, 0, 0),
(13, 339, 0, 0),
(13, 340, 0, 0),
(13, 341, 0, 0),
(13, 342, 0, 0),
(13, 343, 1, 1),
(13, 344, 1, 1),
(13, 345, 1, 1),
(13, 346, 1, 1),
(13, 347, 1, 1),
(13, 348, 1, 1),
(13, 349, 1, 1),
(13, 350, 1, 1),
(13, 351, 1, 1),
(13, 352, 1, 1),
(13, 353, 1, 1),
(13, 354, 1, 1),
(13, 355, 1, 1),
(13, 356, 0, 0),
(13, 357, 1, 1),
(13, 358, 1, 1),
(13, 359, 1, 1),
(13, 360, 1, 1),
(13, 361, 1, 1),
(13, 362, 1, 1),
(13, 363, 1, 1),
(13, 364, 1, 1),
(13, 365, 1, 1),
(13, 366, 0, 0),
(13, 367, 0, 0),
(13, 368, 0, 0),
(13, 369, 0, 0),
(13, 370, 1, 1),
(13, 371, 0, 0),
(13, 372, 1, 1),
(13, 373, 1, 1),
(13, 374, 1, 1),
(13, 375, 0, 0),
(13, 376, 0, 0),
(13, 377, 0, 0),
(13, 378, 1, 1),
(13, 379, 1, 1),
(13, 380, 1, 1),
(13, 381, 1, 1),
(13, 382, 0, 0),
(13, 383, 1, 1),
(13, 384, 1, 1),
(13, 385, 1, 1),
(13, 386, 1, 1),
(13, 387, 1, 1),
(13, 388, 0, 0),
(13, 389, 0, 0),
(13, 390, 0, 0),
(13, 391, 0, 0),
(13, 392, 0, 0),
(13, 393, 1, 1),
(13, 394, 0, 0),
(13, 395, 1, 1),
(13, 396, 1, 1),
(13, 397, 1, 1),
(13, 398, 0, 0),
(13, 399, 1, 1),
(13, 400, 1, 1),
(13, 401, 1, 1),
(13, 402, 1, 1),
(13, 403, 1, 1),
(13, 404, 1, 1),
(13, 405, 1, 1),
(13, 406, 1, 1),
(13, 407, 1, 1),
(13, 408, 1, 1),
(13, 409, 1, 1),
(13, 410, 1, 1),
(13, 411, 1, 1),
(13, 412, 1, 1),
(13, 415, 0, 0),
(13, 416, 0, 0),
(13, 417, 1, 1),
(13, 418, 1, 1),
(13, 419, 1, 1),
(13, 420, 1, 1),
(13, 421, 1, 1),
(13, 422, 1, 1),
(13, 423, 1, 1),
(13, 424, 1, 1),
(13, 425, 1, 1),
(13, 426, 1, 1),
(13, 427, 1, 1),
(13, 428, 1, 1),
(13, 429, 1, 1),
(13, 430, 1, 1),
(13, 431, 1, 1),
(13, 432, 1, 1),
(13, 433, 1, 1),
(13, 434, 1, 1),
(13, 435, 1, 1),
(13, 436, 1, 1),
(13, 437, 1, 1),
(13, 438, 1, 1),
(13, 439, 1, 1),
(13, 440, 1, 1),
(13, 441, 1, 1),
(13, 442, 1, 1),
(13, 443, 0, 0),
(13, 444, 1, 1),
(13, 445, 1, 1),
(13, 446, 1, 1),
(13, 447, 1, 1),
(14, 201, 0, 0),
(14, 230, 1, 1),
(14, 231, 1, 1),
(14, 232, 1, 1),
(14, 233, 1, 1),
(14, 234, 1, 1),
(14, 235, 1, 1),
(14, 236, 1, 1),
(14, 237, 1, 1),
(14, 238, 1, 1),
(14, 239, 1, 1),
(14, 240, 1, 1),
(14, 241, 1, 1),
(14, 242, 1, 1),
(14, 243, 1, 1),
(14, 244, 1, 1),
(14, 245, 1, 1),
(14, 246, 1, 1),
(14, 247, 1, 1),
(14, 248, 1, 1),
(14, 249, 1, 1),
(14, 250, 1, 1),
(14, 251, 1, 1),
(14, 252, 1, 1),
(14, 253, 1, 1),
(14, 254, 1, 1),
(14, 255, 1, 1),
(14, 256, 1, 1),
(14, 257, 1, 1),
(14, 258, 1, 1),
(14, 259, 1, 1),
(14, 260, 1, 1),
(14, 261, 1, 1),
(14, 262, 1, 1),
(14, 263, 1, 1),
(14, 264, 1, 1),
(14, 265, 1, 1),
(14, 266, 1, 1),
(14, 267, 1, 1),
(14, 268, 1, 1),
(14, 269, 1, 1),
(14, 270, 1, 1),
(14, 271, 1, 1),
(14, 272, 1, 1),
(14, 273, 1, 1),
(14, 274, 1, 1),
(14, 275, 1, 1),
(14, 276, 1, 1),
(14, 277, 1, 1),
(14, 278, 1, 1),
(14, 279, 1, 1),
(14, 280, 1, 1),
(14, 281, 1, 1),
(14, 282, 1, 1),
(14, 283, 1, 1),
(14, 284, 1, 1),
(14, 285, 1, 1),
(14, 286, 1, 1),
(14, 287, 1, 1),
(14, 288, 1, 1),
(14, 289, 1, 1),
(14, 290, 1, 1),
(14, 291, 1, 1),
(14, 292, 1, 1),
(14, 293, 1, 1),
(14, 294, 1, 1),
(14, 296, 1, 1),
(14, 297, 0, 0),
(14, 298, 0, 0),
(14, 299, 0, 0),
(14, 300, 1, 1),
(14, 301, 1, 1),
(14, 302, 1, 1),
(14, 303, 1, 1),
(14, 304, 1, 1),
(14, 305, 1, 1),
(14, 306, 1, 1),
(14, 307, 1, 1),
(14, 308, 1, 1),
(14, 309, 1, 1),
(14, 310, 1, 1),
(14, 311, 1, 1),
(14, 312, 0, 0),
(14, 313, 0, 0),
(14, 314, 0, 0),
(14, 315, 0, 0),
(14, 316, 1, 1),
(14, 317, 0, 0),
(14, 318, 0, 0),
(14, 319, 0, 0),
(14, 320, 0, 0),
(14, 321, 1, 1),
(14, 322, 0, 0),
(14, 323, 0, 0),
(14, 324, 0, 0),
(14, 325, 1, 1),
(14, 326, 0, 0),
(14, 327, 0, 0),
(14, 328, 0, 0),
(14, 329, 0, 0),
(14, 330, 0, 0),
(14, 331, 0, 0),
(14, 332, 0, 0),
(14, 333, 1, 1),
(14, 334, 1, 1),
(14, 335, 0, 0),
(14, 336, 0, 0),
(14, 337, 0, 0),
(14, 338, 0, 0),
(14, 339, 0, 0),
(14, 340, 0, 0),
(14, 341, 0, 0),
(14, 342, 0, 0),
(14, 343, 1, 1),
(14, 344, 1, 1),
(14, 345, 1, 1),
(14, 346, 1, 1),
(14, 347, 1, 1),
(14, 348, 1, 1),
(14, 349, 1, 1),
(14, 350, 1, 1),
(14, 351, 1, 1),
(14, 352, 1, 1),
(14, 353, 1, 1),
(14, 354, 1, 1),
(14, 355, 1, 1),
(14, 356, 0, 0),
(14, 357, 1, 1),
(14, 358, 1, 1),
(14, 359, 1, 1),
(14, 360, 1, 1),
(14, 361, 1, 1),
(14, 362, 1, 1),
(14, 363, 1, 1),
(14, 364, 1, 1),
(14, 365, 1, 1),
(14, 366, 0, 0),
(14, 367, 0, 0),
(14, 368, 0, 0),
(14, 369, 0, 0),
(14, 370, 1, 1),
(14, 371, 0, 0),
(14, 372, 1, 1),
(14, 373, 1, 1),
(14, 374, 1, 1),
(14, 375, 0, 0),
(14, 376, 0, 0),
(14, 377, 0, 0),
(14, 378, 1, 1),
(14, 379, 1, 1),
(14, 380, 1, 1),
(14, 381, 1, 1),
(14, 382, 0, 0),
(14, 383, 1, 1),
(14, 384, 1, 1),
(14, 385, 1, 1),
(14, 386, 1, 1),
(14, 387, 1, 1),
(14, 388, 0, 0),
(14, 389, 0, 0),
(14, 390, 0, 0),
(14, 391, 0, 0),
(14, 392, 0, 0),
(14, 393, 1, 1),
(14, 394, 0, 0),
(14, 395, 1, 1),
(14, 396, 1, 1),
(14, 397, 1, 1),
(14, 398, 0, 0),
(14, 399, 1, 1),
(14, 400, 1, 1),
(14, 401, 1, 1),
(14, 402, 1, 1),
(14, 403, 1, 1),
(14, 404, 1, 1),
(14, 405, 1, 1),
(14, 406, 1, 1),
(14, 407, 1, 1),
(14, 408, 1, 1),
(14, 409, 1, 1),
(14, 410, 1, 1),
(14, 411, 1, 1),
(14, 412, 1, 1),
(14, 415, 0, 0),
(14, 416, 0, 0),
(14, 417, 1, 1),
(14, 418, 1, 1),
(14, 419, 1, 1),
(14, 420, 1, 1),
(14, 421, 1, 1),
(14, 422, 1, 1),
(14, 423, 1, 1),
(14, 424, 1, 1),
(14, 425, 1, 1),
(14, 426, 1, 1),
(14, 427, 1, 1),
(14, 428, 1, 1),
(14, 429, 1, 1),
(14, 430, 1, 1),
(14, 431, 1, 1),
(14, 432, 1, 1),
(14, 433, 1, 1),
(14, 434, 1, 1),
(14, 435, 1, 1),
(14, 436, 1, 1),
(14, 437, 1, 1),
(14, 438, 1, 1),
(14, 439, 1, 1),
(14, 440, 1, 1),
(14, 441, 1, 1),
(14, 442, 1, 1),
(14, 443, 0, 0),
(14, 444, 1, 1),
(14, 445, 1, 1),
(14, 446, 1, 1),
(14, 447, 1, 1),
(15, 201, 0, 0),
(15, 346, 1, 1),
(15, 347, 1, 1),
(15, 348, 1, 1),
(15, 349, 1, 1),
(15, 350, 1, 1),
(15, 351, 1, 1),
(15, 352, 1, 1),
(15, 353, 1, 1),
(15, 354, 1, 1),
(15, 355, 1, 1),
(15, 356, 1, 1),
(15, 357, 1, 1),
(15, 358, 1, 1),
(15, 359, 1, 1),
(15, 360, 1, 1),
(15, 361, 1, 1),
(15, 362, 1, 1),
(15, 363, 1, 1),
(15, 364, 1, 1),
(15, 365, 1, 1),
(15, 366, 0, 0),
(15, 367, 0, 0),
(15, 368, 0, 0),
(15, 369, 0, 0),
(15, 370, 1, 1),
(15, 371, 0, 0),
(15, 372, 1, 1),
(15, 373, 1, 1),
(15, 374, 1, 1),
(15, 375, 0, 0),
(15, 376, 0, 0),
(15, 377, 0, 0),
(15, 378, 0, 0),
(15, 379, 1, 1),
(15, 380, 1, 1),
(15, 381, 1, 1),
(15, 382, 0, 0),
(15, 383, 1, 1),
(15, 384, 1, 1),
(15, 385, 1, 1),
(15, 386, 1, 1),
(15, 387, 1, 1),
(15, 388, 0, 0),
(15, 389, 0, 0),
(15, 390, 0, 0),
(15, 391, 0, 0),
(15, 392, 0, 0),
(15, 393, 1, 1),
(15, 394, 0, 0),
(15, 395, 0, 0),
(15, 396, 0, 0),
(15, 397, 1, 1),
(15, 398, 0, 0),
(15, 399, 1, 1),
(15, 400, 0, 0),
(15, 401, 0, 0),
(15, 402, 0, 0),
(15, 403, 1, 1),
(15, 404, 1, 1),
(15, 405, 1, 1),
(15, 406, 1, 1),
(15, 407, 1, 1),
(15, 408, 1, 1),
(15, 409, 1, 1),
(15, 410, 1, 1),
(15, 411, 1, 1),
(15, 412, 1, 1),
(15, 415, 0, 0),
(15, 416, 0, 0),
(15, 417, 0, 0),
(15, 418, 0, 0),
(15, 419, 0, 0),
(15, 420, 0, 0),
(15, 421, 0, 0),
(15, 422, 0, 0),
(15, 423, 0, 0),
(15, 424, 0, 0),
(15, 425, 0, 0),
(15, 426, 0, 0),
(15, 427, 0, 0),
(15, 428, 0, 0),
(15, 429, 0, 0),
(15, 430, 0, 0),
(15, 431, 0, 0),
(15, 432, 0, 0),
(15, 433, 0, 0),
(15, 434, 0, 0),
(15, 435, 0, 0),
(15, 436, 0, 0),
(15, 437, 0, 0),
(15, 438, 0, 0),
(15, 439, 0, 0),
(15, 440, 0, 0),
(15, 441, 0, 0),
(15, 442, 0, 0),
(15, 443, 0, 0),
(15, 444, 0, 0),
(15, 445, 1, 1),
(16, 357, 1, 1),
(16, 358, 1, 1),
(16, 359, 1, 1),
(16, 360, 1, 1),
(16, 361, 1, 1),
(16, 362, 1, 1),
(16, 363, 1, 1),
(16, 364, 1, 1),
(16, 365, 1, 1),
(16, 366, 1, 1),
(16, 367, 1, 1),
(16, 368, 1, 1),
(16, 369, 1, 1),
(16, 371, 0, 0),
(16, 372, 1, 1),
(16, 373, 1, 1),
(16, 374, 1, 1),
(16, 375, 0, 0),
(16, 376, 0, 0),
(16, 377, 0, 0),
(16, 378, 0, 0),
(16, 379, 1, 1),
(16, 380, 1, 1),
(16, 381, 1, 1),
(16, 382, 0, 0),
(16, 383, 1, 1),
(16, 384, 1, 1),
(16, 385, 1, 1),
(16, 386, 1, 1),
(16, 387, 1, 1),
(16, 388, 0, 0),
(16, 389, 0, 0),
(16, 390, 0, 0),
(16, 391, 0, 0),
(16, 392, 0, 0),
(16, 393, 1, 1),
(16, 394, 0, 0),
(16, 395, 0, 0),
(16, 396, 0, 0),
(16, 397, 1, 1),
(16, 398, 0, 0),
(16, 399, 1, 1),
(16, 400, 0, 0),
(16, 401, 0, 0),
(16, 402, 0, 0),
(16, 403, 1, 1),
(16, 404, 1, 1),
(16, 405, 1, 1),
(16, 406, 1, 1),
(16, 407, 1, 1),
(16, 408, 1, 1),
(16, 409, 1, 1),
(16, 410, 1, 1),
(16, 411, 1, 1),
(16, 412, 1, 1),
(16, 415, 0, 0),
(16, 416, 0, 0),
(16, 417, 0, 0),
(16, 418, 0, 0),
(16, 419, 0, 0),
(16, 420, 0, 0),
(16, 421, 0, 0),
(16, 422, 0, 0),
(16, 423, 0, 0),
(16, 424, 0, 0),
(16, 425, 0, 0),
(16, 426, 0, 0),
(16, 427, 0, 0),
(16, 428, 0, 0),
(16, 429, 0, 0),
(16, 430, 0, 0),
(16, 431, 0, 0),
(16, 432, 0, 0),
(16, 433, 0, 0),
(16, 434, 0, 0),
(16, 435, 0, 0),
(16, 436, 0, 0),
(16, 437, 0, 0),
(16, 438, 0, 0),
(16, 439, 0, 0),
(16, 440, 0, 0),
(16, 441, 0, 0),
(16, 442, 0, 0),
(16, 443, 1, 1),
(16, 444, 0, 0),
(16, 445, 1, 1);

-- --------------------------------------------------------

--
-- Структура таблицы `tm_acl_document`
--

DROP TABLE IF EXISTS `tm_acl_document`;
CREATE TABLE IF NOT EXISTS `tm_acl_document` (
  `user_id` int(10) unsigned NOT NULL,
  `document_id` int(10) unsigned NOT NULL,
  `is_read` tinyint(1) NOT NULL DEFAULT '0',
  `is_write` tinyint(1) NOT NULL DEFAULT '0',
  PRIMARY KEY (`user_id`,`document_id`),
  KEY `fk_tm_acl_document_tm_user1` (`user_id`),
  KEY `fk_tm_acl_document_tm_document1` (`document_id`)
) ENGINE=InnoDB DEFAULT CHARSET=utf8;

--
-- Дамп данных таблицы `tm_acl_document`
--

INSERT INTO `tm_acl_document` (`user_id`, `document_id`, `is_read`, `is_write`) VALUES
(1, 199, 1, 1),
(1, 200, 1, 1),
(1, 223, 1, 1),
(1, 224, 1, 1),
(1, 225, 1, 1),
(1, 226, 1, 1),
(1, 227, 0, 0),
(1, 229, 1, 1),
(1, 230, 1, 1),
(1, 231, 1, 1),
(1, 232, 1, 1),
(1, 233, 1, 1),
(1, 234, 1, 1),
(1, 235, 1, 1),
(1, 236, 1, 1),
(1, 237, 1, 1),
(1, 238, 1, 1),
(1, 239, 1, 1),
(1, 240, 1, 1),
(1, 241, 1, 1),
(1, 242, 1, 1),
(1, 243, 1, 1),
(1, 244, 1, 1),
(1, 245, 1, 1),
(1, 246, 1, 1),
(1, 247, 1, 1),
(1, 248, 1, 1),
(1, 249, 1, 1),
(1, 250, 1, 1),
(1, 251, 1, 1),
(1, 252, 1, 1),
(1, 253, 1, 1),
(1, 254, 1, 1),
(1, 255, 1, 1),
(1, 256, 1, 1),
(1, 257, 1, 1),
(1, 258, 1, 1),
(1, 259, 1, 1),
(1, 260, 1, 1),
(1, 261, 1, 1),
(1, 262, 1, 1),
(1, 263, 1, 1),
(1, 264, 1, 1),
(1, 265, 1, 1),
(1, 266, 1, 1),
(1, 267, 1, 1),
(1, 268, 1, 1),
(1, 269, 1, 1),
(1, 270, 1, 1),
(1, 271, 1, 1),
(1, 272, 1, 1),
(1, 273, 1, 1),
(1, 274, 1, 1),
(1, 275, 1, 1),
(1, 276, 1, 1),
(1, 277, 1, 1),
(1, 278, 1, 1),
(1, 279, 1, 1),
(1, 280, 1, 1),
(1, 281, 1, 1),
(1, 282, 1, 1),
(1, 283, 1, 1),
(1, 284, 1, 1),
(1, 285, 1, 1),
(1, 286, 1, 1),
(1, 287, 1, 1),
(1, 288, 1, 1),
(1, 290, 1, 1),
(1, 291, 1, 1),
(1, 292, 1, 1),
(1, 293, 1, 1),
(1, 294, 1, 1),
(1, 295, 1, 1),
(1, 296, 1, 1),
(1, 297, 1, 1),
(1, 298, 1, 1),
(1, 299, 1, 1),
(1, 300, 1, 1),
(1, 301, 1, 1),
(1, 302, 1, 1),
(1, 303, 1, 1),
(1, 304, 1, 1),
(1, 305, 1, 1),
(1, 307, 1, 1),
(1, 308, 1, 1),
(1, 309, 1, 1),
(1, 310, 1, 1),
(1, 311, 1, 1),
(1, 312, 1, 1),
(1, 313, 1, 1),
(1, 314, 1, 1),
(1, 315, 1, 1),
(1, 316, 1, 1),
(1, 317, 1, 1),
(1, 318, 1, 1),
(1, 319, 1, 1),
(1, 324, 1, 1),
(1, 327, 1, 1),
(1, 328, 1, 1),
(1, 329, 1, 1),
(1, 330, 1, 1),
(1, 331, 1, 1),
(1, 332, 1, 1),
(1, 333, 1, 1),
(1, 334, 1, 1),
(1, 336, 1, 1),
(1, 337, 1, 1),
(1, 338, 1, 1),
(1, 339, 1, 1),
(1, 340, 1, 1),
(1, 341, 1, 1),
(1, 342, 1, 1),
(1, 343, 1, 1),
(1, 344, 1, 1),
(1, 345, 1, 1),
(1, 349, 1, 1),
(1, 352, 1, 1),
(1, 353, 1, 1),
(1, 354, 1, 1),
(1, 355, 1, 1),
(1, 356, 1, 1),
(1, 357, 1, 1),
(1, 358, 1, 1),
(1, 359, 1, 1),
(1, 362, 1, 1),
(1, 363, 1, 1),
(1, 365, 1, 1),
(1, 366, 1, 1),
(1, 368, 1, 1),
(1, 369, 1, 1),
(1, 370, 1, 1),
(1, 371, 1, 1),
(1, 372, 1, 1),
(1, 373, 1, 1),
(1, 374, 1, 1),
(1, 375, 1, 1),
(1, 376, 1, 1),
(1, 377, 1, 1),
(1, 378, 1, 1),
(1, 379, 1, 1),
(1, 380, 1, 1),
(1, 381, 1, 1),
(1, 382, 1, 1),
(1, 383, 1, 1),
(1, 384, 1, 1),
(1, 385, 1, 1),
(1, 386, 1, 1),
(1, 387, 1, 1),
(1, 388, 1, 1),
(1, 389, 1, 1),
(1, 390, 1, 1),
(1, 391, 1, 1),
(1, 392, 1, 1),
(1, 393, 1, 1),
(1, 394, 1, 1),
(1, 395, 1, 1),
(1, 396, 1, 1),
(1, 397, 1, 1),
(1, 398, 1, 1),
(1, 399, 1, 1),
(1, 400, 1, 1),
(1, 401, 1, 1),
(1, 402, 1, 1),
(1, 403, 1, 1),
(1, 404, 1, 1),
(1, 405, 1, 1),
(1, 406, 1, 1),
(1, 407, 1, 1),
(1, 408, 1, 1),
(1, 409, 1, 1),
(1, 410, 1, 1),
(1, 412, 1, 1),
(1, 413, 1, 1),
(1, 414, 1, 1),
(1, 415, 1, 1),
(1, 416, 1, 1),
(1, 417, 1, 1),
(1, 418, 1, 1),
(1, 419, 1, 1),
(1, 420, 1, 1),
(1, 421, 1, 1),
(1, 422, 1, 1),
(1, 425, 1, 1),
(1, 426, 1, 1),
(1, 427, 1, 1),
(1, 428, 1, 1),
(1, 429, 1, 1),
(1, 430, 1, 1),
(1, 431, 1, 1),
(1, 432, 1, 1),
(1, 433, 1, 1),
(1, 434, 1, 1),
(1, 435, 1, 1),
(1, 436, 1, 1),
(1, 437, 1, 1),
(1, 438, 1, 1),
(1, 439, 1, 1),
(1, 440, 1, 1),
(1, 441, 1, 1),
(1, 442, 1, 1),
(1, 443, 1, 1),
(1, 444, 1, 1),
(1, 445, 1, 1),
(1, 446, 1, 1),
(1, 447, 1, 1),
(1, 448, 1, 1),
(1, 449, 1, 1),
(1, 450, 1, 1),
(1, 451, 1, 1),
(1, 452, 1, 1),
(1, 453, 1, 1),
(1, 454, 1, 1),
(1, 455, 1, 1),
(1, 456, 1, 1),
(1, 457, 1, 1),
(1, 458, 1, 1),
(1, 459, 1, 1),
(1, 460, 1, 1),
(1, 461, 1, 1),
(1, 462, 1, 1),
(1, 463, 1, 1),
(1, 464, 1, 1),
(1, 465, 1, 1),
(1, 466, 1, 1),
(1, 467, 1, 1),
(1, 468, 1, 1),
(1, 469, 1, 1),
(1, 470, 1, 1),
(1, 471, 1, 1),
(1, 472, 1, 1),
(1, 473, 1, 1),
(1, 474, 1, 1),
(1, 475, 1, 1),
(1, 476, 1, 1),
(1, 477, 1, 1),
(1, 478, 1, 1),
(1, 479, 1, 1),
(1, 480, 1, 1),
(1, 481, 1, 1),
(1, 482, 1, 1),
(1, 483, 1, 1),
(7, 199, 1, 1),
(7, 200, 1, 1),
(7, 223, 1, 1),
(7, 224, 1, 1),
(7, 225, 1, 1),
(7, 226, 1, 1),
(7, 227, 0, 0),
(7, 229, 1, 1),
(7, 230, 1, 1),
(7, 231, 1, 1),
(7, 232, 1, 1),
(7, 233, 1, 1),
(7, 234, 1, 1),
(7, 235, 1, 1),
(7, 236, 1, 1),
(7, 237, 1, 1),
(7, 238, 1, 1),
(7, 239, 1, 1),
(7, 240, 1, 1),
(7, 241, 1, 1),
(7, 242, 1, 1),
(7, 243, 1, 1),
(7, 244, 1, 1),
(7, 245, 1, 1),
(7, 246, 1, 1),
(7, 247, 1, 1),
(7, 248, 1, 1),
(7, 249, 1, 1),
(7, 250, 1, 1),
(7, 251, 1, 1),
(7, 252, 1, 1),
(7, 253, 1, 1),
(7, 254, 1, 1),
(7, 255, 1, 1),
(7, 256, 1, 1),
(7, 257, 1, 1),
(7, 258, 1, 1),
(7, 259, 1, 1),
(7, 260, 1, 1),
(7, 261, 1, 1),
(7, 262, 1, 1),
(7, 263, 1, 1),
(7, 264, 1, 1),
(7, 265, 1, 1),
(7, 266, 1, 1),
(7, 267, 1, 1),
(7, 268, 1, 1),
(7, 269, 1, 1),
(7, 270, 1, 1),
(7, 271, 1, 1),
(7, 272, 1, 1),
(7, 273, 1, 1),
(7, 274, 1, 1),
(7, 275, 1, 1),
(7, 276, 1, 1),
(7, 277, 1, 1),
(7, 278, 1, 1),
(7, 279, 1, 1),
(7, 280, 1, 1),
(7, 281, 1, 1),
(7, 282, 1, 1),
(7, 283, 1, 1),
(7, 284, 1, 1),
(7, 285, 1, 1),
(7, 286, 1, 1),
(7, 287, 1, 1),
(7, 288, 1, 1),
(7, 290, 1, 1),
(7, 291, 1, 1),
(7, 292, 1, 1),
(7, 293, 1, 1),
(7, 294, 1, 1),
(7, 295, 1, 1),
(7, 296, 1, 1),
(7, 297, 1, 1),
(7, 298, 1, 1),
(7, 299, 1, 1),
(7, 300, 1, 1),
(7, 301, 1, 1),
(7, 302, 1, 1),
(7, 303, 1, 1),
(7, 304, 1, 1),
(7, 305, 1, 1),
(7, 307, 1, 1),
(7, 308, 1, 1),
(7, 309, 1, 1),
(7, 310, 1, 1),
(7, 311, 1, 1),
(7, 312, 1, 1),
(7, 313, 1, 1),
(7, 314, 1, 1),
(7, 315, 1, 1),
(7, 316, 1, 1),
(7, 317, 1, 1),
(7, 318, 1, 1),
(7, 319, 1, 1),
(7, 324, 1, 1),
(7, 327, 1, 1),
(7, 328, 1, 1),
(7, 329, 1, 1),
(7, 330, 1, 1),
(7, 331, 1, 1),
(7, 332, 1, 1),
(7, 333, 1, 1),
(7, 334, 1, 1),
(7, 336, 1, 1),
(7, 337, 1, 1),
(7, 338, 1, 1),
(7, 339, 1, 1),
(7, 340, 1, 1),
(7, 341, 1, 1),
(7, 342, 1, 1),
(7, 343, 1, 1),
(7, 344, 1, 1),
(7, 345, 1, 1),
(7, 349, 1, 1),
(7, 352, 1, 1),
(7, 353, 1, 1),
(7, 354, 1, 1),
(7, 355, 1, 1),
(7, 356, 1, 1),
(7, 357, 1, 1),
(7, 358, 1, 1),
(7, 359, 1, 1),
(7, 362, 1, 1),
(7, 363, 1, 1),
(7, 365, 1, 1),
(7, 366, 1, 1),
(7, 368, 1, 1),
(7, 369, 1, 1),
(7, 370, 1, 1),
(7, 371, 1, 1),
(7, 372, 1, 1),
(7, 373, 1, 1),
(7, 374, 1, 1),
(7, 375, 1, 1),
(7, 376, 1, 1),
(7, 377, 1, 1),
(7, 378, 1, 1),
(7, 379, 1, 1),
(7, 380, 1, 1),
(7, 381, 1, 1),
(7, 382, 1, 1),
(7, 383, 1, 1),
(7, 384, 1, 1),
(7, 385, 1, 1),
(7, 386, 1, 1),
(7, 387, 1, 1),
(7, 388, 1, 1),
(7, 389, 1, 1),
(7, 390, 1, 1),
(7, 391, 1, 1),
(7, 392, 1, 1),
(7, 393, 1, 1),
(7, 394, 1, 1),
(7, 395, 1, 1),
(7, 396, 1, 1),
(7, 397, 1, 1),
(7, 398, 1, 1),
(7, 399, 1, 1),
(7, 400, 1, 1),
(7, 401, 1, 1),
(7, 402, 1, 1),
(7, 403, 1, 1),
(7, 404, 1, 1),
(7, 405, 1, 1),
(7, 406, 1, 1),
(7, 407, 1, 1),
(7, 408, 1, 1),
(7, 409, 1, 1),
(7, 410, 1, 1),
(7, 412, 1, 1),
(7, 413, 1, 1),
(7, 414, 1, 1),
(7, 415, 1, 1),
(7, 416, 1, 1),
(7, 417, 1, 1),
(7, 418, 1, 1),
(7, 419, 1, 1),
(7, 420, 1, 1),
(7, 421, 1, 1),
(7, 422, 1, 1),
(7, 425, 1, 1),
(7, 426, 1, 1),
(7, 427, 1, 1),
(7, 428, 1, 1),
(7, 429, 1, 1),
(7, 430, 1, 1),
(7, 431, 1, 1),
(7, 432, 1, 1),
(7, 433, 1, 1),
(7, 434, 1, 1),
(7, 435, 1, 1),
(7, 436, 1, 1),
(7, 437, 1, 1),
(7, 438, 1, 1),
(7, 439, 1, 1),
(7, 440, 1, 1),
(7, 441, 1, 1),
(7, 442, 1, 1),
(7, 443, 1, 1),
(7, 444, 1, 1),
(7, 445, 1, 1),
(7, 446, 1, 1),
(7, 447, 1, 1),
(7, 448, 1, 1),
(7, 449, 1, 1),
(7, 450, 1, 1),
(7, 451, 1, 1),
(7, 452, 1, 1),
(7, 453, 1, 1),
(7, 454, 1, 1),
(7, 455, 1, 1),
(7, 456, 1, 1),
(7, 457, 1, 1),
(7, 458, 1, 1),
(7, 459, 1, 1),
(7, 460, 1, 1),
(7, 461, 1, 1),
(7, 462, 1, 1),
(7, 463, 1, 1),
(7, 464, 1, 1),
(7, 465, 1, 1),
(7, 466, 1, 1),
(7, 467, 1, 1),
(7, 468, 1, 1),
(7, 469, 1, 1),
(7, 470, 1, 1),
(7, 471, 1, 1),
(7, 472, 1, 1),
(7, 473, 1, 1),
(7, 474, 1, 1),
(7, 475, 1, 1),
(7, 476, 1, 1),
(7, 477, 1, 1),
(7, 478, 1, 1),
(7, 479, 1, 1),
(7, 480, 1, 1),
(7, 481, 1, 1),
(7, 482, 1, 1),
(7, 483, 1, 1),
(9, 199, 1, 1),
(9, 200, 1, 1),
(9, 223, 0, 0),
(9, 224, 0, 0),
(9, 225, 0, 0),
(9, 226, 0, 0),
(9, 227, 0, 0),
(9, 229, 1, 1),
(9, 230, 0, 0),
(9, 231, 0, 0),
(9, 232, 0, 0),
(9, 233, 0, 0),
(9, 234, 1, 1),
(9, 235, 0, 0),
(9, 236, 0, 0),
(9, 237, 1, 1),
(9, 238, 0, 0),
(9, 239, 0, 0),
(9, 240, 1, 1),
(9, 241, 1, 1),
(9, 242, 1, 1),
(9, 243, 1, 1),
(9, 244, 1, 1),
(9, 245, 1, 1),
(9, 246, 1, 1),
(9, 247, 1, 1),
(9, 248, 1, 1),
(9, 249, 1, 1),
(9, 250, 0, 0),
(9, 251, 1, 1),
(9, 252, 1, 1),
(9, 253, 0, 0),
(9, 254, 1, 1),
(9, 255, 1, 1),
(9, 256, 1, 1),
(9, 257, 0, 0),
(9, 258, 0, 0),
(9, 259, 0, 0),
(9, 260, 1, 1),
(9, 261, 0, 0),
(9, 262, 1, 1),
(9, 263, 0, 0),
(9, 264, 1, 1),
(9, 265, 1, 1),
(9, 266, 1, 1),
(9, 267, 1, 1),
(9, 268, 1, 1),
(9, 269, 0, 0),
(9, 270, 1, 1),
(9, 271, 0, 0),
(9, 272, 1, 1),
(9, 273, 1, 1),
(9, 274, 1, 1),
(9, 275, 0, 0),
(9, 276, 1, 1),
(9, 277, 1, 1),
(9, 278, 1, 1),
(9, 279, 1, 1),
(9, 280, 1, 1),
(9, 281, 1, 1),
(9, 282, 1, 1),
(9, 283, 1, 1),
(9, 284, 1, 1),
(9, 285, 1, 1),
(9, 286, 1, 1),
(9, 287, 1, 1),
(9, 288, 1, 1),
(9, 290, 1, 1),
(9, 291, 1, 1),
(9, 292, 1, 1),
(9, 293, 1, 1),
(9, 294, 1, 1),
(9, 295, 1, 1),
(9, 296, 0, 0),
(9, 297, 1, 1),
(9, 298, 0, 0),
(9, 299, 0, 0),
(9, 300, 0, 0),
(9, 301, 1, 1),
(9, 302, 1, 1),
(9, 303, 1, 1),
(9, 304, 1, 1),
(9, 305, 0, 0),
(9, 307, 1, 1),
(9, 308, 0, 0),
(9, 309, 0, 0),
(9, 310, 1, 1),
(9, 311, 1, 1),
(9, 312, 1, 1),
(9, 313, 1, 1),
(9, 314, 1, 1),
(9, 315, 1, 1),
(9, 316, 1, 1),
(9, 317, 1, 1),
(9, 318, 0, 0),
(9, 319, 1, 1),
(9, 324, 1, 1),
(9, 327, 1, 1),
(9, 328, 1, 1),
(9, 329, 0, 0),
(9, 330, 0, 0),
(9, 331, 0, 0),
(9, 332, 1, 1),
(9, 333, 0, 0),
(9, 334, 0, 0),
(9, 336, 0, 0),
(9, 337, 0, 0),
(9, 338, 0, 0),
(9, 339, 0, 0),
(9, 340, 0, 0),
(9, 341, 0, 0),
(9, 342, 1, 1),
(9, 343, 1, 1),
(9, 344, 0, 0),
(9, 345, 0, 0),
(9, 349, 0, 0),
(9, 352, 0, 0),
(9, 353, 1, 1),
(9, 354, 0, 0),
(9, 355, 0, 0),
(9, 356, 0, 0),
(9, 357, 0, 0),
(9, 358, 1, 1),
(9, 359, 0, 0),
(9, 362, 0, 0),
(9, 363, 0, 0),
(9, 365, 1, 1),
(9, 366, 0, 0),
(9, 368, 0, 0),
(9, 369, 0, 0),
(9, 370, 0, 0),
(9, 371, 0, 0),
(9, 372, 0, 0),
(9, 373, 0, 0),
(9, 374, 1, 1),
(9, 375, 1, 1),
(9, 376, 0, 0),
(9, 377, 0, 0),
(9, 378, 0, 0),
(9, 379, 0, 0),
(9, 380, 0, 0),
(9, 381, 0, 0),
(9, 382, 0, 0),
(9, 383, 0, 0),
(9, 384, 1, 1),
(9, 385, 1, 1),
(9, 386, 1, 1),
(9, 387, 1, 1),
(9, 388, 1, 1),
(9, 389, 1, 1),
(9, 390, 1, 1),
(9, 391, 1, 1),
(9, 392, 1, 1),
(9, 393, 1, 1),
(9, 394, 1, 1),
(9, 395, 1, 1),
(9, 396, 1, 1),
(9, 397, 0, 0),
(9, 398, 0, 0),
(9, 399, 1, 1),
(9, 400, 1, 1),
(9, 401, 1, 1),
(9, 402, 1, 1),
(9, 403, 1, 1),
(9, 404, 1, 1),
(9, 405, 1, 1),
(9, 406, 1, 1),
(9, 407, 1, 1),
(9, 408, 1, 1),
(9, 409, 1, 1),
(9, 410, 1, 1),
(9, 412, 1, 1),
(9, 413, 0, 0),
(9, 414, 0, 0),
(9, 415, 1, 1),
(9, 416, 1, 1),
(9, 417, 1, 1),
(9, 418, 0, 0),
(9, 419, 1, 1),
(9, 420, 1, 1),
(9, 421, 1, 1),
(9, 422, 0, 0),
(9, 425, 1, 1),
(9, 426, 1, 1),
(9, 427, 1, 1),
(9, 428, 1, 1),
(9, 429, 1, 1),
(9, 430, 0, 0),
(9, 431, 0, 0),
(9, 432, 0, 0),
(9, 433, 0, 0),
(9, 434, 0, 0),
(9, 435, 1, 1),
(9, 436, 0, 0),
(9, 437, 0, 0),
(9, 438, 0, 0),
(9, 439, 1, 1),
(9, 440, 0, 0),
(9, 441, 1, 1),
(9, 442, 0, 0),
(9, 443, 0, 0),
(9, 444, 0, 0),
(9, 445, 1, 1),
(9, 446, 1, 1),
(9, 447, 1, 1),
(9, 448, 1, 1),
(9, 449, 1, 1),
(9, 450, 1, 1),
(9, 451, 1, 1),
(9, 452, 1, 1),
(9, 453, 1, 1),
(9, 454, 1, 1),
(9, 455, 1, 1),
(9, 456, 0, 0),
(9, 457, 0, 0),
(9, 458, 0, 0),
(9, 459, 0, 0),
(9, 460, 0, 0),
(9, 461, 0, 0),
(9, 462, 0, 0),
(9, 463, 0, 0),
(9, 464, 0, 0),
(9, 465, 0, 0),
(9, 466, 0, 0),
(9, 467, 0, 0),
(9, 468, 0, 0),
(9, 469, 0, 0),
(9, 470, 0, 0),
(9, 471, 0, 0),
(9, 472, 0, 0),
(9, 473, 0, 0),
(9, 474, 0, 0),
(9, 475, 0, 0),
(9, 476, 0, 0),
(9, 477, 0, 0),
(9, 478, 0, 0),
(9, 479, 0, 0),
(9, 480, 0, 0),
(9, 481, 0, 0),
(9, 482, 0, 0),
(9, 483, 0, 0),
(11, 200, 1, 1),
(11, 224, 1, 1),
(11, 227, 0, 0),
(11, 229, 1, 1),
(11, 230, 1, 1),
(11, 231, 1, 1),
(11, 232, 1, 1),
(11, 233, 1, 1),
(11, 234, 1, 1),
(11, 235, 1, 1),
(11, 236, 1, 1),
(11, 237, 1, 1),
(11, 238, 1, 1),
(11, 239, 1, 1),
(11, 240, 1, 1),
(11, 241, 1, 1),
(11, 242, 1, 1),
(11, 243, 1, 1),
(11, 244, 1, 1),
(11, 245, 1, 1),
(11, 246, 1, 1),
(11, 247, 1, 1),
(11, 248, 1, 1),
(11, 249, 1, 1),
(11, 250, 1, 1),
(11, 251, 1, 1),
(11, 252, 1, 1),
(11, 253, 1, 1),
(11, 254, 1, 1),
(11, 255, 1, 1),
(11, 256, 1, 1),
(11, 257, 1, 1),
(11, 258, 1, 1),
(11, 259, 1, 1),
(11, 260, 1, 1),
(11, 261, 1, 1),
(11, 262, 1, 1),
(11, 263, 1, 1),
(11, 264, 1, 1),
(11, 265, 1, 1),
(11, 266, 1, 1),
(11, 267, 1, 1),
(11, 268, 1, 1),
(11, 269, 1, 1),
(11, 270, 1, 1),
(11, 271, 1, 1),
(11, 272, 1, 1),
(11, 273, 1, 1),
(11, 274, 1, 1),
(11, 275, 1, 1),
(11, 276, 1, 1),
(11, 277, 1, 1),
(11, 278, 1, 1),
(11, 279, 1, 1),
(11, 280, 1, 1),
(11, 281, 1, 1),
(11, 282, 1, 1),
(11, 283, 1, 1),
(11, 284, 1, 1),
(11, 285, 1, 1),
(11, 286, 1, 1),
(11, 287, 1, 1),
(11, 288, 1, 1),
(11, 290, 1, 1),
(11, 291, 1, 1),
(11, 292, 1, 1),
(11, 293, 1, 1),
(11, 294, 1, 1),
(11, 295, 1, 1),
(11, 296, 1, 1),
(11, 297, 1, 1),
(11, 298, 1, 1),
(11, 299, 1, 1),
(11, 300, 1, 1),
(11, 301, 1, 1),
(11, 302, 1, 1),
(11, 303, 1, 1),
(11, 304, 1, 1),
(11, 305, 1, 1),
(11, 307, 1, 1),
(11, 308, 1, 1),
(11, 309, 1, 1),
(11, 310, 1, 1),
(11, 311, 1, 1),
(11, 312, 1, 1),
(11, 313, 1, 1),
(11, 314, 1, 1),
(11, 315, 1, 1),
(11, 316, 1, 1),
(11, 317, 1, 1),
(11, 318, 1, 1),
(11, 319, 1, 1),
(11, 324, 1, 1),
(11, 327, 1, 1),
(11, 328, 1, 1),
(11, 329, 1, 1),
(11, 330, 1, 1),
(11, 331, 1, 1),
(11, 332, 1, 1),
(11, 333, 1, 1),
(11, 334, 1, 1),
(11, 336, 1, 1),
(11, 337, 1, 1),
(11, 338, 1, 1),
(11, 339, 1, 1),
(11, 340, 1, 1),
(11, 341, 1, 1),
(11, 342, 1, 1),
(11, 343, 1, 1),
(11, 344, 1, 1),
(11, 345, 1, 1),
(11, 349, 1, 1),
(11, 352, 1, 1),
(11, 353, 1, 1),
(11, 354, 1, 1),
(11, 355, 1, 1),
(11, 356, 1, 1),
(11, 357, 1, 1),
(11, 358, 1, 1),
(11, 359, 1, 1),
(11, 362, 1, 1),
(11, 363, 1, 1),
(11, 365, 1, 1),
(11, 366, 1, 1),
(11, 368, 0, 0),
(11, 369, 0, 0),
(11, 370, 0, 0),
(11, 371, 0, 0),
(11, 372, 0, 0),
(11, 373, 0, 0),
(11, 374, 1, 1),
(11, 375, 1, 1),
(11, 376, 0, 0),
(11, 377, 0, 0),
(11, 378, 0, 0),
(11, 379, 0, 0),
(11, 380, 0, 0),
(11, 381, 0, 0),
(11, 382, 0, 0),
(11, 383, 0, 0),
(11, 384, 1, 1),
(11, 385, 1, 1),
(11, 386, 1, 1),
(11, 387, 1, 1),
(11, 388, 1, 1),
(11, 389, 1, 1),
(11, 390, 1, 1),
(11, 391, 1, 1),
(11, 392, 1, 1),
(11, 393, 1, 1),
(11, 394, 1, 1),
(11, 395, 1, 1),
(11, 396, 1, 1),
(11, 397, 1, 1),
(11, 398, 1, 1),
(11, 399, 1, 1),
(11, 400, 1, 1),
(11, 401, 1, 1),
(11, 402, 1, 1),
(11, 403, 1, 1),
(11, 404, 1, 1),
(11, 405, 1, 1),
(11, 406, 1, 1),
(11, 407, 1, 1),
(11, 408, 1, 1),
(11, 409, 1, 1),
(11, 410, 1, 1),
(11, 412, 1, 1),
(11, 413, 1, 1),
(11, 414, 1, 1),
(11, 415, 1, 1),
(11, 416, 1, 1),
(11, 417, 1, 1),
(11, 418, 1, 1),
(11, 419, 1, 1),
(11, 420, 1, 1),
(11, 421, 1, 1),
(11, 422, 1, 1),
(11, 425, 1, 1),
(11, 426, 1, 1),
(11, 427, 1, 1),
(11, 428, 1, 1),
(11, 429, 1, 1),
(11, 430, 1, 1),
(11, 431, 1, 1),
(11, 432, 1, 1),
(11, 433, 1, 1),
(11, 434, 1, 1),
(11, 435, 1, 1),
(11, 436, 0, 0),
(11, 437, 1, 1),
(11, 438, 1, 1),
(11, 439, 1, 1),
(11, 440, 1, 1),
(11, 441, 1, 1),
(11, 442, 1, 1),
(11, 443, 1, 1),
(11, 444, 1, 1),
(11, 445, 1, 1),
(11, 446, 1, 1),
(11, 447, 1, 1),
(11, 448, 1, 1),
(11, 449, 1, 1),
(11, 450, 1, 1),
(11, 451, 1, 1),
(11, 452, 1, 1),
(11, 453, 1, 1),
(11, 454, 1, 1),
(11, 455, 1, 1),
(11, 456, 1, 1),
(11, 457, 1, 1),
(11, 458, 1, 1),
(11, 459, 1, 1),
(11, 460, 1, 1),
(11, 461, 1, 1),
(11, 462, 1, 1),
(11, 463, 1, 1),
(11, 464, 1, 1),
(11, 465, 1, 1),
(11, 466, 1, 1),
(11, 467, 1, 1),
(11, 468, 1, 1),
(11, 469, 1, 1),
(11, 470, 1, 1),
(11, 471, 1, 1),
(11, 472, 1, 1),
(11, 473, 1, 1),
(11, 474, 1, 1),
(11, 475, 1, 1),
(11, 476, 1, 1),
(11, 477, 1, 1),
(11, 478, 1, 1),
(11, 479, 1, 1),
(11, 480, 1, 1),
(11, 481, 1, 1),
(11, 482, 1, 1),
(11, 483, 1, 1),
(12, 223, 1, 1),
(12, 226, 1, 1),
(12, 227, 0, 0),
(12, 239, 1, 1),
(12, 240, 1, 1),
(12, 241, 1, 1),
(12, 242, 1, 1),
(12, 243, 1, 1),
(12, 244, 1, 1),
(12, 246, 1, 1),
(12, 247, 1, 1),
(12, 248, 1, 1),
(12, 250, 1, 1),
(12, 251, 1, 1),
(12, 252, 1, 1),
(12, 253, 1, 1),
(12, 254, 1, 1),
(12, 255, 1, 1),
(12, 256, 1, 1),
(12, 257, 1, 1),
(12, 258, 1, 1),
(12, 259, 1, 1),
(12, 260, 1, 1),
(12, 261, 1, 1),
(12, 262, 1, 1),
(12, 263, 1, 1),
(12, 264, 1, 1),
(12, 265, 1, 1),
(12, 266, 1, 1),
(12, 267, 1, 1),
(12, 268, 1, 1),
(12, 269, 1, 1),
(12, 270, 1, 1),
(12, 271, 1, 1),
(12, 272, 1, 1),
(12, 273, 1, 1),
(12, 274, 1, 1),
(12, 275, 1, 1),
(12, 276, 1, 1),
(12, 277, 1, 1),
(12, 278, 1, 1),
(12, 279, 1, 1),
(12, 280, 1, 1),
(12, 281, 1, 1),
(12, 282, 1, 1),
(12, 283, 1, 1),
(12, 284, 1, 1),
(12, 285, 1, 1),
(12, 286, 1, 1),
(12, 287, 1, 1),
(12, 288, 1, 1),
(12, 290, 1, 1),
(12, 291, 1, 1),
(12, 292, 1, 1),
(12, 293, 1, 1),
(12, 294, 1, 1),
(12, 295, 1, 1),
(12, 296, 1, 1),
(12, 297, 1, 1),
(12, 298, 1, 1),
(12, 299, 1, 1),
(12, 300, 1, 1),
(12, 301, 1, 1),
(12, 302, 1, 1),
(12, 303, 1, 1),
(12, 304, 1, 1),
(12, 305, 1, 1),
(12, 307, 1, 1),
(12, 308, 1, 1),
(12, 309, 1, 1),
(12, 310, 1, 1),
(12, 311, 1, 1),
(12, 312, 1, 1),
(12, 313, 1, 1),
(12, 314, 1, 1),
(12, 315, 1, 1),
(12, 316, 1, 1),
(12, 317, 1, 1),
(12, 318, 1, 1),
(12, 319, 1, 1),
(12, 324, 1, 1),
(12, 327, 1, 1),
(12, 328, 1, 1),
(12, 329, 1, 1),
(12, 330, 1, 1),
(12, 331, 1, 1),
(12, 332, 1, 1),
(12, 333, 1, 1),
(12, 334, 1, 1),
(12, 336, 1, 1),
(12, 337, 1, 1),
(12, 338, 1, 1),
(12, 339, 1, 1),
(12, 340, 1, 1),
(12, 341, 1, 1),
(12, 342, 1, 1),
(12, 343, 1, 1),
(12, 344, 1, 1),
(12, 345, 1, 1),
(12, 349, 1, 1),
(12, 352, 1, 1),
(12, 353, 1, 1),
(12, 354, 1, 1),
(12, 355, 1, 1),
(12, 356, 1, 1),
(12, 357, 1, 1),
(12, 358, 1, 1),
(12, 359, 1, 1),
(12, 362, 1, 1),
(12, 363, 1, 1),
(12, 365, 1, 1),
(12, 366, 1, 1),
(12, 368, 1, 1),
(12, 369, 1, 1),
(12, 370, 1, 1),
(12, 371, 1, 1),
(12, 372, 1, 1),
(12, 373, 1, 1),
(12, 374, 1, 1),
(12, 375, 1, 1),
(12, 376, 1, 1),
(12, 377, 1, 1),
(12, 378, 1, 1),
(12, 379, 1, 1),
(12, 380, 1, 1),
(12, 381, 1, 1),
(12, 382, 1, 1),
(12, 383, 1, 1),
(12, 384, 1, 1),
(12, 385, 1, 1),
(12, 386, 1, 1),
(12, 387, 1, 1),
(12, 388, 1, 1),
(12, 389, 1, 1),
(12, 390, 1, 1),
(12, 391, 1, 1),
(12, 392, 1, 1),
(12, 393, 1, 1),
(12, 394, 1, 1),
(12, 395, 1, 1),
(12, 396, 1, 1),
(12, 397, 1, 1),
(12, 398, 1, 1),
(12, 399, 1, 1),
(12, 400, 1, 1),
(12, 401, 1, 1),
(12, 402, 1, 1),
(12, 403, 1, 1),
(12, 404, 1, 1),
(12, 405, 1, 1),
(12, 406, 1, 1),
(12, 407, 1, 1),
(12, 408, 1, 1),
(12, 409, 1, 1),
(12, 410, 1, 1),
(12, 412, 1, 1),
(12, 413, 1, 1),
(12, 414, 1, 1),
(12, 415, 1, 1),
(12, 416, 1, 1),
(12, 417, 1, 1),
(12, 418, 1, 1),
(12, 419, 1, 1),
(12, 420, 1, 1),
(12, 421, 1, 1),
(12, 422, 0, 0),
(12, 425, 1, 1),
(12, 426, 1, 1),
(12, 427, 1, 1),
(12, 428, 1, 1),
(12, 429, 1, 1),
(12, 430, 0, 0),
(12, 431, 0, 0),
(12, 432, 0, 0),
(12, 433, 0, 0),
(12, 434, 0, 0),
(12, 435, 1, 1),
(12, 436, 0, 0),
(12, 437, 1, 1),
(12, 438, 1, 1),
(12, 439, 1, 1),
(12, 440, 0, 0),
(12, 441, 1, 1),
(12, 442, 1, 1),
(12, 443, 1, 1),
(12, 444, 1, 1),
(12, 445, 1, 1),
(12, 446, 1, 1),
(12, 447, 1, 1),
(12, 448, 1, 1),
(12, 449, 1, 1),
(12, 450, 1, 1),
(12, 451, 1, 1),
(12, 452, 1, 1),
(12, 453, 1, 1),
(12, 454, 1, 1),
(12, 455, 1, 1),
(12, 456, 0, 0),
(12, 457, 1, 1),
(12, 458, 1, 1),
(12, 459, 1, 1),
(12, 460, 1, 1),
(12, 461, 1, 1),
(12, 462, 1, 1),
(12, 463, 1, 1),
(12, 464, 1, 1),
(12, 465, 1, 1),
(12, 466, 1, 1),
(12, 467, 1, 1),
(12, 468, 1, 1),
(12, 469, 1, 1),
(12, 470, 1, 1),
(12, 471, 1, 1),
(12, 472, 1, 1),
(12, 473, 1, 1),
(12, 474, 1, 1),
(12, 475, 1, 1),
(12, 476, 1, 1),
(12, 477, 1, 1),
(12, 478, 1, 1),
(12, 479, 1, 1),
(12, 480, 1, 1),
(12, 481, 1, 1),
(12, 482, 1, 1),
(12, 483, 0, 0),
(13, 227, 0, 0),
(13, 256, 1, 1),
(13, 257, 1, 1),
(13, 258, 1, 1),
(13, 259, 1, 1),
(13, 260, 1, 1),
(13, 261, 1, 1),
(13, 262, 1, 1),
(13, 263, 1, 1),
(13, 264, 1, 1),
(13, 265, 1, 1),
(13, 266, 1, 1),
(13, 267, 1, 1),
(13, 268, 1, 1),
(13, 269, 1, 1),
(13, 270, 1, 1),
(13, 271, 1, 1),
(13, 272, 1, 1),
(13, 273, 1, 1),
(13, 274, 1, 1),
(13, 275, 1, 1),
(13, 276, 1, 1),
(13, 277, 1, 1),
(13, 278, 1, 1),
(13, 279, 1, 1),
(13, 280, 1, 1),
(13, 281, 1, 1),
(13, 282, 1, 1),
(13, 283, 1, 1),
(13, 284, 1, 1),
(13, 285, 1, 1),
(13, 286, 1, 1),
(13, 287, 1, 1),
(13, 288, 1, 1),
(13, 290, 1, 1),
(13, 291, 1, 1),
(13, 292, 1, 1),
(13, 293, 1, 1),
(13, 294, 1, 1),
(13, 295, 1, 1),
(13, 296, 1, 1),
(13, 297, 1, 1),
(13, 298, 1, 1),
(13, 299, 1, 1),
(13, 300, 1, 1),
(13, 301, 1, 1),
(13, 302, 1, 1),
(13, 303, 1, 1),
(13, 304, 1, 1),
(13, 305, 1, 1),
(13, 307, 1, 1),
(13, 308, 1, 1),
(13, 309, 1, 1),
(13, 310, 1, 1),
(13, 311, 1, 1),
(13, 312, 1, 1),
(13, 313, 1, 1),
(13, 314, 1, 1),
(13, 315, 1, 1),
(13, 316, 1, 1),
(13, 317, 1, 1),
(13, 318, 1, 1),
(13, 319, 1, 1),
(13, 324, 1, 1),
(13, 327, 1, 1),
(13, 328, 1, 1),
(13, 329, 0, 0),
(13, 330, 0, 0),
(13, 331, 0, 0),
(13, 332, 1, 1),
(13, 333, 1, 1),
(13, 334, 1, 1),
(13, 336, 1, 1),
(13, 337, 1, 1),
(13, 338, 1, 1),
(13, 339, 1, 1),
(13, 340, 1, 1),
(13, 341, 1, 1),
(13, 342, 1, 1),
(13, 343, 1, 1),
(13, 344, 0, 0),
(13, 345, 0, 0),
(13, 349, 0, 0),
(13, 352, 0, 0),
(13, 353, 1, 1),
(13, 354, 0, 0),
(13, 355, 0, 0),
(13, 356, 0, 0),
(13, 357, 0, 0),
(13, 358, 1, 1),
(13, 359, 0, 0),
(13, 362, 0, 0),
(13, 363, 0, 0),
(13, 365, 1, 1),
(13, 366, 0, 0),
(13, 368, 0, 0),
(13, 369, 0, 0),
(13, 370, 0, 0),
(13, 371, 0, 0),
(13, 372, 0, 0),
(13, 373, 0, 0),
(13, 374, 1, 1),
(13, 375, 1, 1),
(13, 376, 0, 0),
(13, 377, 0, 0),
(13, 378, 0, 0),
(13, 379, 0, 0),
(13, 380, 0, 0),
(13, 381, 0, 0),
(13, 382, 0, 0),
(13, 383, 0, 0),
(13, 384, 1, 1),
(13, 385, 1, 1),
(13, 386, 1, 1),
(13, 387, 1, 1),
(13, 388, 1, 1),
(13, 389, 1, 1),
(13, 390, 1, 1),
(13, 391, 1, 1),
(13, 392, 1, 1),
(13, 393, 1, 1),
(13, 394, 1, 1),
(13, 395, 1, 1),
(13, 396, 1, 1),
(13, 397, 0, 0),
(13, 398, 1, 1),
(13, 399, 1, 1),
(13, 400, 1, 1),
(13, 401, 1, 1),
(13, 402, 1, 1),
(13, 403, 1, 1),
(13, 404, 1, 1),
(13, 405, 1, 1),
(13, 406, 1, 1),
(13, 407, 0, 0),
(13, 408, 0, 0),
(13, 409, 0, 0),
(13, 410, 0, 0),
(13, 412, 0, 0),
(13, 413, 1, 1),
(13, 414, 1, 1),
(13, 415, 0, 0),
(13, 416, 0, 0),
(13, 417, 0, 0),
(13, 418, 1, 1),
(13, 419, 1, 1),
(13, 420, 1, 1),
(13, 421, 1, 1),
(13, 422, 0, 0),
(13, 425, 1, 1),
(13, 426, 1, 1),
(13, 427, 1, 1),
(13, 428, 1, 1),
(13, 429, 1, 1),
(13, 430, 0, 0),
(13, 431, 0, 0),
(13, 432, 0, 0),
(13, 433, 0, 0),
(13, 434, 0, 0),
(13, 435, 1, 1),
(13, 436, 0, 0),
(13, 437, 1, 1),
(13, 438, 1, 1),
(13, 439, 1, 1),
(13, 440, 0, 0),
(13, 441, 1, 1),
(13, 442, 1, 1),
(13, 443, 1, 1),
(13, 444, 1, 1),
(13, 445, 1, 1),
(13, 446, 1, 1),
(13, 447, 1, 1),
(13, 448, 1, 1),
(13, 449, 1, 1),
(13, 450, 1, 1),
(13, 451, 1, 1),
(13, 452, 1, 1),
(13, 453, 1, 1),
(13, 454, 1, 1),
(13, 455, 0, 0),
(13, 456, 0, 0),
(13, 457, 1, 1),
(13, 458, 1, 1),
(13, 459, 1, 1),
(13, 460, 1, 1),
(13, 461, 1, 1),
(13, 462, 1, 1),
(13, 463, 1, 1),
(13, 464, 1, 1),
(13, 465, 1, 1),
(13, 466, 1, 1),
(13, 467, 1, 1),
(13, 468, 1, 1),
(13, 469, 1, 1),
(13, 470, 1, 1),
(13, 471, 1, 1),
(13, 472, 1, 1),
(13, 473, 1, 1),
(13, 474, 1, 1),
(13, 475, 1, 1),
(13, 476, 1, 1),
(13, 477, 1, 1),
(13, 478, 1, 1),
(13, 479, 1, 1),
(13, 480, 1, 1),
(13, 481, 1, 1),
(13, 482, 1, 1),
(13, 483, 0, 0),
(14, 227, 0, 0),
(14, 256, 1, 1),
(14, 257, 1, 1),
(14, 258, 1, 1),
(14, 259, 1, 1),
(14, 260, 1, 1),
(14, 261, 1, 1),
(14, 262, 1, 1),
(14, 263, 1, 1),
(14, 264, 1, 1),
(14, 265, 1, 1),
(14, 266, 1, 1),
(14, 267, 1, 1),
(14, 268, 1, 1),
(14, 269, 1, 1),
(14, 270, 1, 1),
(14, 271, 1, 1),
(14, 272, 1, 1),
(14, 273, 1, 1),
(14, 274, 1, 1),
(14, 275, 1, 1),
(14, 276, 1, 1),
(14, 277, 1, 1),
(14, 278, 1, 1),
(14, 279, 1, 1),
(14, 280, 1, 1),
(14, 281, 1, 1),
(14, 282, 1, 1),
(14, 283, 1, 1),
(14, 284, 1, 1),
(14, 285, 1, 1),
(14, 286, 1, 1),
(14, 287, 1, 1),
(14, 288, 1, 1),
(14, 290, 1, 1),
(14, 291, 1, 1),
(14, 292, 1, 1),
(14, 293, 1, 1),
(14, 294, 1, 1),
(14, 295, 1, 1),
(14, 296, 1, 1),
(14, 297, 1, 1),
(14, 298, 1, 1),
(14, 299, 1, 1),
(14, 300, 1, 1),
(14, 301, 1, 1),
(14, 302, 1, 1),
(14, 303, 1, 1),
(14, 304, 1, 1),
(14, 305, 1, 1),
(14, 307, 1, 1),
(14, 308, 1, 1),
(14, 309, 1, 1),
(14, 310, 1, 1),
(14, 311, 1, 1),
(14, 312, 1, 1),
(14, 313, 1, 1),
(14, 314, 1, 1),
(14, 315, 1, 1),
(14, 316, 1, 1),
(14, 317, 1, 1),
(14, 318, 1, 1),
(14, 319, 1, 1),
(14, 324, 1, 1),
(14, 327, 1, 1),
(14, 328, 1, 1),
(14, 329, 0, 0),
(14, 330, 0, 0),
(14, 331, 0, 0),
(14, 332, 1, 1),
(14, 333, 1, 1),
(14, 334, 1, 1),
(14, 336, 1, 1),
(14, 337, 1, 1),
(14, 338, 1, 1),
(14, 339, 1, 1),
(14, 340, 1, 1),
(14, 341, 1, 1),
(14, 342, 1, 1),
(14, 343, 1, 1),
(14, 344, 0, 0),
(14, 345, 0, 0),
(14, 349, 0, 0),
(14, 352, 0, 0),
(14, 353, 1, 1),
(14, 354, 0, 0),
(14, 355, 0, 0),
(14, 356, 0, 0),
(14, 357, 0, 0),
(14, 358, 1, 1),
(14, 359, 0, 0),
(14, 362, 0, 0),
(14, 363, 0, 0),
(14, 365, 1, 1),
(14, 366, 0, 0),
(14, 368, 0, 0),
(14, 369, 0, 0),
(14, 370, 0, 0),
(14, 371, 0, 0),
(14, 372, 0, 0),
(14, 373, 0, 0),
(14, 374, 1, 1),
(14, 375, 1, 1),
(14, 376, 0, 0),
(14, 377, 0, 0),
(14, 378, 0, 0),
(14, 379, 0, 0),
(14, 380, 0, 0),
(14, 381, 0, 0),
(14, 382, 0, 0),
(14, 383, 0, 0),
(14, 384, 1, 1),
(14, 385, 1, 1),
(14, 386, 1, 1),
(14, 387, 1, 1),
(14, 388, 1, 1),
(14, 389, 1, 1),
(14, 390, 1, 1),
(14, 391, 1, 1),
(14, 392, 1, 1),
(14, 393, 1, 1),
(14, 394, 1, 1),
(14, 395, 1, 1),
(14, 396, 1, 1),
(14, 397, 0, 0),
(14, 398, 1, 1),
(14, 399, 1, 1),
(14, 400, 1, 1),
(14, 401, 1, 1),
(14, 402, 1, 1),
(14, 403, 1, 1),
(14, 404, 1, 1),
(14, 405, 1, 1),
(14, 406, 1, 1),
(14, 407, 0, 0),
(14, 408, 0, 0),
(14, 409, 0, 0),
(14, 410, 0, 0),
(14, 412, 0, 0),
(14, 413, 1, 1),
(14, 414, 1, 1),
(14, 415, 0, 0),
(14, 416, 0, 0),
(14, 417, 0, 0),
(14, 418, 1, 1),
(14, 419, 1, 1),
(14, 420, 1, 1),
(14, 421, 1, 1),
(14, 422, 0, 0),
(14, 425, 1, 1),
(14, 426, 1, 1),
(14, 427, 1, 1),
(14, 428, 1, 1),
(14, 429, 1, 1),
(14, 430, 0, 0),
(14, 431, 0, 0),
(14, 432, 0, 0),
(14, 433, 0, 0),
(14, 434, 0, 0),
(14, 435, 1, 1),
(14, 436, 0, 0),
(14, 437, 1, 1),
(14, 438, 1, 1),
(14, 439, 1, 1),
(14, 440, 0, 0),
(14, 441, 1, 1),
(14, 442, 1, 1),
(14, 443, 1, 1),
(14, 444, 1, 1),
(14, 445, 1, 1),
(14, 446, 1, 1),
(14, 447, 1, 1),
(14, 448, 1, 1),
(14, 449, 1, 1),
(14, 450, 1, 1),
(14, 451, 1, 1),
(14, 452, 1, 1),
(14, 453, 1, 1),
(14, 454, 1, 1),
(14, 455, 0, 0),
(14, 456, 0, 0),
(14, 457, 1, 1),
(14, 458, 1, 1),
(14, 459, 1, 1),
(14, 460, 1, 1),
(14, 461, 1, 1),
(14, 462, 1, 1),
(14, 463, 1, 1),
(14, 464, 1, 1),
(14, 465, 1, 1),
(14, 466, 1, 1),
(14, 467, 1, 1),
(14, 468, 1, 1),
(14, 469, 1, 1),
(14, 470, 1, 1),
(14, 471, 1, 1),
(14, 472, 1, 1),
(14, 473, 1, 1),
(14, 474, 1, 1),
(14, 475, 1, 1),
(14, 476, 1, 1),
(14, 477, 1, 1),
(14, 478, 1, 1),
(14, 479, 1, 1),
(14, 480, 1, 1),
(14, 481, 1, 1),
(14, 482, 1, 1),
(14, 483, 0, 0),
(15, 227, 0, 0),
(15, 387, 1, 1),
(15, 388, 1, 1),
(15, 389, 1, 1),
(15, 390, 1, 1),
(15, 391, 1, 1),
(15, 392, 1, 1),
(15, 393, 1, 1),
(15, 394, 1, 1),
(15, 395, 1, 1),
(15, 396, 1, 1),
(15, 397, 1, 1),
(15, 398, 1, 1),
(15, 399, 1, 1),
(15, 400, 1, 1),
(15, 401, 1, 1),
(15, 402, 1, 1),
(15, 403, 1, 1),
(15, 404, 1, 1),
(15, 405, 1, 1),
(15, 406, 1, 1),
(15, 407, 0, 0),
(15, 408, 0, 0),
(15, 409, 0, 0),
(15, 410, 0, 0),
(15, 412, 0, 0),
(15, 413, 1, 1),
(15, 414, 1, 1),
(15, 415, 0, 0),
(15, 416, 0, 0),
(15, 417, 0, 0),
(15, 418, 0, 0),
(15, 419, 1, 1),
(15, 420, 1, 1),
(15, 421, 1, 1),
(15, 422, 0, 0),
(15, 425, 1, 1),
(15, 426, 1, 1),
(15, 427, 1, 1),
(15, 428, 1, 1),
(15, 429, 1, 1),
(15, 430, 0, 0),
(15, 431, 0, 0),
(15, 432, 0, 0),
(15, 433, 0, 0),
(15, 434, 0, 0),
(15, 435, 1, 1),
(15, 436, 0, 0),
(15, 437, 0, 0),
(15, 438, 0, 0),
(15, 439, 1, 1),
(15, 440, 0, 0),
(15, 441, 1, 1),
(15, 442, 0, 0),
(15, 443, 0, 0),
(15, 444, 0, 0),
(15, 445, 1, 1),
(15, 446, 1, 1),
(15, 447, 1, 1),
(15, 448, 1, 1),
(15, 449, 1, 1),
(15, 450, 1, 1),
(15, 451, 1, 1),
(15, 452, 1, 1),
(15, 453, 1, 1),
(15, 454, 1, 1),
(15, 455, 0, 0),
(15, 456, 0, 0),
(15, 457, 0, 0),
(15, 458, 0, 0),
(15, 459, 0, 0),
(15, 460, 0, 0),
(15, 461, 0, 0),
(15, 462, 0, 0),
(15, 463, 0, 0),
(15, 464, 0, 0),
(15, 465, 0, 0),
(15, 466, 0, 0),
(15, 467, 0, 0),
(15, 468, 0, 0),
(15, 469, 0, 0),
(15, 470, 0, 0),
(15, 471, 0, 0),
(15, 472, 0, 0),
(15, 473, 0, 0),
(15, 474, 0, 0),
(15, 475, 0, 0),
(15, 476, 0, 0),
(15, 477, 0, 0),
(15, 478, 0, 0),
(15, 479, 0, 0),
(15, 480, 0, 0),
(15, 481, 0, 0),
(15, 482, 0, 0),
(15, 483, 0, 0),
(16, 398, 1, 1),
(16, 399, 1, 1),
(16, 400, 1, 1),
(16, 401, 1, 1),
(16, 402, 1, 1),
(16, 403, 1, 1),
(16, 404, 1, 1),
(16, 405, 1, 1),
(16, 406, 1, 1),
(16, 407, 1, 1),
(16, 408, 1, 1),
(16, 409, 1, 1),
(16, 410, 1, 1),
(16, 412, 0, 0),
(16, 413, 1, 1),
(16, 414, 1, 1),
(16, 415, 0, 0),
(16, 416, 0, 0),
(16, 417, 0, 0),
(16, 418, 0, 0),
(16, 419, 1, 1),
(16, 420, 1, 1),
(16, 421, 1, 1),
(16, 422, 0, 0),
(16, 425, 1, 1),
(16, 426, 1, 1),
(16, 427, 1, 1),
(16, 428, 1, 1),
(16, 429, 1, 1),
(16, 430, 0, 0),
(16, 431, 0, 0),
(16, 432, 0, 0),
(16, 433, 0, 0),
(16, 434, 0, 0),
(16, 435, 1, 1),
(16, 436, 0, 0),
(16, 437, 0, 0),
(16, 438, 0, 0),
(16, 439, 1, 1),
(16, 440, 0, 0),
(16, 441, 1, 1),
(16, 442, 0, 0),
(16, 443, 0, 0),
(16, 444, 0, 0),
(16, 445, 1, 1),
(16, 446, 1, 1),
(16, 447, 1, 1),
(16, 448, 1, 1),
(16, 449, 1, 1),
(16, 450, 1, 1),
(16, 451, 1, 1),
(16, 452, 1, 1),
(16, 453, 1, 1),
(16, 454, 1, 1),
(16, 455, 0, 0),
(16, 456, 0, 0),
(16, 457, 0, 0),
(16, 458, 0, 0),
(16, 459, 0, 0),
(16, 460, 0, 0),
(16, 461, 0, 0),
(16, 462, 0, 0),
(16, 463, 0, 0),
(16, 464, 0, 0),
(16, 465, 0, 0),
(16, 466, 0, 0),
(16, 467, 0, 0),
(16, 468, 0, 0),
(16, 469, 0, 0),
(16, 470, 0, 0),
(16, 471, 0, 0),
(16, 472, 0, 0),
(16, 473, 0, 0),
(16, 474, 0, 0),
(16, 475, 0, 0),
(16, 476, 0, 0),
(16, 477, 0, 0),
(16, 478, 0, 0),
(16, 479, 0, 0),
(16, 480, 0, 0),
(16, 481, 0, 0),
(16, 482, 0, 0),
(16, 483, 1, 1);

-- --------------------------------------------------------

--
-- Структура таблицы `tm_acl_role`
--

DROP TABLE IF EXISTS `tm_acl_role`;
CREATE TABLE IF NOT EXISTS `tm_acl_role` (
  `tm_user_role_id` int(10) unsigned NOT NULL,
  `tm_user_resource_id` int(10) unsigned NOT NULL,
  `is_allow` tinyint(1) NOT NULL DEFAULT '0',
  `privileges` varchar(255) NOT NULL,
  PRIMARY KEY (`tm_user_role_id`,`tm_user_resource_id`),
  KEY `tm_user_resource_id` (`tm_user_resource_id`)
) ENGINE=InnoDB DEFAULT CHARSET=utf8;

--
-- Дамп данных таблицы `tm_acl_role`
--

INSERT INTO `tm_acl_role` (`tm_user_role_id`, `tm_user_resource_id`, `is_allow`, `privileges`) VALUES
(1, 1, 1, 'show'),
(1, 2, 1, 'show'),
(1, 3, 1, 'show'),
(1, 4, 1, 'show,show-my-task,show-my-discussion,show-my-reports'),
(1, 5, 1, 'show'),
(1, 6, 1, 'show'),
(1, 7, 1, 'show'),
(1, 8, 1, 'show'),
(1, 15, 1, 'show,show-attribute-hash,show-attribute-type,show-resource'),
(1, 19, 1, 'show'),
(1, 20, 1, 'show'),
(1, 21, 1, 'show'),
(1, 22, 1, 'show'),
(1, 23, 1, 'show'),
(1, 24, 1, 'show'),
(1, 25, 1, 'show'),
(1, 26, 1, 'show,show-attribute-hash,show-attribute-type,show-archive'),
(1, 27, 1, 'show'),
(1, 28, 1, 'show'),
(1, 29, 1, 'show'),
(1, 30, 1, 'show'),
(1, 31, 1, 'show'),
(1, 32, 1, 'show'),
(1, 33, 1, 'show'),
(1, 34, 1, 'show'),
(1, 35, 1, 'show'),
(1, 36, 1, 'show'),
(1, 37, 1, 'show,show-attribute-hash,show-attribute-type'),
(1, 38, 1, 'show'),
(1, 39, 1, 'show'),
(1, 40, 1, 'show'),
(1, 41, 1, 'show'),
(1, 42, 1, 'show'),
(1, 43, 1, 'show'),
(1, 44, 1, 'show'),
(1, 45, 1, 'show'),
(1, 46, 1, 'show'),
(1, 47, 1, 'show'),
(1, 48, 1, 'show'),
(1, 49, 1, 'show'),
(1, 50, 1, 'show'),
(1, 51, 1, 'show'),
(1, 52, 1, 'show'),
(1, 53, 1, 'show'),
(1, 54, 1, 'show'),
(1, 55, 1, 'show'),
(1, 56, 1, 'show'),
(1, 57, 1, 'show'),
(1, 58, 1, 'show'),
(1, 59, 1, 'show'),
(1, 60, 1, 'show'),
(1, 61, 1, 'show'),
(1, 62, 1, 'show'),
(1, 63, 1, 'show'),
(1, 64, 1, 'show'),
(1, 65, 1, 'show'),
(1, 66, 1, 'show'),
(1, 67, 1, 'show'),
(1, 68, 1, 'show'),
(1, 69, 1, 'show'),
(1, 70, 1, 'show'),
(1, 71, 1, 'show'),
(1, 72, 1, 'show'),
(1, 73, 0, 'show'),
(1, 74, 1, 'show'),
(1, 75, 1, 'show'),
(1, 76, 1, 'show'),
(1, 77, 1, 'show'),
(1, 78, 1, 'show'),
(1, 79, 1, 'show'),
(1, 80, 1, 'show'),
(1, 81, 1, 'show'),
(1, 82, 1, 'show'),
(1, 83, 1, 'show'),
(1, 84, 1, 'show'),
(1, 85, 1, 'show'),
(1, 86, 1, 'show'),
(1, 87, 1, 'show'),
(1, 88, 1, 'show'),
(1, 89, 1, 'show'),
(1, 90, 1, 'show'),
(1, 91, 1, 'show'),
(1, 92, 1, 'show'),
(1, 93, 1, 'show'),
(1, 94, 1, 'show'),
(1, 95, 1, 'show,show-attribute-hash,show-attribute-type'),
(1, 96, 1, 'show'),
(1, 97, 1, 'show'),
(1, 98, 1, 'show'),
(1, 99, 1, 'show'),
(3, 1, 1, 'show'),
(3, 2, 1, 'show'),
(3, 3, 1, 'show'),
(3, 4, 1, 'show,show-my-task,show-my-discussion,show-my-reports'),
(3, 5, 0, 'show'),
(3, 6, 0, 'show'),
(3, 7, 0, 'show'),
(3, 8, 0, 'show'),
(3, 15, 0, 'show'),
(3, 19, 0, 'show'),
(3, 20, 0, 'show'),
(3, 21, 0, 'show'),
(3, 22, 0, 'show'),
(3, 23, 0, 'show'),
(3, 24, 0, 'show'),
(3, 25, 0, 'show'),
(3, 26, 1, 'show'),
(3, 27, 0, 'show'),
(3, 28, 0, 'show'),
(3, 29, 0, 'show'),
(3, 30, 0, 'show'),
(3, 31, 0, 'show'),
(3, 32, 0, 'show'),
(3, 33, 0, 'show'),
(3, 34, 0, 'show'),
(3, 35, 0, 'show'),
(3, 36, 0, 'show'),
(3, 37, 1, 'show'),
(3, 38, 0, 'show'),
(3, 39, 0, 'show'),
(3, 40, 0, 'show'),
(3, 41, 0, 'show'),
(3, 42, 0, 'show'),
(3, 43, 0, 'show'),
(3, 44, 0, 'show'),
(3, 45, 0, 'show'),
(3, 46, 0, 'show'),
(3, 47, 0, 'show'),
(3, 48, 0, 'show'),
(3, 49, 0, 'show'),
(3, 50, 1, 'show'),
(3, 51, 0, 'show'),
(3, 52, 0, 'show'),
(3, 53, 0, 'show'),
(3, 54, 0, 'show'),
(3, 55, 0, 'show'),
(3, 56, 0, 'show'),
(3, 57, 0, 'show'),
(3, 58, 1, 'show'),
(3, 59, 0, 'show'),
(3, 60, 1, 'show'),
(3, 61, 0, 'show'),
(3, 62, 0, 'show'),
(3, 63, 0, 'show'),
(3, 64, 1, 'show'),
(3, 65, 1, 'show'),
(3, 66, 1, 'show'),
(3, 67, 0, 'show'),
(3, 68, 0, 'show'),
(3, 69, 0, 'show'),
(3, 70, 0, 'show'),
(3, 71, 0, 'show'),
(3, 72, 0, 'show'),
(3, 73, 1, 'show'),
(3, 74, 1, 'show'),
(3, 75, 1, 'show'),
(3, 76, 1, 'show'),
(3, 77, 1, 'show'),
(3, 78, 1, 'show'),
(3, 79, 0, 'show'),
(3, 80, 0, 'show'),
(3, 81, 0, 'show'),
(3, 82, 0, 'show'),
(3, 83, 0, 'show'),
(3, 84, 0, 'show'),
(3, 85, 0, 'show'),
(3, 86, 1, 'show'),
(4, 1, 1, 'show'),
(4, 2, 1, 'show'),
(4, 3, 1, 'show'),
(4, 4, 1, 'show,show-my-task,show-my-discussion'),
(4, 5, 0, 'show'),
(4, 6, 0, 'show'),
(4, 7, 0, 'show'),
(4, 8, 0, 'show'),
(4, 15, 0, 'show'),
(4, 19, 0, 'show'),
(4, 20, 0, 'show'),
(4, 21, 0, 'show'),
(4, 22, 0, 'show'),
(4, 23, 0, 'show'),
(4, 24, 0, 'show'),
(4, 25, 0, 'show'),
(4, 26, 1, 'show'),
(4, 27, 0, 'show'),
(4, 28, 0, 'show'),
(4, 29, 0, 'show'),
(4, 30, 0, 'show'),
(4, 31, 0, 'show'),
(4, 32, 0, 'show'),
(4, 33, 0, 'show'),
(4, 34, 0, 'show'),
(4, 35, 0, 'show'),
(4, 36, 0, 'show'),
(4, 37, 1, 'show'),
(4, 38, 1, 'show'),
(4, 39, 1, 'show'),
(4, 40, 0, 'show'),
(4, 41, 0, 'show'),
(4, 42, 0, 'show'),
(4, 43, 0, 'show'),
(4, 44, 0, 'show'),
(4, 45, 0, 'show'),
(4, 46, 0, 'show'),
(4, 47, 0, 'show'),
(4, 48, 0, 'show'),
(4, 49, 0, 'show'),
(4, 50, 1, 'show'),
(4, 51, 1, 'show'),
(4, 52, 1, 'show'),
(4, 53, 0, 'show'),
(4, 54, 0, 'show'),
(4, 55, 0, 'show'),
(4, 56, 0, 'show'),
(4, 57, 1, 'show'),
(4, 58, 0, 'show'),
(4, 59, 0, 'show'),
(4, 60, 0, 'show'),
(4, 61, 0, 'show'),
(4, 62, 0, 'show'),
(4, 63, 0, 'show'),
(4, 64, 0, 'show'),
(4, 65, 0, 'show'),
(4, 66, 1, 'show'),
(4, 67, 0, 'show'),
(4, 68, 0, 'show'),
(4, 69, 0, 'show'),
(4, 70, 0, 'show'),
(4, 71, 0, 'show'),
(4, 72, 0, 'show'),
(4, 73, 1, 'show'),
(4, 74, 1, 'show'),
(4, 75, 1, 'show'),
(4, 76, 1, 'show'),
(4, 77, 1, 'show'),
(4, 78, 0, 'show'),
(4, 79, 0, 'show'),
(4, 80, 0, 'show'),
(4, 81, 0, 'show'),
(4, 82, 0, 'show'),
(4, 83, 0, 'show'),
(4, 84, 0, 'show'),
(4, 85, 0, 'show'),
(4, 86, 1, 'show'),
(5, 1, 1, 'show'),
(5, 2, 1, 'show'),
(5, 3, 1, 'show'),
(5, 4, 1, 'show'),
(5, 5, 0, 'show'),
(5, 6, 0, 'show'),
(5, 7, 0, 'show'),
(5, 8, 0, 'show'),
(5, 15, 0, 'show'),
(5, 19, 0, 'show'),
(5, 20, 0, 'show'),
(5, 21, 0, 'show'),
(5, 22, 0, 'show'),
(5, 23, 0, 'show'),
(5, 24, 0, 'show'),
(5, 25, 0, 'show'),
(5, 26, 0, 'show'),
(5, 27, 0, 'show'),
(5, 28, 0, 'show'),
(5, 29, 0, 'show'),
(5, 30, 0, 'show'),
(5, 31, 0, 'show'),
(5, 32, 0, 'show'),
(5, 33, 0, 'show'),
(5, 34, 0, 'show'),
(5, 35, 0, 'show'),
(5, 36, 0, 'show'),
(5, 37, 0, 'show'),
(5, 38, 0, 'show'),
(5, 39, 0, 'show'),
(5, 40, 0, 'show'),
(5, 41, 0, 'show'),
(5, 42, 0, 'show'),
(5, 43, 0, 'show'),
(5, 44, 0, 'show'),
(5, 45, 0, 'show'),
(5, 46, 0, 'show'),
(5, 47, 0, 'show'),
(5, 48, 0, 'show'),
(5, 49, 0, 'show'),
(5, 50, 0, 'show'),
(5, 51, 0, 'show'),
(5, 52, 0, 'show'),
(5, 53, 0, 'show'),
(5, 54, 0, 'show'),
(5, 55, 0, 'show'),
(5, 56, 0, 'show'),
(5, 57, 0, 'show'),
(5, 58, 0, 'show'),
(5, 59, 0, 'show'),
(5, 60, 0, 'show'),
(5, 61, 0, 'show'),
(5, 62, 0, 'show'),
(5, 63, 0, 'show'),
(5, 64, 0, 'show'),
(5, 65, 0, 'show'),
(5, 66, 0, 'show'),
(5, 67, 0, 'show'),
(5, 68, 0, 'show'),
(5, 69, 0, 'show'),
(5, 70, 0, 'show'),
(5, 71, 0, 'show'),
(5, 72, 0, 'show'),
(5, 73, 0, 'show'),
(5, 74, 0, 'show'),
(5, 75, 0, 'show'),
(5, 76, 0, 'show'),
(5, 77, 0, 'show'),
(5, 78, 0, 'show'),
(5, 79, 0, 'show'),
(5, 80, 0, 'show'),
(5, 81, 0, 'show'),
(5, 82, 0, 'show'),
(5, 83, 0, 'show'),
(5, 84, 0, 'show'),
(5, 85, 0, 'show'),
(5, 86, 0, 'show'),
(7, 1, 1, 'show'),
(7, 2, 1, 'show'),
(7, 3, 1, 'show'),
(7, 4, 1, 'show,show-my-task,show-my-discussion'),
(7, 5, 0, ''),
(7, 6, 0, ''),
(7, 7, 0, ''),
(7, 8, 0, ''),
(7, 15, 0, ''),
(7, 19, 0, ''),
(7, 20, 0, ''),
(7, 21, 0, ''),
(7, 22, 0, ''),
(7, 23, 0, ''),
(7, 24, 0, ''),
(7, 25, 0, ''),
(7, 26, 1, 'show'),
(7, 27, 0, ''),
(7, 28, 0, ''),
(7, 29, 0, ''),
(7, 30, 0, ''),
(7, 31, 0, ''),
(7, 32, 0, ''),
(7, 33, 0, ''),
(7, 34, 0, ''),
(7, 35, 0, ''),
(7, 36, 0, ''),
(7, 37, 1, 'show'),
(7, 38, 1, 'show'),
(7, 39, 1, 'show'),
(7, 40, 0, ''),
(7, 41, 0, ''),
(7, 42, 0, ''),
(7, 43, 0, ''),
(7, 44, 0, ''),
(7, 45, 0, ''),
(7, 46, 0, ''),
(7, 47, 0, ''),
(7, 48, 0, ''),
(7, 49, 0, ''),
(7, 50, 1, 'show'),
(7, 51, 1, 'show'),
(7, 52, 1, ''),
(7, 53, 0, ''),
(7, 54, 0, ''),
(7, 55, 0, ''),
(7, 56, 0, ''),
(7, 57, 1, 'show'),
(7, 58, 1, 'show'),
(7, 59, 0, ''),
(7, 60, 1, 'show'),
(7, 61, 0, ''),
(7, 62, 0, ''),
(7, 63, 0, ''),
(7, 64, 1, 'show'),
(7, 65, 1, 'show'),
(7, 66, 1, 'show'),
(7, 67, 0, ''),
(7, 68, 0, ''),
(7, 69, 0, ''),
(7, 70, 0, ''),
(7, 71, 0, ''),
(7, 72, 0, ''),
(7, 73, 1, 'show'),
(7, 74, 1, 'show'),
(7, 75, 1, 'show'),
(7, 76, 1, 'show'),
(7, 77, 1, 'show'),
(7, 78, 1, 'show'),
(7, 79, 0, 'show'),
(7, 80, 0, 'show'),
(7, 81, 0, 'show'),
(7, 82, 0, 'show'),
(7, 83, 0, 'show'),
(7, 84, 0, 'show'),
(7, 85, 0, 'show'),
(7, 86, 1, 'show'),
(8, 1, 1, 'show'),
(8, 2, 1, 'show'),
(8, 3, 1, 'show'),
(8, 4, 1, 'show,show-my-task,show-my-discussion'),
(8, 5, 0, 'show'),
(8, 6, 0, 'show'),
(8, 7, 0, 'show'),
(8, 8, 0, 'show'),
(8, 15, 0, 'show'),
(8, 19, 0, 'show'),
(8, 20, 0, 'show'),
(8, 21, 0, 'show'),
(8, 22, 0, 'show'),
(8, 23, 0, 'show'),
(8, 24, 0, 'show'),
(8, 25, 0, 'show'),
(8, 26, 0, 'show'),
(8, 27, 0, 'show'),
(8, 28, 0, 'show'),
(8, 29, 0, 'show'),
(8, 30, 0, 'show'),
(8, 31, 0, 'show'),
(8, 32, 0, 'show'),
(8, 33, 0, 'show'),
(8, 34, 0, 'show'),
(8, 35, 0, 'show'),
(8, 36, 0, 'show'),
(8, 37, 1, 'show'),
(8, 38, 1, 'show'),
(8, 39, 1, 'show'),
(8, 40, 0, 'show'),
(8, 41, 0, 'show'),
(8, 42, 0, 'show'),
(8, 43, 0, 'show'),
(8, 44, 0, 'show'),
(8, 45, 0, 'show'),
(8, 46, 0, 'show'),
(8, 47, 0, 'show'),
(8, 48, 0, 'show'),
(8, 49, 0, 'show'),
(8, 50, 1, 'show'),
(8, 51, 1, 'show'),
(8, 52, 1, 'show'),
(8, 53, 0, 'show'),
(8, 54, 0, 'show'),
(8, 55, 0, 'show'),
(8, 56, 0, 'show'),
(8, 57, 1, 'show'),
(8, 58, 0, 'show'),
(8, 59, 0, 'show'),
(8, 60, 0, 'show'),
(8, 61, 0, 'show'),
(8, 62, 0, 'show'),
(8, 63, 0, 'show'),
(8, 64, 0, 'show'),
(8, 65, 0, 'show'),
(8, 66, 0, 'show'),
(8, 67, 0, 'show'),
(8, 68, 0, 'show'),
(8, 69, 0, 'show'),
(8, 70, 0, 'show'),
(8, 71, 0, 'show'),
(8, 72, 0, 'show'),
(8, 73, 0, 'show'),
(8, 74, 1, 'show'),
(8, 75, 0, 'show'),
(8, 76, 1, 'show'),
(8, 77, 0, 'show'),
(8, 78, 0, 'show'),
(8, 79, 0, 'show'),
(8, 80, 0, 'show'),
(8, 81, 0, 'show'),
(8, 82, 0, 'show'),
(8, 83, 0, 'show'),
(8, 84, 0, 'show'),
(8, 85, 0, 'show'),
(8, 86, 1, 'show'),
(9, 1, 1, 'show'),
(9, 2, 1, 'show'),
(9, 3, 1, 'show'),
(9, 4, 1, 'show,show-my-task,show-my-discussion,show-my-reports'),
(9, 5, 0, 'show'),
(9, 6, 0, 'show'),
(9, 7, 0, 'show'),
(9, 8, 0, 'show'),
(9, 15, 0, 'show'),
(9, 19, 0, 'show'),
(9, 20, 0, 'show'),
(9, 21, 0, 'show'),
(9, 22, 0, 'show'),
(9, 23, 0, 'show'),
(9, 24, 0, 'show'),
(9, 25, 0, 'show'),
(9, 26, 1, 'show'),
(9, 27, 0, 'show'),
(9, 28, 0, 'show'),
(9, 29, 0, 'show'),
(9, 30, 0, 'show'),
(9, 31, 0, 'show'),
(9, 32, 0, 'show'),
(9, 33, 0, 'show'),
(9, 34, 0, 'show'),
(9, 35, 0, 'show'),
(9, 36, 0, 'show'),
(9, 37, 1, 'show'),
(9, 38, 1, 'show'),
(9, 39, 1, 'show'),
(9, 40, 0, 'show'),
(9, 41, 0, 'show'),
(9, 42, 0, 'show'),
(9, 43, 0, 'show'),
(9, 44, 0, 'show'),
(9, 45, 0, 'show'),
(9, 46, 0, 'show'),
(9, 47, 0, 'show'),
(9, 48, 0, 'show'),
(9, 49, 0, 'show'),
(9, 50, 1, 'show'),
(9, 51, 1, 'show'),
(9, 52, 1, 'show'),
(9, 53, 0, 'show'),
(9, 54, 0, 'show'),
(9, 55, 0, 'show'),
(9, 56, 0, 'show'),
(9, 57, 1, 'show'),
(9, 58, 1, 'show'),
(9, 59, 0, 'show'),
(9, 60, 1, 'show'),
(9, 61, 0, 'show'),
(9, 62, 0, 'show'),
(9, 63, 0, 'show'),
(9, 64, 1, 'show'),
(9, 65, 1, 'show'),
(9, 66, 1, 'show'),
(9, 67, 0, 'show'),
(9, 68, 0, 'show'),
(9, 69, 0, 'show'),
(9, 70, 0, 'show'),
(9, 71, 0, 'show'),
(9, 72, 0, 'show'),
(9, 73, 1, 'show'),
(9, 74, 1, 'show'),
(9, 75, 1, 'show'),
(9, 76, 1, 'show'),
(9, 77, 1, 'show'),
(9, 78, 1, 'show'),
(9, 79, 0, 'show'),
(9, 80, 0, 'show'),
(9, 81, 0, 'show'),
(9, 82, 0, 'show'),
(9, 83, 0, 'show'),
(9, 84, 0, 'show'),
(9, 85, 0, 'show'),
(9, 86, 1, 'show'),
(10, 1, 1, 'show'),
(10, 2, 1, 'show'),
(10, 3, 1, 'show'),
(10, 4, 1, 'show,show-my-task,show-my-discussion'),
(10, 5, 0, 'show'),
(10, 6, 0, 'show'),
(10, 7, 0, 'show'),
(10, 8, 0, 'show'),
(10, 15, 0, 'show'),
(10, 19, 0, 'show'),
(10, 20, 0, 'show'),
(10, 21, 0, 'show'),
(10, 22, 0, 'show'),
(10, 23, 0, 'show'),
(10, 24, 0, 'show'),
(10, 25, 0, 'show'),
(10, 26, 1, 'show'),
(10, 27, 1, 'show'),
(10, 28, 1, 'show'),
(10, 29, 1, 'show'),
(10, 30, 0, 'show'),
(10, 31, 0, 'show'),
(10, 32, 0, 'show'),
(10, 33, 0, 'show'),
(10, 34, 0, 'show'),
(10, 35, 0, 'show'),
(10, 36, 1, 'show'),
(10, 37, 1, 'show'),
(10, 38, 1, 'show'),
(10, 39, 1, 'show'),
(10, 40, 1, 'show'),
(10, 41, 1, 'show'),
(10, 42, 1, 'show'),
(10, 43, 1, 'show'),
(10, 44, 1, 'show'),
(10, 45, 0, 'show'),
(10, 46, 0, 'show'),
(10, 47, 0, 'show'),
(10, 48, 0, 'show'),
(10, 49, 0, 'show'),
(10, 50, 1, 'show'),
(10, 51, 1, 'show'),
(10, 52, 1, 'show'),
(10, 53, 1, 'show'),
(10, 54, 1, 'show'),
(10, 55, 1, 'show'),
(10, 56, 1, 'show'),
(10, 57, 1, 'show'),
(10, 58, 1, 'show'),
(10, 59, 0, 'show'),
(10, 60, 1, 'show'),
(10, 61, 1, 'show'),
(10, 62, 1, 'show'),
(10, 63, 1, 'show'),
(10, 64, 1, 'show'),
(10, 65, 1, 'show'),
(10, 66, 1, 'show'),
(10, 67, 0, 'show'),
(10, 68, 0, 'show'),
(10, 69, 0, 'show'),
(10, 70, 0, 'show'),
(10, 71, 0, 'show'),
(10, 72, 0, 'show'),
(10, 73, 0, 'show'),
(10, 74, 1, 'show'),
(10, 75, 1, 'show'),
(10, 76, 1, 'show'),
(10, 77, 1, 'show'),
(10, 78, 1, 'show'),
(10, 79, 0, 'show'),
(10, 80, 0, 'show'),
(10, 81, 0, 'show'),
(10, 82, 0, 'show'),
(10, 83, 0, 'show'),
(10, 84, 0, 'show'),
(10, 85, 0, 'show'),
(10, 86, 1, 'show'),
(10, 87, 0, 'show'),
(10, 88, 0, 'show'),
(10, 89, 0, 'show'),
(10, 90, 0, 'show'),
(10, 91, 0, 'show'),
(10, 92, 0, 'show'),
(10, 93, 0, 'show'),
(10, 94, 0, 'show'),
(11, 1, 1, 'show'),
(11, 2, 1, 'show'),
(11, 3, 1, 'show'),
(11, 4, 1, 'show,show-my-task,show-my-discussion'),
(11, 5, 0, 'show'),
(11, 6, 0, 'show'),
(11, 7, 0, 'show'),
(11, 8, 0, 'show'),
(11, 15, 0, 'show'),
(11, 19, 0, 'show'),
(11, 20, 0, 'show'),
(11, 21, 0, 'show'),
(11, 22, 0, 'show'),
(11, 23, 0, 'show'),
(11, 24, 0, 'show'),
(11, 25, 0, 'show'),
(11, 26, 1, 'show'),
(11, 27, 1, 'show'),
(11, 28, 1, 'show'),
(11, 29, 1, 'show'),
(11, 30, 0, 'show'),
(11, 31, 0, 'show'),
(11, 32, 0, 'show'),
(11, 33, 0, 'show'),
(11, 34, 0, 'show'),
(11, 35, 0, 'show'),
(11, 36, 1, 'show'),
(11, 37, 1, 'show'),
(11, 38, 1, 'show'),
(11, 39, 1, 'show'),
(11, 40, 1, 'show'),
(11, 41, 0, 'show'),
(11, 42, 1, 'show'),
(11, 43, 1, 'show'),
(11, 44, 0, 'show'),
(11, 45, 0, 'show'),
(11, 46, 0, 'show'),
(11, 47, 0, 'show'),
(11, 48, 0, 'show'),
(11, 49, 0, 'show'),
(11, 50, 1, 'show'),
(11, 51, 1, 'show'),
(11, 52, 1, 'show'),
(11, 53, 1, 'show'),
(11, 54, 1, 'show'),
(11, 55, 1, 'show'),
(11, 56, 1, 'show'),
(11, 57, 1, 'show'),
(11, 58, 0, 'show'),
(11, 59, 0, 'show'),
(11, 60, 0, 'show'),
(11, 61, 0, 'show'),
(11, 62, 0, 'show'),
(11, 63, 0, 'show'),
(11, 64, 0, 'show'),
(11, 65, 0, 'show'),
(11, 66, 1, 'show'),
(11, 67, 0, 'show'),
(11, 68, 0, 'show'),
(11, 69, 0, 'show'),
(11, 70, 0, 'show'),
(11, 71, 0, 'show'),
(11, 72, 0, 'show'),
(11, 73, 0, 'show'),
(11, 74, 1, 'show'),
(11, 75, 1, 'show'),
(11, 76, 1, 'show'),
(11, 77, 0, 'show'),
(11, 78, 0, 'show'),
(11, 79, 0, 'show'),
(11, 80, 0, 'show'),
(11, 81, 0, 'show'),
(11, 82, 0, 'show'),
(11, 83, 0, 'show'),
(11, 84, 0, 'show'),
(11, 85, 0, 'show'),
(11, 86, 1, 'show'),
(11, 87, 0, 'show'),
(11, 88, 0, 'show'),
(11, 89, 0, 'show'),
(11, 90, 0, 'show'),
(11, 91, 1, 'show'),
(11, 92, 0, 'show'),
(11, 93, 0, 'show'),
(11, 94, 0, 'show');

-- --------------------------------------------------------

--
-- Структура таблицы `tm_acl_task`
--

DROP TABLE IF EXISTS `tm_acl_task`;
CREATE TABLE IF NOT EXISTS `tm_acl_task` (
  `user_id` int(10) unsigned NOT NULL,
  `task_id` int(10) unsigned NOT NULL,
  `is_read` tinyint(1) NOT NULL DEFAULT '0',
  `is_write` tinyint(1) NOT NULL DEFAULT '0',
  `is_executant` tinyint(1) DEFAULT '0',
  PRIMARY KEY (`user_id`,`task_id`),
  KEY `fk_tm_acl_tm_user1` (`user_id`),
  KEY `fk_tm_acl_tm_task1` (`task_id`)
) ENGINE=InnoDB DEFAULT CHARSET=utf8;

--
-- Дамп данных таблицы `tm_acl_task`
--

INSERT INTO `tm_acl_task` (`user_id`, `task_id`, `is_read`, `is_write`, `is_executant`) VALUES
(1, 165, 1, 1, 0),
(1, 166, 1, 1, 0),
(1, 186, 1, 1, 0),
(1, 187, 1, 1, 0),
(1, 188, 1, 1, 0),
(1, 189, 1, 1, 0),
(1, 190, 0, 0, 0),
(1, 192, 1, 1, 0),
(1, 193, 1, 1, 0),
(1, 194, 1, 1, 0),
(1, 195, 1, 1, 0),
(1, 196, 1, 1, 0),
(1, 198, 1, 1, 0),
(1, 199, 1, 1, 0),
(1, 200, 1, 1, 0),
(1, 201, 1, 1, 0),
(1, 202, 1, 1, 0),
(1, 203, 1, 1, 0),
(1, 204, 1, 1, 0),
(1, 205, 1, 1, 0),
(1, 207, 1, 1, 0),
(1, 208, 1, 1, 0),
(1, 210, 1, 1, 0),
(1, 211, 1, 1, 0),
(1, 212, 1, 1, 0),
(1, 213, 1, 1, 0),
(1, 214, 1, 1, 0),
(1, 215, 1, 1, 0),
(1, 216, 1, 1, 0),
(1, 217, 1, 1, 0),
(1, 218, 1, 1, 0),
(1, 220, 1, 1, 0),
(1, 221, 1, 1, 0),
(1, 222, 1, 1, 0),
(1, 223, 1, 1, 0),
(1, 224, 1, 1, 0),
(1, 225, 1, 1, 0),
(1, 226, 1, 1, 0),
(1, 227, 1, 1, 0),
(1, 228, 1, 1, 0),
(1, 229, 1, 1, 0),
(1, 230, 1, 1, 0),
(1, 231, 1, 1, 0),
(1, 232, 1, 1, 0),
(1, 233, 1, 1, 0),
(1, 234, 1, 1, 0),
(1, 235, 1, 1, 0),
(1, 236, 1, 1, 0),
(1, 237, 1, 1, 0),
(1, 238, 1, 1, 0),
(1, 239, 1, 1, 0),
(1, 240, 1, 1, 0),
(1, 241, 1, 1, 0),
(1, 243, 1, 1, 0),
(1, 245, 1, 1, 0),
(1, 246, 1, 1, 0),
(1, 247, 1, 1, 0),
(1, 248, 1, 1, 0),
(1, 249, 1, 1, 0),
(1, 250, 1, 1, 0),
(1, 251, 1, 1, 0),
(1, 253, 1, 1, 0),
(1, 254, 1, 1, 0),
(1, 255, 1, 1, 0),
(1, 256, 1, 1, 0),
(1, 257, 1, 1, 0),
(1, 258, 1, 1, 0),
(1, 259, 1, 1, 0),
(1, 260, 1, 1, 0),
(1, 261, 1, 1, 0),
(1, 262, 1, 1, 0),
(1, 263, 1, 1, 0),
(1, 264, 1, 1, 0),
(1, 265, 1, 1, 0),
(1, 266, 1, 1, 0),
(1, 268, 1, 1, 0),
(1, 269, 1, 1, 0),
(1, 270, 1, 1, 0),
(1, 271, 1, 1, 0),
(1, 272, 1, 1, 0),
(1, 273, 1, 1, 0),
(1, 274, 1, 1, 0),
(1, 275, 1, 1, 0),
(1, 276, 1, 1, 0),
(1, 277, 1, 1, 0),
(1, 278, 1, 1, 0),
(1, 279, 1, 1, 0),
(1, 280, 1, 1, 0),
(1, 281, 1, 1, 0),
(1, 282, 1, 1, 0),
(1, 283, 1, 1, 0),
(1, 284, 1, 1, 0),
(1, 285, 1, 1, 0),
(1, 286, 1, 1, 0),
(1, 287, 1, 1, 0),
(1, 288, 1, 1, 0),
(1, 290, 1, 1, 0),
(1, 291, 1, 1, 0),
(1, 292, 1, 1, 0),
(1, 293, 1, 1, 0),
(1, 294, 1, 1, 0),
(1, 296, 1, 1, 0),
(1, 297, 1, 1, 0),
(1, 298, 1, 1, 0),
(1, 299, 1, 1, 0),
(1, 300, 1, 1, 0),
(1, 301, 1, 1, 0),
(1, 302, 1, 1, 0),
(1, 303, 1, 1, 0),
(1, 304, 1, 1, 0),
(1, 305, 1, 1, 0),
(1, 306, 1, 1, 0),
(1, 309, 1, 1, 0),
(1, 310, 1, 1, 0),
(1, 311, 1, 1, 0),
(1, 312, 1, 1, 0),
(1, 313, 1, 1, 0),
(1, 314, 1, 1, 0),
(1, 315, 1, 1, 0),
(1, 316, 1, 1, 0),
(1, 317, 1, 1, 0),
(1, 318, 1, 1, 0),
(1, 319, 1, 1, 0),
(1, 320, 1, 1, 0),
(1, 322, 1, 1, 0),
(1, 323, 1, 1, 0),
(1, 324, 1, 1, 0),
(1, 325, 1, 1, 0),
(1, 326, 1, 1, 0),
(1, 327, 1, 1, 0),
(1, 328, 1, 1, 0),
(1, 329, 1, 1, 0),
(1, 330, 1, 1, 0),
(1, 331, 1, 1, 0),
(1, 332, 1, 1, 0),
(1, 333, 1, 1, 0),
(1, 334, 1, 1, 0),
(1, 335, 1, 1, 0),
(1, 337, 1, 1, 0),
(1, 338, 1, 1, 0),
(1, 339, 1, 1, 0),
(1, 340, 1, 1, 0),
(1, 341, 1, 1, 0),
(1, 342, 1, 1, 0),
(1, 343, 1, 1, 0),
(1, 344, 1, 1, 0),
(1, 345, 1, 1, 0),
(1, 346, 1, 1, 0),
(1, 347, 1, 1, 0),
(1, 352, 1, 1, 0),
(1, 353, 1, 1, 0),
(1, 354, 1, 1, 0),
(1, 355, 1, 1, 0),
(1, 356, 1, 1, 0),
(1, 357, 1, 1, 0),
(1, 358, 1, 1, 0),
(1, 359, 1, 1, 0),
(1, 360, 1, 1, 0),
(1, 361, 1, 1, 0),
(1, 362, 1, 1, 0),
(1, 363, 1, 1, 0),
(1, 364, 1, 1, 0),
(1, 365, 1, 1, 0),
(1, 366, 1, 1, 0),
(1, 367, 1, 1, 0),
(1, 368, 1, 1, 0),
(1, 369, 1, 1, 0),
(1, 370, 1, 1, 0),
(1, 371, 1, 1, 0),
(1, 372, 1, 1, 0),
(1, 373, 1, 1, 0),
(1, 374, 1, 1, 0),
(1, 375, 1, 1, 0),
(1, 376, 1, 1, 0),
(1, 377, 1, 1, 0),
(1, 378, 1, 1, 0),
(1, 379, 1, 1, 0),
(1, 380, 1, 1, 0),
(1, 381, 1, 1, 0),
(1, 382, 1, 1, 0),
(1, 383, 1, 1, 0),
(1, 384, 1, 1, 0),
(1, 385, 1, 1, 0),
(1, 386, 1, 1, 0),
(1, 387, 1, 1, 0),
(1, 388, 1, 1, 0),
(1, 389, 1, 1, 0),
(1, 390, 1, 1, 0),
(1, 391, 1, 1, 0),
(1, 392, 1, 1, 0),
(1, 393, 1, 1, 0),
(1, 394, 1, 1, 0),
(1, 395, 1, 1, 0),
(1, 396, 1, 1, 0),
(1, 397, 1, 1, 0),
(1, 398, 1, 1, 0),
(1, 399, 1, 1, 0),
(1, 400, 1, 1, 0),
(1, 401, 1, 1, 0),
(1, 402, 1, 1, 0),
(1, 403, 1, 1, 0),
(1, 404, 1, 1, 0),
(1, 405, 1, 1, 0),
(1, 406, 1, 1, 0),
(1, 407, 1, 1, 0),
(1, 408, 1, 1, 0),
(1, 409, 1, 1, 0),
(1, 410, 1, 1, 0),
(1, 411, 1, 1, 0),
(1, 412, 1, 1, 0),
(1, 413, 1, 1, 0),
(1, 414, 1, 1, 0),
(1, 415, 1, 1, 0),
(1, 416, 1, 1, 0),
(1, 417, 1, 1, 0),
(1, 418, 1, 1, 0),
(1, 419, 1, 1, 0),
(1, 420, 1, 1, 0),
(1, 421, 1, 1, 0),
(1, 422, 1, 1, 0),
(1, 423, 1, 1, 0),
(1, 424, 1, 1, 0),
(7, 165, 1, 1, 1),
(7, 166, 1, 1, 0),
(7, 186, 1, 1, 0),
(7, 187, 1, 1, 1),
(7, 188, 1, 1, 0),
(7, 189, 1, 1, 0),
(7, 190, 0, 0, 0),
(7, 192, 1, 1, 0),
(7, 193, 1, 1, 0),
(7, 194, 1, 1, 0),
(7, 195, 1, 1, 0),
(7, 196, 1, 1, 1),
(7, 198, 1, 1, 0),
(7, 199, 1, 1, 1),
(7, 200, 1, 1, 1),
(7, 201, 1, 1, 1),
(7, 202, 1, 1, 0),
(7, 203, 1, 1, 0),
(7, 204, 1, 1, 0),
(7, 205, 1, 1, 0),
(7, 207, 1, 1, 0),
(7, 208, 1, 1, 0),
(7, 210, 1, 1, 0),
(7, 211, 1, 1, 0),
(7, 212, 1, 1, 0),
(7, 213, 1, 1, 0),
(7, 214, 1, 1, 0),
(7, 215, 1, 1, 0),
(7, 216, 1, 1, 0),
(7, 217, 1, 1, 0),
(7, 218, 1, 1, 0),
(7, 220, 1, 1, 0),
(7, 221, 1, 1, 0),
(7, 222, 1, 1, 0),
(7, 223, 1, 1, 0),
(7, 224, 1, 1, 0),
(7, 225, 1, 1, 0),
(7, 226, 1, 1, 0),
(7, 227, 1, 1, 0),
(7, 228, 1, 1, 0),
(7, 229, 1, 1, 0),
(7, 230, 1, 1, 0),
(7, 231, 1, 1, 0),
(7, 232, 1, 1, 0),
(7, 233, 1, 1, 0),
(7, 234, 1, 1, 0),
(7, 235, 1, 1, 0),
(7, 236, 1, 1, 0),
(7, 237, 1, 1, 1),
(7, 238, 1, 1, 0),
(7, 239, 1, 1, 0),
(7, 240, 1, 1, 0),
(7, 241, 1, 1, 0),
(7, 243, 1, 1, 1),
(7, 245, 1, 1, 0),
(7, 246, 1, 1, 1),
(7, 247, 1, 1, 0),
(7, 248, 1, 1, 1),
(7, 249, 1, 1, 0),
(7, 250, 1, 1, 0),
(7, 251, 1, 1, 0),
(7, 253, 1, 1, 0),
(7, 254, 1, 1, 0),
(7, 255, 1, 1, 0),
(7, 256, 1, 1, 0),
(7, 257, 1, 1, 0),
(7, 258, 1, 1, 0),
(7, 259, 1, 1, 0),
(7, 260, 1, 1, 0),
(7, 261, 1, 1, 0),
(7, 262, 1, 1, 0),
(7, 263, 1, 1, 0),
(7, 264, 1, 1, 0),
(7, 265, 1, 1, 0),
(7, 266, 1, 1, 0),
(7, 268, 1, 1, 0),
(7, 269, 1, 1, 0),
(7, 270, 1, 1, 1),
(7, 271, 1, 1, 0),
(7, 272, 1, 1, 0),
(7, 273, 1, 1, 0),
(7, 274, 1, 1, 0),
(7, 275, 1, 1, 0),
(7, 276, 1, 1, 1),
(7, 277, 1, 1, 0),
(7, 278, 1, 1, 0),
(7, 279, 1, 1, 0),
(7, 280, 1, 1, 0),
(7, 281, 1, 1, 0),
(7, 282, 1, 1, 0),
(7, 283, 1, 1, 1),
(7, 284, 1, 1, 0),
(7, 285, 1, 1, 0),
(7, 286, 1, 1, 0),
(7, 287, 1, 1, 0),
(7, 288, 1, 1, 0),
(7, 290, 1, 1, 0),
(7, 291, 1, 1, 0),
(7, 292, 1, 1, 0),
(7, 293, 1, 1, 0),
(7, 294, 1, 1, 0),
(7, 296, 1, 1, 0),
(7, 297, 1, 1, 0),
(7, 298, 1, 1, 1),
(7, 299, 1, 1, 0),
(7, 300, 1, 1, 0),
(7, 301, 1, 1, 0),
(7, 302, 1, 1, 0),
(7, 303, 1, 1, 0),
(7, 304, 1, 1, 0),
(7, 305, 1, 1, 0),
(7, 306, 1, 1, 0),
(7, 309, 1, 1, 0),
(7, 310, 1, 1, 0),
(7, 311, 1, 1, 0),
(7, 312, 1, 1, 0),
(7, 313, 1, 1, 0),
(7, 314, 1, 1, 0),
(7, 315, 1, 1, 0),
(7, 316, 1, 1, 0),
(7, 317, 1, 1, 0),
(7, 318, 1, 1, 0),
(7, 319, 1, 1, 0),
(7, 320, 1, 1, 0),
(7, 322, 1, 1, 0),
(7, 323, 1, 1, 0),
(7, 324, 1, 1, 0),
(7, 325, 1, 1, 0),
(7, 326, 1, 1, 0),
(7, 327, 1, 1, 0),
(7, 328, 1, 1, 0),
(7, 329, 1, 1, 0),
(7, 330, 1, 1, 0),
(7, 331, 1, 1, 0),
(7, 332, 1, 1, 0),
(7, 333, 1, 1, 0),
(7, 334, 1, 1, 0),
(7, 335, 1, 1, 0),
(7, 337, 1, 1, 0),
(7, 338, 1, 1, 0),
(7, 339, 1, 1, 0),
(7, 340, 1, 1, 0),
(7, 341, 1, 1, 0),
(7, 342, 1, 1, 0),
(7, 343, 1, 1, 0),
(7, 344, 1, 1, 0),
(7, 345, 1, 1, 0),
(7, 346, 1, 1, 0),
(7, 347, 1, 1, 0),
(7, 352, 1, 1, 0),
(7, 353, 1, 1, 0),
(7, 354, 1, 1, 0),
(7, 355, 1, 1, 0),
(7, 356, 1, 1, 0),
(7, 357, 1, 1, 0),
(7, 358, 1, 1, 0),
(7, 359, 1, 1, 0),
(7, 360, 1, 1, 0),
(7, 361, 1, 1, 0),
(7, 362, 1, 1, 0),
(7, 363, 1, 1, 0),
(7, 364, 1, 1, 0),
(7, 365, 1, 1, 0),
(7, 366, 1, 1, 0),
(7, 367, 1, 1, 0),
(7, 368, 1, 1, 0),
(7, 369, 1, 1, 0),
(7, 370, 1, 1, 0),
(7, 371, 1, 1, 0),
(7, 372, 1, 1, 0),
(7, 373, 1, 1, 0),
(7, 374, 1, 1, 0),
(7, 375, 1, 1, 0),
(7, 376, 1, 1, 0),
(7, 377, 1, 1, 0),
(7, 378, 1, 1, 0),
(7, 379, 1, 1, 0),
(7, 380, 1, 1, 0),
(7, 381, 1, 1, 0),
(7, 382, 1, 1, 0),
(7, 383, 1, 1, 0),
(7, 384, 1, 1, 0),
(7, 385, 1, 1, 0),
(7, 386, 1, 1, 0),
(7, 387, 1, 1, 0),
(7, 388, 1, 1, 0),
(7, 389, 1, 1, 0),
(7, 390, 1, 1, 0),
(7, 391, 1, 1, 0),
(7, 392, 1, 1, 0),
(7, 393, 1, 1, 0),
(7, 394, 1, 1, 0),
(7, 395, 1, 1, 0),
(7, 396, 1, 1, 0),
(7, 397, 1, 1, 0),
(7, 398, 1, 1, 0),
(7, 399, 1, 1, 0),
(7, 400, 1, 1, 0),
(7, 401, 1, 1, 0),
(7, 402, 1, 1, 0),
(7, 403, 1, 1, 0),
(7, 404, 1, 1, 0),
(7, 405, 1, 1, 0),
(7, 406, 1, 1, 0),
(7, 407, 1, 1, 0),
(7, 408, 1, 1, 0),
(7, 409, 1, 1, 0),
(7, 410, 1, 1, 0),
(7, 411, 1, 1, 0),
(7, 412, 1, 1, 0),
(7, 413, 1, 1, 0),
(7, 414, 1, 1, 0),
(7, 415, 1, 1, 0),
(7, 416, 1, 1, 0),
(7, 417, 1, 1, 0),
(7, 418, 1, 1, 0),
(7, 419, 1, 1, 0),
(7, 420, 1, 1, 0),
(7, 421, 1, 1, 0),
(7, 422, 1, 1, 0),
(7, 423, 1, 1, 0),
(7, 424, 1, 1, 0),
(9, 165, 1, 1, 1),
(9, 166, 1, 1, 0),
(9, 186, 0, 0, 0),
(9, 187, 0, 0, 0),
(9, 188, 0, 0, 0),
(9, 189, 0, 0, 0),
(9, 190, 0, 0, 0),
(9, 192, 1, 1, 0),
(9, 193, 0, 0, 0),
(9, 194, 0, 0, 0),
(9, 195, 0, 0, 0),
(9, 196, 0, 0, 0),
(9, 198, 0, 0, 0),
(9, 199, 0, 0, 0),
(9, 200, 1, 1, 1),
(9, 201, 0, 0, 0),
(9, 202, 0, 0, 0),
(9, 203, 1, 1, 0),
(9, 204, 1, 1, 0),
(9, 205, 1, 1, 0),
(9, 207, 1, 1, 0),
(9, 208, 1, 1, 0),
(9, 210, 1, 1, 0),
(9, 211, 1, 1, 0),
(9, 212, 1, 1, 0),
(9, 213, 0, 0, 0),
(9, 214, 1, 1, 0),
(9, 215, 1, 1, 0),
(9, 216, 0, 0, 0),
(9, 217, 1, 1, 0),
(9, 218, 1, 1, 0),
(9, 220, 0, 0, 0),
(9, 221, 0, 0, 0),
(9, 222, 0, 0, 0),
(9, 223, 1, 1, 0),
(9, 224, 0, 0, 0),
(9, 225, 1, 1, 0),
(9, 226, 0, 0, 0),
(9, 227, 1, 1, 0),
(9, 228, 1, 1, 0),
(9, 229, 1, 1, 0),
(9, 230, 1, 1, 0),
(9, 231, 1, 1, 0),
(9, 232, 0, 0, 0),
(9, 233, 1, 1, 0),
(9, 234, 0, 0, 0),
(9, 235, 1, 1, 0),
(9, 236, 1, 1, 0),
(9, 237, 1, 1, 0),
(9, 238, 0, 0, 0),
(9, 239, 1, 1, 0),
(9, 240, 1, 1, 0),
(9, 241, 1, 1, 0),
(9, 243, 1, 1, 0),
(9, 245, 1, 1, 0),
(9, 246, 1, 1, 0),
(9, 247, 1, 1, 0),
(9, 248, 1, 1, 0),
(9, 249, 1, 1, 0),
(9, 250, 1, 1, 0),
(9, 251, 0, 0, 0),
(9, 253, 0, 0, 0),
(9, 254, 1, 1, 0),
(9, 255, 0, 0, 0),
(9, 256, 0, 0, 0),
(9, 257, 1, 1, 0),
(9, 258, 0, 0, 0),
(9, 259, 0, 0, 0),
(9, 260, 1, 1, 0),
(9, 261, 0, 0, 0),
(9, 262, 0, 0, 0),
(9, 263, 0, 0, 0),
(9, 264, 1, 1, 0),
(9, 265, 1, 1, 0),
(9, 266, 1, 1, 0),
(9, 268, 0, 0, 0),
(9, 269, 1, 1, 0),
(9, 270, 0, 0, 0),
(9, 271, 0, 0, 0),
(9, 272, 1, 0, 0),
(9, 273, 0, 0, 0),
(9, 274, 1, 1, 0),
(9, 275, 1, 1, 0),
(9, 276, 1, 1, 0),
(9, 277, 1, 1, 0),
(9, 278, 1, 1, 0),
(9, 279, 1, 1, 0),
(9, 280, 0, 0, 0),
(9, 281, 1, 1, 0),
(9, 282, 1, 1, 0),
(9, 283, 1, 1, 0),
(9, 284, 1, 1, 0),
(9, 285, 0, 0, 0),
(9, 286, 0, 0, 0),
(9, 287, 0, 0, 0),
(9, 288, 1, 1, 0),
(9, 290, 0, 0, 0),
(9, 291, 0, 0, 0),
(9, 292, 0, 0, 0),
(9, 293, 0, 0, 0),
(9, 294, 0, 0, 0),
(9, 296, 0, 0, 0),
(9, 297, 1, 1, 0),
(9, 298, 1, 1, 0),
(9, 299, 0, 0, 0),
(9, 300, 0, 0, 0),
(9, 301, 0, 0, 0),
(9, 302, 0, 0, 0),
(9, 303, 1, 1, 0),
(9, 304, 0, 0, 0),
(9, 305, 0, 0, 0),
(9, 306, 0, 0, 0),
(9, 309, 0, 0, 0),
(9, 310, 0, 0, 0),
(9, 311, 0, 0, 0),
(9, 312, 1, 1, 0),
(9, 313, 0, 0, 0),
(9, 314, 0, 0, 0),
(9, 315, 0, 0, 0),
(9, 316, 0, 0, 0),
(9, 317, 0, 0, 0),
(9, 318, 0, 0, 0),
(9, 319, 0, 0, 0),
(9, 320, 1, 1, 0),
(9, 322, 0, 0, 0),
(9, 323, 0, 0, 0),
(9, 324, 0, 0, 0),
(9, 325, 0, 0, 0),
(9, 326, 0, 0, 0),
(9, 327, 0, 0, 0),
(9, 328, 0, 0, 0),
(9, 329, 0, 0, 0),
(9, 330, 1, 1, 0),
(9, 331, 1, 1, 0),
(9, 332, 1, 1, 0),
(9, 333, 1, 1, 0),
(9, 334, 0, 0, 0),
(9, 335, 1, 1, 0),
(9, 337, 1, 1, 0),
(9, 338, 1, 1, 0),
(9, 339, 1, 1, 0),
(9, 340, 1, 1, 0),
(9, 341, 1, 1, 0),
(9, 342, 1, 1, 0),
(9, 343, 0, 0, 0),
(9, 344, 0, 0, 0),
(9, 345, 1, 1, 0),
(9, 346, 1, 1, 0),
(9, 347, 1, 1, 0),
(9, 352, 1, 1, 0),
(9, 353, 1, 1, 1),
(9, 354, 1, 1, 0),
(9, 355, 1, 1, 0),
(9, 356, 1, 1, 0),
(9, 357, 0, 0, 0),
(9, 358, 0, 0, 0),
(9, 359, 1, 1, 0),
(9, 360, 1, 1, 0),
(9, 361, 1, 1, 0),
(9, 362, 0, 0, 0),
(9, 363, 1, 1, 0),
(9, 364, 1, 1, 0),
(9, 365, 1, 1, 0),
(9, 366, 0, 0, 0),
(9, 367, 1, 1, 0),
(9, 368, 1, 1, 0),
(9, 369, 1, 1, 0),
(9, 370, 1, 1, 0),
(9, 371, 1, 1, 0),
(9, 372, 0, 0, 0),
(9, 373, 0, 0, 0),
(9, 374, 0, 0, 0),
(9, 375, 0, 0, 0),
(9, 376, 0, 0, 0),
(9, 377, 1, 1, 0),
(9, 378, 0, 0, 0),
(9, 379, 0, 0, 0),
(9, 380, 0, 0, 0),
(9, 381, 1, 1, 0),
(9, 382, 0, 0, 0),
(9, 383, 1, 1, 0),
(9, 384, 0, 0, 0),
(9, 385, 0, 0, 0),
(9, 386, 0, 0, 0),
(9, 387, 1, 1, 0),
(9, 388, 1, 1, 0),
(9, 389, 1, 1, 0),
(9, 390, 1, 1, 0),
(9, 391, 1, 1, 0),
(9, 392, 1, 1, 0),
(9, 393, 1, 1, 0),
(9, 394, 1, 1, 0),
(9, 395, 1, 1, 0),
(9, 396, 1, 1, 0),
(9, 397, 1, 1, 0),
(9, 398, 0, 0, 0),
(9, 399, 0, 0, 0),
(9, 400, 0, 0, 0),
(9, 401, 0, 0, 0),
(9, 402, 0, 0, 0),
(9, 403, 0, 0, 0),
(9, 404, 0, 0, 0),
(9, 405, 0, 0, 0),
(9, 406, 0, 0, 0),
(9, 407, 0, 0, 0),
(9, 408, 0, 0, 0),
(9, 409, 0, 0, 0),
(9, 410, 0, 0, 0),
(9, 411, 0, 0, 0),
(9, 412, 0, 0, 0),
(9, 413, 0, 0, 0),
(9, 414, 0, 0, 0),
(9, 415, 0, 0, 0),
(9, 416, 0, 0, 0),
(9, 417, 0, 0, 0),
(9, 418, 0, 0, 0),
(9, 419, 0, 0, 0),
(9, 420, 0, 0, 0),
(9, 421, 0, 0, 0),
(9, 422, 0, 0, 0),
(9, 423, 0, 0, 0),
(9, 424, 0, 0, 0),
(11, 165, 1, 1, 0),
(11, 166, 1, 1, 1),
(11, 186, 1, 1, 1),
(11, 187, 1, 1, 1),
(11, 188, 0, 0, 0),
(11, 189, 0, 0, 0),
(11, 190, 0, 0, 0),
(11, 192, 1, 1, 0),
(11, 193, 1, 1, 1),
(11, 194, 1, 1, 0),
(11, 195, 1, 1, 1),
(11, 196, 1, 1, 0),
(11, 198, 1, 1, 0),
(11, 199, 1, 1, 0),
(11, 200, 1, 1, 0),
(11, 201, 1, 1, 0),
(11, 202, 1, 1, 0),
(11, 203, 1, 1, 0),
(11, 204, 1, 1, 0),
(11, 205, 1, 1, 0),
(11, 207, 1, 1, 0),
(11, 208, 1, 1, 0),
(11, 210, 1, 1, 0),
(11, 211, 1, 1, 0),
(11, 212, 1, 1, 1),
(11, 213, 1, 1, 0),
(11, 214, 1, 1, 0),
(11, 215, 1, 1, 0),
(11, 216, 1, 1, 1),
(11, 217, 1, 1, 0),
(11, 218, 1, 1, 0),
(11, 220, 1, 1, 0),
(11, 221, 1, 1, 0),
(11, 222, 1, 1, 0),
(11, 223, 1, 1, 0),
(11, 224, 1, 1, 1),
(11, 225, 1, 1, 0),
(11, 226, 1, 1, 0),
(11, 227, 1, 1, 0),
(11, 228, 1, 1, 0),
(11, 229, 1, 1, 0),
(11, 230, 1, 1, 0),
(11, 231, 1, 1, 0),
(11, 232, 1, 1, 0),
(11, 233, 1, 1, 1),
(11, 234, 1, 1, 0),
(11, 235, 1, 1, 1),
(11, 236, 1, 1, 0),
(11, 237, 1, 1, 1),
(11, 238, 1, 1, 0),
(11, 239, 1, 1, 1),
(11, 240, 1, 1, 0),
(11, 241, 1, 1, 0),
(11, 243, 1, 1, 0),
(11, 245, 1, 1, 0),
(11, 246, 1, 1, 0),
(11, 247, 1, 1, 0),
(11, 248, 1, 1, 0),
(11, 249, 1, 1, 0),
(11, 250, 1, 1, 0),
(11, 251, 1, 1, 1),
(11, 253, 1, 1, 1),
(11, 254, 1, 1, 0),
(11, 255, 1, 1, 1),
(11, 256, 1, 1, 1),
(11, 257, 1, 1, 0),
(11, 258, 1, 1, 1),
(11, 259, 1, 1, 0),
(11, 260, 1, 1, 0),
(11, 261, 1, 1, 0),
(11, 262, 1, 1, 0),
(11, 263, 1, 1, 0),
(11, 264, 1, 1, 0),
(11, 265, 1, 1, 0),
(11, 266, 1, 1, 0),
(11, 268, 1, 1, 1),
(11, 269, 1, 1, 1),
(11, 270, 1, 1, 0),
(11, 271, 1, 1, 0),
(11, 272, 1, 1, 0),
(11, 273, 1, 1, 1),
(11, 274, 1, 1, 0),
(11, 275, 1, 1, 0),
(11, 276, 1, 1, 0),
(11, 277, 1, 1, 0),
(11, 278, 1, 1, 0),
(11, 279, 1, 1, 0),
(11, 280, 1, 1, 0),
(11, 281, 1, 1, 0),
(11, 282, 1, 1, 0),
(11, 283, 1, 1, 0),
(11, 284, 1, 1, 0),
(11, 285, 1, 1, 1),
(11, 286, 1, 1, 0),
(11, 287, 1, 1, 0),
(11, 288, 1, 1, 0),
(11, 290, 1, 1, 0),
(11, 291, 1, 1, 0),
(11, 292, 1, 1, 0),
(11, 293, 1, 1, 0),
(11, 294, 1, 1, 0),
(11, 296, 1, 1, 0),
(11, 297, 1, 1, 1),
(11, 298, 1, 1, 0),
(11, 299, 1, 1, 1),
(11, 300, 1, 1, 1),
(11, 301, 1, 1, 1),
(11, 302, 1, 1, 1),
(11, 303, 1, 1, 0),
(11, 304, 1, 1, 1),
(11, 305, 1, 1, 1),
(11, 306, 1, 1, 1),
(11, 309, 1, 1, 1),
(11, 310, 1, 1, 1),
(11, 311, 1, 1, 1),
(11, 312, 1, 1, 0),
(11, 313, 1, 1, 0),
(11, 314, 0, 0, 0),
(11, 315, 0, 0, 0),
(11, 316, 0, 0, 0),
(11, 317, 0, 0, 0),
(11, 318, 0, 0, 0),
(11, 319, 0, 0, 0),
(11, 320, 1, 1, 1),
(11, 322, 0, 0, 0),
(11, 323, 0, 0, 0),
(11, 324, 0, 0, 0),
(11, 325, 0, 0, 0),
(11, 326, 0, 0, 0),
(11, 327, 0, 0, 0),
(11, 328, 0, 0, 0),
(11, 329, 0, 0, 0),
(11, 330, 1, 1, 0),
(11, 331, 1, 1, 0),
(11, 332, 1, 1, 0),
(11, 333, 1, 1, 0),
(11, 334, 1, 1, 1),
(11, 335, 1, 1, 1),
(11, 337, 1, 1, 1),
(11, 338, 1, 1, 1),
(11, 339, 1, 1, 1),
(11, 340, 1, 1, 0),
(11, 341, 1, 1, 1),
(11, 342, 1, 1, 1),
(11, 343, 1, 1, 0),
(11, 344, 1, 1, 0),
(11, 345, 1, 1, 0),
(11, 346, 1, 1, 0),
(11, 347, 1, 1, 0),
(11, 352, 1, 1, 0),
(11, 353, 1, 1, 0),
(11, 354, 1, 1, 0),
(11, 355, 1, 1, 0),
(11, 356, 1, 1, 0),
(11, 357, 1, 1, 0),
(11, 358, 1, 1, 0),
(11, 359, 1, 1, 0),
(11, 360, 1, 1, 0),
(11, 361, 1, 1, 0),
(11, 362, 1, 1, 0),
(11, 363, 1, 1, 0),
(11, 364, 1, 1, 0),
(11, 365, 1, 1, 0),
(11, 366, 1, 1, 0),
(11, 367, 1, 1, 0),
(11, 368, 1, 1, 0),
(11, 369, 1, 1, 0),
(11, 370, 1, 1, 0),
(11, 371, 1, 1, 0),
(11, 372, 1, 1, 0),
(11, 373, 1, 1, 0),
(11, 374, 1, 1, 0),
(11, 375, 1, 1, 0),
(11, 376, 1, 1, 0),
(11, 377, 1, 1, 0),
(11, 378, 0, 0, 0),
(11, 379, 1, 1, 0),
(11, 380, 1, 1, 0),
(11, 381, 1, 1, 0),
(11, 382, 1, 1, 0),
(11, 383, 1, 1, 0),
(11, 384, 1, 1, 0),
(11, 385, 1, 1, 0),
(11, 386, 1, 1, 0),
(11, 387, 1, 1, 0),
(11, 388, 1, 1, 0),
(11, 389, 1, 1, 0),
(11, 390, 1, 1, 0),
(11, 391, 1, 1, 0),
(11, 392, 1, 1, 0),
(11, 393, 1, 1, 0),
(11, 394, 1, 1, 0),
(11, 395, 1, 1, 0),
(11, 396, 1, 1, 0),
(11, 397, 1, 1, 0),
(11, 398, 1, 1, 0),
(11, 399, 1, 1, 0),
(11, 400, 1, 1, 0),
(11, 401, 1, 1, 0),
(11, 402, 1, 1, 0),
(11, 403, 1, 1, 0),
(11, 404, 1, 1, 0),
(11, 405, 1, 1, 0),
(11, 406, 1, 1, 0),
(11, 407, 1, 1, 0),
(11, 408, 1, 1, 0),
(11, 409, 1, 1, 0),
(11, 410, 1, 1, 0),
(11, 411, 1, 1, 0),
(11, 412, 1, 1, 0),
(11, 413, 1, 1, 0),
(11, 414, 1, 1, 0),
(11, 415, 1, 1, 0),
(11, 416, 1, 1, 0),
(11, 417, 1, 1, 0),
(11, 418, 1, 1, 0),
(11, 419, 1, 1, 0),
(11, 420, 1, 1, 0),
(11, 421, 1, 1, 0),
(11, 422, 1, 1, 0),
(11, 423, 1, 1, 0),
(11, 424, 1, 1, 0),
(12, 165, 1, 1, 1),
(12, 186, 1, 1, 0),
(12, 187, 0, 0, 0),
(12, 188, 0, 0, 0),
(12, 189, 1, 1, 0),
(12, 190, 0, 0, 0),
(12, 192, 0, 0, 0),
(12, 193, 0, 0, 0),
(12, 194, 0, 0, 0),
(12, 195, 0, 0, 0),
(12, 198, 0, 0, 0),
(12, 199, 0, 0, 0),
(12, 200, 0, 0, 0),
(12, 201, 0, 0, 0),
(12, 202, 1, 1, 1),
(12, 203, 1, 1, 1),
(12, 204, 1, 1, 0),
(12, 205, 1, 1, 0),
(12, 207, 1, 1, 0),
(12, 208, 1, 1, 1),
(12, 210, 1, 1, 0),
(12, 211, 1, 1, 0),
(12, 212, 0, 0, 0),
(12, 213, 1, 1, 0),
(12, 214, 1, 1, 0),
(12, 215, 1, 1, 0),
(12, 216, 1, 1, 0),
(12, 217, 1, 1, 0),
(12, 218, 1, 1, 0),
(12, 220, 1, 1, 0),
(12, 221, 1, 1, 0),
(12, 222, 1, 1, 0),
(12, 223, 1, 1, 0),
(12, 224, 1, 1, 0),
(12, 225, 1, 1, 0),
(12, 226, 1, 1, 0),
(12, 227, 1, 1, 0),
(12, 228, 1, 1, 0),
(12, 229, 1, 1, 0),
(12, 230, 1, 1, 0),
(12, 231, 1, 1, 0),
(12, 232, 1, 1, 0),
(12, 233, 1, 1, 0),
(12, 234, 1, 1, 0),
(12, 235, 1, 1, 0),
(12, 236, 1, 1, 0),
(12, 237, 1, 1, 0),
(12, 238, 1, 1, 0),
(12, 239, 1, 1, 0),
(12, 240, 1, 1, 0),
(12, 241, 1, 1, 1),
(12, 243, 1, 1, 0),
(12, 245, 1, 1, 0),
(12, 246, 1, 1, 0),
(12, 247, 1, 1, 0),
(12, 248, 1, 1, 0),
(12, 249, 1, 1, 0),
(12, 250, 1, 1, 0),
(12, 251, 1, 1, 0),
(12, 253, 1, 1, 0),
(12, 254, 1, 1, 0),
(12, 255, 1, 1, 0),
(12, 256, 1, 1, 0),
(12, 257, 1, 1, 0),
(12, 258, 1, 1, 0),
(12, 259, 1, 1, 0),
(12, 260, 1, 1, 0),
(12, 261, 1, 1, 1),
(12, 262, 1, 1, 0),
(12, 263, 1, 1, 0),
(12, 264, 1, 1, 0),
(12, 265, 1, 1, 0),
(12, 266, 1, 1, 0),
(12, 268, 1, 1, 0),
(12, 269, 1, 1, 0),
(12, 270, 1, 1, 0),
(12, 271, 1, 1, 0),
(12, 272, 1, 1, 0),
(12, 273, 1, 1, 0),
(12, 274, 1, 1, 0),
(12, 275, 1, 1, 0),
(12, 276, 1, 1, 0),
(12, 277, 1, 1, 0),
(12, 278, 1, 1, 0),
(12, 279, 1, 1, 0),
(12, 280, 1, 1, 0),
(12, 281, 1, 1, 0),
(12, 282, 1, 1, 0),
(12, 283, 1, 1, 0),
(12, 284, 1, 1, 1),
(12, 285, 1, 1, 0),
(12, 286, 1, 1, 0),
(12, 287, 1, 1, 0),
(12, 288, 1, 1, 0),
(12, 290, 1, 1, 1),
(12, 291, 1, 1, 0),
(12, 292, 1, 1, 0),
(12, 293, 1, 1, 0),
(12, 294, 1, 1, 0),
(12, 296, 1, 1, 1),
(12, 297, 1, 1, 0),
(12, 298, 1, 1, 0),
(12, 299, 1, 1, 0),
(12, 300, 1, 1, 0),
(12, 301, 1, 1, 0),
(12, 302, 1, 1, 0),
(12, 303, 1, 1, 0),
(12, 304, 1, 1, 0),
(12, 305, 1, 1, 0),
(12, 306, 1, 1, 0),
(12, 309, 1, 1, 0),
(12, 310, 1, 1, 0),
(12, 311, 1, 1, 0),
(12, 312, 1, 1, 0),
(12, 313, 1, 1, 0),
(12, 314, 1, 1, 0),
(12, 315, 1, 1, 0),
(12, 316, 1, 1, 0),
(12, 317, 1, 1, 0),
(12, 318, 1, 1, 0),
(12, 319, 1, 1, 0),
(12, 320, 1, 1, 0),
(12, 322, 1, 1, 0),
(12, 323, 1, 1, 0),
(12, 324, 1, 1, 0),
(12, 325, 1, 1, 0),
(12, 326, 1, 1, 0),
(12, 327, 1, 1, 0),
(12, 328, 1, 1, 0),
(12, 329, 1, 1, 0),
(12, 330, 1, 1, 0),
(12, 331, 1, 1, 0),
(12, 332, 1, 1, 0),
(12, 333, 1, 1, 0),
(12, 334, 1, 1, 0),
(12, 335, 1, 1, 0),
(12, 337, 1, 1, 0),
(12, 338, 1, 1, 0),
(12, 339, 1, 1, 0),
(12, 340, 1, 1, 0),
(12, 341, 1, 1, 0),
(12, 342, 1, 1, 0),
(12, 343, 1, 1, 0),
(12, 344, 1, 1, 0),
(12, 345, 1, 1, 0),
(12, 346, 1, 1, 0),
(12, 347, 1, 1, 0),
(12, 352, 1, 1, 0),
(12, 353, 1, 1, 0),
(12, 354, 1, 1, 0),
(12, 355, 1, 1, 0),
(12, 356, 1, 1, 0),
(12, 357, 1, 1, 0),
(12, 358, 1, 1, 0),
(12, 359, 1, 1, 0),
(12, 360, 1, 1, 0),
(12, 361, 1, 1, 0),
(12, 362, 1, 1, 0),
(12, 363, 1, 1, 0),
(12, 364, 1, 1, 0),
(12, 365, 1, 1, 0),
(12, 366, 0, 0, 0),
(12, 367, 1, 1, 0),
(12, 368, 1, 1, 0),
(12, 369, 1, 1, 0),
(12, 370, 1, 1, 0),
(12, 371, 1, 1, 0),
(12, 372, 0, 0, 0),
(12, 373, 0, 0, 0),
(12, 374, 0, 0, 0),
(12, 375, 0, 0, 0),
(12, 376, 0, 0, 0),
(12, 377, 1, 1, 0),
(12, 378, 0, 0, 0),
(12, 379, 1, 1, 0),
(12, 380, 1, 1, 0),
(12, 381, 1, 1, 0),
(12, 382, 0, 0, 0),
(12, 383, 1, 1, 0),
(12, 384, 1, 1, 0),
(12, 385, 1, 1, 0),
(12, 386, 1, 1, 0),
(12, 387, 1, 1, 0),
(12, 388, 1, 1, 0),
(12, 389, 1, 1, 0),
(12, 390, 1, 1, 0),
(12, 391, 1, 1, 0),
(12, 392, 1, 1, 0),
(12, 393, 1, 1, 0),
(12, 394, 1, 1, 0),
(12, 395, 1, 1, 0),
(12, 396, 1, 1, 0),
(12, 397, 1, 1, 0),
(12, 398, 0, 0, 0),
(12, 399, 1, 1, 0),
(12, 400, 1, 1, 0),
(12, 401, 1, 1, 0),
(12, 402, 1, 1, 0),
(12, 403, 1, 1, 0),
(12, 404, 1, 1, 0),
(12, 405, 1, 1, 0),
(12, 406, 1, 1, 0),
(12, 407, 1, 1, 0),
(12, 408, 1, 1, 0),
(12, 409, 1, 1, 0),
(12, 410, 1, 1, 0),
(12, 411, 1, 1, 0),
(12, 412, 1, 1, 0),
(12, 413, 1, 1, 0),
(12, 414, 1, 1, 0),
(12, 415, 1, 1, 0),
(12, 416, 1, 1, 0),
(12, 417, 1, 1, 0),
(12, 418, 1, 1, 0),
(12, 419, 1, 1, 0),
(12, 420, 1, 1, 0),
(12, 421, 1, 1, 0),
(12, 422, 1, 1, 0),
(12, 423, 1, 1, 0),
(12, 424, 1, 1, 0),
(13, 165, 0, 0, 0),
(13, 186, 1, 1, 0),
(13, 187, 0, 0, 0),
(13, 188, 0, 0, 0),
(13, 189, 0, 0, 0),
(13, 190, 0, 0, 0),
(13, 192, 0, 0, 0),
(13, 193, 0, 0, 0),
(13, 194, 0, 0, 0),
(13, 195, 0, 0, 0),
(13, 198, 0, 0, 0),
(13, 199, 0, 0, 0),
(13, 200, 0, 0, 0),
(13, 201, 0, 0, 0),
(13, 202, 0, 0, 0),
(13, 203, 0, 0, 0),
(13, 204, 0, 0, 0),
(13, 205, 0, 0, 0),
(13, 208, 0, 0, 0),
(13, 210, 0, 0, 0),
(13, 211, 0, 0, 0),
(13, 212, 0, 0, 0),
(13, 213, 0, 0, 0),
(13, 216, 0, 0, 0),
(13, 217, 0, 0, 0),
(13, 220, 1, 1, 0),
(13, 221, 1, 1, 0),
(13, 222, 1, 1, 0),
(13, 223, 1, 1, 0),
(13, 224, 1, 1, 0),
(13, 225, 1, 1, 0),
(13, 226, 1, 1, 0),
(13, 227, 1, 1, 0),
(13, 228, 1, 1, 0),
(13, 229, 1, 1, 0),
(13, 230, 1, 1, 0),
(13, 231, 1, 1, 0),
(13, 232, 1, 1, 0),
(13, 233, 1, 1, 0),
(13, 234, 1, 1, 0),
(13, 235, 1, 1, 0),
(13, 236, 1, 1, 0),
(13, 237, 1, 1, 0),
(13, 238, 1, 1, 0),
(13, 239, 1, 1, 0),
(13, 240, 1, 1, 0),
(13, 241, 1, 1, 0),
(13, 243, 1, 1, 0),
(13, 245, 1, 1, 0),
(13, 246, 1, 1, 0),
(13, 247, 1, 1, 0),
(13, 248, 1, 1, 0),
(13, 249, 1, 1, 0),
(13, 250, 1, 1, 0),
(13, 251, 1, 1, 0),
(13, 253, 1, 1, 0),
(13, 254, 1, 1, 0),
(13, 255, 1, 1, 0),
(13, 256, 0, 0, 0),
(13, 257, 1, 1, 0),
(13, 258, 1, 1, 0),
(13, 259, 1, 1, 0),
(13, 260, 1, 1, 0),
(13, 261, 1, 1, 1),
(13, 262, 1, 1, 0),
(13, 263, 1, 1, 0),
(13, 264, 1, 1, 0),
(13, 265, 1, 1, 0),
(13, 266, 1, 1, 0),
(13, 268, 1, 1, 0),
(13, 269, 1, 1, 0),
(13, 270, 1, 1, 0),
(13, 271, 1, 1, 0),
(13, 272, 1, 1, 0),
(13, 273, 1, 1, 0),
(13, 274, 1, 1, 0),
(13, 275, 1, 1, 0),
(13, 276, 1, 1, 0),
(13, 277, 1, 1, 0),
(13, 278, 1, 1, 0),
(13, 279, 1, 1, 0),
(13, 280, 1, 1, 0),
(13, 281, 1, 1, 0),
(13, 282, 1, 1, 0),
(13, 283, 1, 1, 0),
(13, 284, 1, 1, 0),
(13, 285, 0, 0, 0),
(13, 286, 0, 0, 0),
(13, 287, 0, 0, 0),
(13, 288, 1, 1, 0),
(13, 290, 1, 1, 0),
(13, 291, 1, 1, 0),
(13, 292, 1, 1, 0),
(13, 293, 1, 1, 0),
(13, 294, 1, 1, 0),
(13, 296, 1, 1, 0),
(13, 297, 1, 1, 0),
(13, 298, 1, 1, 0),
(13, 299, 0, 0, 0),
(13, 300, 0, 0, 0),
(13, 301, 0, 0, 0),
(13, 302, 0, 0, 0),
(13, 303, 1, 1, 0),
(13, 304, 0, 0, 0),
(13, 305, 0, 0, 0),
(13, 306, 0, 0, 0),
(13, 309, 0, 0, 0),
(13, 310, 0, 0, 0),
(13, 311, 0, 0, 0),
(13, 312, 1, 1, 0),
(13, 313, 0, 0, 0),
(13, 314, 0, 0, 0),
(13, 315, 0, 0, 0),
(13, 316, 0, 0, 0),
(13, 317, 0, 0, 0),
(13, 318, 0, 0, 0),
(13, 319, 0, 0, 0),
(13, 320, 1, 1, 0),
(13, 322, 0, 0, 0),
(13, 323, 0, 0, 0),
(13, 324, 0, 0, 0),
(13, 325, 0, 0, 0),
(13, 326, 0, 0, 0),
(13, 327, 0, 0, 0),
(13, 328, 0, 0, 0),
(13, 329, 0, 0, 0),
(13, 330, 1, 1, 0),
(13, 331, 1, 1, 0),
(13, 332, 1, 1, 0),
(13, 333, 1, 1, 0),
(13, 334, 1, 1, 0),
(13, 335, 1, 1, 0),
(13, 337, 1, 1, 0),
(13, 338, 1, 1, 0),
(13, 339, 1, 1, 0),
(13, 340, 1, 1, 0),
(13, 341, 1, 1, 0),
(13, 342, 1, 1, 0),
(13, 343, 0, 0, 0),
(13, 344, 1, 1, 0),
(13, 345, 1, 1, 0),
(13, 346, 1, 1, 0),
(13, 347, 1, 1, 0),
(13, 352, 0, 0, 0),
(13, 353, 0, 0, 0),
(13, 354, 0, 0, 0),
(13, 355, 0, 0, 0),
(13, 356, 0, 0, 0),
(13, 357, 1, 1, 0),
(13, 358, 1, 1, 0),
(13, 359, 0, 0, 0),
(13, 360, 0, 0, 0),
(13, 361, 0, 0, 0),
(13, 362, 1, 1, 0),
(13, 363, 1, 1, 0),
(13, 364, 1, 1, 0),
(13, 365, 1, 1, 0),
(13, 366, 1, 1, 0),
(13, 367, 1, 1, 0),
(13, 368, 1, 1, 0),
(13, 369, 1, 1, 0),
(13, 370, 1, 1, 0),
(13, 371, 1, 1, 0),
(13, 372, 0, 0, 0),
(13, 373, 0, 0, 0),
(13, 374, 0, 0, 0),
(13, 375, 0, 0, 0),
(13, 376, 0, 0, 0),
(13, 377, 1, 1, 0),
(13, 378, 0, 0, 0),
(13, 379, 1, 1, 0),
(13, 380, 1, 1, 0),
(13, 381, 1, 1, 0),
(13, 382, 0, 0, 0),
(13, 383, 1, 1, 0),
(13, 384, 1, 1, 0),
(13, 385, 1, 1, 0),
(13, 386, 1, 1, 0),
(13, 387, 1, 1, 0),
(13, 388, 1, 1, 0),
(13, 389, 1, 1, 0),
(13, 390, 1, 1, 0),
(13, 391, 1, 1, 0),
(13, 392, 1, 1, 0),
(13, 393, 1, 1, 0),
(13, 394, 1, 1, 0),
(13, 395, 1, 1, 0),
(13, 396, 1, 1, 0),
(13, 397, 0, 0, 0),
(13, 398, 0, 0, 0),
(13, 399, 1, 1, 0),
(13, 400, 1, 1, 0),
(13, 401, 1, 1, 0),
(13, 402, 1, 1, 0),
(13, 403, 1, 1, 0),
(13, 404, 1, 1, 0),
(13, 405, 1, 1, 0),
(13, 406, 1, 1, 0),
(13, 407, 1, 1, 0),
(13, 408, 1, 1, 0),
(13, 409, 1, 1, 0),
(13, 410, 1, 1, 0),
(13, 411, 1, 1, 0),
(13, 412, 1, 1, 0),
(13, 413, 1, 1, 0),
(13, 414, 1, 1, 0),
(13, 415, 1, 1, 0),
(13, 416, 1, 1, 0),
(13, 417, 1, 1, 0),
(13, 418, 1, 1, 0),
(13, 419, 1, 1, 0),
(13, 420, 1, 1, 0),
(13, 421, 1, 1, 0),
(13, 422, 1, 1, 0),
(13, 423, 1, 1, 0),
(13, 424, 1, 1, 0),
(14, 165, 0, 0, 0),
(14, 186, 1, 1, 0),
(14, 187, 0, 0, 0),
(14, 188, 0, 0, 0),
(14, 189, 0, 0, 0),
(14, 190, 0, 0, 0),
(14, 192, 0, 0, 0),
(14, 193, 0, 0, 0),
(14, 194, 0, 0, 0),
(14, 195, 0, 0, 0),
(14, 198, 0, 0, 0),
(14, 199, 0, 0, 0),
(14, 200, 0, 0, 0),
(14, 201, 0, 0, 0),
(14, 202, 0, 0, 0),
(14, 203, 0, 0, 0),
(14, 204, 0, 0, 0),
(14, 205, 0, 0, 0),
(14, 208, 0, 0, 0),
(14, 210, 0, 0, 0),
(14, 211, 0, 0, 0),
(14, 212, 0, 0, 0),
(14, 213, 0, 0, 0),
(14, 216, 0, 0, 0),
(14, 217, 0, 0, 0),
(14, 220, 1, 1, 0),
(14, 221, 1, 1, 0),
(14, 222, 1, 1, 0),
(14, 223, 1, 1, 0),
(14, 224, 1, 1, 0),
(14, 225, 1, 1, 0),
(14, 226, 1, 1, 0),
(14, 227, 1, 1, 0),
(14, 228, 1, 1, 0),
(14, 229, 1, 1, 0),
(14, 230, 1, 1, 0),
(14, 231, 1, 1, 0),
(14, 232, 1, 1, 0),
(14, 233, 1, 1, 0),
(14, 234, 1, 1, 0),
(14, 235, 1, 1, 0),
(14, 236, 1, 1, 0),
(14, 237, 1, 1, 0),
(14, 238, 1, 1, 0),
(14, 239, 1, 1, 0),
(14, 240, 1, 1, 0),
(14, 241, 1, 1, 0),
(14, 243, 1, 1, 0),
(14, 245, 1, 1, 0),
(14, 246, 1, 1, 0),
(14, 247, 1, 1, 0),
(14, 248, 1, 1, 0),
(14, 249, 1, 1, 0),
(14, 250, 1, 1, 0),
(14, 251, 1, 1, 0),
(14, 253, 1, 1, 0),
(14, 254, 1, 1, 0),
(14, 255, 1, 1, 0),
(14, 256, 0, 0, 0),
(14, 257, 1, 1, 0),
(14, 258, 1, 1, 0),
(14, 259, 1, 1, 0),
(14, 260, 1, 1, 0),
(14, 261, 1, 1, 0),
(14, 262, 1, 1, 0),
(14, 263, 1, 1, 0),
(14, 264, 1, 1, 0),
(14, 265, 1, 1, 0),
(14, 266, 1, 1, 0),
(14, 268, 1, 1, 0),
(14, 269, 1, 1, 0),
(14, 270, 1, 1, 0),
(14, 271, 1, 1, 0),
(14, 272, 1, 1, 0),
(14, 273, 1, 1, 0),
(14, 274, 1, 1, 0),
(14, 275, 1, 1, 0),
(14, 276, 1, 1, 0),
(14, 277, 1, 1, 0),
(14, 278, 1, 1, 0),
(14, 279, 1, 1, 0),
(14, 280, 1, 1, 0),
(14, 281, 1, 1, 0),
(14, 282, 1, 1, 0),
(14, 283, 1, 1, 0),
(14, 284, 1, 1, 0),
(14, 285, 0, 0, 0),
(14, 286, 0, 0, 0),
(14, 287, 0, 0, 0),
(14, 288, 1, 1, 0),
(14, 290, 1, 1, 0),
(14, 291, 1, 1, 0),
(14, 292, 1, 1, 0),
(14, 293, 1, 1, 0),
(14, 294, 1, 1, 0),
(14, 296, 1, 1, 0),
(14, 297, 1, 1, 0),
(14, 298, 1, 1, 0),
(14, 299, 0, 0, 0),
(14, 300, 0, 0, 0),
(14, 301, 0, 0, 0),
(14, 302, 0, 0, 0),
(14, 303, 1, 1, 0),
(14, 304, 0, 0, 0),
(14, 305, 0, 0, 0),
(14, 306, 0, 0, 0),
(14, 309, 0, 0, 0),
(14, 310, 0, 0, 0),
(14, 311, 0, 0, 0),
(14, 312, 1, 1, 0),
(14, 313, 0, 0, 0),
(14, 314, 0, 0, 0),
(14, 315, 0, 0, 0),
(14, 316, 0, 0, 0),
(14, 317, 0, 0, 0),
(14, 318, 0, 0, 0),
(14, 319, 0, 0, 0),
(14, 320, 1, 1, 0),
(14, 322, 0, 0, 0),
(14, 323, 0, 0, 0),
(14, 324, 0, 0, 0),
(14, 325, 0, 0, 0),
(14, 326, 0, 0, 0),
(14, 327, 0, 0, 0),
(14, 328, 0, 0, 0),
(14, 329, 0, 0, 0),
(14, 330, 1, 1, 0),
(14, 331, 1, 1, 0),
(14, 332, 1, 1, 0),
(14, 333, 1, 1, 0),
(14, 334, 1, 1, 0),
(14, 335, 1, 1, 0),
(14, 337, 1, 1, 0),
(14, 338, 1, 1, 0),
(14, 339, 1, 1, 0),
(14, 340, 1, 1, 0),
(14, 341, 1, 1, 0),
(14, 342, 1, 1, 0),
(14, 343, 0, 0, 0),
(14, 344, 1, 1, 0),
(14, 345, 1, 1, 0),
(14, 346, 1, 1, 0),
(14, 347, 1, 1, 0),
(14, 352, 0, 0, 0),
(14, 353, 0, 0, 0),
(14, 354, 0, 0, 0),
(14, 355, 0, 0, 0),
(14, 356, 0, 0, 0),
(14, 357, 1, 1, 0),
(14, 358, 1, 1, 0),
(14, 359, 0, 0, 0),
(14, 360, 0, 0, 0),
(14, 361, 0, 0, 0),
(14, 362, 1, 1, 0),
(14, 363, 1, 1, 0),
(14, 364, 1, 1, 0),
(14, 365, 1, 1, 0),
(14, 366, 0, 0, 0),
(14, 367, 1, 1, 0),
(14, 368, 1, 1, 0),
(14, 369, 1, 1, 0),
(14, 370, 1, 1, 0),
(14, 371, 1, 1, 0),
(14, 372, 0, 0, 0),
(14, 373, 0, 0, 0),
(14, 374, 0, 0, 0),
(14, 375, 0, 0, 0),
(14, 376, 0, 0, 0),
(14, 377, 1, 1, 0),
(14, 378, 0, 0, 0),
(14, 379, 1, 1, 0),
(14, 380, 1, 1, 0),
(14, 381, 1, 1, 0),
(14, 382, 0, 0, 0),
(14, 383, 1, 1, 0),
(14, 384, 1, 1, 0),
(14, 385, 1, 1, 0),
(14, 386, 1, 1, 0),
(14, 387, 1, 1, 0),
(14, 388, 1, 1, 0),
(14, 389, 1, 1, 0),
(14, 390, 1, 1, 0),
(14, 391, 1, 1, 0),
(14, 392, 1, 1, 0),
(14, 393, 1, 1, 0),
(14, 394, 1, 1, 0),
(14, 395, 1, 1, 0),
(14, 396, 1, 1, 0),
(14, 397, 0, 0, 0),
(14, 398, 0, 0, 0),
(14, 399, 1, 1, 0),
(14, 400, 1, 1, 0),
(14, 401, 1, 1, 0),
(14, 402, 1, 1, 0),
(14, 403, 1, 1, 0),
(14, 404, 1, 1, 0),
(14, 405, 1, 1, 0),
(14, 406, 1, 1, 0),
(14, 407, 1, 1, 0),
(14, 408, 1, 1, 0),
(14, 409, 1, 1, 0),
(14, 410, 1, 1, 0),
(14, 411, 1, 1, 0),
(14, 412, 1, 1, 0),
(14, 413, 1, 1, 0),
(14, 414, 1, 1, 0),
(14, 415, 1, 1, 0),
(14, 416, 1, 1, 0),
(14, 417, 1, 1, 0),
(14, 418, 1, 1, 0),
(14, 419, 1, 1, 0),
(14, 420, 1, 1, 0),
(14, 421, 1, 1, 0),
(14, 422, 1, 1, 0),
(14, 423, 1, 1, 0),
(14, 424, 1, 1, 0),
(15, 165, 0, 0, 0),
(15, 186, 0, 0, 0),
(15, 187, 0, 0, 0),
(15, 188, 0, 0, 0),
(15, 189, 1, 1, 1),
(15, 190, 1, 1, 0),
(15, 192, 0, 0, 0),
(15, 193, 0, 0, 0),
(15, 194, 0, 0, 0),
(15, 198, 0, 0, 0),
(15, 200, 0, 0, 0),
(15, 201, 0, 0, 0),
(15, 202, 0, 0, 0),
(15, 204, 0, 0, 0),
(15, 205, 0, 0, 0),
(15, 208, 0, 0, 0),
(15, 210, 0, 0, 0),
(15, 211, 0, 0, 0),
(15, 213, 0, 0, 0),
(15, 216, 0, 0, 0),
(15, 217, 0, 0, 0),
(15, 220, 0, 0, 0),
(15, 221, 0, 0, 0),
(15, 222, 0, 0, 0),
(15, 223, 0, 0, 0),
(15, 224, 0, 0, 0),
(15, 229, 0, 0, 0),
(15, 232, 0, 0, 0),
(15, 233, 0, 0, 0),
(15, 249, 0, 0, 0),
(15, 250, 0, 0, 0),
(15, 260, 0, 0, 0),
(15, 261, 0, 0, 0),
(15, 262, 0, 0, 0),
(15, 272, 0, 0, 0),
(15, 276, 0, 0, 0),
(15, 290, 0, 0, 0),
(15, 293, 0, 0, 0),
(15, 297, 0, 0, 0),
(15, 301, 0, 0, 0),
(15, 305, 0, 0, 0),
(15, 306, 0, 0, 0),
(15, 310, 0, 0, 0),
(15, 311, 0, 0, 0),
(15, 313, 0, 0, 0),
(15, 314, 1, 1, 0),
(15, 315, 1, 1, 0),
(15, 316, 1, 1, 0),
(15, 317, 1, 1, 1),
(15, 318, 1, 1, 1),
(15, 319, 1, 1, 1),
(15, 320, 0, 0, 0),
(15, 322, 1, 1, 1),
(15, 323, 1, 1, 1),
(15, 324, 1, 1, 1),
(15, 325, 1, 1, 1),
(15, 326, 1, 1, 1),
(15, 327, 1, 1, 1),
(15, 328, 1, 1, 1),
(15, 329, 1, 1, 0),
(15, 330, 1, 1, 1),
(15, 331, 1, 1, 1),
(15, 332, 1, 1, 1),
(15, 333, 1, 1, 0),
(15, 334, 1, 1, 0),
(15, 335, 1, 1, 0),
(15, 337, 1, 1, 0),
(15, 338, 1, 1, 0),
(15, 339, 1, 1, 0),
(15, 340, 1, 1, 0),
(15, 341, 1, 1, 0),
(15, 342, 1, 1, 0),
(15, 343, 1, 1, 0),
(15, 344, 1, 1, 0),
(15, 345, 1, 1, 0),
(15, 346, 1, 1, 0),
(15, 347, 1, 1, 0),
(15, 352, 0, 0, 0),
(15, 353, 0, 0, 0),
(15, 354, 0, 0, 0),
(15, 355, 0, 0, 0),
(15, 356, 0, 0, 0),
(15, 357, 1, 1, 0),
(15, 358, 1, 1, 0),
(15, 359, 0, 0, 0),
(15, 360, 0, 0, 0),
(15, 361, 0, 0, 0),
(15, 362, 0, 0, 0),
(15, 363, 1, 1, 0),
(15, 364, 1, 1, 0),
(15, 365, 1, 1, 0),
(15, 366, 0, 0, 0),
(15, 367, 1, 1, 0),
(15, 368, 1, 1, 0),
(15, 369, 1, 1, 0),
(15, 370, 1, 1, 0),
(15, 371, 1, 1, 0),
(15, 372, 0, 0, 0),
(15, 373, 0, 0, 0),
(15, 374, 0, 0, 0),
(15, 375, 0, 0, 0),
(15, 376, 0, 0, 0),
(15, 377, 1, 1, 0),
(15, 378, 0, 0, 0),
(15, 379, 0, 0, 0),
(15, 380, 0, 0, 0),
(15, 381, 1, 1, 0),
(15, 382, 0, 0, 0),
(15, 383, 1, 1, 0),
(15, 384, 0, 0, 0),
(15, 385, 0, 0, 0),
(15, 386, 0, 0, 0),
(15, 387, 1, 1, 0),
(15, 388, 1, 1, 0),
(15, 389, 1, 1, 0),
(15, 390, 1, 1, 0),
(15, 391, 1, 1, 0),
(15, 392, 1, 1, 0),
(15, 393, 1, 1, 0),
(15, 394, 1, 1, 0),
(15, 395, 1, 1, 0),
(15, 396, 1, 1, 0),
(15, 397, 0, 0, 0),
(15, 398, 0, 0, 0),
(15, 399, 0, 0, 0),
(15, 400, 0, 0, 0),
(15, 401, 0, 0, 0),
(15, 402, 0, 0, 0),
(15, 403, 0, 0, 0),
(15, 404, 0, 0, 0),
(15, 405, 0, 0, 0),
(15, 406, 0, 0, 0),
(15, 407, 0, 0, 0),
(15, 408, 0, 0, 0),
(15, 409, 0, 0, 0),
(15, 410, 0, 0, 0),
(15, 411, 0, 0, 0),
(15, 412, 0, 0, 0),
(15, 413, 0, 0, 0),
(15, 414, 0, 0, 0),
(15, 415, 0, 0, 0),
(15, 416, 0, 0, 0),
(15, 417, 0, 0, 0),
(15, 418, 0, 0, 0),
(15, 419, 0, 0, 0),
(15, 420, 0, 0, 0),
(15, 421, 0, 0, 0),
(15, 422, 0, 0, 0),
(15, 423, 0, 0, 0),
(15, 424, 0, 0, 0),
(16, 165, 0, 0, 0),
(16, 186, 0, 0, 0),
(16, 187, 0, 0, 0),
(16, 188, 0, 0, 0),
(16, 189, 0, 0, 0),
(16, 193, 0, 0, 0),
(16, 194, 0, 0, 0),
(16, 200, 0, 0, 0),
(16, 201, 0, 0, 0),
(16, 202, 0, 0, 0),
(16, 204, 0, 0, 0),
(16, 205, 0, 0, 0),
(16, 208, 0, 0, 0),
(16, 210, 0, 0, 0),
(16, 211, 0, 0, 0),
(16, 213, 0, 0, 0),
(16, 216, 0, 0, 0),
(16, 217, 0, 0, 0),
(16, 220, 0, 0, 0),
(16, 221, 0, 0, 0),
(16, 222, 0, 0, 0),
(16, 223, 0, 0, 0),
(16, 224, 0, 0, 0),
(16, 229, 0, 0, 0),
(16, 249, 0, 0, 0),
(16, 260, 0, 0, 0),
(16, 261, 0, 0, 0),
(16, 262, 0, 0, 0),
(16, 276, 0, 0, 0),
(16, 290, 0, 0, 0),
(16, 293, 0, 0, 0),
(16, 301, 0, 0, 0),
(16, 306, 0, 0, 0),
(16, 310, 0, 0, 0),
(16, 317, 0, 0, 0),
(16, 318, 0, 0, 0),
(16, 320, 0, 0, 0),
(16, 330, 0, 0, 0),
(16, 331, 0, 0, 0),
(16, 333, 0, 0, 0),
(16, 335, 0, 0, 0),
(16, 337, 0, 0, 0),
(16, 338, 0, 0, 0),
(16, 339, 0, 0, 0),
(16, 340, 0, 0, 0),
(16, 341, 0, 0, 0),
(16, 344, 1, 1, 0),
(16, 345, 1, 1, 0),
(16, 346, 1, 1, 0),
(16, 347, 1, 1, 0),
(16, 352, 1, 1, 0),
(16, 353, 1, 1, 0),
(16, 354, 1, 1, 0),
(16, 355, 1, 1, 0),
(16, 356, 0, 0, 0),
(16, 357, 1, 1, 0),
(16, 358, 1, 1, 0),
(16, 359, 0, 0, 0),
(16, 360, 0, 0, 0),
(16, 361, 0, 0, 0),
(16, 362, 0, 0, 0),
(16, 363, 1, 1, 0),
(16, 364, 1, 1, 0),
(16, 365, 1, 1, 0),
(16, 366, 0, 0, 0),
(16, 367, 1, 1, 0),
(16, 368, 1, 1, 0),
(16, 369, 1, 1, 0),
(16, 370, 1, 1, 0),
(16, 371, 1, 1, 0),
(16, 372, 0, 0, 0),
(16, 373, 0, 0, 0),
(16, 374, 0, 0, 0),
(16, 375, 0, 0, 0),
(16, 376, 0, 0, 0),
(16, 377, 1, 1, 0),
(16, 378, 0, 0, 0),
(16, 379, 0, 0, 0),
(16, 380, 0, 0, 0),
(16, 381, 1, 1, 0),
(16, 382, 0, 0, 0),
(16, 383, 1, 1, 0),
(16, 384, 0, 0, 0),
(16, 385, 0, 0, 0),
(16, 386, 0, 0, 0),
(16, 387, 1, 1, 0),
(16, 388, 1, 1, 0),
(16, 389, 1, 1, 0),
(16, 390, 1, 1, 0),
(16, 391, 1, 1, 0),
(16, 392, 1, 1, 0),
(16, 393, 1, 1, 0),
(16, 394, 1, 1, 0),
(16, 395, 1, 1, 0),
(16, 396, 1, 1, 0),
(16, 397, 0, 0, 0),
(16, 398, 0, 0, 0),
(16, 399, 0, 0, 0),
(16, 400, 0, 0, 0),
(16, 401, 0, 0, 0),
(16, 402, 0, 0, 0),
(16, 403, 0, 0, 0),
(16, 404, 0, 0, 0),
(16, 405, 0, 0, 0),
(16, 406, 0, 0, 0),
(16, 407, 0, 0, 0),
(16, 408, 0, 0, 0),
(16, 409, 0, 0, 0),
(16, 410, 0, 0, 0),
(16, 411, 0, 0, 0),
(16, 412, 0, 0, 0),
(16, 413, 0, 0, 0),
(16, 414, 0, 0, 0),
(16, 415, 0, 0, 0),
(16, 416, 0, 0, 0),
(16, 417, 0, 0, 0),
(16, 418, 0, 0, 0),
(16, 419, 0, 0, 0),
(16, 420, 0, 0, 0),
(16, 421, 0, 0, 0),
(16, 422, 0, 0, 0),
(16, 423, 0, 0, 0),
(16, 424, 0, 0, 0);

-- --------------------------------------------------------

--
-- Структура таблицы `tm_activity`
--

DROP TABLE IF EXISTS `tm_activity`;
CREATE TABLE IF NOT EXISTS `tm_activity` (
  `id` int(10) unsigned NOT NULL AUTO_INCREMENT,
  `date_action` datetime NOT NULL,
  `user_id` int(10) unsigned NOT NULL,
  `razdel` varchar(30) NOT NULL,
  `message` text NOT NULL,
  PRIMARY KEY (`id`),
  KEY `user_id` (`user_id`)
) ENGINE=InnoDB  DEFAULT CHARSET=utf8 AUTO_INCREMENT=422 ;

--
-- Дамп данных таблицы `tm_activity`
--

INSERT INTO `tm_activity` (`id`, `date_action`, `user_id`, `razdel`, `message`) VALUES
(1, '2012-01-29 21:50:10', 11, 'Проекты', 'Изменения в задаче Добавить функцию оповещения '),
(2, '2012-01-29 21:50:43', 11, 'Проекты', 'Изменения в задаче Добавить функцию оповещения '),
(3, '2012-01-30 06:56:45', 7, 'Проекты', 'Удалена задача Почитать закон 8 и выставить стоимость'),
(4, '2012-01-30 06:57:18', 7, 'Проекты', 'Удалена задача Заказ на сайт &quot;Поселение&quot;'),
(5, '2012-01-30 07:09:03', 7, 'Проекты', 'Изменения в задаче Разработка сайта &quot;Инвойс-групп&quot; www.invoicegroup.ru'),
(6, '2012-01-30 07:09:13', 7, 'Проекты', 'Изменения в задаче Проект &quot;ЖКХ.информ&quot;'),
(7, '2012-01-30 07:09:23', 7, 'Проекты', 'Изменения в задаче Проект &quot;СибДневник&quot;'),
(8, '2012-01-30 07:10:52', 7, 'Проекты', 'Изменения в задаче Разработка сайта &quot;Бастион.Клуб&quot;'),
(9, '2012-01-30 09:55:49', 7, 'Проекты', 'Изменения в задаче Личный кабинет'),
(10, '2012-01-30 11:18:53', 7, 'Проекты', 'Добавлена задача Поиск РЭК'),
(11, '2012-01-30 11:19:15', 7, 'Проекты', 'Изменения в задаче Добавить раздел О компании - Полезные ссылки'),
(12, '2012-01-30 11:19:59', 7, 'Проекты', 'Изменения в задаче Добавить раздел О компании - Полезные ссылки'),
(13, '2012-01-30 11:20:12', 7, 'Проекты', 'Изменения в задаче Добавить раздел О компании - Полезные ссылки'),
(14, '2012-01-30 11:20:21', 7, 'Проекты', 'Изменения в задаче Установить иконки'),
(15, '2012-01-30 11:20:41', 7, 'Проекты', 'Изменения в задаче Программа по ФСТ'),
(16, '2012-01-30 11:21:07', 7, 'Проекты', 'Добавлена задача Мониторинг СМИ'),
(17, '2012-01-30 11:41:38', 11, 'Проекты', 'Изменения в задаче Первая страница, ограничить количество акций! '),
(18, '2012-01-30 14:23:50', 12, 'Проекты', 'Добавлена задача Компании - должны быть видны только в своём городе, кроме &quot;мультигородских&quot;'),
(19, '2012-01-30 14:32:50', 12, 'Проекты', 'Добавлена задача Ссылка на оригинальный товар'),
(20, '2012-01-30 14:34:42', 12, 'Проекты', 'Изменения в задаче Ссылка на оригинальный товар'),
(21, '2012-01-30 14:45:42', 12, 'Проекты', 'Изменения в задаче Ссылка на оригинальный товар'),
(22, '2012-01-30 14:46:31', 12, 'Проекты', 'Изменения в задаче Компании - должны быть видны только в своём городе, кроме &quot;мультигородских&quot;'),
(23, '2012-01-30 14:46:40', 12, 'Проекты', 'Изменения в задаче Компании - должны быть видны только в своём городе, кроме &quot;мультигородских&quot;'),
(24, '2012-01-30 14:48:54', 12, 'Проекты', 'Добавлена задача Уменьшение названий!'),
(25, '2012-01-30 14:50:48', 12, 'Проекты', 'Изменения в задаче Уменьшение названий!'),
(26, '2012-01-30 14:50:52', 12, 'Проекты', 'Изменения в задаче Уменьшение названий!'),
(27, '2012-01-30 14:53:30', 12, 'Проекты', 'Добавлена задача Название поправить'),
(28, '2012-01-30 14:54:05', 12, 'Проекты', 'Изменения в задаче Название поправить'),
(29, '2012-01-30 14:59:11', 7, 'Проекты', 'Изменения в задаче Мониторинг СМИ'),
(30, '2012-01-30 14:59:21', 7, 'Проекты', 'Изменения в задаче Мониторинг СМИ'),
(31, '2012-01-30 19:04:54', 11, 'Проекты', 'Изменения в задаче Название поправить'),
(32, '2012-01-30 19:18:48', 11, 'Проекты', 'Изменения в задаче Компании - должны быть видны только в своём городе, кроме &quot;мультигородских&quot;'),
(33, '2012-01-31 08:26:53', 12, 'Проекты', 'Добавлена задача Записать голоса - Введите лицевой счет и нажмите решетку.'),
(34, '2012-01-31 08:27:18', 12, 'Проекты', 'Изменения в задаче Записать голоса - Введите лицевой счет и нажмите решетку'),
(35, '2012-01-31 09:01:54', 12, 'Проекты', 'Добавлена задача Банера нижние на главной странице!'),
(36, '2012-01-31 09:13:32', 12, 'Проекты', 'Добавлена задача Банера - В каждом городе свои!'),
(37, '2012-01-31 09:14:05', 12, 'Проекты', 'Добавлена задача Приоритет товара при добавлении на первую страницу!'),
(38, '2012-01-31 09:44:25', 12, 'Проекты', 'Добавлена задача РЭУ 19.РФ '),
(39, '2012-01-31 09:47:16', 12, 'Проекты', 'Добавлена задача РЭУ19.рф'),
(40, '2012-01-31 09:47:24', 12, 'Проекты', 'Удалена задача РЭУ 19.РФ '),
(41, '2012-01-31 11:41:14', 12, 'Проекты', 'Добавлена задача Большая Беда!'),
(42, '2012-01-31 11:41:45', 12, 'Проекты', 'Изменения в задаче Большая Беда!'),
(43, '2012-01-31 11:42:45', 12, 'Проекты', 'Изменения в задаче Большая Беда!'),
(44, '2012-01-31 11:42:57', 12, 'Проекты', 'Изменения в задаче Большая Беда!'),
(45, '2012-01-31 11:43:41', 12, 'Проекты', 'Добавлена задача На почту приходит всякая чушь! Ссылка которая приходит неправильная - ведёт на страницу с ошибками!'),
(46, '2012-01-31 12:00:51', 11, 'Проекты', 'Изменения в задаче Добавить Контактные листы'),
(47, '2012-01-31 12:01:44', 11, 'Проекты', 'Изменения в задаче Добавить время выполнения к задаче'),
(48, '2012-01-31 12:15:40', 11, 'Проекты', 'Изменения в задаче Региональный представитель'),
(49, '2012-01-31 12:56:43', 12, 'Проекты', 'Добавлена задача Добавить поле почта!'),
(50, '2012-01-31 12:57:23', 12, 'Проекты', 'Изменения в задаче Добавить поле почта!'),
(51, '2012-01-31 12:58:03', 12, 'Проекты', 'Изменения в задаче Добавить поле почта!'),
(52, '2012-01-31 18:28:51', 11, 'Проекты', 'Изменения в задаче Банера нижние на главной странице!'),
(53, '2012-01-31 18:29:03', 11, 'Проекты', 'Изменения в задаче Банера нижние на главной странице!'),
(54, '2012-01-31 20:34:49', 11, 'Проекты', 'Изменения в задаче Добавить время выполнения к задаче'),
(55, '2012-01-31 20:37:54', 11, 'Проекты', 'Изменения в задаче Банера, добавить слайдер! Отладить работу!'),
(56, '2012-02-01 06:44:23', 7, 'Проекты', 'Изменения в задаче Добавить функцию оповещения '),
(57, '2012-02-01 07:50:15', 12, 'Проекты', 'Добавлена задача Изменить пароли для сайтов УК. Сделать их сложными!'),
(58, '2012-02-01 13:47:23', 11, 'Проекты', 'Изменения в задаче Большая Беда!'),
(59, '2012-02-01 14:23:25', 11, 'Проекты', 'Изменения в задаче Ссылка на оригинальный товар'),
(60, '2012-02-02 12:06:32', 12, 'Проекты', 'Добавлена задача Косячок с предпрсмотром!'),
(61, '2012-02-02 12:08:45', 12, 'Проекты', 'Изменения в задаче Косячок с предпрсмотром!'),
(62, '2012-02-03 07:49:12', 7, 'Проекты', 'Изменения в задаче Разработка сайта &quot;Бастион.Магазин&quot;'),
(63, '2012-02-03 07:49:49', 7, 'Проекты', 'Изменения в задаче Разработать иконки'),
(64, '2012-02-03 07:50:11', 7, 'Проекты', 'Добавлена задача Каталог продукции'),
(65, '2012-02-03 07:50:30', 7, 'Проекты', 'Добавлена задача Корзина и заказ'),
(66, '2012-02-03 07:51:02', 7, 'Проекты', 'Удалена задача Поддержка'),
(67, '2012-02-03 07:51:15', 7, 'Проекты', 'Изменения в задаче Каталог продукции и личный кабинет'),
(68, '2012-02-03 07:51:37', 7, 'Проекты', 'Добавлена задача FAQ и контакты'),
(69, '2012-02-03 07:55:40', 7, 'Проекты', 'Добавлена задача Характеристики на группу товаров - рубрику в каталоге'),
(70, '2012-02-03 07:56:48', 7, 'Проекты', 'Добавлена задача Базовые характеристики'),
(71, '2012-02-03 07:57:00', 7, 'Проекты', 'Изменения в задаче Базовые характеристики товара'),
(72, '2012-02-03 07:57:52', 7, 'Проекты', 'Изменения в задаче Добавление характеристик'),
(73, '2012-02-03 07:58:44', 7, 'Проекты', 'Добавлена задача Фильтр по выбранным характеристикам'),
(74, '2012-02-03 07:59:04', 7, 'Проекты', 'Изменения в задаче Базовые характеристики товара'),
(75, '2012-02-03 08:00:24', 7, 'Проекты', 'Изменения в задаче Фильтр по выбранным характеристикам'),
(76, '2012-02-03 08:04:32', 9, 'Проекты', 'Добавлена задача Поиск по сайту. Не ищет если в поиске несколько слов. И слова с ковычками'),
(77, '2012-02-03 08:07:08', 9, 'Проекты', 'Добавлена задача Разместить ссылку http://www.recko.ru/?p=presscentr&t=rec&id=44'),
(78, '2012-02-03 08:09:58', 7, 'Проекты', 'Добавлена задача Сравнение товаров'),
(79, '2012-02-03 08:16:53', 7, 'Проекты', 'Добавлена задача Корзина заказов'),
(80, '2012-02-03 08:17:06', 7, 'Проекты', 'Изменения в задаче Корзина'),
(81, '2012-02-03 08:17:51', 7, 'Проекты', 'Добавлена задача С этим товаром покупают'),
(82, '2012-02-03 08:20:08', 7, 'Проекты', 'Изменения в задаче Комплектация товаров'),
(83, '2012-02-03 08:21:12', 7, 'Проекты', 'Добавлена задача Верстка'),
(84, '2012-02-03 08:35:59', 7, 'Проекты', 'Добавлена задача Заказ'),
(85, '2012-02-03 08:37:06', 7, 'Проекты', 'Добавлена задача Личный кабинет'),
(86, '2012-02-03 08:38:34', 7, 'Проекты', 'Добавлена задача FAQ'),
(87, '2012-02-03 08:39:05', 7, 'Проекты', 'Добавлена задача Контакты'),
(88, '2012-02-03 08:39:22', 7, 'Проекты', 'Добавлена задача Статистика посещений'),
(89, '2012-02-03 08:40:36', 7, 'Проекты', 'Добавлена задача Статистика зарегестированных, пошедших на стоаницу регистрации, всего посетителей'),
(90, '2012-02-03 08:43:41', 7, 'Проекты', 'Добавлена задача Статистика по товарам, рубрикам - просмотры/заказы/оплата/доставка'),
(91, '2012-02-03 08:46:13', 7, 'Проекты', 'Изменения в задаче Статистика посещений'),
(92, '2012-02-03 08:51:23', 7, 'Проекты', 'Изменения в задаче Разработка сайта &quot;Бастион.Магазин&quot;'),
(93, '2012-02-03 08:52:34', 7, 'Проекты', 'Изменения в задаче Статистика посещений'),
(94, '2012-02-03 08:52:44', 7, 'Проекты', 'Изменения в задаче Статистика зарегестированных, пошедших на стоаницу регистрации, всего посетителей'),
(95, '2012-02-03 08:53:13', 7, 'Проекты', 'Изменения в задаче Статистика по товарам, рубрикам - просмотры/заказы/оплата/доставка'),
(96, '2012-02-03 08:57:57', 7, 'Проекты', 'Изменения в задаче Доделать варианты - встреча с Алексеем'),
(97, '2012-02-03 08:59:03', 7, 'Проекты', 'Изменения в задаче Доделать варианты - встреча с Алексеем'),
(98, '2012-02-03 09:09:13', 7, 'Проекты', 'Изменения в задаче Доделать варианты - встреча с Алексеем'),
(99, '2012-02-03 09:09:56', 7, 'Проекты', 'Изменения в задаче Доделать варианты дизайна'),
(100, '2012-02-03 09:13:30', 7, 'Проекты', 'Изменения в задаче Доделать варианты дизайна'),
(101, '2012-02-03 09:14:06', 7, 'Проекты', 'Изменения в задаче FAQ и контакты'),
(102, '2012-02-03 09:14:30', 7, 'Проекты', 'Изменения в задаче FAQ'),
(103, '2012-02-03 09:14:38', 7, 'Проекты', 'Изменения в задаче Контакты'),
(104, '2012-02-03 09:16:57', 7, 'Проекты', 'Изменения в задаче Добавление характеристик'),
(105, '2012-02-03 09:17:12', 7, 'Проекты', 'Изменения в задаче Базовые характеристики товара'),
(106, '2012-02-03 09:17:23', 7, 'Проекты', 'Изменения в задаче Базовые характеристики товара'),
(107, '2012-02-03 09:18:11', 7, 'Проекты', 'Изменения в задаче Комплектация товаров'),
(108, '2012-02-03 09:19:50', 7, 'Проекты', 'Изменения в задаче Корзина и заказ'),
(109, '2012-02-03 09:20:12', 7, 'Проекты', 'Изменения в задаче Заказ'),
(110, '2012-02-03 09:20:29', 7, 'Проекты', 'Изменения в задаче Корзина'),
(111, '2012-02-03 09:20:39', 7, 'Проекты', 'Изменения в задаче Заказ'),
(112, '2012-02-03 09:20:59', 7, 'Проекты', 'Изменения в задаче Корзина и заказ'),
(113, '2012-02-03 09:21:32', 7, 'Проекты', 'Изменения в задаче Фильтр по выбранным характеристикам'),
(114, '2012-02-03 09:21:40', 7, 'Проекты', 'Изменения в задаче Сравнение товаров'),
(115, '2012-02-03 09:21:48', 7, 'Проекты', 'Изменения в задаче Личный кабинет'),
(116, '2012-02-03 09:22:02', 7, 'Проекты', 'Изменения в задаче Личный кабинет'),
(117, '2012-02-03 09:22:18', 7, 'Проекты', 'Изменения в задаче Каталог продукции и личный кабинет'),
(118, '2012-02-03 09:23:01', 7, 'Проекты', 'Изменения в задаче Дизайн сайта'),
(119, '2012-02-03 09:23:24', 7, 'Проекты', 'Изменения в задаче Разработать иконки'),
(120, '2012-02-03 09:24:16', 7, 'Проекты', 'Изменения в задаче Статистика зарегестированных, пошедших на стоаницу регистрации, всего посетителей'),
(121, '2012-02-03 09:24:22', 7, 'Проекты', 'Изменения в задаче Статистика по товарам, рубрикам - просмотры/заказы/оплата/доставка'),
(122, '2012-02-03 09:24:42', 7, 'Проекты', 'Изменения в задаче Статистика'),
(123, '2012-02-03 09:25:59', 7, 'Проекты', 'Изменения в задаче Верстка'),
(124, '2012-02-03 09:30:14', 7, 'Проекты', 'Изменения в задаче Поиск РЭК'),
(125, '2012-02-03 09:30:29', 7, 'Проекты', 'Изменения в задаче Добавить раздел О компании - Полезные ссылки'),
(126, '2012-02-03 09:31:35', 7, 'Проекты', 'Изменения в задаче Руководство пользователя по редактору'),
(127, '2012-02-03 09:31:49', 7, 'Проекты', 'Изменения в задаче Установить иконки'),
(128, '2012-02-03 12:18:53', 7, 'Проекты', 'Изменения в задаче Разработка сайта &quot;Бастион.Магазин&quot;'),
(129, '2012-02-03 12:19:24', 7, 'Проекты', 'Изменения в задаче Сопровождение сайта &quot;РЭК&quot; www.recko.ru'),
(130, '2012-02-03 12:25:15', 7, 'Проекты', 'Изменения в задаче Разместить ссылку http://www.recko.ru/?p=presscentr&t=rec&id=44'),
(131, '2012-02-03 12:34:38', 7, 'Проекты', 'Изменения в задаче Добавить раздел О компании - Полезные ссылки'),
(132, '2012-02-03 12:34:48', 7, 'Проекты', 'Изменения в задаче Сопровождение сайта &quot;РЭК&quot; www.recko.ru'),
(133, '2012-02-03 12:35:01', 7, 'Проекты', 'Изменения в задаче Сопровождение сайта &quot;РЭК&quot; www.recko.ru'),
(134, '2012-02-03 12:35:37', 7, 'Проекты', 'Удалена задача Разместить ссылку http://www.recko.ru/?p=presscentr&t=rec&id=44'),
(135, '2012-02-03 13:28:39', 9, 'Проекты', 'Добавлена задача Рассмотреть заполнение меню или изменить &quot;Население, юр. лицам, Регулируемым организациям&quot;'),
(136, '2012-02-03 13:52:30', 7, 'Проекты', 'Изменения в задаче Статистика зарегестированных, пошедших на стоаницу регистрации, всего посетителей'),
(137, '2012-02-03 13:52:32', 7, 'Проекты', 'Изменения в задаче Статистика зарегестированных, пошедших на стоаницу регистрации, всего посетителей'),
(138, '2012-02-03 13:54:01', 7, 'Проекты', 'Изменения в задаче Корзина'),
(139, '2012-02-03 13:54:10', 7, 'Проекты', 'Изменения в задаче Заказ'),
(140, '2012-02-03 13:54:20', 7, 'Проекты', 'Изменения в задаче Верстка'),
(141, '2012-02-03 13:54:45', 7, 'Проекты', 'Изменения в задаче Добавление характеристик'),
(142, '2012-02-03 13:54:53', 7, 'Проекты', 'Изменения в задаче Базовые характеристики товара'),
(143, '2012-02-03 13:55:01', 7, 'Проекты', 'Изменения в задаче Фильтр по выбранным характеристикам'),
(144, '2012-02-03 13:55:09', 7, 'Проекты', 'Изменения в задаче Сравнение товаров'),
(145, '2012-02-03 13:55:17', 7, 'Проекты', 'Изменения в задаче Комплектация товаров'),
(146, '2012-02-03 13:55:23', 7, 'Проекты', 'Изменения в задаче Личный кабинет'),
(147, '2012-02-03 13:55:29', 7, 'Проекты', 'Изменения в задаче Комплектация товаров'),
(148, '2012-02-03 13:55:34', 7, 'Проекты', 'Изменения в задаче Сравнение товаров'),
(149, '2012-02-03 13:55:51', 7, 'Проекты', 'Изменения в задаче Фильтр по выбранным характеристикам'),
(150, '2012-02-03 13:56:02', 7, 'Проекты', 'Изменения в задаче Базовые характеристики товара'),
(151, '2012-02-03 13:56:26', 7, 'Проекты', 'Изменения в задаче Добавление характеристик'),
(152, '2012-02-03 13:58:53', 7, 'Проекты', 'Изменения в задаче Статистика'),
(153, '2012-02-03 13:59:00', 7, 'Проекты', 'Изменения в задаче Дизайн сайта'),
(154, '2012-02-03 13:59:09', 7, 'Проекты', 'Изменения в задаче Каталог продукции и личный кабинет'),
(155, '2012-02-03 13:59:17', 7, 'Проекты', 'Изменения в задаче Корзина и заказ'),
(156, '2012-02-03 13:59:25', 7, 'Проекты', 'Изменения в задаче Корзина и заказ'),
(157, '2012-02-03 13:59:33', 7, 'Проекты', 'Изменения в задаче FAQ и контакты'),
(158, '2012-02-03 13:59:41', 7, 'Проекты', 'Изменения в задаче Дизайн сайта'),
(159, '2012-02-03 14:32:22', 7, 'Проекты', 'Изменения в задаче FAQ'),
(160, '2012-02-03 14:32:32', 7, 'Проекты', 'Изменения в задаче Контакты'),
(161, '2012-02-03 14:32:40', 7, 'Проекты', 'Изменения в задаче FAQ и контакты'),
(162, '2012-02-04 12:07:26', 12, 'Проекты', 'Удалена задача РЭУ19.рф'),
(163, '2012-02-04 12:13:25', 12, 'Проекты', 'Добавлена задача РЭУ19.рф - разобраться с телефонами! СОТОВЫЙ ТЕЛЕФОН АВАРИЙНОЙ СЛУЖБЫ 8 950 585 24 41'),
(164, '2012-02-04 12:58:58', 15, 'Проекты', 'Изменения в задаче FAQ'),
(165, '2012-02-04 12:59:56', 15, 'Проекты', 'Изменения в задаче Контакты'),
(166, '2012-02-04 13:00:09', 15, 'Проекты', 'Изменения в задаче FAQ'),
(167, '2012-02-04 20:04:32', 11, 'Проекты', 'Изменения в задаче РЭУ19.рф - разобраться с телефонами! СОТОВЫЙ ТЕЛЕФОН АВАРИЙНОЙ СЛУЖБЫ 8 950 585 24 41'),
(168, '2012-02-04 21:02:58', 11, 'Проекты', 'Изменения в задаче Как просмотреть все права для выбранного пользователя?'),
(169, '2012-02-04 21:03:14', 11, 'Проекты', 'Изменения в задаче Права'),
(170, '2012-02-04 21:03:54', 11, 'Проекты', 'Изменения в задаче Как просмотреть все права для выбранного пользователя?'),
(171, '2012-02-05 09:40:53', 15, 'Проекты', 'Изменения в задаче FAQ'),
(172, '2012-02-05 09:42:48', 12, 'Проекты', 'Изменения в задаче Контакты'),
(173, '2012-02-05 09:42:56', 12, 'Проекты', 'Изменения в задаче Контакты'),
(174, '2012-02-05 21:04:08', 11, 'Проекты', 'Изменения в задаче Срок верхней задачи собирается из всех внутренних'),
(175, '2012-02-05 21:04:49', 11, 'Проекты', 'Изменения в задаче Не меняется пароль'),
(176, '2012-02-05 21:05:47', 11, 'Проекты', 'Изменения в задаче Срок верхней задачи собирается из всех внутренних'),
(177, '2012-02-06 07:30:17', 12, 'Проекты', 'Добавлена задача ФИО собственника сверху сделать жирнее'),
(178, '2012-02-06 07:31:45', 12, 'Проекты', 'Добавлена задача Жилая площадь  (Общие сведения)'),
(179, '2012-02-06 07:35:46', 12, 'Проекты', 'Добавлена задача Число зарегистрированных делится на постоянных и временных'),
(180, '2012-02-06 07:36:37', 12, 'Проекты', 'Изменения в задаче Жилая площадь  (Общие сведения) - убрать'),
(181, '2012-02-06 07:36:49', 12, 'Проекты', 'Удалена задача Жилая площадь  (Общие сведения) - убрать'),
(182, '2012-02-06 07:37:49', 12, 'Проекты', 'Добавлена задача Жилая площадь (общие сведения) убрать.'),
(183, '2012-02-06 07:39:30', 12, 'Проекты', 'Добавлена задача Начисления, сначала выводить закончившийся месяц, затем предыдущий и т.д. 3 месяца. '),
(184, '2012-02-06 07:43:35', 12, 'Проекты', 'Добавлена задача Объединить разделы &quot;показания счётчиков&quot; и &quot;приборы учёта&quot; см. описание.'),
(185, '2012-02-06 07:44:47', 12, 'Проекты', 'Добавлена задача Разделы: &quot;Заявка на вызов мастера&quot; и  &quot;Задать вопрос&quot; - пока убрать'),
(186, '2012-02-06 07:45:10', 12, 'Проекты', 'Изменения в задаче Разделы: &quot;Заявка на вызов мастера&quot; и  &quot;Задать вопрос&quot; - пока убрать'),
(187, '2012-02-06 07:46:58', 12, 'Проекты', 'Добавлена задача Проблема! см. описание.'),
(188, '2012-02-06 07:47:29', 12, 'Проекты', 'Изменения в задаче Проблема! см. описание.'),
(189, '2012-02-06 07:59:03', 12, 'Проекты', 'Добавлена задача Планы? Мероприятия? Мысли?'),
(190, '2012-02-06 20:05:25', 11, 'Проекты', 'Изменения в задаче Добавить поле почта!'),
(191, '2012-02-06 20:14:12', 11, 'Проекты', 'Изменения в задаче Косячок с предпрсмотром!'),
(192, '2012-02-06 20:15:14', 11, 'Проекты', 'Изменения в задаче На почту приходит всякая чушь! Ссылка которая приходит неправильная - ведёт на страницу с ошибками!'),
(193, '2012-02-06 20:16:37', 11, 'Проекты', 'Изменения в задаче На почту приходит всякая чушь! Ссылка которая приходит неправильная - ведёт на страницу с ошибками!'),
(194, '2012-02-06 20:17:27', 11, 'Проекты', 'Изменения в задаче Гарантийное обслуживание сайта &quot;Экономь профессионально&quot; ekonom.pro'),
(195, '2012-02-06 20:56:01', 11, 'Проекты', 'Изменения в задаче Банера - В каждом городе свои!'),
(196, '2012-02-06 20:56:39', 11, 'Проекты', 'Изменения в задаче Гарантийное обслуживание сайта &quot;Экономь профессионально&quot; ekonom.pro'),
(197, '2012-02-06 20:59:27', 11, 'Проекты', 'Изменения в задаче Приоритет товара при добавлении на первую страницу!'),
(198, '2012-02-06 20:59:59', 11, 'Проекты', 'Изменения в задаче Уменьшение названий!'),
(199, '2012-02-07 11:32:54', 11, 'Проекты', 'Изменения в задаче Банера - В каждом городе свои!'),
(200, '2012-02-08 01:18:39', 15, 'Проекты', 'Изменения в задаче Базовые характеристики товара'),
(201, '2012-02-08 01:18:55', 15, 'Проекты', 'Изменения в задаче Базовые характеристики товара'),
(202, '2012-02-08 01:23:03', 15, 'Проекты', 'Изменения в задаче Статистика посещений'),
(203, '2012-02-08 01:23:55', 15, 'Проекты', 'Изменения в задаче Статистика зарегестированных, пошедших на стоаницу регистрации, всего посетителей'),
(204, '2012-02-09 06:24:09', 7, 'Проекты', 'Изменения в задаче Доделать варианты дизайна'),
(205, '2012-02-09 08:44:49', 11, 'Проекты', 'Изменения в задаче Уменьшение названий!'),
(206, '2012-02-09 12:35:07', 11, 'Проекты', 'Изменения в задаче Приоритет товара при добавлении на первую страницу!'),
(207, '2012-02-09 12:56:13', 11, 'Проекты', 'Изменения в задаче На почту приходит всякая чушь! Ссылка которая приходит неправильная - ведёт на страницу с ошибками!'),
(208, '2012-02-10 09:24:30', 16, 'Проекты', 'Добавлена задача Идеи'),
(209, '2012-02-10 09:25:49', 16, 'Проекты', 'Изменения в задаче Идеи'),
(210, '2012-02-10 09:41:43', 16, 'Проекты', 'Изменения в задаче Идеи'),
(211, '2012-02-10 09:42:27', 16, 'Проекты', 'Изменения в задаче Идеи'),
(212, '2012-02-11 10:19:17', 9, 'Проекты', 'Добавлена задача В разделе обращение руководителя фотография залезла на текст'),
(213, '2012-02-11 10:22:43', 9, 'Проекты', 'Добавлена задача Не могу внести задачу в разделе Гарантийное обслуживание сайта ГП АЭЭ'),
(214, '2012-02-14 14:51:17', 16, 'Проекты', 'Добавлена задача ищу работника'),
(215, '2012-02-15 09:45:39', 16, 'Проекты', 'Добавлена задача прокт TaskDrive'),
(216, '2012-02-15 09:48:48', 16, 'Проекты', 'Добавлена задача разобраться с программой'),
(217, '2012-02-15 09:53:57', 16, 'Проекты', 'Добавлена задача презентация'),
(218, '2012-02-15 11:52:38', 15, 'Проекты', 'Изменения в задаче Добавление характеристик'),
(219, '2012-02-16 10:42:15', 16, 'Проекты', 'Добавлена задача РЭК'),
(220, '2012-02-16 11:28:11', 16, 'Проекты', 'Изменения в задаче В разделе обращение руководителя фотография залезла на текст'),
(221, '2012-02-16 11:30:02', 16, 'Проекты', 'Добавлена задача Установить новый редакто'),
(222, '2012-02-16 11:30:14', 16, 'Проекты', 'Изменения в задаче Установить новый редактор'),
(223, '2012-02-16 11:33:17', 16, 'Проекты', 'Добавлена задача фото сотрудников'),
(224, '2012-02-16 12:00:57', 16, 'Проекты', 'Добавлена задача переход на сылку раскрытие информации в сфере жкх'),
(225, '2012-02-16 12:16:09', 16, 'Проекты', 'Добавлена задача раздел обращения руководителя'),
(226, '2012-02-16 12:26:48', 7, 'Проекты', 'Изменения в задаче Отправить Мулову почту с ГОСТами'),
(227, '2012-02-16 12:26:54', 7, 'Проекты', 'Изменения в задаче Техническое задание'),
(228, '2012-02-16 12:32:16', 7, 'Проекты', 'Изменения в задаче Добавить раздел О компании - Полезные ссылки'),
(229, '2012-02-16 12:35:08', 7, 'Проекты', 'Изменения в задаче Рассмотреть заполнение меню или изменить &quot;Население, юр. лицам, Регулируемым организациям&quot;'),
(230, '2012-02-16 12:35:52', 7, 'Проекты', 'Изменения в задаче Сопровождение сайта &quot;РЭК&quot; www.recko.ru'),
(231, '2012-02-16 12:37:19', 7, 'Проекты', 'Изменения в задаче Рассмотреть заполнение меню или изменить &quot;Население, юр. лицам, Регулируемым организациям&quot;'),
(232, '2012-02-16 12:54:47', 7, 'Проекты', 'Изменения в задаче Руководство пользователя по редактору'),
(233, '2012-02-16 12:58:57', 7, 'Проекты', 'Изменения в задаче фото сотрудников'),
(234, '2012-02-16 12:59:13', 7, 'Проекты', 'Изменения в задаче фото сотрудников'),
(235, '2012-02-16 12:59:30', 16, 'Проекты', 'Изменения в задаче Фото сотрудников'),
(236, '2012-02-16 12:59:48', 16, 'Проекты', 'Изменения в задаче Переход на сылку раскрытие информации в сфере жкх'),
(237, '2012-02-16 13:00:04', 16, 'Проекты', 'Изменения в задаче Раздел обращения руководителя'),
(238, '2012-02-16 13:41:50', 7, 'Проекты', 'Изменения в задаче Проект &quot;i-ЖКХ&quot;'),
(239, '2012-02-16 13:42:25', 7, 'Проекты', 'Изменения в задаче Проект &quot;i-ЖКХ&quot;'),
(240, '2012-02-16 13:59:20', 16, 'Проекты', 'Добавлена задача Добавить сотрудников'),
(241, '2012-02-16 14:01:14', 16, 'Проекты', 'Изменения в задаче Установить новый редактор'),
(242, '2012-02-17 08:06:45', 16, 'Проекты', 'Изменения в задаче проект TaskDrive'),
(243, '2012-02-17 08:07:10', 16, 'Проекты', 'Изменения в задаче РЭК'),
(244, '2012-02-17 13:15:39', 16, 'Проекты', 'Добавлена задача в пользователях (группировка сортировка)кто именно чей сотрудник какая организация'),
(245, '2012-02-17 13:21:59', 16, 'Проекты', 'Добавлена задача группировка задач'),
(246, '2012-02-18 18:39:36', 11, 'Проекты', 'Изменения в задаче Поиск по сайту. Не ищет если в поиске несколько слов. И слова с ковычками'),
(247, '2012-02-21 08:07:37', 16, 'Проекты', 'Изменения в задаче Фото сотрудников'),
(248, '2012-02-21 09:09:01', 16, 'Проекты', 'Добавлена задача Отчет'),
(249, '2012-02-21 09:09:28', 16, 'Проекты', 'Изменения в задаче Отчеты'),
(250, '2012-02-21 09:10:05', 16, 'Проекты', 'Добавлена задача Отчет за январь'),
(251, '2012-02-21 09:10:34', 16, 'Проекты', 'Добавлена задача Отчет за февраль'),
(252, '2012-02-21 09:10:55', 16, 'Проекты', 'Изменения в задаче Отчеты 2012'),
(253, '2012-02-21 09:14:48', 16, 'Проекты', 'Изменения в задаче Отчеты 2012'),
(254, '2012-02-21 10:04:11', 16, 'Проекты', 'Изменения в задаче Проект TaskDrive'),
(255, '2012-02-21 10:04:39', 16, 'Проекты', 'Изменения в задаче разобраться с программой'),
(256, '2012-02-21 12:53:00', 7, 'Проекты', 'Изменения в задаче Идеи'),
(257, '2012-02-21 13:06:13', 7, 'Проекты', 'Изменения в задаче Идеи'),
(258, '2012-02-21 13:32:58', 7, 'Проекты', 'Изменения в задаче Идеи'),
(259, '2012-02-21 19:01:54', 1, 'Проекты', 'Изменения в задаче разобраться с программой'),
(260, '2012-02-21 19:02:26', 1, 'Проекты', 'Изменения в задаче разобраться с программой'),
(261, '2012-02-21 19:04:33', 1, 'Проекты', 'Изменения в задаче Не могу внести задачу в разделе Гарантийное обслуживание сайта ГП АЭЭ'),
(262, '2012-02-22 09:03:51', 7, 'Проекты', 'Изменения в задаче Проект задания'),
(263, '2012-02-22 09:05:09', 7, 'Проекты', 'Изменения в задаче Создание сайтов &quot;Сельские поселения&quot;'),
(264, '2012-02-22 09:24:04', 7, 'Проекты', 'Добавлена задача Программист'),
(265, '2012-02-22 09:24:23', 7, 'Проекты', 'Изменения в задаче Программист'),
(266, '2012-02-22 09:27:26', 7, 'Проекты', 'Изменения в задаче Программист'),
(267, '2012-02-22 09:49:11', 16, 'Проекты', 'Добавлена задача Проект &quot;ЭффИТ&quot;'),
(268, '2012-02-22 09:49:56', 7, 'Проекты', 'Изменения в задаче Разработка сайта &quot;Интимжелание.рф&quot;'),
(269, '2012-02-22 09:51:54', 16, 'Проекты', 'Изменения в задаче ЭффИТ. Создание, поддержка, продвижения, реклама, cd-презентации.'),
(270, '2012-02-22 09:52:31', 16, 'Проекты', 'Изменения в задаче ЭффИТ. Создание, поддержка, продвижения, реклама сайтов. CD-презентации.'),
(271, '2012-02-22 09:54:03', 16, 'Проекты', 'Изменения в задаче Разработка сайта &quot;Бастион.Магазин&quot;'),
(272, '2012-02-22 09:55:38', 16, 'Проекты', 'Изменения в задаче Разработка сайта &quot;Бастион.Клуб&quot;'),
(273, '2012-02-22 09:57:39', 16, 'Проекты', 'Изменения в задаче Проект &quot;Создание, сопровождение сайтов. Реклама,  продвижение.&quot;'),
(274, '2012-02-22 09:58:22', 16, 'Проекты', 'Изменения в задаче Разработка сайта &quot;Инвойс-групп&quot; www.invoicegroup.ru'),
(275, '2012-02-22 10:00:47', 7, 'Проекты', 'Изменения в задаче i-ЖКХ. Комплексная автоматизация сферы ЖКХ.'),
(276, '2012-02-22 10:01:20', 16, 'Проекты', 'Изменения в задаче Гарантийное обслуживание сайта &quot;ГП АЭЭ&quot; www.gpkoaee.ru'),
(277, '2012-02-22 10:01:54', 16, 'Проекты', 'Изменения в задаче Разработка сайта &quot;Кузбасский центр энергосбережения&quot;'),
(278, '2012-02-22 10:02:11', 7, 'Проекты', 'Изменения в задаче TaskDrive.ru - Управление задачами, проектами, финансами. CRM. Файловое хранилище.'),
(279, '2012-02-22 10:02:31', 7, 'Проекты', 'Изменения в задаче TaskDrive. Управление задачами, проектами, финансами. CRM. Файловое хранилище.'),
(280, '2012-02-22 10:02:39', 16, 'Проекты', 'Изменения в задаче Сопровождение сайта &quot;РЭК&quot; www.recko.ru'),
(281, '2012-02-22 10:02:59', 7, 'Проекты', 'Изменения в задаче СибДневник. Электронный журнал. Социальная сеть образования.'),
(282, '2012-02-22 10:04:03', 7, 'Проекты', 'Изменения в задаче Сельские поселения. 8 закон. Раскрытие информации для местных самоуправлений.'),
(283, '2012-02-22 10:04:21', 16, 'Проекты', 'Изменения в задаче Проект TaskDrive'),
(284, '2012-02-22 10:05:35', 16, 'Проекты', 'Добавлена задача ЖКХ-информ'),
(285, '2012-02-22 10:06:14', 16, 'Проекты', 'Изменения в задаче Проект &quot;Сайты, авторинформаторы УК&quot;'),
(286, '2012-02-22 10:06:54', 16, 'Проекты', 'Изменения в задаче Гарантийное обслуживание сайта &quot;Экономь профессионально&quot; ekonom.pro'),
(287, '2012-02-22 10:07:24', 7, 'Проекты', 'Изменения в задаче ЖКХ-информ. Сайты. 731 постановление. Автоинформаторы. SMS. ЖКХ-портал'),
(288, '2012-02-22 10:07:58', 16, 'Проекты', 'Добавлена задача Сельские поселения'),
(289, '2012-02-22 10:08:31', 16, 'Проекты', 'Изменения в задаче Сельские поселения. 8 закон. Раскрытие информации для местных самоуправлений.'),
(290, '2012-02-22 10:09:31', 7, 'Проекты', 'Удалена задача Менеджеры по продажам'),
(291, '2012-02-22 10:11:12', 7, 'Проекты', 'Изменения в задаче Сельские поселения. 8 закон. Раскрытие информации для местных самоуправлений.'),
(292, '2012-02-22 10:11:42', 7, 'Проекты', 'Изменения в задаче Сельские поселения. 8 закон. Раскрытие информации для местных самоуправлений.'),
(293, '2012-02-22 10:12:10', 7, 'Проекты', 'Изменения в задаче Сельские поселения. 8 закон. Раскрытие информации для местных самоуправлений.'),
(294, '2012-02-22 10:12:17', 7, 'Проекты', 'Изменения в задаче Сельские поселения. 8 закон. Раскрытие информации для местных самоуправлений.'),
(295, '2012-02-22 10:12:35', 7, 'Проекты', 'Изменения в задаче Проект задания'),
(296, '2012-02-22 10:12:47', 7, 'Проекты', 'Изменения в задаче Программист'),
(297, '2012-02-22 10:12:58', 7, 'Проекты', 'Удалена задача Сельские поселения. 8 закон. Раскрытие информации для местных самоуправлений.'),
(298, '2012-02-22 10:13:57', 7, 'Проекты', 'Изменения в задаче Сахаров Максим Васильевич, 39 лет'),
(299, '2012-02-22 10:14:44', 7, 'Проекты', 'Изменения в задаче Сахаров Максим Васильевич, 39 лет'),
(300, '2012-02-22 10:41:29', 13, 'Проекты', 'Добавлена задача Проект в технопарк'),
(301, '2012-02-22 10:43:21', 13, 'Проекты', 'Изменения в задаче Проект в технопарк'),
(302, '2012-02-22 11:33:10', 13, 'Проекты', 'Изменения в задаче Проект в технопарк'),
(303, '2012-02-22 11:34:00', 13, 'Проекты', 'Изменения в задаче Проект в технопарк'),
(304, '2012-02-22 12:23:23', 16, 'Проекты', 'Добавлена задача Технопарк'),
(305, '2012-02-22 12:24:37', 16, 'Проекты', 'Добавлена задача 1.Оформление письма'),
(306, '2012-02-22 12:30:17', 16, 'Проекты', 'Добавлена задача 2.Оформление презеентации'),
(307, '2012-02-22 12:31:09', 16, 'Проекты', 'Добавлена задача 3. Подготовка презентации для Муравьева'),
(308, '2012-02-22 12:33:12', 16, 'Проекты', 'Добавлена задача 4. Подготовка Ростелекома + письмо...'),
(309, '2012-02-22 12:33:29', 16, 'Проекты', 'Изменения в задаче 1. Технопарк'),
(310, '2012-02-22 12:35:06', 16, 'Проекты', 'Изменения в задаче 1. Технопарк'),
(311, '2012-02-22 12:37:11', 16, 'Проекты', 'Добавлена задача 2. Ростелеком...'),
(312, '2012-02-22 12:39:18', 16, 'Проекты', 'Добавлена задача Подготовиться к 13му марта!выставка'),
(313, '2012-02-22 12:41:32', 16, 'Проекты', 'Изменения в задаче 3. Подготовиться к 13му марта!выставка'),
(314, '2012-02-22 12:44:22', 16, 'Проекты', 'Добавлена задача 4. Qiwi.Город.Литера.'),
(315, '2012-02-22 12:44:54', 16, 'Проекты', 'Изменения в задаче 3. Подготовиться к 13му марта!выставка'),
(316, '2012-02-22 12:48:10', 16, 'Проекты', 'Добавлена задача 5.Деньги на сервер и дополнение!'),
(317, '2012-02-22 12:49:28', 16, 'Проекты', 'Добавлена задача 6. Купить Сервер и дополнение!'),
(318, '2012-02-22 12:51:46', 16, 'Проекты', 'Изменения в задаче Изменение внешнего вида первой страницы'),
(319, '2012-02-22 12:53:28', 16, 'Проекты', 'Изменения в задаче Встречи с новым начальником департамента образования КО Волчик Владимир Александрович'),
(320, '2012-02-22 12:54:42', 16, 'Проекты', 'Изменения в задаче Изменение внешнего вида первой страницы'),
(321, '2012-02-22 12:57:00', 16, 'Проекты', 'Изменения в задаче Залотать дыры в Сиб-дневнике'),
(322, '2012-02-22 12:58:07', 16, 'Проекты', 'Изменения в задаче  Размещение на платёжных терминалах системы &quot;Qiwi&quot;'),
(323, '2012-02-22 12:58:43', 16, 'Проекты', 'Изменения в задаче Встречи с новым начальником департамента образования КО Волчик Владимир Александрович'),
(324, '2012-02-22 12:59:11', 16, 'Проекты', 'Изменения в задаче СИБ-ДНЕНИК.РФ заканчивается 20-03-2012'),
(325, '2012-02-22 12:59:29', 16, 'Проекты', 'Изменения в задаче СИБ-ДНЕНИК.РФ заканчивается 20-03-2012'),
(326, '2012-02-22 13:02:59', 16, 'Проекты', 'Добавлена задача Бастион'),
(327, '2012-02-22 13:03:36', 16, 'Проекты', 'Изменения в задаче Разработка сайта &quot;Бастион.Магазин&quot;'),
(328, '2012-02-22 13:03:53', 16, 'Проекты', 'Изменения в задаче &quot;Бастион&quot;'),
(329, '2012-02-22 13:04:30', 16, 'Проекты', 'Изменения в задаче Разработка сайта &quot;Бастион.Клуб&quot;'),
(330, '2012-02-22 13:05:29', 16, 'Проекты', 'Добавлена задача План'),
(331, '2012-02-22 13:07:31', 16, 'Проекты', 'Изменения в задаче Описание и стоимость услуг'),
(332, '2012-02-22 13:16:43', 16, 'Проекты', 'Изменения в задаче Добавить Контактные листы'),
(333, '2012-02-22 14:10:16', 16, 'Проекты', 'Добавлена задача План'),
(334, '2012-02-22 14:11:39', 16, 'Проекты', 'Добавлена задача Материалы'),
(335, '2012-02-22 14:13:08', 16, 'Проекты', 'Изменения в задаче Не могу внести задачу в разделе Гарантийное обслуживание сайта ГП АЭЭ'),
(336, '2012-02-22 14:16:40', 16, 'Проекты', 'Добавлена задача Купить домены (2 бастион,i-gkh,я-жкх,Эффит,Автомотизация жкх.)'),
(337, '2012-02-22 14:17:15', 16, 'Проекты', 'Изменения в задаче Купить домены (2 бастион,i-gkh,я-жкх,Эффит,Автомотизация жкх.)'),
(338, '2012-02-22 14:18:57', 16, 'Проекты', 'Добавлена задача Позготовить задачу для Мксима Мандров');
INSERT INTO `tm_activity` (`id`, `date_action`, `user_id`, `razdel`, `message`) VALUES
(339, '2012-02-22 14:19:56', 16, 'Проекты', 'Добавлена задача Сделать сайт'),
(340, '2012-02-22 14:21:08', 16, 'Проекты', 'Добавлена задача Создать логотип '),
(341, '2012-02-22 14:21:45', 16, 'Проекты', 'Добавлена задача Создать сайт'),
(342, '2012-02-22 14:22:20', 16, 'Проекты', 'Удалена задача Проект TaskDrive'),
(343, '2012-02-22 14:23:00', 16, 'Проекты', 'Добавлена задача Презентация для TaskDrive'),
(344, '2012-02-22 14:24:24', 16, 'Проекты', 'Изменения в задаче Как делегировать приоритет выполнения, кто ставит сроки?'),
(345, '2012-02-22 14:24:44', 16, 'Проекты', 'Изменения в задаче Как делегировать приоритет выполнения, кто ставит сроки?'),
(346, '2012-02-22 14:25:41', 16, 'Проекты', 'Изменения в задаче Мониторинг СМИ'),
(347, '2012-02-22 14:29:52', 16, 'Проекты', 'Изменения в задаче Описание предметной области'),
(348, '2012-02-22 14:39:13', 16, 'Проекты', 'Добавлена задача План'),
(349, '2012-02-22 14:39:35', 16, 'Проекты', 'Изменения в задаче План'),
(350, '2012-02-22 14:41:42', 16, 'Проекты', 'Добавлена задача Презентация'),
(351, '2012-02-22 14:42:53', 16, 'Проекты', 'Добавлена задача Организовать интернет продажи'),
(352, '2012-02-22 14:44:17', 16, 'Проекты', 'Добавлена задача Реестор Договоров'),
(353, '2012-02-22 14:44:44', 16, 'Проекты', 'Удалена задача разобраться с программой'),
(354, '2012-02-22 14:45:17', 16, 'Проекты', 'Удалена задача РЭК'),
(355, '2012-02-22 14:45:28', 16, 'Проекты', 'Удалена задача презентация'),
(356, '2012-02-22 14:46:19', 16, 'Проекты', 'Добавлена задача TaskDrive'),
(357, '2012-02-22 14:46:53', 16, 'Проекты', 'Добавлена задача i-ЖКХ'),
(358, '2012-02-22 14:47:16', 16, 'Проекты', 'Добавлена задача СибДневник'),
(359, '2012-02-22 14:47:37', 16, 'Проекты', 'Добавлена задача ЭффИТ'),
(360, '2012-02-22 14:48:03', 16, 'Проекты', 'Добавлена задача ЖКХ-информ'),
(361, '2012-02-22 14:48:28', 16, 'Проекты', 'Добавлена задача Сельские поселения'),
(362, '2012-02-27 11:00:25', 16, 'Проекты', 'Изменения в задаче Отчет за январь'),
(363, '2012-02-27 11:00:38', 16, 'Проекты', 'Изменения в задаче Отчет за февраль'),
(364, '2012-02-27 11:05:10', 16, 'Проекты', 'Добавлена задача Отчет за март'),
(365, '2012-02-27 11:05:35', 16, 'Проекты', 'Изменения в задаче Отчет за март'),
(366, '2012-02-28 07:22:29', 7, 'Проекты', 'Добавлена задача Контакты'),
(367, '2012-02-28 07:33:57', 7, 'Проекты', 'Изменения в задаче Контакты'),
(368, '2012-02-29 18:53:06', 11, 'Проекты', 'Изменения в задаче ФИО собственника сверху сделать жирнее'),
(369, '2012-02-29 18:59:29', 11, 'Проекты', 'Изменения в задаче Число зарегистрированных делится на постоянных и временных'),
(370, '2012-02-29 19:00:40', 11, 'Проекты', 'Изменения в задаче Жилая площадь (общие сведения) убрать.'),
(371, '2012-02-29 19:02:08', 11, 'Проекты', 'Изменения в задаче Разделы: &quot;Заявка на вызов мастера&quot; и  &quot;Задать вопрос&quot; - пока убрать'),
(372, '2012-02-29 19:24:39', 11, 'Проекты', 'Изменения в задаче Начисления, сначала выводить закончившийся месяц, затем предыдущий и т.д. 3 месяца. '),
(373, '2012-02-29 20:01:17', 11, 'Проекты', 'Изменения в задаче Объединить разделы &quot;показания счётчиков&quot; и &quot;приборы учёта&quot; см. описание.'),
(374, '2012-03-01 12:10:10', 16, 'Проекты', 'Добавлена задача ЕИРЦ'),
(375, '2012-03-01 12:12:27', 16, 'Проекты', 'Добавлена задача Список что нужно доделать для Чек листа ЕИРЦ'),
(376, '2012-03-01 12:15:13', 16, 'Проекты', 'Изменения в задаче Список что нужно доделать для Чек листа ЕИРЦ'),
(377, '2012-03-01 12:17:19', 16, 'Проекты', 'Добавлена задача В карточке участника добавить:телефоны,адреса,фото.'),
(378, '2012-03-01 12:18:32', 16, 'Проекты', 'Добавлена задача Составление плана-графика'),
(379, '2012-03-01 12:19:04', 16, 'Проекты', 'Добавлена задача Отслеживание контрольных ВЕХ'),
(380, '2012-03-01 12:20:27', 16, 'Проекты', 'Добавлена задача Построение отчетности,диаграм.'),
(381, '2012-03-01 12:21:03', 16, 'Проекты', 'Добавлена задача 11.	Режим «объявление/уведомление» - создание сообщения и рассылка уведомления по почте адресатам'),
(382, '2012-03-01 12:22:54', 16, 'Проекты', 'Изменения в задаче Чек листа ЕИРЦ'),
(383, '2012-03-01 12:24:41', 16, 'Проекты', 'Добавлена задача Т.З. для програмиста'),
(384, '2012-03-01 12:36:02', 16, 'Проекты', 'Добавлена задача АЕЕ'),
(385, '2012-03-01 12:36:50', 16, 'Проекты', 'Добавлена задача Чек лист АЕЕ'),
(386, '2012-03-01 12:37:47', 16, 'Проекты', 'Добавлена задача Первая страница: Мои задачи. На контроле. Горящие задачи. Задачи на сегодня - персональный ежедневник Сотрудника. Мой каллендарь'),
(387, '2012-03-01 12:38:29', 16, 'Проекты', 'Добавлена задача Раздел проект. Сделать сортировку проектов'),
(388, '2012-03-01 12:38:51', 16, 'Проекты', 'Добавлена задача Раздел проект. Внедрить диаграмму ганта'),
(389, '2012-03-01 12:39:11', 16, 'Проекты', 'Добавлена задача Раздел проект. Внедрить каллендарь'),
(390, '2012-03-01 12:39:40', 16, 'Проекты', 'Добавлена задача Раздел пользователи. Дабавить работу с организациями. Сортировку'),
(391, '2012-03-01 12:40:04', 16, 'Проекты', 'Добавлена задача Раздел документы. Отладить хранение и обсуждение документов'),
(392, '2012-03-01 12:40:26', 16, 'Проекты', 'Добавлена задача Поиск по всем разделам и по разделам в отдельности'),
(393, '2012-03-01 12:45:51', 16, 'Проекты', 'Изменения в задаче Идеи'),
(394, '2012-03-01 12:47:44', 16, 'Проекты', 'Добавлена задача Найти програмиста'),
(395, '2012-03-01 12:48:35', 16, 'Проекты', 'Добавлена задача Принять у програмиста'),
(396, '2012-03-01 12:49:06', 16, 'Проекты', 'Изменения в задаче В карточке участника добавить:телефоны,адреса,фото.'),
(397, '2012-03-01 12:49:27', 16, 'Проекты', 'Изменения в задаче Составление плана-графика'),
(398, '2012-03-01 12:50:32', 16, 'Проекты', 'Изменения в задаче Отслеживание контрольных ВЕХ'),
(399, '2012-03-01 12:51:21', 16, 'Проекты', 'Изменения в задаче Составление плана-графика.Календарь.'),
(400, '2012-03-01 12:51:33', 16, 'Проекты', 'Изменения в задаче Построение отчетности,диаграм.'),
(401, '2012-03-01 12:52:16', 16, 'Проекты', 'Изменения в задаче Режим «объявление/уведомление» - создание сообщения и рассылка уведомления по почте адресатам'),
(402, '2012-03-01 12:52:41', 16, 'Проекты', 'Изменения в задаче Принять у програмиста'),
(403, '2012-03-01 12:58:48', 16, 'Проекты', 'Добавлена задача Подготовка к встречи'),
(404, '2012-03-01 13:02:46', 16, 'Проекты', 'Добавлена задача Встреча с ЕИРЦ'),
(405, '2012-03-01 13:03:08', 16, 'Проекты', 'Изменения в задаче Встреча с ЕИРЦ'),
(406, '2012-03-01 13:06:14', 16, 'Проекты', 'Добавлена задача Т.З дла програмиста'),
(407, '2012-03-01 13:06:48', 16, 'Проекты', 'Добавлена задача Найти деньги'),
(408, '2012-03-01 13:07:12', 16, 'Проекты', 'Добавлена задача Принять у програмиста'),
(409, '2012-03-01 13:07:54', 16, 'Проекты', 'Добавлена задача Подготовиться к встречи с АЕЕ'),
(410, '2012-03-01 13:09:08', 16, 'Проекты', 'Изменения в задаче Подготовиться к встречи с АЕЕ'),
(411, '2012-03-01 13:09:35', 16, 'Проекты', 'Добавлена задача Встреча'),
(412, '2012-03-02 10:56:38', 16, 'Проекты', 'Изменения в задаче Идеи'),
(413, '2012-03-02 10:58:45', 16, 'Проекты', 'Изменения в задаче Первая страница: Мои задачи. На контроле. Горящие задачи. Задачи на сегодня - персональный ежедневник Сотрудника. Мой каллендарь'),
(414, '2012-03-07 08:36:02', 16, 'Проекты', 'Изменения в задаче Т.З. для програмиста'),
(415, '2012-03-07 15:48:20', 16, 'Проекты', 'Добавлена задача оалшен'),
(416, '2012-03-07 15:49:14', 16, 'Проекты', 'Изменения в задаче Срок верхней задачи собирается из всех внутренних'),
(417, '2012-03-07 15:49:33', 16, 'Проекты', 'Изменения в задаче оалшен'),
(418, '2012-03-07 15:49:57', 16, 'Проекты', 'Удалена задача оалшен'),
(419, '2012-03-12 07:17:58', 12, 'Проекты', 'Изменения в задаче Разработка сайта &quot;Кузбасский центр энергосбережения&quot;'),
(420, '2012-03-14 00:21:00', 1, 'Пользователи', 'Добавлена организация ООО &quot;ИнвойсГрупп&quot;'),
(421, '2012-03-14 00:28:25', 1, 'Пользователи', 'Добавлена организация ООО &quot;ИнвойсГрупп&quot;');

-- --------------------------------------------------------

--
-- Структура таблицы `tm_department`
--

DROP TABLE IF EXISTS `tm_department`;
CREATE TABLE IF NOT EXISTS `tm_department` (
  `id` int(10) unsigned NOT NULL AUTO_INCREMENT,
  `title` varchar(255) NOT NULL,
  `organization_id` int(10) unsigned NOT NULL,
  PRIMARY KEY (`id`),
  KEY `fk_tm_department_tm_organization1` (`organization_id`)
) ENGINE=InnoDB DEFAULT CHARSET=utf8 AUTO_INCREMENT=1 ;

-- --------------------------------------------------------

--
-- Структура таблицы `tm_discussion`
--

DROP TABLE IF EXISTS `tm_discussion`;
CREATE TABLE IF NOT EXISTS `tm_discussion` (
  `id` int(10) unsigned NOT NULL AUTO_INCREMENT,
  `message` text NOT NULL,
  `date_create` datetime NOT NULL,
  `is_first` tinyint(1) NOT NULL DEFAULT '0',
  `is_message` tinyint(1) NOT NULL DEFAULT '0',
  `topic_id` int(10) unsigned DEFAULT NULL,
  `parent_id` int(10) unsigned DEFAULT NULL,
  `user_id` int(10) unsigned NOT NULL,
  `to_user_id` int(10) unsigned DEFAULT NULL,
  `is_request` tinyint(1) NOT NULL DEFAULT '0',
  `is_complete` tinyint(1) NOT NULL DEFAULT '0',
  `is_archive` tinyint(1) NOT NULL DEFAULT '0',
  PRIMARY KEY (`id`),
  KEY `fk_tm_discussion_tm_discussion1` (`parent_id`),
  KEY `fk_tm_discussion_tm_user1` (`user_id`),
  KEY `topic_id` (`topic_id`),
  KEY `to_user_id` (`to_user_id`)
) ENGINE=InnoDB  DEFAULT CHARSET=utf8 AUTO_INCREMENT=448 ;

--
-- Дамп данных таблицы `tm_discussion`
--

INSERT INTO `tm_discussion` (`id`, `message`, `date_create`, `is_first`, `is_message`, `topic_id`, `parent_id`, `user_id`, `to_user_id`, `is_request`, `is_complete`, `is_archive`) VALUES
(188, 'Сайт РЭК', '2011-12-22 20:55:20', 0, 0, NULL, NULL, 1, NULL, 0, 0, 0),
(197, 'TaskDrive', '2012-01-18 10:12:32', 0, 0, NULL, NULL, 7, NULL, 0, 0, 0),
(198, 'Кузбасский центр энергосбережения', '2012-01-18 10:51:37', 0, 0, NULL, NULL, 7, NULL, 0, 0, 0),
(199, 'Интимжелание.рф', '2012-01-18 10:52:37', 0, 0, NULL, NULL, 7, NULL, 0, 0, 0),
(200, 'Бастион Магазин', '2012-01-18 10:56:41', 0, 0, NULL, NULL, 7, NULL, 0, 0, 0),
(201, 'Статистика', '2012-01-18 10:57:39', 0, 0, 200, NULL, 7, NULL, 0, 0, 0),
(202, 'Поддержка', '2012-01-18 11:10:31', 0, 0, 200, NULL, 7, NULL, 0, 0, 0),
(203, 'Установить иконки', '2012-01-19 10:34:12', 0, 0, 188, NULL, 7, NULL, 0, 0, 0),
(204, 'Срок верхней задачи собирается из всех внутренних', '2012-01-19 10:35:06', 0, 0, 197, NULL, 7, NULL, 0, 0, 0),
(205, 'Биллинг', '2012-01-19 10:36:35', 0, 0, NULL, NULL, 7, NULL, 0, 0, 0),
(206, 'Добавить функцию оповещения о новой задаче', '2012-01-19 14:01:16', 0, 0, 197, NULL, 7, NULL, 0, 0, 0),
(207, 'Подобрать домены', '2012-01-19 14:02:42', 0, 0, 198, NULL, 7, NULL, 0, 0, 0),
(208, 'Подготовить интерфейсы для программы', '2012-01-19 14:03:43', 0, 0, 205, NULL, 7, NULL, 0, 0, 0),
(209, 'Дизайн сайта', '2012-01-19 14:04:52', 0, 0, 200, NULL, 7, NULL, 0, 0, 0),
(210, 'Купить домен taskdrive.ru', '2012-01-19 14:05:18', 0, 0, 197, NULL, 7, NULL, 0, 0, 0),
(211, 'Описание программы', '2012-01-19 14:15:08', 0, 0, 188, NULL, 7, NULL, 0, 0, 0),
(212, 'Техническое задание', '2012-01-19 14:16:16', 0, 0, 199, NULL, 7, NULL, 0, 0, 0),
(213, 'СибДневник', '2012-01-19 14:24:17', 0, 0, NULL, NULL, 7, NULL, 0, 0, 0),
(214, 'Заполнить задачи по проекту СибДневник', '2012-01-19 14:24:59', 0, 0, 213, NULL, 7, NULL, 0, 0, 0),
(215, 'Изменение внешнего вид первой страницы', '2012-01-20 07:23:13', 0, 0, 213, NULL, 12, NULL, 0, 0, 0),
(216, 'Поиск программиста, для исправления багов и совершенствования продукта', '2012-01-20 07:24:17', 0, 0, 213, NULL, 12, NULL, 0, 0, 0),
(217, 'Покупка телефонных номеров 77-00-52 и 77-00-25', '2012-01-20 07:26:46', 0, 0, 214, NULL, 12, NULL, 0, 0, 0),
(218, 'Покупка телефонных номеров 77-00-52 и 77-00-25', '2012-01-20 07:27:21', 0, 0, 213, NULL, 12, NULL, 0, 0, 0),
(219, 'Добавить раздел О компании - Полезные ссылки', '2012-01-20 07:27:31', 0, 0, 188, NULL, 7, NULL, 0, 0, 0),
(220, 'Размещение на платёжных терминалах системы \\"Qiwi\\"', '2012-01-20 07:28:08', 0, 0, 218, NULL, 12, NULL, 0, 0, 0),
(221, ' Размещение на платёжных терминалах системы \\"Qiwi\\"', '2012-01-20 07:28:28', 0, 0, 213, NULL, 12, NULL, 0, 0, 0),
(222, 'Встречи с новым начальником департамента образования КО', '2012-01-20 07:30:03', 0, 0, 213, NULL, 12, NULL, 0, 0, 0),
(223, 'Программа по ФСТ', '2012-01-20 07:33:38', 0, 0, 188, NULL, 7, NULL, 0, 0, 0),
(224, 'Сайты УК', '2012-01-20 07:40:01', 0, 0, NULL, NULL, 7, NULL, 0, 0, 0),
(225, 'Автоинформаторы', '2012-01-20 07:55:29', 0, 0, 224, NULL, 7, NULL, 0, 0, 0),
(226, 'Сайты', '2012-01-20 07:55:38', 0, 0, 224, NULL, 7, NULL, 0, 0, 0),
(227, 'Экономь профессионально', '2012-01-20 08:19:57', 0, 0, NULL, NULL, 7, NULL, 0, 0, 0),
(228, 'СИБ-ДНЕНИК.РФ заканчивается 20-03-2012', '2012-01-20 08:29:17', 0, 0, 213, NULL, 7, NULL, 0, 0, 0),
(229, 'Придумать название', '2012-01-20 08:32:02', 0, 0, 205, NULL, 7, NULL, 0, 0, 0),
(230, 'Заказ на сайт \\"Поселение\\"', '2012-01-20 08:44:31', 0, 0, NULL, NULL, 7, NULL, 0, 0, 0),
(231, 'Сайт \\"Бастион.Клуб\\"', '2012-01-20 08:48:31', 0, 0, NULL, NULL, 7, NULL, 0, 0, 0),
(232, 'Проект \\"Создание, сопровождение сайтов. Реклама,  продвижение.\\"', '2012-01-20 08:50:21', 0, 0, NULL, NULL, 7, NULL, 0, 0, 0),
(233, 'Сайт \\"Инвойс-групп\\" www.invoicegroup.ru', '2012-01-20 08:51:01', 0, 0, NULL, NULL, 7, NULL, 0, 0, 0),
(234, 'Сайт \\"ГП АЭЭ\\" www.gpkoaee.ru', '2012-01-20 08:53:54', 0, 0, NULL, NULL, 7, NULL, 0, 0, 0),
(235, 'Добавить Контактные листы.', '2012-01-20 08:54:49', 0, 0, 197, NULL, 7, NULL, 0, 0, 0),
(236, 'Интерфейс', '2012-01-20 08:58:10', 0, 0, 205, NULL, 7, NULL, 0, 0, 0),
(237, 'Сортировка По видам услуг, по клиентам', '2012-01-20 09:02:01', 0, 0, 197, NULL, 7, NULL, 0, 0, 0),
(238, 'Выбрать стиль', '2012-01-20 09:06:38', 0, 0, 236, NULL, 7, NULL, 0, 0, 0),
(239, 'Предлагаю http://www.gken.ru/ - Описание полный порядок, тепло, экологично, чисто, с заботой. Комфортное проживание.', '2012-01-20 09:07:59', 0, 1, 238, NULL, 7, NULL, 0, 0, 0),
(240, 'Дизайн', '2012-01-20 09:15:21', 0, 0, 232, NULL, 7, NULL, 0, 0, 0),
(241, 'Описание услуг', '2012-01-20 09:15:33', 0, 0, 232, NULL, 7, NULL, 0, 0, 0),
(242, 'Разделы сайта', '2012-01-20 09:15:46', 0, 0, 232, NULL, 7, NULL, 0, 0, 0),
(243, 'Организация дела', '2012-01-20 09:17:03', 0, 0, 232, NULL, 7, NULL, 0, 0, 0),
(244, 'Права', '2012-01-20 09:20:55', 0, 0, 197, NULL, 7, NULL, 0, 0, 0),
(245, 'Как просмотреть все права для выбранного пользователя?', '2012-01-20 09:21:21', 0, 0, 244, NULL, 7, NULL, 0, 0, 0),
(246, 'Обсуждения', '2012-01-20 09:28:42', 0, 0, 197, NULL, 7, NULL, 0, 0, 0),
(247, 'Мои обсуждения на первой странице', '2012-01-20 09:29:16', 0, 0, 246, NULL, 7, NULL, 0, 0, 0),
(248, 'Сайт \\"Лесная поляна\\" ук-лесная.рф', '2012-01-20 09:31:13', 0, 0, 224, NULL, 7, NULL, 0, 0, 0),
(249, 'Личный кабинет', '2012-01-20 09:31:30', 0, 0, 248, NULL, 7, NULL, 0, 0, 0),
(250, 'Первая страница', '2012-01-20 09:32:21', 0, 0, 197, NULL, 7, NULL, 0, 0, 0),
(251, 'Мои задачи: Исполнить. Контроль.', '2012-01-20 09:33:26', 0, 0, 250, NULL, 7, NULL, 0, 0, 0),
(252, 'Функционал', '2012-01-20 09:33:56', 0, 0, 213, NULL, 7, NULL, 0, 0, 0),
(253, 'Забрать бумагу у Ивана', '2012-01-20 09:34:36', 0, 0, 252, NULL, 7, NULL, 0, 0, 0),
(254, 'Почитать закон 8 и выставить стоимость', '2012-01-20 09:35:48', 0, 0, 230, NULL, 7, NULL, 0, 0, 0),
(255, 'Дизайн', '2012-01-20 09:37:46', 0, 0, 231, NULL, 7, NULL, 0, 0, 0),
(256, 'Контактный лист', '2012-01-20 09:50:30', 0, 0, 224, NULL, 7, NULL, 0, 0, 0),
(257, 'Сайт \\"Ленинградский\\" ук-ленинградский.рф', '2012-01-20 09:52:30', 0, 0, 224, NULL, 7, NULL, 0, 0, 0),
(258, 'Зарегистрировать домен', '2012-01-20 09:53:09', 0, 0, 257, NULL, 7, NULL, 0, 0, 0),
(259, 'Сайт ИП Шульц', '2012-01-20 10:11:05', 0, 0, 224, NULL, 7, NULL, 0, 0, 0),
(260, 'Зарегистрировать домен ипшульц.рф', '2012-01-20 10:11:27', 0, 0, 259, NULL, 7, NULL, 0, 0, 0),
(261, 'Доделать варианты - встреча с Алексеем', '2012-01-20 10:14:43', 0, 0, 209, NULL, 7, NULL, 0, 0, 0),
(262, 'Разработать иконки', '2012-01-20 10:15:00', 0, 0, 209, NULL, 7, NULL, 0, 0, 0),
(263, 'Не редактируются права', '2012-01-20 10:16:46', 0, 0, 244, NULL, 7, NULL, 0, 0, 0),
(264, 'Поиск!', '2012-01-20 10:29:32', 0, 0, 227, NULL, 12, NULL, 0, 0, 0),
(265, 'Вёрстка', '2012-01-20 10:30:27', 0, 0, 227, NULL, 12, NULL, 0, 0, 0),
(266, 'Редактирование товара', '2012-01-20 10:31:07', 0, 0, 227, NULL, 12, NULL, 0, 0, 0),
(267, 'Меню акции', '2012-01-20 10:32:19', 0, 0, 227, NULL, 12, NULL, 0, 0, 0),
(268, 'Мультигород ', '2012-01-20 10:32:55', 0, 0, 227, NULL, 12, NULL, 0, 0, 0),
(269, 'Региональный представитель', '2012-01-20 10:33:33', 0, 0, 227, NULL, 12, NULL, 0, 0, 0),
(270, 'Личный органайзер', '2012-01-20 12:27:21', 0, 0, 197, NULL, 7, NULL, 0, 0, 0),
(271, 'Как делегировать приоритет выполнения, кто ставит сроки?', '2012-01-20 12:28:54', 0, 0, 270, NULL, 7, NULL, 0, 0, 0),
(272, 'Мониторинг СМИ', '2012-01-20 12:34:31', 0, 0, 197, NULL, 7, NULL, 0, 0, 0),
(273, 'Описание предметной области', '2012-01-20 12:36:13', 0, 0, 197, NULL, 7, NULL, 0, 0, 0),
(274, 'Задачи', '2012-01-20 13:43:36', 0, 0, 197, NULL, 7, NULL, 0, 0, 0),
(275, 'Статус выполненно или не выполненно - ставить прямо в менеджере задач', '2012-01-20 13:44:18', 0, 0, 274, NULL, 7, NULL, 0, 0, 0),
(276, 'Бессрочные задачи', '2012-01-20 13:44:49', 0, 0, 274, NULL, 7, NULL, 0, 0, 0),
(277, 'Задачи на дату', '2012-01-20 13:45:05', 0, 0, 274, NULL, 7, NULL, 0, 0, 0),
(278, 'Выполненные задачи в отдельную папку', '2012-01-20 14:49:48', 0, 0, 250, NULL, 7, NULL, 0, 0, 0),
(279, 'Разработать ПО сайта', '2012-01-20 14:59:00', 0, 0, 198, NULL, 7, NULL, 0, 0, 0),
(280, 'Когда выполнил задачу?', '2012-01-20 15:37:13', 0, 0, 274, NULL, 7, NULL, 0, 0, 0),
(281, 'Доработать дизайн', '2012-01-20 15:38:33', 0, 0, 198, NULL, 7, NULL, 0, 0, 0),
(282, 'Пользователи', '2012-01-20 15:50:46', 0, 0, 197, NULL, 7, NULL, 0, 0, 0),
(283, 'Не меняется пароль', '2012-01-20 15:51:23', 0, 0, 282, NULL, 7, NULL, 0, 0, 0),
(284, 'Добавить время выполнения к задаче', '2012-01-20 15:52:37', 0, 0, 274, NULL, 7, NULL, 0, 0, 0),
(285, 'Материал', '2012-01-21 13:41:10', 0, 0, 205, NULL, 7, NULL, 0, 0, 0),
(286, 'Безопастность', '2012-01-21 13:47:08', 0, 0, 205, NULL, 7, NULL, 0, 0, 0),
(287, 'Отправить Мулову почту с ГОСТами', '2012-01-21 13:47:52', 0, 0, 286, NULL, 7, NULL, 0, 0, 0),
(288, 'Идеи', '2012-01-21 13:55:38', 0, 0, 205, NULL, 7, NULL, 0, 0, 0),
(289, 'Портал Жкхинформ', '2012-01-21 14:01:54', 0, 0, 288, NULL, 7, NULL, 0, 0, 0),
(290, 'РКИЦ - расчетно кассово информационный центр', '2012-01-21 14:05:35', 0, 0, 288, NULL, 7, NULL, 0, 0, 0),
(291, 'Дизайн интерфейса', '2012-01-21 15:05:08', 0, 0, 197, NULL, 7, NULL, 0, 0, 0),
(292, 'Интерфейсы', '2012-01-21 15:05:36', 0, 0, 291, NULL, 7, NULL, 0, 0, 0),
(293, 'Биллинг', '2012-01-21 15:36:41', 0, 0, 285, NULL, 7, NULL, 0, 0, 0),
(294, 'Отправить логотип Алексею', '2012-01-21 16:05:42', 0, 0, 209, NULL, 7, NULL, 0, 0, 0),
(295, 'Отредактировать вывод поиска', '2012-01-22 20:53:13', 0, 0, 188, NULL, 11, NULL, 0, 0, 0),
(296, 'Мониторинг СМИ', '2012-01-23 08:23:01', 0, 0, 205, NULL, 7, NULL, 0, 0, 0),
(297, 'Банера, добавить слайдер! Отладить работу!', '2012-01-23 13:44:44', 0, 0, 227, NULL, 12, NULL, 0, 0, 0),
(298, 'Первая страница, ограничить количество акций! ', '2012-01-23 13:46:05', 0, 0, 227, NULL, 12, NULL, 0, 0, 0),
(299, '\\"Лайки\\", наладить работу!', '2012-01-23 13:46:30', 0, 0, 227, NULL, 12, NULL, 0, 0, 0),
(300, 'Понравившиеся сайты', '2012-01-24 14:07:34', 0, 0, 233, NULL, 12, NULL, 0, 0, 0),
(301, 'Техническое задание для сайта \\"Старые пестери\\"', '2012-01-27 07:38:17', 0, 0, NULL, NULL, 7, NULL, 0, 0, 0),
(302, 'Проект задания', '2012-01-27 07:40:12', 0, 0, 301, NULL, 7, NULL, 0, 0, 0),
(303, 'Кадры', '2012-01-27 07:43:20', 0, 0, NULL, NULL, 7, NULL, 0, 0, 0),
(304, 'Php-программисты', '2012-01-27 07:43:41', 0, 0, 303, NULL, 7, NULL, 0, 0, 0),
(305, 'Сахаров Максим Васильевич, 39 лет', '2012-01-27 07:46:38', 0, 0, 304, NULL, 12, NULL, 0, 0, 0),
(306, 'Дизайнеры', '2012-01-27 07:46:59', 0, 0, 303, NULL, 7, NULL, 0, 0, 0),
(307, 'Менеджеры по продажам', '2012-01-27 07:47:12', 0, 0, 303, NULL, 7, NULL, 0, 0, 0),
(308, 'Старопестери', '2012-01-27 07:48:07', 0, 0, 302, NULL, 7, NULL, 0, 0, 0),
(309, 'Мониторинг сайтов о работе 2 раза в неделю.', '2012-01-27 08:15:53', 0, 0, 303, NULL, 7, NULL, 0, 0, 0),
(310, 'Поиск РЭК', '2012-01-30 11:18:53', 0, 0, 188, NULL, 7, NULL, 0, 0, 0),
(311, 'Мониторинг СМИ', '2012-01-30 11:21:07', 0, 0, 188, NULL, 7, NULL, 0, 0, 0),
(312, 'Компании - должны быть видны только в своём городе, кроме \\"мультигородских\\"', '2012-01-30 14:23:50', 0, 0, 227, NULL, 12, NULL, 0, 0, 0),
(313, 'Ссылка на оригинальный товар', '2012-01-30 14:32:50', 0, 0, 227, NULL, 12, NULL, 0, 0, 0),
(314, 'Уменьшение названий!', '2012-01-30 14:48:54', 0, 0, 227, NULL, 12, NULL, 0, 0, 0),
(315, 'Название поправить', '2012-01-30 14:53:30', 0, 0, 227, NULL, 12, NULL, 0, 0, 0),
(316, 'Записать голоса - Введите лицевой счет и нажмите решетку.', '2012-01-31 08:26:53', 0, 0, 224, NULL, 12, NULL, 0, 0, 0),
(317, 'Банера нижние на главной странице!', '2012-01-31 09:01:54', 0, 0, 227, NULL, 12, NULL, 0, 0, 0),
(318, 'Банера - В каждом городе свои!', '2012-01-31 09:13:31', 0, 0, 227, NULL, 12, NULL, 0, 0, 0),
(319, 'Приоритет товара при добавлении на первую страницу!', '2012-01-31 09:14:05', 0, 0, 227, NULL, 12, NULL, 0, 0, 0),
(320, 'РЭУ 19.РФ ', '2012-01-31 09:44:25', 0, 0, 213, NULL, 12, NULL, 0, 0, 0),
(321, 'РЭУ19.рф', '2012-01-31 09:47:16', 0, 0, 224, NULL, 12, NULL, 0, 0, 0),
(322, 'Большая Беда!', '2012-01-31 11:41:14', 0, 0, 227, NULL, 12, NULL, 0, 0, 0),
(323, 'На почту приходит всякая чушь! Ссылка которая приходит неправильная - ведёт на страницу с ошибками!', '2012-01-31 11:43:41', 0, 0, 227, NULL, 12, NULL, 0, 0, 0),
(324, 'Добавить поле почта!', '2012-01-31 12:56:43', 0, 0, 227, NULL, 12, NULL, 0, 0, 0),
(325, 'Изменить пароли для сайтов УК. Сделать их сложными!', '2012-02-01 07:50:15', 0, 0, 224, NULL, 12, NULL, 0, 0, 0),
(326, 'Косячок с предпрсмотром!', '2012-02-02 12:06:32', 0, 0, 227, NULL, 12, NULL, 0, 0, 0),
(327, 'Каталог продукции', '2012-02-03 07:50:11', 0, 0, 200, NULL, 7, NULL, 0, 0, 0),
(328, 'Корзина и заказ', '2012-02-03 07:50:30', 0, 0, 200, NULL, 7, NULL, 0, 0, 0),
(329, 'FAQ и контакты', '2012-02-03 07:51:37', 0, 0, 200, NULL, 7, NULL, 0, 0, 0),
(330, 'Характеристики на группу товаров - рубрику в каталоге', '2012-02-03 07:55:40', 0, 0, 327, NULL, 7, NULL, 0, 0, 0),
(331, 'Базовые характеристики', '2012-02-03 07:56:48', 0, 0, 327, NULL, 7, NULL, 0, 0, 0),
(332, 'Фильтр по выбранным характеристикам', '2012-02-03 07:58:44', 0, 0, 327, NULL, 7, NULL, 0, 0, 0),
(333, 'Поиск по сайту. Не ищет если в поиске несколько слов. И слова с ковычками', '2012-02-03 08:04:32', 0, 0, 188, NULL, 9, NULL, 0, 0, 0),
(334, 'Разместить ссылку http://www.recko.ru/?p=presscentr&t=rec&id=44', '2012-02-03 08:07:08', 0, 0, 188, NULL, 9, NULL, 0, 0, 0),
(335, 'Сравнение товаров', '2012-02-03 08:09:58', 0, 0, 327, NULL, 7, NULL, 0, 0, 0),
(336, 'Корзина заказов', '2012-02-03 08:16:53', 0, 0, 328, NULL, 7, NULL, 0, 0, 0),
(337, 'С этим товаром покупают', '2012-02-03 08:17:51', 0, 0, 327, NULL, 7, NULL, 0, 0, 0),
(338, 'Верстка', '2012-02-03 08:21:12', 0, 0, 200, NULL, 7, NULL, 0, 0, 0),
(339, 'Заказ', '2012-02-03 08:35:59', 0, 0, 328, NULL, 7, NULL, 0, 0, 0),
(340, 'Личный кабинет', '2012-02-03 08:37:06', 0, 0, 327, NULL, 7, NULL, 0, 0, 0),
(341, 'FAQ', '2012-02-03 08:38:34', 0, 0, 329, NULL, 7, NULL, 0, 0, 0),
(342, 'Контакты', '2012-02-03 08:39:05', 0, 0, 329, NULL, 7, NULL, 0, 0, 0),
(343, 'Статистика посещений', '2012-02-03 08:39:22', 0, 0, 201, NULL, 7, NULL, 0, 0, 0),
(344, 'Статистика зарегестированных, пошедших на стоаницу регистрации, всего посетителей', '2012-02-03 08:40:35', 0, 0, 201, NULL, 7, NULL, 0, 0, 0),
(345, 'Статистика по товарам, рубрикам - просмотры/заказы/оплата/доставка', '2012-02-03 08:43:41', 0, 0, 201, NULL, 7, NULL, 0, 0, 0),
(346, 'Рассмотреть заполнение меню или изменить \\"Население, юр. лицам, Регулируемым организациям\\"', '2012-02-03 13:28:39', 0, 0, 188, NULL, 9, NULL, 0, 0, 0),
(347, 'РЭУ19.рф - разобраться с телефонами! СОТОВЫЙ ТЕЛЕФОН АВАРИЙНОЙ СЛУЖБЫ 8 950 585 24 41', '2012-02-04 12:13:25', 0, 0, 224, NULL, 12, NULL, 0, 0, 0),
(348, 'ФИО собственника сверху сделать жирнее', '2012-02-06 07:30:17', 0, 0, 249, NULL, 12, NULL, 0, 0, 0),
(349, 'Жилая площадь  (Общие сведения)', '2012-02-06 07:31:45', 0, 0, 248, NULL, 12, NULL, 0, 0, 0),
(350, 'Число зарегистрированных делится на постоянных и временных', '2012-02-06 07:35:46', 0, 0, 249, NULL, 12, NULL, 0, 0, 0),
(351, 'Жилая площадь (общие сведения) убрать.', '2012-02-06 07:37:49', 0, 0, 249, NULL, 12, NULL, 0, 0, 0),
(352, 'Начисления, сначала выводить закончившийся месяц, затем предыдущий и т.д. 3 месяца. ', '2012-02-06 07:39:30', 0, 0, 249, NULL, 12, NULL, 0, 0, 0),
(353, 'Объединить разделы \\"показания счётчиков\\" и \\"приборы учёта\\" см. описание.', '2012-02-06 07:43:35', 0, 0, 249, NULL, 12, NULL, 0, 0, 0),
(354, 'Разделы: \\"Заявка на вызов мастера\\" и  \\"Задать вопрос\\" - пока убрать', '2012-02-06 07:44:47', 0, 0, 249, NULL, 12, NULL, 0, 0, 0),
(355, 'Проблема! см. описание.', '2012-02-06 07:46:58', 0, 0, 249, NULL, 12, NULL, 0, 0, 0),
(356, 'Планы? Мероприятия? Мысли?', '2012-02-06 07:59:03', 0, 0, 213, NULL, 12, NULL, 0, 0, 0),
(357, 'Идеи', '2012-02-10 09:24:30', 0, 0, 197, NULL, 16, NULL, 0, 0, 0),
(358, 'В разделе обращение руководителя фотография залезла на текст', '2012-02-11 10:19:17', 0, 0, 188, NULL, 9, NULL, 0, 0, 0),
(359, 'Не могу внести задачу в разделе Гарантийное обслуживание сайта ГП АЭЭ', '2012-02-11 10:22:43', 0, 0, NULL, NULL, 9, NULL, 0, 0, 0),
(360, 'ищу работника', '2012-02-14 14:51:17', 0, 0, 275, NULL, 16, NULL, 0, 0, 0),
(361, 'прокт TaskDrive', '2012-02-15 09:45:39', 0, 0, NULL, NULL, 16, NULL, 0, 0, 0),
(362, 'разобраться с программой', '2012-02-15 09:48:48', 0, 0, 361, NULL, 16, NULL, 0, 0, 0),
(363, '', '2012-02-15 09:51:23', 0, 1, 362, NULL, 16, 7, 0, 0, 0),
(364, 'презентация', '2012-02-15 09:53:57', 0, 0, 361, NULL, 16, NULL, 0, 0, 0),
(365, 'РЭК', '2012-02-16 10:42:15', 0, 0, 361, NULL, 16, NULL, 0, 0, 0),
(366, 'Установить новый редакто', '2012-02-16 11:30:02', 0, 0, 188, NULL, 16, NULL, 0, 0, 0),
(367, 'фото сотрудников', '2012-02-16 11:33:17', 0, 0, 188, NULL, 16, NULL, 0, 0, 0),
(368, 'переход на сылку раскрытие информации в сфере жкх', '2012-02-16 12:00:56', 0, 0, 188, NULL, 16, NULL, 0, 0, 0),
(369, 'раздел обращения руководителя', '2012-02-16 12:16:09', 0, 0, 188, NULL, 16, NULL, 0, 0, 0),
(370, 'Что вы хотите сообщить этим категориям пользователей в первую очередь?', '2012-02-16 12:36:46', 0, 1, 346, NULL, 7, NULL, 0, 0, 0),
(371, 'Добавить сотрудников', '2012-02-16 13:59:20', 0, 0, 188, NULL, 16, NULL, 0, 0, 0),
(372, 'в пользователях (группировка сортировка)кто именно чей сотрудник какая организация', '2012-02-17 13:15:39', 0, 0, 237, NULL, 16, NULL, 0, 0, 0),
(373, 'группировка задач', '2012-02-17 13:21:59', 0, 0, 372, NULL, 16, NULL, 0, 0, 0),
(374, '20.02.12 договориться о встречи с Щеглов Сергей Вялерьевич по фото и отчету\r\n', '2012-02-20 08:04:09', 0, 1, 365, NULL, 16, NULL, 0, 0, 0),
(375, 'Отчет', '2012-02-21 09:09:01', 0, 0, 188, NULL, 16, NULL, 0, 0, 0),
(376, 'Отчет за январь', '2012-02-21 09:10:05', 0, 0, 375, NULL, 16, NULL, 0, 0, 0),
(377, 'Отчет за февраль', '2012-02-21 09:10:34', 0, 0, 375, NULL, 16, NULL, 0, 0, 0),
(378, 'Программист', '2012-02-22 09:24:04', 0, 0, 301, NULL, 7, NULL, 0, 0, 0),
(379, 'Проект \\"ЭффИТ\\"', '2012-02-22 09:49:11', 0, 0, NULL, NULL, 16, NULL, 0, 0, 0),
(380, 'ЖКХ-информ', '2012-02-22 10:05:35', 0, 0, NULL, NULL, 16, NULL, 0, 0, 0),
(381, 'Сельские поселения', '2012-02-22 10:07:58', 0, 0, NULL, NULL, 16, NULL, 0, 0, 0),
(382, 'Проект в технопарк', '2012-02-22 10:41:29', 0, 0, 205, NULL, 13, NULL, 0, 0, 0),
(383, 'Технопарк', '2012-02-22 12:23:23', 0, 0, 229, NULL, 16, NULL, 0, 0, 0),
(384, '1.Оформление письма', '2012-02-22 12:24:37', 0, 0, 383, NULL, 16, NULL, 0, 0, 0),
(385, '2.Оформление презеентации', '2012-02-22 12:30:17', 0, 0, 383, NULL, 16, NULL, 0, 0, 0),
(386, '3. Подготовка презентации для Муравьева', '2012-02-22 12:31:09', 0, 0, 383, NULL, 16, NULL, 0, 0, 0),
(387, '4. Подготовка Ростелекома + письмо...', '2012-02-22 12:33:12', 0, 0, 383, NULL, 16, NULL, 0, 0, 0),
(388, '2. Ростелеком...', '2012-02-22 12:37:11', 0, 0, 205, NULL, 16, NULL, 0, 0, 0),
(389, 'Подготовиться к 13му марта!выставка', '2012-02-22 12:39:18', 0, 0, 205, NULL, 16, NULL, 0, 0, 0),
(390, '4. Qiwi.Город.Литера.', '2012-02-22 12:44:21', 0, 0, 205, NULL, 16, NULL, 0, 0, 0),
(391, '5.Деньги на сервер и дополнение!', '2012-02-22 12:48:10', 0, 0, 205, NULL, 16, NULL, 0, 0, 0),
(392, '6. Купить Сервер и дополнение!', '2012-02-22 12:49:28', 0, 0, 205, NULL, 16, NULL, 0, 0, 0),
(393, 'Бастион', '2012-02-22 13:02:59', 0, 0, 379, NULL, 16, NULL, 0, 0, 0),
(394, 'План', '2012-02-22 13:05:29', 0, 0, 199, NULL, 16, NULL, 0, 0, 0),
(395, 'План', '2012-02-22 14:10:16', 0, 0, 233, NULL, 16, NULL, 0, 0, 0),
(396, 'Материалы', '2012-02-22 14:11:39', 0, 0, 233, NULL, 16, NULL, 0, 0, 0),
(397, 'Купить домены (2 бастион,i-gkh,я-жкх,Эффит,Автомотизация жкх.)', '2012-02-22 14:16:40', 0, 0, 379, NULL, 16, NULL, 0, 0, 0),
(398, 'Позготовить задачу для Мксима Мандров', '2012-02-22 14:18:57', 0, 0, 205, NULL, 16, NULL, 0, 0, 0),
(399, 'Сделать сайт', '2012-02-22 14:19:56', 0, 0, 379, NULL, 16, NULL, 0, 0, 0),
(400, 'Создать логотип ', '2012-02-22 14:21:08', 0, 0, 197, NULL, 16, NULL, 0, 0, 0),
(401, 'Создать сайт', '2012-02-22 14:21:45', 0, 0, 197, NULL, 16, NULL, 0, 0, 0),
(402, 'Презентация для TaskDrive', '2012-02-22 14:23:00', 0, 0, 197, NULL, 16, NULL, 0, 0, 0),
(403, 'План', '2012-02-22 14:39:13', 0, 0, 381, NULL, 16, NULL, 0, 0, 0),
(404, 'Презентация', '2012-02-22 14:41:42', 0, 0, 381, NULL, 16, NULL, 0, 0, 0),
(405, 'Организовать интернет продажи', '2012-02-22 14:42:53', 0, 0, 381, NULL, 16, NULL, 0, 0, 0),
(406, 'Реестор Договоров', '2012-02-22 14:44:17', 0, 0, NULL, NULL, 16, NULL, 0, 0, 0),
(407, 'TaskDrive', '2012-02-22 14:46:19', 0, 0, 406, NULL, 16, NULL, 0, 0, 0),
(408, 'i-ЖКХ', '2012-02-22 14:46:53', 0, 0, 406, NULL, 16, NULL, 0, 0, 0),
(409, 'СибДневник', '2012-02-22 14:47:16', 0, 0, 406, NULL, 16, NULL, 0, 0, 0),
(410, 'ЭффИТ', '2012-02-22 14:47:37', 0, 0, 406, NULL, 16, NULL, 0, 0, 0),
(411, 'ЖКХ-информ', '2012-02-22 14:48:03', 0, 0, 406, NULL, 16, NULL, 0, 0, 0),
(412, 'Сельские поселения', '2012-02-22 14:48:28', 0, 0, 406, NULL, 16, NULL, 0, 0, 0),
(415, 'Отчет за март', '2012-02-27 11:05:10', 0, 0, 375, NULL, 16, NULL, 0, 0, 0),
(416, 'Контакты', '2012-02-28 07:22:29', 0, 0, 205, NULL, 7, NULL, 0, 0, 0),
(417, 'ЕИРЦ', '2012-03-01 12:10:10', 0, 0, 197, NULL, 16, NULL, 0, 0, 0),
(418, 'Список что нужно доделать для Чек листа ЕИРЦ', '2012-03-01 12:12:27', 0, 0, 417, NULL, 16, NULL, 0, 0, 0),
(419, 'В карточке участника добавить:телефоны,адреса,фото.', '2012-03-01 12:17:19', 0, 0, 418, NULL, 16, NULL, 0, 0, 0),
(420, 'Составление плана-графика', '2012-03-01 12:18:32', 0, 0, 418, NULL, 16, NULL, 0, 0, 0),
(421, 'Отслеживание контрольных ВЕХ', '2012-03-01 12:19:04', 0, 0, 418, NULL, 16, NULL, 0, 0, 0),
(422, 'Построение отчетности,диаграм.', '2012-03-01 12:20:27', 0, 0, 418, NULL, 16, NULL, 0, 0, 0),
(423, '11.	Режим «объявление/уведомление» - создание сообщения и рассылка уведомления по почте адресатам', '2012-03-01 12:21:03', 0, 0, 418, NULL, 16, NULL, 0, 0, 0),
(424, 'Т.З. для програмиста', '2012-03-01 12:24:41', 0, 0, 417, NULL, 16, NULL, 0, 0, 0),
(425, 'АЕЕ', '2012-03-01 12:36:02', 0, 0, 197, NULL, 16, NULL, 0, 0, 0),
(426, 'Чек лист АЕЕ', '2012-03-01 12:36:50', 0, 0, 425, NULL, 16, NULL, 0, 0, 0),
(427, 'Первая страница: Мои задачи. На контроле. Горящие задачи. Задачи на сегодня - персональный ежедневник Сотрудника. Мой каллендарь', '2012-03-01 12:37:47', 0, 0, 426, NULL, 16, NULL, 0, 0, 0),
(428, 'Раздел проект. Сделать сортировку проектов', '2012-03-01 12:38:29', 0, 0, 426, NULL, 16, NULL, 0, 0, 0),
(429, 'Раздел проект. Внедрить диаграмму ганта', '2012-03-01 12:38:51', 0, 0, 426, NULL, 16, NULL, 0, 0, 0),
(430, 'Раздел проект. Внедрить каллендарь', '2012-03-01 12:39:11', 0, 0, 426, NULL, 16, NULL, 0, 0, 0),
(431, 'Раздел пользователи. Дабавить работу с организациями. Сортировку', '2012-03-01 12:39:40', 0, 0, 426, NULL, 16, NULL, 0, 0, 0),
(432, 'Раздел документы. Отладить хранение и обсуждение документов', '2012-03-01 12:40:04', 0, 0, 426, NULL, 16, NULL, 0, 0, 0),
(433, 'Поиск по всем разделам и по разделам в отдельности', '2012-03-01 12:40:26', 0, 0, 426, NULL, 16, NULL, 0, 0, 0),
(434, 'Найти програмиста', '2012-03-01 12:47:44', 0, 0, 417, NULL, 16, NULL, 0, 0, 0),
(435, 'Принять у програмиста', '2012-03-01 12:48:35', 0, 0, 417, NULL, 16, NULL, 0, 0, 0),
(436, 'Подготовка к встречи', '2012-03-01 12:58:48', 0, 0, 417, NULL, 16, NULL, 0, 0, 0),
(437, 'Встреча с ЕИРЦ', '2012-03-01 13:02:46', 0, 0, 417, NULL, 16, NULL, 0, 0, 0),
(438, 'Т.З дла програмиста', '2012-03-01 13:06:14', 0, 0, 425, NULL, 16, NULL, 0, 0, 0),
(439, 'Найти деньги', '2012-03-01 13:06:48', 0, 0, 425, NULL, 16, NULL, 0, 0, 0),
(440, 'Принять у програмиста', '2012-03-01 13:07:12', 0, 0, 425, NULL, 16, NULL, 0, 0, 0),
(441, 'Подготовиться к встречи с АЕЕ', '2012-03-01 13:07:54', 0, 0, 425, NULL, 16, NULL, 0, 0, 0),
(442, 'Встреча', '2012-03-01 13:09:35', 0, 0, 425, NULL, 16, NULL, 0, 0, 0),
(443, 'оалшен', '2012-03-07 15:48:20', 0, 0, 204, NULL, 16, NULL, 0, 0, 0),
(444, 'внедрение taskdrive', '2012-03-13 07:59:48', 0, 0, 442, NULL, 16, NULL, 0, 0, 0),
(445, 'где именно', '2012-03-13 08:01:52', 0, 1, 358, NULL, 16, NULL, 0, 0, 0),
(446, 'dfghdfgh', '2012-03-13 13:57:42', 0, 1, 308, NULL, 7, NULL, 0, 0, 0),
(447, 'dfhgfh', '2012-03-13 13:58:18', 0, 1, 308, NULL, 7, NULL, 0, 0, 0);

-- --------------------------------------------------------

--
-- Структура таблицы `tm_discussion_document`
--

DROP TABLE IF EXISTS `tm_discussion_document`;
CREATE TABLE IF NOT EXISTS `tm_discussion_document` (
  `document_id` int(10) unsigned NOT NULL,
  `discussion_id` int(10) unsigned NOT NULL,
  `is_doc` tinyint(1) NOT NULL DEFAULT '0',
  PRIMARY KEY (`document_id`,`discussion_id`),
  KEY `document_id` (`document_id`),
  KEY `discussion_id` (`discussion_id`)
) ENGINE=InnoDB DEFAULT CHARSET=utf8;

--
-- Дамп данных таблицы `tm_discussion_document`
--

INSERT INTO `tm_discussion_document` (`document_id`, `discussion_id`, `is_doc`) VALUES
(335, 308, 0),
(404, 363, 1);

-- --------------------------------------------------------

--
-- Структура таблицы `tm_document`
--

DROP TABLE IF EXISTS `tm_document`;
CREATE TABLE IF NOT EXISTS `tm_document` (
  `id` int(10) unsigned NOT NULL AUTO_INCREMENT,
  `title` varchar(255) NOT NULL,
  `date_create` datetime NOT NULL,
  `user_id` int(10) unsigned NOT NULL,
  `file` varchar(255) DEFAULT NULL,
  `is_folder` tinyint(1) NOT NULL DEFAULT '0',
  `parent_id` int(10) unsigned DEFAULT NULL,
  `is_archive` tinyint(1) NOT NULL DEFAULT '0',
  PRIMARY KEY (`id`),
  KEY `fk_tm_document_tm_document1` (`parent_id`),
  KEY `fk_tm_document_tm_user1` (`user_id`)
) ENGINE=InnoDB  DEFAULT CHARSET=utf8 AUTO_INCREMENT=484 ;

--
-- Дамп данных таблицы `tm_document`
--

INSERT INTO `tm_document` (`id`, `title`, `date_create`, `user_id`, `file`, `is_folder`, `parent_id`, `is_archive`) VALUES
(199, 'Сайт РЭК', '2011-12-19 16:55:14', 1, 'Say_REK', 1, NULL, 0),
(200, 'Отредактировать вывод новостей', '2011-12-19 17:12:39', 1, 'Oedakiova_vvod_novoey', 1, 199, 0),
(223, 'TaskDrive', '2012-01-18 10:12:32', 7, 'TaskDrive', 1, NULL, 0),
(224, 'Кузбасский центр энергосбережения', '2012-01-18 10:51:37', 7, 'Kzbakiy_en_negobeejeniya', 1, NULL, 0),
(225, 'Интимжелание.рф', '2012-01-18 10:52:37', 7, 'Inimjelanie', 1, NULL, 0),
(226, 'Бастион Магазин', '2012-01-18 10:56:41', 7, 'Baion_Magazin', 1, NULL, 0),
(227, 'Статистика', '2012-01-18 10:57:39', 7, 'Saiika', 1, 226, 0),
(228, 'Поддержка', '2012-01-18 11:10:31', 7, 'Poddejka', 1, 226, 0),
(229, 'Установить иконки', '2012-01-19 10:34:12', 7, 'Uanovi_ikonki', 1, 199, 0),
(230, 'Срок верхней задачи собирается из всех внутренних', '2012-01-19 10:35:06', 7, 'Sok_veney_zadai_obiaeya_iz_ve_vnenni', 1, 223, 0),
(231, 'Биллинг', '2012-01-19 10:36:35', 7, 'Billing', 1, NULL, 0),
(232, 'Добавить функцию оповещения о новой задаче', '2012-01-19 14:01:16', 7, 'Dobavi_nki_opoveeniya_o_novoy_zadae', 1, 223, 0),
(233, 'Подобрать домены', '2012-01-19 14:02:42', 7, 'Podoba_domen', 1, 224, 0),
(234, 'Подготовить интерфейсы для программы', '2012-01-19 14:03:43', 7, 'Podgoovi_ineey_dlya_pogamm', 1, 231, 0),
(235, 'Дизайн сайта', '2012-01-19 14:04:52', 7, 'Dizayn_aya', 1, 226, 0),
(236, 'Купить домен taskdrive.ru', '2012-01-19 14:05:18', 7, 'Kpi_domen_taskdriveru', 1, 223, 0),
(237, 'Описание программы', '2012-01-19 14:15:08', 7, 'Opianie_pogamm', 1, 199, 0),
(238, 'Техническое задание', '2012-01-19 14:16:16', 7, 'Teniekoe_zadanie', 1, 225, 0),
(239, 'СибДневник', '2012-01-19 14:24:17', 7, 'SibDnevnik', 1, NULL, 0),
(240, 'Заполнить задачи по проекту СибДневник', '2012-01-19 14:24:59', 7, 'Zapolni_zadai_po_poek_SibDnevnik', 1, 239, 0),
(241, 'Изменение внешнего вид первой страницы', '2012-01-20 07:23:13', 12, 'Izmenenie_vnenego_vid_pevoy_ani', 1, 239, 0),
(242, 'Поиск программиста, для исправления багов и совершенствования продукта', '2012-01-20 07:24:17', 12, 'Poik_pogammia_dlya_ipavleniya_bagov_i_oveenvovaniya_podka', 1, 239, 0),
(243, 'Покупка телефонных номеров 77-00-52 и 77-00-25', '2012-01-20 07:26:46', 12, 'Pokpka_eleonn_nomeov_770052_i_770025', 1, 240, 0),
(244, 'Покупка телефонных номеров 77-00-52 и 77-00-25', '2012-01-20 07:27:21', 12, 'Pokpka_eleonn_nomeov_770052_i_770025', 1, 239, 0),
(245, 'Добавить раздел О компании - Полезные ссылки', '2012-01-20 07:27:31', 7, 'Dobavi_azdel_O_kompanii__Polezne_lki', 1, 199, 0),
(246, 'Размещение на платёжных терминалах системы \\"Qiwi\\"', '2012-01-20 07:28:08', 12, 'Razmeenie_na_plaёjn_eminala_iem_Qiwi', 1, 244, 0),
(247, ' Размещение на платёжных терминалах системы \\"Qiwi\\"', '2012-01-20 07:28:28', 12, '_Razmeenie_na_plaёjn_eminala_iem_Qiwi', 1, 239, 0),
(248, 'Встречи с новым начальником департамента образования КО', '2012-01-20 07:30:03', 12, 'Vei__novm_naalnikom_depaamena_obazovaniya_KO', 1, 239, 0),
(249, 'Программа по ФСТ', '2012-01-20 07:33:38', 7, 'Pogamma_po_FST', 1, 199, 0),
(250, 'Сайты УК', '2012-01-20 07:40:01', 7, 'Say_UK', 1, NULL, 0),
(251, 'Автоинформаторы', '2012-01-20 07:55:29', 7, 'Avoinomao', 1, 250, 0),
(252, 'Сайты', '2012-01-20 07:55:38', 7, 'Say', 1, 250, 0),
(253, 'Экономь профессионально', '2012-01-20 08:19:57', 7, 'Ekonom_poeionalno', 1, NULL, 0),
(254, 'СИБ-ДНЕНИК.РФ заканчивается 20-03-2012', '2012-01-20 08:29:17', 7, 'SIBDNENIKRF_zakanivaeya_20032012', 1, 239, 0),
(255, 'Придумать название', '2012-01-20 08:32:02', 7, 'Pidma_nazvanie', 1, 231, 0),
(256, 'Заказ на сайт \\"Поселение\\"', '2012-01-20 08:44:31', 7, 'Zakaz_na_ay_Poelenie', 1, NULL, 0),
(257, 'Сайт \\"Бастион.Клуб\\"', '2012-01-20 08:48:31', 7, 'Say_BaionKlb', 1, NULL, 0),
(258, 'Проект \\"Создание, сопровождение сайтов. Реклама,  продвижение.\\"', '2012-01-20 08:50:21', 7, 'Poek_Sozdanie_opovojdenie_ayov_Reklama__podvijenie', 1, NULL, 0),
(259, 'Сайт \\"Инвойс-групп\\" www.invoicegroup.ru', '2012-01-20 08:51:01', 7, 'Say_Invoygpp_wwwinvoicegroupru', 1, NULL, 0),
(260, 'Сайт \\"ГП АЭЭ\\" www.gpkoaee.ru', '2012-01-20 08:53:54', 7, 'Say_GP_AEE_wwwgpkoaeeru', 1, NULL, 0),
(261, 'Добавить Контактные листы.', '2012-01-20 08:54:49', 7, 'Dobavi_Konakne_li', 1, 223, 0),
(262, 'Интерфейс', '2012-01-20 08:58:10', 7, 'Ineey', 1, 231, 0),
(263, 'Сортировка По видам услуг, по клиентам', '2012-01-20 09:02:01', 7, 'Soiovka_Po_vidam_lg_po_klienam', 1, 223, 0),
(264, 'Выбрать стиль', '2012-01-20 09:06:38', 7, 'Vba_il', 1, 262, 0),
(265, 'Дизайн', '2012-01-20 09:15:21', 7, 'Dizayn', 1, 258, 0),
(266, 'Описание услуг', '2012-01-20 09:15:33', 7, 'Opianie_lg', 1, 258, 0),
(267, 'Разделы сайта', '2012-01-20 09:15:46', 7, 'Razdel_aya', 1, 258, 0),
(268, 'Организация дела', '2012-01-20 09:17:03', 7, 'Oganizaiya_dela', 1, 258, 0),
(269, 'Права', '2012-01-20 09:20:55', 7, 'Pava', 1, 223, 0),
(270, 'Как просмотреть все права для выбранного пользователя?', '2012-01-20 09:21:21', 7, 'Kak_pomoe_ve_pava_dlya_vbannogo_polzovaelya', 1, 269, 0),
(271, 'Обсуждения', '2012-01-20 09:28:42', 7, 'Objdeniya', 1, 223, 0),
(272, 'Мои обсуждения на первой странице', '2012-01-20 09:29:16', 7, 'Moi_objdeniya_na_pevoy_anie', 1, 271, 0),
(273, 'Сайт \\"Лесная поляна\\" ук-лесная.рф', '2012-01-20 09:31:13', 7, 'Say_Lenaya_polyana_klenaya', 1, 250, 0),
(274, 'Личный кабинет', '2012-01-20 09:31:30', 7, 'Liny_kabine', 1, 273, 0),
(275, 'Первая страница', '2012-01-20 09:32:21', 7, 'Pevaya_ania', 1, 223, 0),
(276, 'Мои задачи: Исполнить. Контроль.', '2012-01-20 09:33:26', 7, 'Moi_zadai_Ipolni_Konol', 1, 275, 0),
(277, 'Функционал', '2012-01-20 09:33:56', 7, 'Fnkional', 1, 239, 0),
(278, 'Забрать бумагу у Ивана', '2012-01-20 09:34:36', 7, 'Zaba_bmag__Ivana', 1, 277, 0),
(279, 'Почитать закон 8 и выставить стоимость', '2012-01-20 09:35:48', 7, 'Poia_zakon_8_i_vavi_oimo', 1, 256, 0),
(280, 'Дизайн', '2012-01-20 09:37:46', 7, 'Dizayn', 1, 257, 0),
(281, 'Контактный лист', '2012-01-20 09:50:30', 7, 'Konakny_li', 1, 250, 0),
(282, 'Сайт \\"Ленинградский\\" ук-ленинградский.рф', '2012-01-20 09:52:30', 7, 'Say_Leningadkiy_kleningadkiy', 1, 250, 0),
(283, 'Зарегистрировать домен', '2012-01-20 09:53:09', 7, 'Zaegiiova_domen', 1, 282, 0),
(284, 'Сайт ИП Шульц', '2012-01-20 10:11:04', 7, 'Say_IP_SHl', 1, 250, 0),
(285, 'Зарегистрировать домен ипшульц.рф', '2012-01-20 10:11:27', 7, 'Zaegiiova_domen_ipl', 1, 284, 0),
(286, 'Доделать варианты - встреча с Алексеем', '2012-01-20 10:14:43', 7, 'Dodela_vaian__vea__Alekeem', 1, 235, 0),
(287, 'Разработать иконки', '2012-01-20 10:15:00', 7, 'Razaboa_ikonki', 1, 235, 0),
(288, 'Не редактируются права', '2012-01-20 10:16:46', 7, 'Ne_edakiya_pava', 1, 269, 0),
(289, 'Не редактируются права', '2012-01-20 10:16:46', 7, '', 1, 269, 0),
(290, 'Поиск!', '2012-01-20 10:29:32', 12, 'Poik', 1, 253, 0),
(291, 'Вёрстка', '2012-01-20 10:30:27', 12, 'Vёka', 1, 253, 0),
(292, 'Редактирование товара', '2012-01-20 10:31:07', 12, 'Redakiovanie_ovaa', 1, 253, 0),
(293, 'Меню акции', '2012-01-20 10:32:19', 12, 'Men_akii', 1, 253, 0),
(294, 'Мультигород ', '2012-01-20 10:32:55', 12, 'Mligood_', 1, 253, 0),
(295, 'Региональный представитель', '2012-01-20 10:33:33', 12, 'Regionalny_pedaviel', 1, 253, 0),
(296, 'Личный органайзер', '2012-01-20 12:27:21', 7, 'Liny_oganayze', 1, 223, 0),
(297, 'Как делегировать приоритет выполнения, кто ставит сроки?', '2012-01-20 12:28:54', 7, 'Kak_delegiova_pioie_vpolneniya_ko_avi_oki', 1, 296, 0),
(298, 'Мониторинг СМИ', '2012-01-20 12:34:31', 7, 'Monioing_SMI', 1, 223, 0),
(299, 'Описание предметной области', '2012-01-20 12:36:13', 7, 'Opianie_pedmenoy_oblai', 1, 223, 0),
(300, 'Задачи', '2012-01-20 13:43:36', 7, 'Zadai', 1, 223, 0),
(301, 'Статус выполненно или не выполненно - ставить прямо в менеджере задач', '2012-01-20 13:44:18', 7, 'Sa_vpolnenno_ili_ne_vpolnenno__avi_pyamo_v_menedjee_zada', 1, 300, 0),
(302, 'Бессрочные задачи', '2012-01-20 13:44:49', 7, 'Beone_zadai', 1, 300, 0),
(303, 'Задачи на дату', '2012-01-20 13:45:05', 7, 'Zadai_na_da', 1, 300, 0),
(304, 'Выполненные задачи в отдельную папку', '2012-01-20 14:49:48', 7, 'Vpolnenne_zadai_v_odeln_papk', 1, 275, 0),
(305, 'Разработать ПО сайта', '2012-01-20 14:59:00', 7, 'Razaboa_PO_aya', 1, 224, 0),
(306, 'Техническое задание', '2012-01-20 15:10:32', 7, 'file_20-01-2012-15-10-32.doc', 0, 305, 0),
(307, 'Когда выполнил задачу?', '2012-01-20 15:37:13', 7, 'Kogda_vpolnil_zada', 1, 300, 0),
(308, 'Доработать дизайн', '2012-01-20 15:38:33', 7, 'Doaboa_dizayn', 1, 224, 0),
(309, 'Пользователи', '2012-01-20 15:50:46', 7, 'Polzovaeli', 1, 223, 0),
(310, 'Не меняется пароль', '2012-01-20 15:51:23', 7, 'Ne_menyaeya_paol', 1, 309, 0),
(311, 'Добавить время выполнения к задаче', '2012-01-20 15:52:37', 7, 'Dobavi_vemya_vpolneniya_k_zadae', 1, 300, 0),
(312, 'Материал', '2012-01-21 13:41:10', 7, 'Maeial', 1, 231, 0),
(313, 'Безопастность', '2012-01-21 13:47:08', 7, 'Bezopano', 1, 231, 0),
(314, 'Отправить Мулову почту с ГОСТами', '2012-01-21 13:47:52', 7, 'Opavi_Mlov_po__GOSTami', 1, 313, 0),
(315, 'Идеи', '2012-01-21 13:55:38', 7, 'Idei', 1, 231, 0),
(316, 'Портал Жкхинформ', '2012-01-21 14:01:54', 7, 'Poal_Jkinom', 1, 315, 0),
(317, 'РКИЦ - расчетно кассово информационный центр', '2012-01-21 14:05:35', 7, 'RKITS__aeno_kaovo_inomaionny_en', 1, 315, 0),
(318, 'Дизайн интерфейса', '2012-01-21 15:05:08', 7, 'Dizayn_ineeya', 1, 223, 0),
(319, 'Интерфейсы', '2012-01-21 15:05:36', 7, 'Ineey', 1, 318, 0),
(320, '1', '2012-01-21 15:07:07', 7, 'file_21-01-2012-15-07-07.jpg', 0, 319, 0),
(321, '2', '2012-01-21 15:07:28', 7, 'file_21-01-2012-15-07-28.jpg', 0, 319, 0),
(322, '3', '2012-01-21 15:07:47', 7, 'file_21-01-2012-15-07-47.jpg', 0, 319, 0),
(323, '4', '2012-01-21 15:08:03', 7, 'file_21-01-2012-15-08-03.jpg', 0, 319, 0),
(324, 'Биллинг', '2012-01-21 15:36:41', 7, 'Billing', 1, 312, 0),
(325, 'Биллинговые системы', '2012-01-21 15:39:42', 7, 'file_21-01-2012-15-39-42.docx', 0, 324, 0),
(326, 'Облако и биллинг', '2012-01-21 15:40:19', 7, 'file_21-01-2012-15-40-19.docx', 0, 324, 0),
(327, 'Отправить логотип Алексею', '2012-01-21 16:05:42', 7, 'Opavi_logoip_Aleke', 1, 235, 0),
(328, 'Мониторинг СМИ', '2012-01-23 08:23:01', 7, 'Monioing_SMI', 1, 231, 0),
(329, 'Банера, добавить слайдер! Отладить работу!', '2012-01-23 13:44:44', 12, 'Banea_dobavi_layde_Oladi_abo', 1, 253, 0),
(330, 'Первая страница, ограничить количество акций! ', '2012-01-23 13:46:05', 12, 'Pevaya_ania_oganii_kolievo_akiy_', 1, 253, 0),
(331, '\\"Лайки\\", наладить работу!', '2012-01-23 13:46:30', 12, 'Layki_naladi_abo', 1, 253, 0),
(332, 'Понравившиеся сайты', '2012-01-24 14:07:34', 12, 'Ponavivieya_ay', 1, 259, 0),
(333, 'Техническое задание для сайта \\"Старые пестери\\"', '2012-01-27 07:38:17', 7, 'Teniekoe_zadanie_dlya_aya_Sae_peei', 1, NULL, 0),
(334, 'Проект задания', '2012-01-27 07:40:12', 7, 'Poek_zadaniya', 1, 333, 0),
(335, 'Старопестери', '2012-01-27 07:41:36', 7, 'file_27-01-2012-07-41-36.docx', 0, 334, 0),
(336, 'Кадры', '2012-01-27 07:43:20', 7, 'Kad', 1, NULL, 0),
(337, 'Php-программисты', '2012-01-27 07:43:41', 7, 'Phppogammi', 1, 336, 0),
(338, 'Сахаров Максим Васильевич, 39 лет', '2012-01-27 07:46:38', 12, 'Saaov_Makim_Vailevi_39_le', 1, 337, 0),
(339, 'Дизайнеры', '2012-01-27 07:46:59', 7, 'Dizayne', 1, 336, 0),
(340, 'Менеджеры по продажам', '2012-01-27 07:47:12', 7, 'Menedje_po_podajam', 1, 336, 0),
(341, 'Мониторинг сайтов о работе 2 раза в неделю.', '2012-01-27 08:15:53', 7, 'Monioing_ayov_o_aboe_2_aza_v_nedel', 1, 336, 0),
(342, 'Поиск РЭК', '2012-01-30 11:18:53', 7, 'Poik_REK', 1, 199, 0),
(343, 'Мониторинг СМИ', '2012-01-30 11:21:07', 7, 'Monioing_SMI', 1, 199, 0),
(344, 'Компании - должны быть видны только в своём городе, кроме \\"мультигородских\\"', '2012-01-30 14:23:49', 12, 'Kompanii__doljn_b_vidn_olko_v_voёm_goode_kome_mligoodki', 1, 253, 0),
(345, 'Ссылка на оригинальный товар', '2012-01-30 14:32:50', 12, 'Slka_na_oiginalny_ova', 1, 253, 0),
(346, 'Ссылки', '2012-01-30 14:45:42', 12, 'file_30-01-2012-14-45-42.jpg', 0, 345, 0),
(347, 'Ссылки', '2012-01-30 14:46:31', 12, 'file_30-01-2012-14-46-31.jpg', 0, 344, 0),
(348, 'Ссылки', '2012-01-30 14:46:40', 12, 'file_30-01-2012-14-46-40.jpg', 0, 344, 0),
(349, 'Уменьшение названий!', '2012-01-30 14:48:54', 12, 'Umenenie_nazvaniy', 1, 253, 0),
(350, 'Уменьшение', '2012-01-30 14:50:48', 12, 'file_30-01-2012-14-50-48.jpg', 0, 349, 0),
(351, 'Уменьшение', '2012-01-30 14:50:52', 12, 'file_30-01-2012-14-50-52.jpg', 0, 349, 0),
(352, 'Название поправить', '2012-01-30 14:53:30', 12, 'Nazvanie_popavi', 1, 253, 0),
(353, 'Записать голоса - Введите лицевой счет и нажмите решетку.', '2012-01-31 08:26:52', 12, 'Zapia_goloa__Vvedie_lievoy_e_i_najmie_eek', 1, 250, 0),
(354, 'Банера нижние на главной странице!', '2012-01-31 09:01:54', 12, 'Banea_nijnie_na_glavnoy_anie', 1, 253, 0),
(355, 'Банера - В каждом городе свои!', '2012-01-31 09:13:31', 12, 'Banea__V_kajdom_goode_voi', 1, 253, 0),
(356, 'Приоритет товара при добавлении на первую страницу!', '2012-01-31 09:14:05', 12, 'Pioie_ovaa_pi_dobavlenii_na_pev_ani', 1, 253, 0),
(357, 'РЭУ 19.РФ ', '2012-01-31 09:44:25', 12, 'REU_19RF_', 1, 239, 0),
(358, 'РЭУ19.рф', '2012-01-31 09:47:16', 12, 'REU19', 1, 250, 0),
(359, 'Большая Беда!', '2012-01-31 11:41:14', 12, 'Bolaya_Beda', 1, 253, 0),
(360, 'Беда!', '2012-01-31 11:42:44', 12, 'file_31-01-2012-11-42-45.jpg', 0, 359, 0),
(361, 'Беда!', '2012-01-31 11:42:57', 12, 'file_31-01-2012-11-42-57.jpg', 0, 359, 0),
(362, 'На почту приходит всякая чушь! Ссылка которая приходит неправильная - ведёт на страницу с ошибками!', '2012-01-31 11:43:41', 12, 'Na_po_piodi_vyakaya__Slka_kooaya_piodi_nepavilnaya__vedё_na_ani__oibkami', 1, 253, 0),
(363, 'Добавить поле почта!', '2012-01-31 12:56:43', 12, 'Dobavi_pole_poa', 1, 253, 0),
(364, 'Почта', '2012-01-31 12:57:23', 12, 'file_31-01-2012-12-57-23.jpg', 0, 363, 0),
(365, 'Изменить пароли для сайтов УК. Сделать их сложными!', '2012-02-01 07:50:15', 12, 'Izmeni_paoli_dlya_ayov_UK_Sdela_i_lojnmi', 1, 250, 0),
(366, 'Косячок с предпрсмотром!', '2012-02-02 12:06:32', 12, 'Koyaok__pedpmoom', 1, 253, 0),
(367, 'Предпросмотр!', '2012-02-02 12:08:45', 12, 'file_02-02-2012-12-08-45.jpg', 0, 366, 0),
(368, 'Каталог продукции', '2012-02-03 07:50:10', 7, 'Kaalog_podkii', 1, 226, 0),
(369, 'Корзина и заказ', '2012-02-03 07:50:30', 7, 'Kozina_i_zakaz', 1, 226, 0),
(370, 'FAQ и контакты', '2012-02-03 07:51:37', 7, 'FAQ_i_konak', 1, 226, 0),
(371, 'Характеристики на группу товаров - рубрику в каталоге', '2012-02-03 07:55:40', 7, 'Haakeiiki_na_gpp_ovaov__bik_v_kaaloge', 1, 368, 0),
(372, 'Базовые характеристики', '2012-02-03 07:56:48', 7, 'Bazove_aakeiiki', 1, 368, 0),
(373, 'Фильтр по выбранным характеристикам', '2012-02-03 07:58:44', 7, 'Fil_po_vbannm_aakeiikam', 1, 368, 0),
(374, 'Поиск по сайту. Не ищет если в поиске несколько слов. И слова с ковычками', '2012-02-03 08:04:32', 9, 'Poik_po_ay_Ne_ie_eli_v_poike_nekolko_lov_I_lova__kovkami', 1, 199, 0),
(375, 'Разместить ссылку http://www.recko.ru/?p=presscentr&t=rec&id=44', '2012-02-03 08:07:08', 9, 'Razmei_lk_httpwwwreckoruppresscentrtrecid44', 1, 199, 0),
(376, 'Сравнение товаров', '2012-02-03 08:09:58', 7, 'Savnenie_ovaov', 1, 368, 0),
(377, 'Корзина заказов', '2012-02-03 08:16:53', 7, 'Kozina_zakazov', 1, 369, 0),
(378, 'С этим товаром покупают', '2012-02-03 08:17:51', 7, 'S_im_ovaom_pokpa', 1, 368, 0),
(379, 'Верстка', '2012-02-03 08:21:12', 7, 'Veka', 1, 226, 0),
(380, 'Заказ', '2012-02-03 08:35:59', 7, 'Zakaz', 1, 369, 0),
(381, 'Личный кабинет', '2012-02-03 08:37:06', 7, 'Liny_kabine', 1, 368, 0),
(382, 'FAQ', '2012-02-03 08:38:34', 7, 'FAQ', 1, 370, 0),
(383, 'Контакты', '2012-02-03 08:39:05', 7, 'Konak', 1, 370, 0),
(384, 'Статистика посещений', '2012-02-03 08:39:22', 7, 'Saiika_poeeniy', 1, 227, 0),
(385, 'Статистика зарегестированных, пошедших на стоаницу регистрации, всего посетителей', '2012-02-03 08:40:35', 7, 'Saiika_zaegeiovann_poedi_na_oani_egiaii_vego_poeieley', 1, 227, 0),
(386, 'Статистика по товарам, рубрикам - просмотры/заказы/оплата/доставка', '2012-02-03 08:43:41', 7, 'Saiika_po_ovaam_bikam__pomozakazoplaadoavka', 1, 227, 0),
(387, 'Рассмотреть заполнение меню или изменить \\"Население, юр. лицам, Регулируемым организациям\\"', '2012-02-03 13:28:39', 9, 'Ramoe_zapolnenie_men_ili_izmeni_Naelenie__liam_Regliemm_oganizaiyam', 1, 199, 0),
(388, 'РЭУ19.рф - разобраться с телефонами! СОТОВЫЙ ТЕЛЕФОН АВАРИЙНОЙ СЛУЖБЫ 8 950 585 24 41', '2012-02-04 12:13:25', 12, 'REU19__azobaya__eleonami_SOTOVYIY_TELEFON_AVARIYNOY_SLUJBYI_8_950_585_24_41', 1, 250, 0),
(389, 'ФИО собственника сверху сделать жирнее', '2012-02-06 07:30:16', 12, 'FIO_obvennika_ve_dela_jinee', 1, 274, 0),
(390, 'Жилая площадь  (Общие сведения)', '2012-02-06 07:31:45', 12, 'Jilaya_pload__Obie_vedeniya', 1, 273, 0),
(391, 'Число зарегистрированных делится на постоянных и временных', '2012-02-06 07:35:46', 12, 'CHilo_zaegiiovann_deliya_na_pooyann_i_vemenn', 1, 274, 0),
(392, 'Жилая площадь (общие сведения) убрать.', '2012-02-06 07:37:49', 12, 'Jilaya_pload_obie_vedeniya_ba', 1, 274, 0),
(393, 'Начисления, сначала выводить закончившийся месяц, затем предыдущий и т.д. 3 месяца. ', '2012-02-06 07:39:30', 12, 'Naileniya_naala_vvodi_zakoniviyya_meya_zaem_peddiy_i_d_3_meyaa_', 1, 274, 0),
(394, 'Объединить разделы \\"показания счётчиков\\" и \\"приборы учёта\\" см. описание.', '2012-02-06 07:43:35', 12, 'Obedini_azdel_pokazaniya_ёikov_i_pibo_ёa_m_opianie', 1, 274, 0),
(395, 'Разделы: \\"Заявка на вызов мастера\\" и  \\"Задать вопрос\\" - пока убрать', '2012-02-06 07:44:47', 12, 'Razdel_Zayavka_na_vzov_maea_i__Zada_vopo__poka_ba', 1, 274, 0),
(396, 'Проблема! см. описание.', '2012-02-06 07:46:58', 12, 'Poblema_m_opianie', 1, 274, 0),
(397, 'Планы? Мероприятия? Мысли?', '2012-02-06 07:59:03', 12, 'Plan_Meopiyaiya_Mli', 1, 239, 0),
(398, 'Идеи', '2012-02-10 09:24:30', 16, 'Idei', 1, 223, 0),
(399, 'В разделе обращение руководителя фотография залезла на текст', '2012-02-11 10:19:17', 9, 'V_azdele_obaenie_kovodielya_oogaiya_zalezla_na_ek', 1, 199, 0),
(400, 'Не могу внести задачу в разделе Гарантийное обслуживание сайта ГП АЭЭ', '2012-02-11 10:22:43', 9, 'Ne_mog_vnei_zada_v_azdele_Gaaniynoe_obljivanie_aya_GP_AEE', 1, NULL, 0),
(401, 'ищу работника', '2012-02-14 14:51:17', 16, 'i_abonika', 1, 301, 0),
(402, 'прокт TaskDrive', '2012-02-15 09:45:39', 16, 'pok_TaskDrive', 1, NULL, 0),
(403, 'разобраться с программой', '2012-02-15 09:48:48', 16, 'azobaya__pogammoy', 1, 402, 0),
(404, 'вопросы по программе', '2012-02-15 09:51:23', 16, '', 0, 403, 0),
(405, 'презентация', '2012-02-15 09:53:57', 16, 'pezenaiya', 1, 402, 0),
(406, 'РЭК', '2012-02-16 10:42:15', 16, 'REK', 1, 402, 0),
(407, 'Установить новый редакто', '2012-02-16 11:30:02', 16, 'Uanovi_novy_edako', 1, 199, 0),
(408, 'фото сотрудников', '2012-02-16 11:33:17', 16, 'oo_odnikov', 1, 199, 0),
(409, 'переход на сылку раскрытие информации в сфере жкх', '2012-02-16 12:00:56', 16, 'peeod_na_lk_akie_inomaii_v_ee_jk', 1, 199, 0),
(410, 'раздел обращения руководителя', '2012-02-16 12:16:09', 16, 'azdel_obaeniya_kovodielya', 1, 199, 0),
(411, 'Руководство', '2012-02-16 12:54:47', 7, 'file_16-02-2012-12-54-47.doc', 0, 237, 0),
(412, 'Добавить сотрудников', '2012-02-16 13:59:20', 16, 'Dobavi_odnikov', 1, 199, 0),
(413, 'в пользователях (группировка сортировка)кто именно чей сотрудник какая организация', '2012-02-17 13:15:39', 16, 'v_polzovaelya_gppiovka_oiovkako_imenno_ey_odnik_kakaya_oganizaiya', 1, 263, 0),
(414, 'группировка задач', '2012-02-17 13:21:59', 16, 'gppiovka_zada', 1, 413, 0),
(415, 'Отчет', '2012-02-21 09:09:01', 16, 'Oe', 1, 199, 0),
(416, 'Отчет за январь', '2012-02-21 09:10:05', 16, 'Oe_za_yanva', 1, 415, 0),
(417, 'Отчет за февраль', '2012-02-21 09:10:34', 16, 'Oe_za_eval', 1, 415, 0),
(418, 'Программист', '2012-02-22 09:24:04', 7, 'Pogammi', 1, 333, 0),
(419, 'Проект \\"ЭффИТ\\"', '2012-02-22 09:49:11', 16, 'Poek_EIT', 1, NULL, 0),
(420, 'ЖКХ-информ', '2012-02-22 10:05:35', 16, 'JKHinom', 1, NULL, 0),
(421, 'Сельские поселения', '2012-02-22 10:07:58', 16, 'Selkie_poeleniya', 1, NULL, 0),
(422, 'Проект в технопарк', '2012-02-22 10:41:28', 13, 'Poek_v_enopak', 1, 231, 0),
(423, 'Анкета ', '2012-02-22 10:43:21', 13, 'file_22-02-2012-10-43-21.doc', 0, 422, 0),
(424, 'проект', '2012-02-22 11:33:10', 13, 'file_22-02-2012-11-33-10.doc', 0, 422, 0),
(425, 'Технопарк', '2012-02-22 12:23:23', 16, 'Tenopak', 1, 255, 0),
(426, '1.Оформление письма', '2012-02-22 12:24:37', 16, '1Oomlenie_pima', 1, 425, 0),
(427, '2.Оформление презеентации', '2012-02-22 12:30:17', 16, '2Oomlenie_pezeenaii', 1, 425, 0),
(428, '3. Подготовка презентации для Муравьева', '2012-02-22 12:31:09', 16, '3_Podgoovka_pezenaii_dlya_Maveva', 1, 425, 0),
(429, '4. Подготовка Ростелекома + письмо...', '2012-02-22 12:33:12', 16, '4_Podgoovka_Roelekoma__pimo', 1, 425, 0),
(430, '2. Ростелеком...', '2012-02-22 12:37:11', 16, '2_Roelekom', 1, 231, 0),
(431, 'Подготовиться к 13му марта!выставка', '2012-02-22 12:39:18', 16, 'Podgooviya_k_13m_maavavka', 1, 231, 0),
(432, '4. Qiwi.Город.Литера.', '2012-02-22 12:44:21', 16, '4_QiwiGoodLiea', 1, 231, 0),
(433, '5.Деньги на сервер и дополнение!', '2012-02-22 12:48:10', 16, '5Dengi_na_eve_i_dopolnenie', 1, 231, 0),
(434, '6. Купить Сервер и дополнение!', '2012-02-22 12:49:28', 16, '6_Kpi_Seve_i_dopolnenie', 1, 231, 0),
(435, 'Бастион', '2012-02-22 13:02:59', 16, 'Baion', 1, 419, 0),
(436, 'План', '2012-02-22 13:05:29', 16, 'Plan', 1, 225, 0),
(437, 'План', '2012-02-22 14:10:16', 16, 'Plan', 1, 259, 0),
(438, 'Материалы', '2012-02-22 14:11:39', 16, 'Maeial', 1, 259, 0),
(439, 'Купить домены (2 бастион,i-gkh,я-жкх,Эффит,Автомотизация жкх.)', '2012-02-22 14:16:39', 16, 'Kpi_domen_2_baionigkhyajkEiAvomoizaiya_jk', 1, 419, 0),
(440, 'Позготовить задачу для Мксима Мандров', '2012-02-22 14:18:57', 16, 'Pozgoovi_zada_dlya_Mkima_Mandov', 1, 231, 0),
(441, 'Сделать сайт', '2012-02-22 14:19:56', 16, 'Sdela_ay', 1, 419, 0),
(442, 'Создать логотип ', '2012-02-22 14:21:08', 16, 'Sozda_logoip_', 1, 223, 0),
(443, 'Создать сайт', '2012-02-22 14:21:45', 16, 'Sozda_ay', 1, 223, 0),
(444, 'Презентация для TaskDrive', '2012-02-22 14:23:00', 16, 'Pezenaiya_dlya_TaskDrive', 1, 223, 0),
(445, 'План', '2012-02-22 14:39:13', 16, 'Plan', 1, 421, 0),
(446, 'Презентация', '2012-02-22 14:41:42', 16, 'Pezenaiya', 1, 421, 0),
(447, 'Организовать интернет продажи', '2012-02-22 14:42:53', 16, 'Oganizova_inene_podaji', 1, 421, 0),
(448, 'Реестор Договоров', '2012-02-22 14:44:17', 16, 'Reeo_Dogovoov', 1, NULL, 0),
(449, 'TaskDrive', '2012-02-22 14:46:19', 16, 'TaskDrive', 1, 448, 0),
(450, 'i-ЖКХ', '2012-02-22 14:46:53', 16, 'iJKH', 1, 448, 0),
(451, 'СибДневник', '2012-02-22 14:47:16', 16, 'SibDnevnik', 1, 448, 0),
(452, 'ЭффИТ', '2012-02-22 14:47:37', 16, 'EIT', 1, 448, 0),
(453, 'ЖКХ-информ', '2012-02-22 14:48:03', 16, 'JKHinom', 1, 448, 0),
(454, 'Сельские поселения', '2012-02-22 14:48:28', 16, 'Selkie_poeleniya', 1, 448, 0),
(455, 'Отчет за март', '2012-02-27 11:05:10', 16, 'Oe_za_ma', 1, 415, 0),
(456, 'Контакты', '2012-02-28 07:22:29', 7, 'Konak', 1, 231, 0),
(457, 'ЕИРЦ', '2012-03-01 12:10:10', 16, 'EIRTS', 1, 223, 0),
(458, 'Список что нужно доделать для Чек листа ЕИРЦ', '2012-03-01 12:12:27', 16, 'Spiok_o_njno_dodela_dlya_CHek_lia_EIRTS', 1, 457, 0),
(459, 'В карточке участника добавить:телефоны,адреса,фото.', '2012-03-01 12:17:19', 16, 'V_kaoke_anika_dobavieleonadeaoo', 1, 458, 0),
(460, 'Составление плана-графика', '2012-03-01 12:18:32', 16, 'Soavlenie_planagaika', 1, 458, 0),
(461, 'Отслеживание контрольных ВЕХ', '2012-03-01 12:19:04', 16, 'Olejivanie_konoln_VEH', 1, 458, 0),
(462, 'Построение отчетности,диаграм.', '2012-03-01 12:20:27', 16, 'Pooenie_oenoidiagam', 1, 458, 0),
(463, '11.	Режим «объявление/уведомление» - создание сообщения и рассылка уведомления по почте адресатам', '2012-03-01 12:21:03', 16, '11Rejim_obyavlenievedomlenie__ozdanie_oobeniya_i_alka_vedomleniya_po_poe_adeaam', 1, 458, 0),
(464, 'Т.З. для програмиста', '2012-03-01 12:24:41', 16, 'TZ_dlya_pogamia', 1, 457, 0),
(465, 'АЕЕ', '2012-03-01 12:36:02', 16, 'AEE', 1, 223, 0),
(466, 'Чек лист АЕЕ', '2012-03-01 12:36:50', 16, 'CHek_li_AEE', 1, 465, 0),
(467, 'Первая страница: Мои задачи. На контроле. Горящие задачи. Задачи на сегодня - персональный ежедневник Сотрудника. Мой каллендарь', '2012-03-01 12:37:47', 16, 'Pevaya_ania_Moi_zadai_Na_konole_Goyaie_zadai_Zadai_na_egodnya__peonalny_ejednevnik_Sodnika_Moy_kallenda', 1, 466, 0),
(468, 'Раздел проект. Сделать сортировку проектов', '2012-03-01 12:38:29', 16, 'Razdel_poek_Sdela_oiovk_poekov', 1, 466, 0),
(469, 'Раздел проект. Внедрить диаграмму ганта', '2012-03-01 12:38:51', 16, 'Razdel_poek_Vnedi_diagamm_gana', 1, 466, 0),
(470, 'Раздел проект. Внедрить каллендарь', '2012-03-01 12:39:11', 16, 'Razdel_poek_Vnedi_kallenda', 1, 466, 0),
(471, 'Раздел пользователи. Дабавить работу с организациями. Сортировку', '2012-03-01 12:39:40', 16, 'Razdel_polzovaeli_Dabavi_abo__oganizaiyami_Soiovk', 1, 466, 0),
(472, 'Раздел документы. Отладить хранение и обсуждение документов', '2012-03-01 12:40:04', 16, 'Razdel_dokmen_Oladi_anenie_i_objdenie_dokmenov', 1, 466, 0),
(473, 'Поиск по всем разделам и по разделам в отдельности', '2012-03-01 12:40:26', 16, 'Poik_po_vem_azdelam_i_po_azdelam_v_odelnoi', 1, 466, 0),
(474, 'Найти програмиста', '2012-03-01 12:47:44', 16, 'Nayi_pogamia', 1, 457, 0),
(475, 'Принять у програмиста', '2012-03-01 12:48:35', 16, 'Pinya__pogamia', 1, 457, 0),
(476, 'Подготовка к встречи', '2012-03-01 12:58:48', 16, 'Podgoovka_k_vei', 1, 457, 0),
(477, 'Встреча с ЕИРЦ', '2012-03-01 13:02:46', 16, 'Vea__EIRTS', 1, 457, 0),
(478, 'Т.З дла програмиста', '2012-03-01 13:06:14', 16, 'TZ_dla_pogamia', 1, 465, 0),
(479, 'Найти деньги', '2012-03-01 13:06:48', 16, 'Nayi_dengi', 1, 465, 0),
(480, 'Принять у програмиста', '2012-03-01 13:07:12', 16, 'Pinya__pogamia', 1, 465, 0),
(481, 'Подготовиться к встречи с АЕЕ', '2012-03-01 13:07:54', 16, 'Podgooviya_k_vei__AEE', 1, 465, 0),
(482, 'Встреча', '2012-03-01 13:09:35', 16, 'Vea', 1, 465, 0),
(483, 'оалшен', '2012-03-07 15:48:20', 16, 'oalen', 1, 230, 0);

-- --------------------------------------------------------

--
-- Структура таблицы `tm_document_attribute`
--

DROP TABLE IF EXISTS `tm_document_attribute`;
CREATE TABLE IF NOT EXISTS `tm_document_attribute` (
  `document_id` int(10) unsigned NOT NULL,
  `attribute_key` varchar(255) NOT NULL,
  `type_id` int(10) unsigned NOT NULL,
  `attribute_value` text NOT NULL,
  `attribute_order` int(10) unsigned NOT NULL DEFAULT '0',
  `is_fill` tinyint(1) NOT NULL DEFAULT '0',
  PRIMARY KEY (`document_id`,`attribute_key`),
  KEY `fk_tm_task_attribute_tm_task1` (`document_id`),
  KEY `fk_tm_document_attribute_tm_document_attribute_type1` (`type_id`)
) ENGINE=InnoDB DEFAULT CHARSET=utf8;

--
-- Дамп данных таблицы `tm_document_attribute`
--

INSERT INTO `tm_document_attribute` (`document_id`, `attribute_key`, `type_id`, `attribute_value`, `attribute_order`, `is_fill`) VALUES
(306, 'description', 2, '', 0, 0),
(320, 'description', 2, '', 0, 0),
(321, 'description', 2, '', 0, 0),
(322, 'description', 2, '', 0, 0),
(323, 'description', 2, '', 0, 0),
(325, 'description', 2, '', 0, 0),
(326, 'description', 2, '', 0, 0),
(335, 'description', 2, '', 0, 0),
(346, 'description', 2, '', 0, 0),
(347, 'description', 2, '', 0, 0),
(348, 'description', 2, '', 0, 0),
(350, 'description', 2, '', 0, 0),
(351, 'description', 2, '', 0, 0),
(360, 'description', 2, '', 0, 0),
(361, 'description', 2, '', 0, 0),
(364, 'description', 2, '', 0, 0),
(367, 'description', 2, '', 0, 0),
(404, 'description', 2, '1.цвета?\r\n2.сотрудники?кто выполняет и сколько?', 0, 0),
(411, 'description', 2, '', 0, 0),
(423, 'description', 2, '', 0, 0),
(424, 'description', 2, '', 0, 0);

-- --------------------------------------------------------

--
-- Структура таблицы `tm_document_attribute_type`
--

DROP TABLE IF EXISTS `tm_document_attribute_type`;
CREATE TABLE IF NOT EXISTS `tm_document_attribute_type` (
  `id` int(10) unsigned NOT NULL AUTO_INCREMENT,
  `title` varchar(50) NOT NULL,
  `handler` varchar(100) NOT NULL,
  `description` varchar(255) NOT NULL,
  PRIMARY KEY (`id`),
  UNIQUE KEY `title_UNIQUE` (`title`)
) ENGINE=InnoDB  DEFAULT CHARSET=utf8 AUTO_INCREMENT=4 ;

--
-- Дамп данных таблицы `tm_document_attribute_type`
--

INSERT INTO `tm_document_attribute_type` (`id`, `title`, `handler`, `description`) VALUES
(1, 'Строка', 'TM_Attribute_AttributeType', 'Любое строковое значение'),
(2, 'Текст', 'TM_Attribute_AttributeTypeText', 'Многострочный  текст'),
(3, 'Список', 'TM_Attribute_AttributeTypeList', 'Список из возможных вариантов');

-- --------------------------------------------------------

--
-- Структура таблицы `tm_document_hash`
--

DROP TABLE IF EXISTS `tm_document_hash`;
CREATE TABLE IF NOT EXISTS `tm_document_hash` (
  `document_id` int(10) unsigned DEFAULT NULL,
  `attribute_key` varchar(255) NOT NULL,
  `title` varchar(255) NOT NULL,
  `type_id` int(10) unsigned NOT NULL,
  `list_value` text,
  PRIMARY KEY (`attribute_key`),
  KEY `fk_tm_document_hash_tm_task_attribute_type1` (`type_id`),
  KEY `fk_tm_document_hash_tm_task1` (`document_id`)
) ENGINE=InnoDB DEFAULT CHARSET=utf8;

--
-- Дамп данных таблицы `tm_document_hash`
--

INSERT INTO `tm_document_hash` (`document_id`, `attribute_key`, `title`, `type_id`, `list_value`) VALUES
(NULL, 'description', 'Описание документа', 2, ' ');

-- --------------------------------------------------------

--
-- Структура таблицы `tm_organization`
--

DROP TABLE IF EXISTS `tm_organization`;
CREATE TABLE IF NOT EXISTS `tm_organization` (
  `id` int(10) unsigned NOT NULL AUTO_INCREMENT,
  `title` varchar(255) NOT NULL,
  PRIMARY KEY (`id`)
) ENGINE=InnoDB  DEFAULT CHARSET=utf8 AUTO_INCREMENT=3 ;

--
-- Дамп данных таблицы `tm_organization`
--

INSERT INTO `tm_organization` (`id`, `title`) VALUES
(1, 'ООО "ИнвойсГрупп"'),
(2, 'ООО "ИнвойсГрупп"');

-- --------------------------------------------------------

--
-- Структура таблицы `tm_organization_attribute`
--

DROP TABLE IF EXISTS `tm_organization_attribute`;
CREATE TABLE IF NOT EXISTS `tm_organization_attribute` (
  `organization_id` int(10) unsigned NOT NULL,
  `attribute_key` varchar(255) NOT NULL,
  `type_id` int(10) unsigned NOT NULL,
  `attribute_value` text NOT NULL,
  `attribute_order` int(10) unsigned NOT NULL DEFAULT '0',
  `is_fill` tinyint(1) NOT NULL DEFAULT '0',
  PRIMARY KEY (`organization_id`,`attribute_key`),
  KEY `fk_tm_organization_attribute_tm_organization1` (`organization_id`),
  KEY `fk_tm_organization_attribute_tm_organization_hash1` (`attribute_key`),
  KEY `fk_tm_organization_attribute_tm_organization_attribute_type1` (`type_id`)
) ENGINE=InnoDB DEFAULT CHARSET=utf8;

--
-- Дамп данных таблицы `tm_organization_attribute`
--

INSERT INTO `tm_organization_attribute` (`organization_id`, `attribute_key`, `type_id`, `attribute_value`, `attribute_order`, `is_fill`) VALUES
(2, 'inn', 1, '', 0, 0);

-- --------------------------------------------------------

--
-- Структура таблицы `tm_organization_attribute_type`
--

DROP TABLE IF EXISTS `tm_organization_attribute_type`;
CREATE TABLE IF NOT EXISTS `tm_organization_attribute_type` (
  `id` int(10) unsigned NOT NULL AUTO_INCREMENT,
  `title` varchar(50) NOT NULL,
  `handler` varchar(100) NOT NULL,
  `description` varchar(255) NOT NULL,
  PRIMARY KEY (`id`),
  UNIQUE KEY `title_UNIQUE` (`title`)
) ENGINE=InnoDB  DEFAULT CHARSET=utf8 AUTO_INCREMENT=4 ;

--
-- Дамп данных таблицы `tm_organization_attribute_type`
--

INSERT INTO `tm_organization_attribute_type` (`id`, `title`, `handler`, `description`) VALUES
(1, 'Строка', 'TM_Attribute_AttributeType', 'Любое строковое значение'),
(2, 'Текст', 'TM_Attribute_AttributeTypeText', 'Многострочный  текст'),
(3, 'Список', 'TM_Attribute_AttributeTypeList', 'Список из возможных вариантов');

-- --------------------------------------------------------

--
-- Структура таблицы `tm_organization_hash`
--

DROP TABLE IF EXISTS `tm_organization_hash`;
CREATE TABLE IF NOT EXISTS `tm_organization_hash` (
  `organization_id` int(10) unsigned DEFAULT NULL,
  `attribute_key` varchar(255) NOT NULL,
  `title` varchar(255) NOT NULL,
  `type_id` int(10) unsigned NOT NULL,
  `list_value` text,
  `list_order` varchar(255) NOT NULL DEFAULT '',
  `required` tinyint(1) NOT NULL DEFAULT '0',
  `sort_order` int(11) NOT NULL DEFAULT '1000',
  PRIMARY KEY (`attribute_key`),
  KEY `fk_tm_organization_hash_tm_organization_attribute_type1` (`type_id`)
) ENGINE=InnoDB DEFAULT CHARSET=utf8;

--
-- Дамп данных таблицы `tm_organization_hash`
--

INSERT INTO `tm_organization_hash` (`organization_id`, `attribute_key`, `title`, `type_id`, `list_value`, `list_order`, `required`, `sort_order`) VALUES
(NULL, 'inn', 'ИНН', 1, ' ', '', 0, 1000);

-- --------------------------------------------------------

--
-- Структура таблицы `tm_task`
--

DROP TABLE IF EXISTS `tm_task`;
CREATE TABLE IF NOT EXISTS `tm_task` (
  `id` int(10) unsigned NOT NULL AUTO_INCREMENT,
  `title` varchar(255) NOT NULL,
  `user_id` int(10) unsigned NOT NULL,
  `date_create` datetime NOT NULL,
  `type` int(10) unsigned NOT NULL DEFAULT '1',
  `is_archive` tinyint(1) NOT NULL DEFAULT '0',
  PRIMARY KEY (`id`),
  KEY `fk_tm_task_tm_user1` (`user_id`)
) ENGINE=InnoDB  DEFAULT CHARSET=utf8 AUTO_INCREMENT=425 ;

--
-- Дамп данных таблицы `tm_task`
--

INSERT INTO `tm_task` (`id`, `title`, `user_id`, `date_create`, `type`, `is_archive`) VALUES
(165, 'Сопровождение сайта \\"РЭК\\" www.recko.ru', 1, '2011-12-19 16:54:41', 1, 0),
(166, 'Отредактировать вывод поиска', 1, '2012-01-10 00:00:00', 1, 0),
(186, 'TaskDrive. Управление задачами, проектами, финансами. CRM. Файловое хранилище.', 7, '2012-01-18 10:11:02', 1, 0),
(187, 'Разработка сайта \\"Кузбасский центр энергосбережения\\"', 7, '2012-01-18 10:51:00', 1, 0),
(188, 'Разработка сайта \\"Интимжелание.рф\\"', 7, '2012-01-18 10:51:56', 1, 0),
(189, 'Разработка сайта \\"Бастион.Магазин\\"', 7, '2012-01-18 10:52:45', 1, 0),
(190, 'Статистика', 7, '2012-01-18 10:57:25', 1, 0),
(192, 'Установить иконки', 7, '2012-01-19 10:33:47', 1, 0),
(193, 'Срок верхней задачи собирается из всех внутренних', 7, '2012-01-19 10:34:35', 1, 0),
(194, 'i-ЖКХ. Комплексная автоматизация сферы ЖКХ.', 7, '2012-01-19 10:35:25', 1, 0),
(195, 'Добавить функцию оповещения ', 7, '2012-01-19 14:00:53', 1, 0),
(196, 'Подобрать домены', 7, '2012-01-19 14:02:24', 1, 0),
(198, 'Дизайн сайта', 7, '2012-01-19 14:04:08', 1, 0),
(199, 'Купить домен taskdrive.ru и projectdrive.ru', 7, '2012-01-19 14:05:02', 1, 0),
(200, 'Руководство пользователя по редактору', 7, '2012-01-19 14:14:24', 1, 0),
(201, 'Техническое задание', 7, '2012-01-19 14:16:02', 1, 0),
(202, 'СибДневник. Электронный журнал. Социальная сеть образования.', 7, '2012-01-19 14:24:04', 1, 0),
(203, 'Заполнить задачи по проекту СибДневник', 7, '2012-01-19 14:24:33', 1, 0),
(204, 'Изменение внешнего вида первой страницы', 12, '2012-01-20 07:21:14', 2, 0),
(205, 'Залотать дыры в Сиб-дневнике', 12, '2012-01-20 07:23:20', 1, 0),
(207, 'Покупка телефонных номеров 77-00-52 и 77-00-25', 12, '2012-01-20 07:27:15', 1, 0),
(208, 'Добавить раздел О компании - Полезные ссылки', 7, '2012-01-20 07:26:46', 1, 0),
(210, ' Размещение на платёжных терминалах системы \\"Qiwi\\"', 12, '2012-01-20 07:28:24', 1, 0),
(211, 'Встречи с новым начальником департамента образования КО Волчик Владимир Александрович', 12, '2012-01-20 07:29:14', 1, 0),
(212, 'Программа по ФСТ', 7, '2012-01-20 07:31:46', 1, 0),
(213, 'Проект \\"Сайты, авторинформаторы УК\\"', 7, '2012-01-20 07:39:45', 1, 0),
(214, 'Функционал \\"Автоинформаторы\\"', 7, '2012-01-20 07:55:12', 1, 0),
(215, 'Функционал \\"Сайты\\"', 7, '2012-01-20 07:55:33', 1, 0),
(216, 'Гарантийное обслуживание сайта \\"Экономь профессионально\\" ekonom.pro', 7, '2012-01-20 08:19:37', 1, 0),
(217, 'СИБ-ДНЕНИК.РФ заканчивается 20-03-2012', 7, '2012-01-20 08:28:57', 1, 0),
(218, 'Придумать название', 7, '2012-01-20 08:31:43', 1, 0),
(220, 'Разработка сайта \\"Бастион.Клуб\\"', 7, '2012-01-20 08:48:06', 1, 0),
(221, 'Проект \\"Создание, сопровождение сайтов. Реклама,  продвижение.\\"', 7, '2012-01-20 08:49:28', 1, 0),
(222, 'Разработка сайта \\"Инвойс-групп\\" www.invoicegroup.ru', 7, '2012-01-20 08:50:42', 1, 0),
(223, 'Гарантийное обслуживание сайта \\"ГП АЭЭ\\" www.gpkoaee.ru', 7, '2012-01-20 08:53:13', 1, 0),
(224, 'Добавить Контактные листы', 7, '2012-01-20 08:54:29', 1, 0),
(225, 'Интерфейс', 7, '2012-01-20 08:58:04', 1, 0),
(226, 'Сортировка ', 7, '2012-01-20 08:59:42', 2, 0),
(227, 'Выбрать стиль', 7, '2012-01-20 09:05:50', 1, 0),
(228, 'Дизайн', 7, '2012-01-20 09:14:56', 1, 0),
(229, 'Описание и стоимость услуг', 7, '2012-01-20 09:15:26', 1, 0),
(230, 'Разделы сайта', 7, '2012-01-20 09:15:40', 1, 0),
(231, 'Организация дела', 7, '2012-01-20 09:16:17', 1, 0),
(232, 'Права', 7, '2012-01-20 09:20:47', 1, 0),
(233, 'Как просмотреть все права для выбранного пользователя?', 7, '2012-01-20 09:20:58', 1, 0),
(234, 'Обсуждения', 7, '2012-01-20 09:28:26', 1, 0),
(235, 'Мои обсуждения на первой странице не пустые', 7, '2012-01-20 09:28:45', 1, 0),
(236, 'Сайт \\"Лесная поляна\\" ук-лесная.рф', 7, '2012-01-20 09:30:50', 1, 0),
(237, 'Личный кабинет', 7, '2012-01-20 09:31:23', 1, 0),
(238, 'Первая страница', 7, '2012-01-20 09:32:12', 1, 0),
(239, 'Мои задачи: Выполнить. Контроль. Выполненных', 7, '2012-01-20 09:32:23', 1, 0),
(240, 'Функционал', 7, '2012-01-20 09:33:48', 1, 0),
(241, 'Забрать бумагу с задачами у Ивана', 7, '2012-01-20 09:34:09', 1, 0),
(243, 'Дизайн - поставить задачу Алексею', 7, '2012-01-20 09:37:36', 1, 0),
(245, 'Сайт \\"Ленинградский\\"  ук-ленинградский.рф', 7, '2012-01-20 09:51:42', 1, 0),
(246, 'Зарегистрировать домен ук-ленинградский.рф', 7, '2012-01-20 09:52:50', 1, 0),
(247, 'Сайт \\"ИП Шульц\\" ипшульц.рф', 7, '2012-01-20 10:10:41', 1, 0),
(248, 'Зарегистрировать домен ипшульц.рф', 7, '2012-01-20 10:11:09', 1, 0),
(249, 'Доделать варианты дизайна', 7, '2012-01-20 10:14:14', 1, 0),
(250, 'Разработать иконки', 7, '2012-01-20 10:14:46', 1, 0),
(251, 'Не редактируются права', 7, '2012-01-20 10:16:34', 1, 0),
(253, 'Поиск!', 12, '2012-01-20 10:28:19', 1, 0),
(254, 'Вёрстка', 12, '2012-01-20 10:30:00', 1, 0),
(255, 'Редактирование товара', 12, '2012-01-20 10:30:31', 1, 0),
(256, 'Меню акции', 12, '2012-01-20 10:31:10', 1, 0),
(257, 'Мультигород ', 12, '2012-01-20 10:32:23', 1, 0),
(258, 'Региональный представитель', 12, '2012-01-20 10:33:05', 1, 0),
(259, 'Личный органайзер', 7, '2012-01-20 12:24:21', 1, 0),
(260, 'Как делегировать приоритет выполнения, кто ставит сроки?', 7, '2012-01-20 12:27:24', 1, 0),
(261, 'Мониторинг СМИ', 7, '2012-01-20 12:34:05', 1, 0),
(262, 'Описание предметной области', 7, '2012-01-20 12:35:24', 1, 0),
(263, 'Задачи', 7, '2012-01-20 13:43:28', 1, 0),
(264, 'Статус выполненно или не выполненно - ставить прямо в менеджере задач', 7, '2012-01-20 13:43:41', 1, 0),
(265, 'Бессрочные задачи', 7, '2012-01-20 13:44:29', 1, 0),
(266, 'Задачи на дату', 7, '2012-01-20 13:44:52', 1, 0),
(268, 'Разработать ПО сайта', 7, '2012-01-20 14:58:20', 1, 0),
(269, 'Когда выполнил задачу?', 7, '2012-01-20 15:36:52', 1, 0),
(270, 'Доработать дизайн', 7, '2012-01-20 15:38:06', 1, 0),
(271, 'Пользователи', 7, '2012-01-20 15:50:34', 1, 0),
(272, 'Не меняется пароль', 7, '2012-01-20 15:50:49', 1, 0),
(273, 'Добавить время выполнения к задаче', 7, '2012-01-20 15:52:13', 1, 0),
(274, 'Материал', 7, '2012-01-21 13:40:56', 1, 0),
(275, 'Безопастность', 7, '2012-01-21 13:46:59', 1, 0),
(276, 'Отправить Мулову почту с ГОСТами', 7, '2012-01-21 13:47:11', 1, 0),
(277, 'Идеи', 7, '2012-01-21 13:55:28', 1, 0),
(278, 'Портал Жкхинформ', 7, '2012-01-21 13:55:40', 1, 0),
(279, 'РКИЦ - расчетно кассово информационный центр - Инновация', 7, '2012-01-21 14:01:56', 1, 0),
(280, 'Дизайн интерфейса', 7, '2012-01-21 15:04:45', 1, 0),
(281, 'Интерфейсы', 7, '2012-01-21 15:05:15', 1, 0),
(282, 'Биллинг', 7, '2012-01-21 15:36:29', 1, 0),
(283, 'Отправить логотип Алексею', 7, '2012-01-21 16:05:17', 1, 0),
(284, 'Мониторинг СМИ', 7, '2012-01-23 08:22:25', 1, 0),
(285, 'Банера, добавить слайдер! Отладить работу!', 12, '2012-01-23 13:43:59', 1, 0),
(286, 'Первая страница, ограничить количество акций! ', 12, '2012-01-23 13:44:50', 1, 0),
(287, '\\"Лайки\\", наладить работу!', 12, '2012-01-23 13:46:08', 1, 0),
(288, 'Понравившиеся сайты', 12, '2012-01-24 14:07:07', 1, 0),
(290, 'Проект задания', 7, '2012-01-27 07:39:47', 1, 0),
(291, 'Кадры', 7, '2012-01-27 07:43:00', 1, 0),
(292, 'Php-программисты', 7, '2012-01-27 07:43:23', 1, 0),
(293, 'Сахаров Максим Васильевич, 39 лет', 12, '2012-01-27 07:45:03', 1, 0),
(294, 'Дизайнеры', 7, '2012-01-27 07:46:53', 1, 0),
(296, 'Мониторинг сайтов о работе 2 раза в неделю.', 7, '2012-01-27 08:14:46', 1, 0),
(297, 'Поиск РЭК', 7, '2012-01-30 11:18:02', 1, 0),
(298, 'Мониторинг СМИ', 7, '2012-01-30 11:20:46', 1, 0),
(299, 'Компании - должны быть видны только в своём городе, кроме \\"мультигородских\\"', 12, '2012-01-30 14:22:46', 1, 0),
(300, 'Ссылка на оригинальный товар', 12, '2012-01-30 14:26:00', 1, 0),
(301, 'Уменьшение названий!', 12, '2012-01-30 14:47:30', 1, 0),
(302, 'Название поправить', 12, '2012-01-30 14:52:30', 1, 0),
(303, 'Записать голоса - Введите лицевой счет и нажмите решетку', 12, '2012-01-31 08:26:27', 1, 0),
(304, 'Банера нижние на главной странице!', 12, '2012-01-31 09:00:51', 1, 0),
(305, 'Банера - В каждом городе свои!', 12, '2012-01-31 09:08:00', 1, 0),
(306, 'Приоритет товара при добавлении на первую страницу!', 12, '2012-01-31 09:13:39', 1, 0),
(309, 'Большая Беда!', 12, '2012-01-31 11:40:48', 1, 0),
(310, 'На почту приходит всякая чушь! Ссылка которая приходит неправильная - ведёт на страницу с ошибками!', 12, '2012-01-31 11:42:50', 1, 0),
(311, 'Добавить поле почта!', 12, '2012-01-31 12:56:18', 1, 0),
(312, 'Изменить пароли для сайтов УК. Сделать их сложными!', 12, '2012-02-01 07:49:15', 1, 0),
(313, 'Косячок с предпрсмотром!', 12, '2012-02-02 12:05:51', 1, 0),
(314, 'Каталог продукции и личный кабинет', 7, '2012-02-03 07:49:56', 1, 0),
(315, 'Корзина и заказ', 7, '2012-02-03 07:50:14', 1, 0),
(316, 'FAQ и контакты', 7, '2012-02-03 07:51:22', 1, 0),
(317, 'Добавление характеристик', 7, '2012-02-03 07:51:53', 1, 0),
(318, 'Базовые характеристики товара', 7, '2012-02-03 07:56:20', 1, 0),
(319, 'Фильтр по выбранным характеристикам', 7, '2012-02-03 07:57:56', 1, 0),
(320, 'Поиск по сайту. Не ищет если в поиске несколько слов. И слова с ковычками', 9, '2012-02-03 08:02:57', 1, 0),
(322, 'Сравнение товаров', 7, '2012-02-03 08:00:45', 1, 0),
(323, 'Корзина', 7, '2012-02-03 08:11:39', 1, 0),
(324, 'Комплектация товаров', 7, '2012-02-03 08:17:10', 1, 0),
(325, 'Верстка', 7, '2012-02-03 08:21:05', 1, 0),
(326, 'Заказ', 7, '2012-02-03 08:32:49', 1, 0),
(327, 'Личный кабинет', 7, '2012-02-06 00:00:00', 1, 0),
(328, 'FAQ', 7, '2012-02-03 08:38:13', 1, 0),
(329, 'Контакты', 7, '2012-02-03 08:38:43', 1, 0),
(330, 'Статистика посещений', 7, '2012-02-03 08:39:11', 1, 0),
(331, 'Статистика зарегестированных, пошедших на стоаницу регистрации, всего посетителей', 7, '2012-02-03 08:39:27', 1, 0),
(332, 'Статистика по товарам, рубрикам - просмотры/заказы/оплата/доставка', 7, '2012-02-03 08:40:43', 1, 0),
(333, 'Рассмотреть заполнение меню или изменить \\"Население, юр. лицам, Регулируемым организациям\\"', 9, '2012-02-03 13:26:58', 1, 0),
(334, 'РЭУ19.рф - разобраться с телефонами! СОТОВЫЙ ТЕЛЕФОН АВАРИЙНОЙ СЛУЖБЫ 8 950 585 24 41', 12, '2012-02-04 12:07:37', 1, 0),
(335, 'ФИО собственника сверху сделать жирнее', 12, '2012-02-06 07:29:16', 1, 0),
(337, 'Число зарегистрированных делится на постоянных и временных', 12, '2012-02-10 00:00:00', 1, 0),
(338, 'Жилая площадь (общие сведения) убрать.', 12, '2012-02-06 07:36:58', 1, 0),
(339, 'Начисления, сначала выводить закончившийся месяц, затем предыдущий и т.д. 3 месяца. ', 12, '2012-02-06 07:37:55', 1, 0),
(340, 'Объединить разделы \\"показания счётчиков\\" и \\"приборы учёта\\" см. описание.', 12, '2012-02-06 07:40:03', 1, 0),
(341, 'Разделы: \\"Заявка на вызов мастера\\" и  \\"Задать вопрос\\" - пока убрать', 12, '2012-02-10 12:00:00', 1, 0),
(342, 'Проблема! см. описание.', 12, '2012-02-07 12:00:00', 1, 0),
(343, 'Планы? Мероприятия? Мысли?', 12, '2012-02-06 07:58:24', 1, 0),
(344, 'Идеи', 16, '2012-02-10 09:24:20', 1, 0),
(345, 'В разделе обращение руководителя фотография залезла на текст', 9, '2012-02-11 10:18:06', 1, 0),
(346, 'Не могу внести задачу в разделе Гарантийное обслуживание сайта ГП АЭЭ', 9, '2012-02-11 10:22:34', 1, 0),
(347, 'ищу работника', 16, '2012-02-14 14:45:52', 1, 0),
(352, 'Установить новый редактор', 16, '2012-02-16 11:29:09', 1, 0),
(353, 'Фото сотрудников', 16, '2012-02-16 11:31:46', 1, 0),
(354, 'Переход на сылку раскрытие информации в сфере жкх', 16, '2012-02-16 11:58:03', 1, 0),
(355, 'Раздел обращения руководителя', 16, '2012-02-16 12:14:48', 1, 0),
(356, 'Добавить сотрудников', 16, '2012-02-16 13:58:46', 1, 0),
(357, 'в пользователях (группировка сортировка)кто именно чей сотрудник какая организация', 16, '2012-02-17 13:13:46', 1, 0),
(358, 'группировка задач', 16, '2012-02-17 13:21:31', 1, 0),
(359, 'Отчеты 2012', 16, '2012-02-21 09:08:35', 1, 0),
(360, 'Отчет за январь', 16, '2012-02-21 09:09:31', 1, 0),
(361, 'Отчет за февраль', 16, '2012-02-21 09:10:12', 1, 0),
(362, 'Программист', 7, '2012-02-22 09:21:10', 1, 0),
(363, 'ЭффИТ. Создание, поддержка, продвижения, реклама сайтов. CD-презентации.', 16, '2012-02-22 09:47:25', 1, 0),
(364, 'ЖКХ-информ. Сайты. 731 постановление. Автоинформаторы. SMS. ЖКХ-портал', 16, '2012-02-22 10:04:51', 1, 0),
(365, 'Сельские поселения. 8 закон. Раскрытие информации для местных самоуправлений.', 16, '2012-02-22 10:07:16', 1, 0),
(366, 'Проект в технопарк', 13, '2012-02-22 10:40:21', 1, 0),
(367, '1. Технопарк', 16, '2012-02-22 12:21:52', 1, 0),
(368, '1.Оформление письма', 16, '2012-02-22 12:23:30', 1, 0),
(369, '2.Оформление презеентации', 16, '2012-02-22 12:24:44', 1, 0),
(370, '3. Подготовка презентации для Муравьева', 16, '2012-02-22 12:30:20', 1, 0),
(371, '4. Подготовка Ростелекома + письмо...', 16, '2012-02-22 12:31:14', 1, 0),
(372, '2. Ростелеком...', 16, '2012-02-22 12:36:34', 1, 0),
(373, '3. Подготовиться к 13му марта!выставка', 16, '2012-02-22 12:37:21', 1, 0),
(374, '4. Qiwi.Город.Литера.', 16, '2012-02-22 12:43:01', 1, 0),
(375, '5.Деньги на сервер и дополнение!', 16, '2012-02-22 12:45:17', 1, 0),
(376, '6. Купить Сервер и дополнение!', 16, '2012-02-22 12:48:25', 1, 0),
(377, '\\"Бастион\\"', 16, '2012-02-22 13:02:20', 1, 0),
(378, 'План', 16, '2012-02-22 13:05:04', 1, 0),
(379, 'План', 16, '2012-02-22 14:07:31', 1, 0),
(380, 'Материалы', 16, '2012-02-22 14:11:21', 1, 0),
(381, 'Купить домены (2 бастион,i-gkh,я-жкх,Эффит,Автомотизация жкх.)', 16, '2012-02-22 14:13:59', 1, 0),
(382, 'Позготовить задачу для Мксима Мандров', 16, '2012-02-22 14:17:25', 1, 0),
(383, 'Сделать сайт', 16, '2012-02-22 14:19:10', 1, 0),
(384, 'Создать логотип ', 16, '2012-02-22 14:20:24', 1, 0),
(385, 'Создать сайт', 16, '2012-02-22 14:21:13', 1, 0),
(386, 'Презентация для TaskDrive', 16, '2012-02-22 14:22:26', 1, 0),
(387, 'План', 16, '2012-02-22 14:38:37', 1, 0),
(388, 'Презентация', 16, '2012-02-22 14:41:08', 1, 0),
(389, 'Организовать интернет продажи', 16, '2012-02-22 14:41:45', 1, 0),
(390, 'Реестор Договоров', 16, '2012-02-22 14:43:44', 1, 0),
(391, 'TaskDrive', 16, '2012-02-22 14:45:45', 1, 0),
(392, 'i-ЖКХ', 16, '2012-02-22 14:46:30', 1, 0),
(393, 'СибДневник', 16, '2012-02-22 14:46:58', 1, 0),
(394, 'ЭффИТ', 16, '2012-02-22 14:47:26', 1, 0),
(395, 'ЖКХ-информ', 16, '2012-02-22 14:47:42', 1, 0),
(396, 'Сельские поселения', 16, '2012-02-22 14:48:07', 1, 0),
(397, 'Отчет за март', 16, '2012-02-27 11:00:42', 1, 0),
(398, 'Контакты', 7, '2012-02-28 07:21:32', 1, 0),
(399, 'ЕИРЦ', 16, '2012-03-01 12:08:16', 1, 0),
(400, 'Чек листа ЕИРЦ', 16, '2012-03-01 12:10:18', 1, 0),
(401, 'В карточке участника добавить:телефоны,адреса,фото.', 16, '2012-03-01 12:15:16', 1, 0),
(402, 'Составление плана-графика.Календарь.', 16, '2012-03-01 12:17:23', 1, 0),
(403, 'Отслеживание контрольных ВЕХ', 16, '2012-03-01 12:18:36', 1, 0),
(404, 'Построение отчетности,диаграм.', 16, '2012-03-01 12:19:08', 1, 0),
(405, 'Режим «объявление/уведомление» - создание сообщения и рассылка уведомления по почте адресатам', 16, '2012-03-13 11:31:00', 1, 0),
(406, 'Т.З. для програмиста', 16, '2012-03-01 12:23:14', 1, 0),
(407, 'АЕЕ', 16, '2012-03-01 12:35:32', 1, 0),
(408, 'Чек лист АЕЕ', 16, '2012-03-01 12:36:09', 1, 0),
(409, 'Первая страница: Мои задачи. На контроле. Горящие задачи. Задачи на сегодня - персональный ежедневник Сотрудника. Мой каллендарь', 16, '2012-03-01 12:36:53', 1, 0),
(410, 'Раздел проект. Сделать сортировку проектов', 16, '2012-03-01 12:37:57', 1, 0),
(411, 'Раздел проект. Внедрить диаграмму ганта', 16, '2012-03-01 12:38:32', 1, 0),
(412, 'Раздел проект. Внедрить каллендарь', 16, '2012-03-01 12:39:05', 1, 0),
(413, 'Раздел пользователи. Дабавить работу с организациями. Сортировку', 16, '2012-03-01 12:39:32', 1, 0),
(414, 'Раздел документы. Отладить хранение и обсуждение документов', 16, '2012-03-01 12:39:58', 1, 0),
(415, 'Поиск по всем разделам и по разделам в отдельности', 16, '2012-03-01 12:40:21', 1, 0),
(416, 'Найти програмиста', 16, '2012-03-01 12:46:39', 1, 0),
(417, 'Принять у програмиста', 16, '2012-03-01 12:48:01', 1, 0),
(418, 'Подготовка к встречи', 16, '2012-03-01 12:54:46', 1, 0),
(419, 'Встреча с ЕИРЦ', 16, '2012-03-01 13:01:39', 1, 0),
(420, 'Т.З дла програмиста', 16, '2012-03-01 13:04:51', 1, 0),
(421, 'Найти деньги', 16, '2012-03-01 13:06:32', 1, 0),
(422, 'Принять у програмиста', 16, '2012-03-01 13:06:54', 1, 0),
(423, 'Подготовиться к встречи с АЕЕ', 16, '2012-03-01 13:07:19', 1, 0),
(424, 'Встреча', 16, '2012-03-01 13:09:21', 1, 0);

-- --------------------------------------------------------

--
-- Структура таблицы `tm_task_attribute`
--

DROP TABLE IF EXISTS `tm_task_attribute`;
CREATE TABLE IF NOT EXISTS `tm_task_attribute` (
  `task_id` int(10) unsigned NOT NULL,
  `attribute_key` varchar(255) NOT NULL,
  `type_id` int(10) unsigned NOT NULL,
  `attribute_value` text NOT NULL,
  `attribute_order` int(10) unsigned NOT NULL DEFAULT '0',
  `is_fill` tinyint(1) NOT NULL DEFAULT '0',
  PRIMARY KEY (`task_id`,`attribute_key`),
  KEY `fk_tm_task_attribute_tm_task_attribute_type1` (`type_id`),
  KEY `fk_tm_task_attribute_tm_task1` (`task_id`)
) ENGINE=InnoDB DEFAULT CHARSET=utf8;

--
-- Дамп данных таблицы `tm_task_attribute`
--

INSERT INTO `tm_task_attribute` (`task_id`, `attribute_key`, `type_id`, `attribute_value`, `attribute_order`, `is_fill`) VALUES
(165, 'deadline', 4, '25.03.2012 10:00', 0, 0),
(165, 'description', 2, '', 0, 0),
(165, 'extime', 1, '', 0, 0),
(165, 'prior', 3, 'Средний', 3, 0),
(165, 'reason_for_idle', 2, '', 0, 0),
(165, 'state', 3, 'Не выполнена', 1, 0),
(165, 'who_adopted', 6, 'admin', 0, 0),
(165, 'who_responsible', 5, '-', 0, 0),
(165, 'who_set', 5, '12', 0, 0),
(166, 'deadline', 4, '20.01.2012 00:00:00', 0, 0),
(166, 'description', 2, '', 0, 0),
(166, 'prior', 3, 'Средний', 3, 0),
(166, 'reason_for_idle', 2, '', 0, 0),
(166, 'state', 3, 'Выполнена', 0, 0),
(166, 'who_adopted', 6, 'admin', 0, 0),
(166, 'who_responsible', 5, '7', 0, 0),
(166, 'who_set', 5, '7', 0, 0),
(186, 'deadline', 4, '25.05.2012 00:00', 0, 0),
(186, 'description', 2, '', 0, 0),
(186, 'extime', 1, '', 0, 0),
(186, 'prior', 3, 'Средний', 3, 0),
(186, 'reason_for_idle', 2, '', 0, 0),
(186, 'state', 3, 'Не выполнена', 1, 0),
(186, 'who_responsible', 5, '-', 0, 0),
(186, 'who_set', 7, '7', 0, 0),
(187, 'deadline', 4, '23.01.2012 00:00:00', 0, 0),
(187, 'description', 2, '+79095207541 Игорь Анатольевич', 0, 0),
(187, 'extime', 1, '', 0, 0),
(187, 'prior', 3, 'Средний', 3, 0),
(187, 'reason_for_idle', 2, '', 0, 0),
(187, 'state', 3, 'Выполнена', 3, 0),
(187, 'who_responsible', 5, '-', 0, 0),
(187, 'who_set', 7, '12', 0, 0),
(188, 'deadline', 4, '29.02.2012 00:00', 0, 0),
(188, 'description', 2, '', 0, 0),
(188, 'extime', 1, '', 0, 0),
(188, 'prior', 3, 'Средний', 3, 0),
(188, 'reason_for_idle', 2, '', 0, 0),
(188, 'state', 3, 'Не выполнена', 1, 0),
(188, 'who_responsible', 5, '-', 0, 0),
(188, 'who_set', 7, '7', 0, 0),
(189, 'deadline', 4, '15.02.2012 00:00:00', 0, 0),
(189, 'description', 2, 'регистрация: http://46.180.15.50/invoice/registration/\r\nдобавление категории http://46.180.15.50/invoice/addcategory/\r\nпросмотр категорий http://46.180.15.50/invoice/viewcategories/\r\nредактирование категории http://46.180.15.50/invoice/addcategory/{id} (вот тут идентификатор категории для редактирования от 1 до 7ми на данный момент есть в базе)\r\nпросмотр товаров http://46.180.15.50/invoice/viewitems/\r\nдобавление товара http://46.180.15.50/invoice/additem/\r\nредактирование товара http://46.180.15.50/invoice/additem/1 (он просто только 1 в базе)', 0, 0),
(189, 'extime', 1, '', 0, 0),
(189, 'prior', 3, 'Средний', 3, 0),
(189, 'reason_for_idle', 2, '', 0, 0),
(189, 'state', 3, 'Не выполнена', 1, 0),
(189, 'who_responsible', 5, '12', 0, 0),
(189, 'who_set', 7, '12', 0, 0),
(190, 'deadline', 4, '12.02.2012 00:00', 0, 0),
(190, 'description', 2, '', 0, 0),
(190, 'extime', 1, '', 0, 0),
(190, 'prior', 3, 'Средний', 3, 0),
(190, 'reason_for_idle', 2, '', 0, 0),
(190, 'state', 3, 'Не выполнена', 1, 0),
(190, 'who_responsible', 5, '-', 0, 0),
(190, 'who_set', 7, '7', 0, 0),
(192, 'deadline', 4, '06.02.2012 00:00', 0, 0),
(192, 'description', 2, '', 0, 0),
(192, 'extime', 1, '', 0, 0),
(192, 'prior', 3, 'Средний', 3, 0),
(192, 'reason_for_idle', 2, '', 0, 0),
(192, 'state', 3, 'Не выполнена', 1, 0),
(192, 'who_responsible', 5, '-', 0, 0),
(192, 'who_set', 7, '7', 0, 0),
(193, 'deadline', 4, '16.03.2012 11:00', 0, 0),
(193, 'description', 2, 'Срок - от первой самой ранней\r\nДо последней самой поздней до конца срока выполнения.', 0, 0),
(193, 'extime', 1, '', 0, 0),
(193, 'prior', 3, 'Средний', 3, 0),
(193, 'reason_for_idle', 2, '', 0, 0),
(193, 'state', 3, 'Выполнена', 3, 0),
(193, 'who_responsible', 5, '-', 0, 0),
(193, 'who_set', 7, '7', 0, 0),
(194, 'deadline', 4, '15.03.2012 10:40', 0, 0),
(194, 'description', 2, '', 0, 0),
(194, 'extime', 1, '', 0, 0),
(194, 'prior', 3, 'Средний', 3, 0),
(194, 'reason_for_idle', 2, '', 0, 0),
(194, 'state', 3, 'Не выполнена', 1, 0),
(194, 'who_responsible', 5, '-', 0, 0),
(194, 'who_set', 7, '7', 0, 0),
(195, 'deadline', 4, '23.01.2012 00:00:00', 0, 0),
(195, 'description', 2, 'О новой задаче, выполнено, поставлено время, просрочено, проблема, новое сообщение в обсуждениях.\r\n\r\nСоздателю, ответственному, исполнителю, настроить оповещение всем кто имеет права.', 0, 0),
(195, 'extime', 1, '', 0, 0),
(195, 'prior', 3, 'Средний', 3, 0),
(195, 'reason_for_idle', 2, '', 0, 0),
(195, 'state', 3, 'Выполнена', 3, 0),
(195, 'who_responsible', 5, '-', 0, 0),
(195, 'who_set', 7, '7', 0, 0),
(196, 'deadline', 4, '20.01.2012 00:00:00', 0, 0),
(196, 'description', 2, 'энергосбережение42.рф, energosber42.ru, экузбасс.рф, энергокузбасс.рф', 0, 0),
(196, 'prior', 3, 'Средний', 3, 0),
(196, 'reason_for_idle', 2, '', 0, 0),
(196, 'state', 3, 'Выполнена', 0, 0),
(196, 'who_responsible', 5, '-', 0, 0),
(196, 'who_set', 7, '7', 0, 0),
(198, 'deadline', 4, '06.02.2012 00:00', 0, 0),
(198, 'description', 2, '', 0, 0),
(198, 'extime', 1, '', 0, 0),
(198, 'prior', 3, 'Средний', 3, 0),
(198, 'reason_for_idle', 2, '', 0, 0),
(198, 'state', 3, 'Выполнена', 3, 0),
(198, 'who_responsible', 5, '-', 0, 0),
(198, 'who_set', 7, '7', 0, 0),
(199, 'deadline', 4, '20.01.2012 00:00:00', 0, 0),
(199, 'description', 2, '', 0, 0),
(199, 'prior', 3, 'Средний', 3, 0),
(199, 'reason_for_idle', 2, '', 0, 0),
(199, 'state', 3, 'Выполнена', 0, 0),
(199, 'who_responsible', 5, '-', 0, 0),
(199, 'who_set', 7, '7', 0, 0),
(200, 'deadline', 4, '07.02.2012 00:00:00', 0, 0),
(200, 'description', 2, 'Руководство пользователя по редактору', 0, 0),
(200, 'extime', 1, '', 0, 0),
(200, 'prior', 3, 'Средний', 3, 0),
(200, 'reason_for_idle', 2, '', 0, 0),
(200, 'state', 3, 'Выполнена', 3, 0),
(200, 'who_responsible', 5, '-', 0, 0),
(200, 'who_set', 7, '7', 0, 0),
(201, 'deadline', 4, '31.01.2012 00:00:00', 0, 0),
(201, 'description', 2, '', 0, 0),
(201, 'extime', 1, '', 0, 0),
(201, 'prior', 3, 'Средний', 3, 0),
(201, 'reason_for_idle', 2, 'Скинуть его Андрею программисту.', 0, 0),
(201, 'state', 3, 'Не выполнена', 1, 0),
(201, 'who_responsible', 5, '-', 0, 0),
(201, 'who_set', 7, '7', 0, 0),
(202, 'deadline', 4, '15.03.2012 00:00', 0, 0),
(202, 'description', 2, '', 0, 0),
(202, 'extime', 1, '', 0, 0),
(202, 'prior', 3, 'Средний', 3, 0),
(202, 'reason_for_idle', 2, '', 0, 0),
(202, 'state', 3, 'Не выполнена', 1, 0),
(202, 'who_responsible', 5, '-', 0, 0),
(202, 'who_set', 7, '7', 0, 0),
(203, 'deadline', 4, '21.01.2012 00:00:00', 0, 0),
(203, 'description', 2, '', 0, 0),
(203, 'prior', 3, 'Средний', 3, 0),
(203, 'reason_for_idle', 2, '', 0, 0),
(203, 'state', 3, 'Выполнена', 0, 0),
(203, 'who_responsible', 5, '-', 0, 0),
(203, 'who_set', 7, '7', 0, 0),
(204, 'deadline', 4, '29.02.2012 16:00', 0, 0),
(204, 'description', 2, '', 0, 0),
(204, 'extime', 1, '', 0, 0),
(204, 'prior', 3, 'Средний', 3, 0),
(204, 'reason_for_idle', 2, '', 0, 0),
(204, 'state', 3, 'Не выполнена', 1, 0),
(204, 'who_responsible', 5, '12', 0, 0),
(204, 'who_set', 7, '12', 0, 0),
(205, 'deadline', 4, '29.02.2012 14:00', 0, 0),
(205, 'description', 2, '', 0, 0),
(205, 'extime', 1, '', 0, 0),
(205, 'prior', 3, 'Средний', 3, 0),
(205, 'reason_for_idle', 2, '', 0, 0),
(205, 'state', 3, 'Не выполнена', 1, 0),
(205, 'who_responsible', 5, '12', 0, 0),
(205, 'who_set', 7, '12', 0, 0),
(207, 'deadline', 4, '20.01.2012 07:27:15', 0, 0),
(207, 'description', 2, '', 0, 0),
(207, 'prior', 3, 'Средний', 3, 0),
(207, 'reason_for_idle', 2, '', 0, 0),
(207, 'state', 3, 'Не выполнена', 0, 0),
(207, 'who_responsible', 5, '-', 0, 0),
(207, 'who_set', 7, '12', 0, 0),
(208, 'deadline', 4, '29.02.2012 18:00:00', 0, 0),
(208, 'description', 2, '', 0, 0),
(208, 'extime', 1, '', 0, 0),
(208, 'prior', 3, 'Средний', 3, 0),
(208, 'reason_for_idle', 2, 'в общем на рэк там есть куда можно запихать полезные ссылки? Если нет надо сделать. ксли есть то чтоб карсиво смотрелось нужно сделать ссылку на на www.fstrf.ru/press/weekly/ibfst/\r\nВернее продумать как лучше определить работу когда нужны ссылки с официальных сайтов типа www.fstrf.ru или что то в этом роде.', 0, 0),
(208, 'state', 3, 'Выполнена', 3, 0),
(208, 'who_responsible', 5, '-', 0, 0),
(208, 'who_set', 7, '7', 0, 0),
(210, 'deadline', 4, '29.02.2012 18:00', 0, 0),
(210, 'description', 2, '', 0, 0),
(210, 'extime', 1, '', 0, 0),
(210, 'prior', 3, 'Средний', 3, 0),
(210, 'reason_for_idle', 2, '', 0, 0),
(210, 'state', 3, 'Не выполнена', 1, 0),
(210, 'who_responsible', 5, '12', 0, 0),
(210, 'who_set', 7, '12', 0, 0),
(211, 'deadline', 4, '05.03.2012 10:00', 0, 0),
(211, 'description', 2, '', 0, 0),
(211, 'extime', 1, '', 0, 0),
(211, 'prior', 3, 'Средний', 3, 0),
(211, 'reason_for_idle', 2, '', 0, 0),
(211, 'state', 3, 'Не выполнена', 1, 0),
(211, 'who_responsible', 5, '12', 0, 0),
(211, 'who_set', 7, '12', 0, 0),
(212, 'deadline', 4, '29.02.2012 00:00', 0, 0),
(212, 'description', 2, '', 0, 0),
(212, 'extime', 1, '', 0, 0),
(212, 'prior', 3, 'Средний', 3, 0),
(212, 'reason_for_idle', 2, '1. Передать Ивану\r\n2. Подсчитать сроки и стоимость работ.', 0, 0),
(212, 'state', 3, 'Не выполнена', 0, 0),
(212, 'who_responsible', 5, '-', 0, 0),
(212, 'who_set', 7, '7', 0, 0),
(213, 'deadline', 4, '10.02.2012 12:00', 0, 0),
(213, 'description', 2, '', 0, 0),
(213, 'extime', 1, '', 0, 0),
(213, 'prior', 3, 'Средний', 3, 0),
(213, 'reason_for_idle', 2, '', 0, 0),
(213, 'state', 3, 'Не выполнена', 1, 0),
(213, 'who_responsible', 5, '16', 0, 0),
(213, 'who_set', 7, '16', 0, 0),
(214, 'deadline', 4, '20.01.2012 07:55:13', 0, 0),
(214, 'description', 2, '', 0, 0),
(214, 'prior', 3, 'Средний', 3, 0),
(214, 'reason_for_idle', 2, '', 0, 0),
(214, 'state', 3, 'Не выполнена', 0, 0),
(214, 'who_responsible', 5, '-', 0, 0),
(214, 'who_set', 7, '7', 0, 0),
(215, 'deadline', 4, '20.01.2012 07:55:33', 0, 0),
(215, 'description', 2, '', 0, 0),
(215, 'prior', 3, 'Средний', 3, 0),
(215, 'reason_for_idle', 2, '', 0, 0),
(215, 'state', 3, 'Не выполнена', 0, 0),
(215, 'who_responsible', 5, '-', 0, 0),
(215, 'who_set', 7, '7', 0, 0),
(216, 'deadline', 4, '09.02.2012 12:00:00', 0, 0),
(216, 'description', 2, '', 0, 0),
(216, 'extime', 1, '', 0, 0),
(216, 'prior', 3, 'Средний', 3, 0),
(216, 'reason_for_idle', 2, '', 0, 0),
(216, 'state', 3, 'Не выполнена', 1, 0),
(216, 'who_responsible', 5, '-', 0, 0),
(216, 'who_set', 7, '7', 0, 0),
(217, 'deadline', 4, '15.03.2012 00:00:00', 0, 0),
(217, 'description', 2, '', 0, 0),
(217, 'extime', 1, '', 0, 0),
(217, 'prior', 3, 'Средний', 3, 0),
(217, 'reason_for_idle', 2, 'Будем ли мы продлять?', 0, 0),
(217, 'state', 3, 'Не выполнена', 1, 0),
(217, 'who_responsible', 5, '12', 0, 0),
(217, 'who_set', 7, '12', 0, 0),
(218, 'deadline', 4, '22.02.2012 12:31', 0, 0),
(218, 'description', 2, '', 0, 0),
(218, 'prior', 3, 'Средний', 3, 0),
(218, 'reason_for_idle', 2, '', 0, 0),
(218, 'state', 3, 'Не выполнена', 1, 0),
(218, 'who_responsible', 5, '-', 0, 0),
(218, 'who_set', 7, '7', 0, 0),
(220, 'deadline', 4, '27.02.2012 16:00', 0, 0),
(220, 'description', 2, '', 0, 0),
(220, 'extime', 1, '', 0, 0),
(220, 'prior', 3, 'Средний', 3, 0),
(220, 'reason_for_idle', 2, '', 0, 0),
(220, 'state', 3, 'Не выполнена', 1, 0),
(220, 'who_responsible', 5, '12', 0, 0),
(220, 'who_set', 7, '12', 0, 0),
(221, 'deadline', 4, '05.03.2012 17:00', 0, 0),
(221, 'description', 2, '', 0, 0),
(221, 'extime', 1, '', 0, 0),
(221, 'prior', 3, 'Средний', 3, 0),
(221, 'reason_for_idle', 2, '', 0, 0),
(221, 'state', 3, 'Не выполнена', 1, 0),
(221, 'who_responsible', 5, '-', 0, 0),
(221, 'who_set', 7, '12', 0, 0),
(222, 'deadline', 4, '10.03.2012 18:00', 0, 0),
(222, 'description', 2, '', 0, 0),
(222, 'extime', 1, '', 0, 0),
(222, 'prior', 3, 'Средний', 3, 0),
(222, 'reason_for_idle', 2, '', 0, 0),
(222, 'state', 3, 'Не выполнена', 1, 0),
(222, 'who_responsible', 5, '-', 0, 0),
(222, 'who_set', 7, '12', 0, 0),
(223, 'deadline', 4, '11.02.2012 10:22', 0, 0),
(223, 'description', 2, '', 0, 0),
(223, 'extime', 1, '', 0, 0),
(223, 'prior', 3, 'Средний', 3, 0),
(223, 'reason_for_idle', 2, '', 0, 0),
(223, 'state', 3, 'Выполнена', 3, 0),
(223, 'who_responsible', 5, '-', 0, 0),
(223, 'who_set', 7, '12', 0, 0),
(224, 'deadline', 4, '31.01.2012 00:00', 0, 0),
(224, 'description', 2, '1. ФИО\r\n2. Должность\r\n3. Телефон\r\n4. e-mail\r\n5. Адрес\r\n6. Организация\r\n7. По какому вопросу\r\n8. Аська\r\n', 0, 0),
(224, 'extime', 1, '', 0, 0),
(224, 'prior', 3, 'Средний', 3, 0),
(224, 'reason_for_idle', 2, '', 0, 0),
(224, 'state', 3, 'Не выполнена', 1, 0),
(224, 'who_responsible', 5, '-', 0, 0),
(224, 'who_set', 7, '7', 0, 0),
(225, 'deadline', 4, '31.01.2012 00:00:00', 0, 0),
(225, 'description', 2, '', 0, 0),
(225, 'prior', 3, 'Средний', 3, 0),
(225, 'reason_for_idle', 2, '', 0, 0),
(225, 'state', 3, 'Не выполнена', 0, 0),
(225, 'who_responsible', 5, '-', 0, 0),
(225, 'who_set', 7, '7', 0, 0),
(226, 'deadline', 4, '29.02.2012 15:00', 0, 0),
(226, 'description', 2, 'Порядковый номер\r\nПо видам услуг\r\nПо клиентам\r\nПо исполнителям', 0, 0),
(226, 'prior', 3, 'Средний', 3, 0),
(226, 'reason_for_idle', 2, '', 0, 0),
(226, 'state', 3, 'Не выполнена', 1, 0),
(226, 'who_responsible', 5, '-', 0, 0),
(226, 'who_set', 7, '7', 0, 0),
(227, 'deadline', 4, '20.01.2012 09:05:50', 0, 0),
(227, 'description', 2, 'http://www.gken.ru/', 0, 0),
(227, 'prior', 3, 'Средний', 3, 0),
(227, 'reason_for_idle', 2, '', 0, 0),
(227, 'state', 3, 'Не выполнена', 0, 0),
(227, 'who_responsible', 5, '-', 0, 0),
(227, 'who_set', 7, '7', 0, 0),
(228, 'deadline', 4, '31.01.2012 00:00', 0, 0),
(228, 'description', 2, '', 0, 0),
(228, 'prior', 3, 'Средний', 3, 0),
(228, 'reason_for_idle', 2, '', 0, 0),
(228, 'state', 3, 'Не выполнена', 0, 0),
(228, 'who_responsible', 5, '-', 0, 0),
(228, 'who_set', 7, '7', 0, 0),
(229, 'deadline', 4, '05.03.2012 17:00', 0, 0),
(229, 'description', 2, '', 0, 0),
(229, 'extime', 1, '', 0, 0),
(229, 'prior', 3, 'Средний', 3, 0),
(229, 'reason_for_idle', 2, '', 0, 0),
(229, 'state', 3, 'Не выполнена', 1, 0),
(229, 'who_responsible', 5, '12', 0, 0),
(229, 'who_set', 7, '12', 0, 0),
(230, 'deadline', 4, '31.01.2012 00:00', 0, 0),
(230, 'description', 2, '', 0, 0),
(230, 'prior', 3, 'Средний', 3, 0),
(230, 'reason_for_idle', 2, '', 0, 0),
(230, 'state', 3, 'Не выполнена', 0, 0),
(230, 'who_responsible', 5, '-', 0, 0),
(230, 'who_set', 7, '7', 0, 0),
(231, 'deadline', 4, '31.01.2012 00:00', 0, 0),
(231, 'description', 2, 'Какие роли необходимы для того что бы построить весь процесс?\r\nКакие процессы? Что необходимо для их обеспечения?', 0, 0),
(231, 'prior', 3, 'Средний', 3, 0),
(231, 'reason_for_idle', 2, '', 0, 0),
(231, 'state', 3, 'Не выполнена', 0, 0),
(231, 'who_responsible', 5, '-', 0, 0),
(231, 'who_set', 7, '7', 0, 0),
(232, 'deadline', 4, '20.01.2012 09:20:48', 0, 0),
(232, 'description', 2, '', 0, 0),
(232, 'extime', 1, '', 0, 0),
(232, 'prior', 3, 'Средний', 3, 0),
(232, 'reason_for_idle', 2, '', 0, 0),
(232, 'state', 3, 'Выполнена', 3, 0),
(232, 'who_responsible', 5, '-', 0, 0),
(232, 'who_set', 7, '7', 0, 0),
(233, 'deadline', 4, '23.01.2012 00:00:00', 0, 0),
(233, 'description', 2, '', 0, 0),
(233, 'extime', 1, '', 0, 0),
(233, 'prior', 3, 'Средний', 3, 0),
(233, 'reason_for_idle', 2, '', 0, 0),
(233, 'state', 3, 'Выполнена', 3, 0),
(233, 'who_responsible', 5, '-', 0, 0),
(233, 'who_set', 7, '7', 0, 0),
(234, 'deadline', 4, '20.01.2012 09:28:27', 0, 0),
(234, 'description', 2, '', 0, 0),
(234, 'prior', 3, 'Средний', 3, 0),
(234, 'reason_for_idle', 2, '', 0, 0),
(234, 'state', 3, 'Не выполнена', 0, 0),
(234, 'who_responsible', 5, '-', 0, 0),
(234, 'who_set', 7, '7', 0, 0),
(235, 'deadline', 4, '23.01.2012 00:00:00', 0, 0),
(235, 'description', 2, '', 0, 0),
(235, 'prior', 3, 'Средний', 3, 0),
(235, 'reason_for_idle', 2, '', 0, 0),
(235, 'state', 3, 'Не выполнена', 0, 0),
(235, 'who_responsible', 5, '-', 0, 0),
(235, 'who_set', 7, '7', 0, 0),
(236, 'deadline', 4, '10.02.2012 12:00', 0, 0),
(236, 'description', 2, '', 0, 0),
(236, 'prior', 3, 'Средний', 3, 0),
(236, 'reason_for_idle', 2, '', 0, 0),
(236, 'state', 3, 'Не выполнена', 1, 0),
(236, 'who_responsible', 5, '-', 0, 0),
(236, 'who_set', 7, '7', 0, 0),
(237, 'deadline', 4, '10.02.2012 12:00', 0, 0),
(237, 'description', 2, '', 0, 0),
(237, 'extime', 1, '', 0, 0),
(237, 'prior', 3, 'Средний', 3, 0),
(237, 'reason_for_idle', 2, '', 0, 0),
(237, 'state', 3, 'Не выполнена', 1, 0),
(237, 'who_responsible', 5, '7', 0, 0),
(237, 'who_set', 7, '7', 0, 0),
(238, 'deadline', 4, '20.01.2012 09:32:13', 0, 0),
(238, 'description', 2, '', 0, 0),
(238, 'prior', 3, 'Средний', 3, 0),
(238, 'reason_for_idle', 2, '', 0, 0),
(238, 'state', 3, 'Не выполнена', 0, 0),
(238, 'who_responsible', 5, '-', 0, 0),
(238, 'who_set', 7, '7', 0, 0),
(239, 'deadline', 4, '23.01.2012 00:00:00', 0, 0),
(239, 'description', 2, '', 0, 0),
(239, 'prior', 3, 'Средний', 3, 0),
(239, 'reason_for_idle', 2, '', 0, 0),
(239, 'state', 3, 'Не выполнена', 0, 0),
(239, 'who_responsible', 5, '-', 0, 0),
(239, 'who_set', 7, '7', 0, 0),
(240, 'deadline', 4, '20.01.2012 09:33:49', 0, 0),
(240, 'description', 2, '', 0, 0),
(240, 'prior', 3, 'Средний', 3, 0),
(240, 'reason_for_idle', 2, '', 0, 0),
(240, 'state', 3, 'Не выполнена', 0, 0),
(240, 'who_responsible', 5, '-', 0, 0),
(240, 'who_set', 7, '7', 0, 0),
(241, 'deadline', 4, '23.01.2012 00:00:00', 0, 0),
(241, 'description', 2, '', 0, 0),
(241, 'prior', 3, 'Средний', 3, 0),
(241, 'reason_for_idle', 2, '', 0, 0),
(241, 'state', 3, 'Выполнена', 0, 0),
(241, 'who_responsible', 5, '-', 0, 0),
(241, 'who_set', 7, '7', 0, 0),
(243, 'deadline', 4, '21.01.2012 00:00:00', 0, 0),
(243, 'description', 2, '', 0, 0),
(243, 'prior', 3, 'Средний', 3, 0),
(243, 'reason_for_idle', 2, '', 0, 0),
(243, 'state', 3, 'Выполнена', 0, 0),
(243, 'who_responsible', 5, '-', 0, 0),
(243, 'who_set', 7, '7', 0, 0),
(245, 'deadline', 4, '31.01.2012 00:00:00', 0, 0),
(245, 'description', 2, '', 0, 0),
(245, 'prior', 3, 'Средний', 3, 0),
(245, 'reason_for_idle', 2, '', 0, 0),
(245, 'state', 3, 'Не выполнена', 0, 0),
(245, 'who_responsible', 5, '-', 0, 0),
(245, 'who_set', 7, '7', 0, 0),
(246, 'deadline', 4, '21.01.2012 00:00:00', 0, 0),
(246, 'description', 2, '', 0, 0),
(246, 'prior', 3, 'Средний', 3, 0),
(246, 'reason_for_idle', 2, '', 0, 0),
(246, 'state', 3, 'Выполнена', 0, 0),
(246, 'who_responsible', 5, '-', 0, 0),
(246, 'who_set', 7, '7', 0, 0),
(247, 'deadline', 4, '31.01.2012 00:00:00', 0, 0),
(247, 'description', 2, '', 0, 0),
(247, 'prior', 3, 'Средний', 3, 0),
(247, 'reason_for_idle', 2, '', 0, 0),
(247, 'state', 3, 'Не выполнена', 0, 0),
(247, 'who_responsible', 5, '-', 0, 0),
(247, 'who_set', 7, '7', 0, 0),
(248, 'deadline', 4, '21.01.2012 00:00:00', 0, 0),
(248, 'description', 2, '', 0, 0),
(248, 'prior', 3, 'Средний', 3, 0),
(248, 'reason_for_idle', 2, '', 0, 0),
(248, 'state', 3, 'Выполнена', 0, 0),
(248, 'who_responsible', 5, '-', 0, 0),
(248, 'who_set', 7, '7', 0, 0),
(249, 'deadline', 4, '06.02.2012 00:00:00', 0, 0),
(249, 'description', 2, '1) Изменить картинку в страйкболе\r\n2) Добавить все иконки\r\n3) Изменить цвета под тип игры : оранжевый, зеленый, черный\r\n4) Добавить рекламный блок\r\n5) Оформить низ: обтекание - простым шрифтом, дополнить список faq, оформить что бы красиво смотрелось; вставить контактные телефон и почту\r\n6) Добавить - Лидеры продаж - 7 шт.\r\n7) Соответствие графических картинок начальной странице типу игры\r\n8) Оформить контакты слева - номера, online консультанты\r\n9) Сделать страницу перечня товаров\r\n10) Сделать страницу описания товаров\r\n11) Сделать страницу корзины заказов (1 - корзина с кол-вом товаров, 2 - корзина полностью - с перерасчетом)', 0, 0),
(249, 'extime', 1, '', 0, 0),
(249, 'prior', 3, 'Средний', 3, 0),
(249, 'reason_for_idle', 2, '', 0, 0),
(249, 'state', 3, 'Выполнена', 3, 0),
(249, 'who_responsible', 5, '-', 0, 0),
(249, 'who_set', 7, '7', 0, 0),
(250, 'deadline', 4, '21.01.2012 00:00', 0, 0),
(250, 'description', 2, '', 0, 0),
(250, 'extime', 1, '', 0, 0),
(250, 'prior', 3, 'Средний', 3, 0),
(250, 'reason_for_idle', 2, '', 0, 0),
(250, 'state', 3, 'Выполнена', 3, 0),
(250, 'who_responsible', 5, '-', 0, 0),
(250, 'who_set', 7, '7', 0, 0),
(251, 'deadline', 4, '23.01.2012 00:00', 0, 0),
(251, 'description', 2, 'Warning: Invalid argument supplied for foreach() in /home/s/sibdnevnik/application/controllers/TaskController.php on line 237\r\n\r\nРедактирую Задачу &quot;Кузбасский центр энергосбережения&quot;\r\n\r\nFatal error: Call to a member function getId() on a non-object in /home/s/sibdnevnik/application/models/TM/Acl/DiscussionAcl.php on line 80\r\n\r\n\r\nСайт РЭК         \r\n  Отредактировать вывод новостей\r\n', 0, 0),
(251, 'prior', 3, 'Средний', 3, 0),
(251, 'reason_for_idle', 2, '', 0, 0),
(251, 'state', 3, 'Выполнена', 0, 0),
(251, 'who_responsible', 5, '-', 0, 0),
(251, 'who_set', 7, '7', 0, 0),
(253, 'deadline', 4, '23.01.2012 09:00:00', 0, 0),
(253, 'description', 2, 'Поиск: Должен искать как по товару, так и по фирмам его продающих!\r\nСделать Сначала поиск по товарам «ТОВАРЫ:» и то что нашлось. Ниже «Организации:» и то что нашлось.', 0, 0),
(253, 'prior', 3, 'Средний', 3, 0),
(253, 'reason_for_idle', 2, '', 0, 0),
(253, 'state', 3, 'Выполнена', 0, 0),
(253, 'who_responsible', 5, '11', 0, 0),
(253, 'who_set', 7, '12', 0, 0),
(254, 'deadline', 4, '20.01.2012 10:30:01', 0, 0),
(254, 'description', 2, '', 0, 0),
(254, 'prior', 3, 'Средний', 3, 0),
(254, 'reason_for_idle', 2, '', 0, 0),
(254, 'state', 3, 'Не выполнена', 0, 0),
(254, 'who_responsible', 5, '-', 0, 0),
(254, 'who_set', 7, '12', 0, 0),
(255, 'deadline', 4, '23.01.2012 00:00:00', 0, 0),
(255, 'description', 2, 'Если  товар располагается на первой странице, то его нужно редактировать прям с первой страницы! Естественно, если права у тебя есть к этому товару!', 0, 0),
(255, 'prior', 3, 'Средний', 3, 0),
(255, 'reason_for_idle', 2, '', 0, 0),
(255, 'state', 3, 'Выполнена', 0, 0),
(255, 'who_responsible', 5, '11', 0, 0),
(255, 'who_set', 7, '12', 0, 0),
(256, 'deadline', 4, '23.01.2012 09:00:00', 0, 0),
(256, 'description', 2, '4) При создании акции поля такие: сверху вниз\r\n1)	Полное название акции(отображается при открытии компании).\r\n2)	Сокращенное название акции ( до стольки то символов)  (отображается только в администраторской части)  название акции, это отображается как подпись к картинке! Чтоб вторая затемненная строка не возникала и не перекрывала лого магазина!\r\n3)	Информация об акции (сама надпись не выводится покупателю). Текст выводится красный!\r\n4)	Скидка, старая, новая цена! В таком же виде как есть!\r\n5)	Краткое описание товара или услуги! \r\n6)	Все остальные поля убери!\r\n', 0, 0),
(256, 'prior', 3, 'Средний', 3, 0),
(256, 'reason_for_idle', 2, '', 0, 0),
(256, 'state', 3, 'Выполнена', 0, 0),
(256, 'who_responsible', 5, '11', 0, 0),
(256, 'who_set', 7, '12', 0, 0),
(257, 'deadline', 4, '23.01.2012 00:00:00', 0, 0),
(257, 'description', 2, 'Мультигород – если при создании компании указываем это понятие, то товары от этого магазина появляются во всех городах.', 0, 0),
(257, 'prior', 3, 'Средний', 3, 0),
(257, 'reason_for_idle', 2, '', 0, 0),
(257, 'state', 3, 'Выполнена', 0, 0),
(257, 'who_responsible', 5, '11', 0, 0),
(257, 'who_set', 7, '12', 0, 0),
(258, 'deadline', 4, '23.01.2012 00:00:00', 0, 0),
(258, 'description', 2, 'Роль: Региональный представитель! Тот же администратор, может всё но в конкретном городе! Редактирует пользователей только в конкретном городе!', 0, 0),
(258, 'extime', 1, '', 0, 0),
(258, 'prior', 3, 'Средний', 3, 0),
(258, 'reason_for_idle', 2, 'Нет в ТЗ. Это не такой простой вопрос как кажется. Будем ли мы брать за это дополнительные деньги?', 0, 0),
(258, 'state', 3, 'Выполнена', 0, 0),
(258, 'who_responsible', 5, '11', 0, 0),
(258, 'who_set', 7, '12', 0, 0),
(259, 'deadline', 4, '11.03.2012 10:00', 0, 0),
(259, 'description', 2, '', 0, 0),
(259, 'prior', 3, 'Средний', 3, 0),
(259, 'reason_for_idle', 2, '', 0, 0),
(259, 'state', 3, 'Не выполнена', 1, 0),
(259, 'who_responsible', 5, '-', 0, 0),
(259, 'who_set', 7, '7', 0, 0),
(260, 'deadline', 4, '11.03.2012 10:00:00', 0, 0),
(260, 'description', 2, 'посмотреть мегаплан !дима скинул на почту', 0, 0),
(260, 'extime', 1, '', 0, 0),
(260, 'prior', 3, 'Средний', 3, 0),
(260, 'reason_for_idle', 2, '', 0, 0),
(260, 'state', 3, 'Не выполнена', 1, 0),
(260, 'who_responsible', 5, '16', 0, 0),
(260, 'who_set', 7, '16', 0, 0),
(261, 'deadline', 4, '29.02.2012 12:00', 0, 0),
(261, 'description', 2, '', 0, 0),
(261, 'extime', 1, '', 0, 0),
(261, 'prior', 3, 'Средний', 3, 0),
(261, 'reason_for_idle', 2, '', 0, 0),
(261, 'state', 3, 'Не выполнена', 1, 0),
(261, 'who_responsible', 5, '-', 0, 0),
(261, 'who_set', 7, '7', 0, 0),
(262, 'deadline', 4, '11.03.2012 11:00', 0, 0),
(262, 'description', 2, '1 управление задачами управление проектами какая разница? (термины контроль)\r\n2 стили управления проектами на предприятии (понять теорию???)правильные термины?выписать\r\n\r\n', 0, 0),
(262, 'extime', 1, '', 0, 0),
(262, 'prior', 3, 'Средний', 3, 0),
(262, 'reason_for_idle', 2, '', 0, 0),
(262, 'state', 3, 'Не выполнена', 1, 0),
(262, 'who_responsible', 5, '-', 0, 0),
(262, 'who_set', 7, '7', 0, 0),
(263, 'deadline', 4, '21.02.2012 14:45', 0, 0),
(263, 'description', 2, '', 0, 0),
(263, 'prior', 3, 'Средний', 3, 0),
(263, 'reason_for_idle', 2, '', 0, 0),
(263, 'state', 3, 'Не выполнена', 1, 0),
(263, 'who_responsible', 5, '-', 0, 0),
(263, 'who_set', 7, '7', 0, 0),
(264, 'deadline', 4, '21.02.2012 14:45', 0, 0),
(264, 'description', 2, '', 0, 0),
(264, 'prior', 3, 'Средний', 3, 0),
(264, 'reason_for_idle', 2, '', 0, 0),
(264, 'state', 3, 'Не выполнена', 1, 0),
(264, 'who_responsible', 5, '-', 0, 0),
(264, 'who_set', 7, '7', 0, 0),
(265, 'deadline', 4, '23.01.2012 00:00', 0, 0),
(265, 'description', 2, '', 0, 0),
(265, 'prior', 3, 'Средний', 3, 0),
(265, 'reason_for_idle', 2, '', 0, 0),
(265, 'state', 3, 'Не выполнена', 0, 0),
(265, 'who_responsible', 5, '-', 0, 0),
(265, 'who_set', 7, '7', 0, 0),
(266, 'deadline', 4, '23.01.2012 00:00', 0, 0),
(266, 'description', 2, '', 0, 0),
(266, 'prior', 3, 'Средний', 3, 0),
(266, 'reason_for_idle', 2, '', 0, 0),
(266, 'state', 3, 'Не выполнена', 0, 0),
(266, 'who_responsible', 5, '-', 0, 0),
(266, 'who_set', 7, '7', 0, 0),
(268, 'deadline', 4, '30.01.2012 00:00:00', 0, 0),
(268, 'description', 2, 'Новости\r\nЗаконодательство\r\nЛучший опыт энергосбережения - Каталог статей\r\nВопрос-ответ - с отвечающими (фото, подпись)\r\nВерстка\r\n\r\n6000 руб.\r\n', 0, 0),
(268, 'prior', 3, 'Средний', 3, 0),
(268, 'reason_for_idle', 2, '', 0, 0),
(268, 'state', 3, 'Выполнена', 0, 0),
(268, 'who_responsible', 5, '-', 0, 0),
(268, 'who_set', 7, '7', 0, 0),
(269, 'deadline', 4, '31.01.2012 00:00', 0, 0),
(269, 'description', 2, '', 0, 0),
(269, 'prior', 3, 'Средний', 3, 0),
(269, 'reason_for_idle', 2, '', 0, 0),
(269, 'state', 3, 'Не выполнена', 0, 0),
(269, 'who_responsible', 5, '-', 0, 0),
(269, 'who_set', 7, '7', 0, 0),
(270, 'deadline', 4, '21.01.2012 23:00:00', 0, 0),
(270, 'description', 2, '', 0, 0),
(270, 'prior', 3, 'Средний', 3, 0),
(270, 'reason_for_idle', 2, '', 0, 0),
(270, 'state', 3, 'Выполнена', 0, 0),
(270, 'who_responsible', 5, '7', 0, 0),
(270, 'who_set', 7, '7', 0, 0),
(271, 'deadline', 4, '23.01.2012 00:00', 0, 0),
(271, 'description', 2, '', 0, 0),
(271, 'prior', 3, 'Средний', 3, 0),
(271, 'reason_for_idle', 2, '', 0, 0),
(271, 'state', 3, 'Выполнена', 3, 0),
(271, 'who_responsible', 5, '-', 0, 0),
(271, 'who_set', 7, '7', 0, 0),
(272, 'deadline', 4, '23.01.2012 00:00:00', 0, 0),
(272, 'description', 2, '', 0, 0),
(272, 'extime', 1, '', 0, 0),
(272, 'prior', 3, 'Средний', 3, 0),
(272, 'reason_for_idle', 2, '', 0, 0),
(272, 'state', 3, 'Выполнена', 3, 0),
(272, 'who_responsible', 5, '-', 0, 0),
(272, 'who_set', 7, '7', 0, 0),
(273, 'deadline', 4, '23.01.2012 00:00:00', 0, 0),
(273, 'description', 2, '', 0, 0),
(273, 'extime', 1, '', 0, 0),
(273, 'prior', 3, 'Высоки', 2, 0),
(273, 'reason_for_idle', 2, '', 0, 0),
(273, 'state', 3, 'Выполнена', 3, 0),
(273, 'who_responsible', 5, '-', 0, 0),
(273, 'who_set', 7, '7', 0, 0),
(274, 'deadline', 4, '21.01.2012 13:40:57', 0, 0),
(274, 'description', 2, 'http://video.yandex.ru/#search?text=%D0%BF%D0%BE%D1%81%D1%82%D1%80%D0%BE%D0%B5%D0%BD%D0%B8%D0%B5%20%D0%B1%D0%B8%D0%BB%D0%BB%D0%B8%D0%BD%D0%B3%D0%B0&where=all&id=10631033-05-12', 0, 0),
(274, 'prior', 3, 'Средний', 3, 0),
(274, 'reason_for_idle', 2, '', 0, 0),
(274, 'state', 3, 'Не выполнена', 0, 0),
(274, 'who_responsible', 5, '-', 0, 0),
(274, 'who_set', 7, '7', 0, 0),
(275, 'deadline', 4, '23.01.2012 00:00', 0, 0),
(275, 'description', 2, '', 0, 0),
(275, 'prior', 3, 'Средний', 3, 0),
(275, 'reason_for_idle', 2, '', 0, 0),
(275, 'state', 3, 'Выполнена', 3, 0),
(275, 'who_responsible', 5, '-', 0, 0),
(275, 'who_set', 7, '7', 0, 0),
(276, 'deadline', 4, '23.01.2012 00:00:00', 0, 0),
(276, 'description', 2, '', 0, 0),
(276, 'extime', 1, '', 0, 0),
(276, 'prior', 3, 'Средний', 3, 0),
(276, 'reason_for_idle', 2, '', 0, 0),
(276, 'state', 3, 'Выполнена', 3, 0),
(276, 'who_responsible', 5, '-', 0, 0),
(276, 'who_set', 7, '7', 0, 0),
(277, 'deadline', 4, '30.01.2012 00:00', 0, 0),
(277, 'description', 2, '', 0, 0),
(277, 'prior', 3, 'Средний', 3, 0),
(277, 'reason_for_idle', 2, '', 0, 0),
(277, 'state', 3, 'Не выполнена', 0, 0),
(277, 'who_responsible', 5, '-', 0, 0),
(277, 'who_set', 7, '7', 0, 0),
(278, 'deadline', 4, '21.01.2012 13:55:41', 0, 0),
(278, 'description', 2, 'Можно интегрировать всех участников рынка ЖКХ на портале\n\nПортал состоит из Социальной сети и информационных блоков.\nЦели:\n- общение\n- информирование\n- справочники\n\n1. Для жителя - вопросы, инфломационные материалы по энергосбережению и т.д.\n2. Для управляющих компаний - писать статьи - управлять решениями УК, подготавливать решения для наших предложений :)\n3. Создать справочник организация поставщиков - с отзывами и оценкой качества.', 0, 0),
(278, 'prior', 3, 'Средний', 3, 0),
(278, 'reason_for_idle', 2, '', 0, 0),
(278, 'state', 3, 'Не выполнена', 0, 0),
(278, 'who_responsible', 5, '-', 0, 0),
(278, 'who_set', 7, '7', 0, 0),
(279, 'deadline', 4, '31.01.2012 00:00:00', 0, 0),
(279, 'description', 2, 'Расчет - есть\r\nКассы - есть\r\nНеобходимо - быстрое информирование, обмен опытом для роста отрасли, диалог, повышение качества.', 0, 0),
(279, 'prior', 3, 'Средний', 3, 0),
(279, 'reason_for_idle', 2, '', 0, 0),
(279, 'state', 3, 'Не выполнена', 0, 0),
(279, 'who_responsible', 5, '-', 0, 0),
(279, 'who_set', 7, '7', 0, 0),
(280, 'deadline', 4, '31.01.2012 00:00', 0, 0),
(280, 'description', 2, '', 0, 0),
(280, 'prior', 3, 'Средний', 3, 0),
(280, 'reason_for_idle', 2, '', 0, 0),
(280, 'state', 3, 'Не выполнена', 0, 0),
(280, 'who_responsible', 5, '-', 0, 0),
(280, 'who_set', 7, '7', 0, 0),
(281, 'deadline', 4, '21.01.2012 15:05:15', 0, 0),
(281, 'description', 2, '', 0, 0),
(281, 'prior', 3, 'Средний', 3, 0),
(281, 'reason_for_idle', 2, '', 0, 0),
(281, 'state', 3, 'Не выполнена', 0, 0),
(281, 'who_responsible', 5, '-', 0, 0),
(281, 'who_set', 7, '7', 0, 0),
(282, 'deadline', 4, '21.01.2012 15:36:30', 0, 0),
(282, 'description', 2, '', 0, 0),
(282, 'prior', 3, 'Средний', 3, 0),
(282, 'reason_for_idle', 2, '', 0, 0),
(282, 'state', 3, 'Не выполнена', 0, 0),
(282, 'who_responsible', 5, '-', 0, 0),
(282, 'who_set', 7, '7', 0, 0),
(283, 'deadline', 4, '31.01.2012 00:00:00', 0, 0),
(283, 'description', 2, '', 0, 0),
(283, 'prior', 3, 'Средний', 3, 0),
(283, 'reason_for_idle', 2, '', 0, 0),
(283, 'state', 3, 'Выполнена', 0, 0),
(283, 'who_responsible', 5, '-', 0, 0),
(283, 'who_set', 7, '7', 0, 0),
(284, 'deadline', 4, '31.01.2012 00:00', 0, 0),
(284, 'description', 2, '', 0, 0),
(284, 'prior', 3, 'Средний', 3, 0),
(284, 'reason_for_idle', 2, '', 0, 0),
(284, 'state', 3, 'Не выполнена', 0, 0),
(284, 'who_responsible', 5, '-', 0, 0),
(284, 'who_set', 7, '7', 0, 0),
(285, 'deadline', 4, '31.01.2012 23:00', 0, 0),
(285, 'description', 2, '', 0, 0),
(285, 'extime', 1, '1 час', 0, 0),
(285, 'prior', 3, 'Средний', 3, 0),
(285, 'reason_for_idle', 2, '', 0, 0),
(285, 'state', 3, 'Выполнена', 3, 0),
(285, 'who_responsible', 5, '11', 0, 0),
(285, 'who_set', 7, '12', 0, 0),
(286, 'deadline', 4, '30.01.2012 14:41', 0, 0),
(286, 'description', 2, '5 строк акций, возможность выбора страницы с акциями!', 0, 0),
(286, 'extime', 1, '', 0, 0),
(286, 'prior', 3, 'Средний', 3, 0),
(286, 'reason_for_idle', 2, '', 0, 0),
(286, 'state', 3, 'Выполнена', 0, 0),
(286, 'who_responsible', 5, '11', 0, 0),
(286, 'who_set', 7, '12', 0, 0),
(287, 'deadline', 4, '23.01.2012 13:46:09', 0, 0),
(287, 'description', 2, '', 0, 0),
(287, 'prior', 3, 'Средний', 3, 0),
(287, 'reason_for_idle', 2, '', 0, 0),
(287, 'state', 3, 'Выполнена', 0, 0),
(287, 'who_responsible', 5, '11', 0, 0),
(287, 'who_set', 7, '12', 0, 0),
(288, 'deadline', 4, '24.01.2012 14:07:08', 0, 0),
(288, 'description', 2, 'http://exclusive.megagroup.ru/\r\ningate.ru\r\nhttp://www.adv.ru/portfolio/\r\nhttp://www.jaegermeister.de/de-de/home/willkommen.aspx\r\nhttp://www.new-business-idea.ru/\r\nhttp://www.indeks.ru/\r\nhttp://www.poxc.ru/ru/\r\nhttp://estateagents.ru/', 0, 0),
(288, 'prior', 3, 'Средний', 3, 0),
(288, 'reason_for_idle', 2, '', 0, 0),
(288, 'state', 3, 'Не выполнена', 0, 0),
(288, 'who_responsible', 5, '-', 0, 0),
(288, 'who_set', 7, '12', 0, 0),
(290, 'deadline', 4, '27.01.2012 18:00:00', 0, 0),
(290, 'description', 2, '', 0, 0),
(290, 'extime', 1, '', 0, 0),
(290, 'prior', 3, 'Средний', 3, 0),
(290, 'reason_for_idle', 2, '', 0, 0),
(290, 'state', 3, 'Выполнена', 3, 0),
(290, 'who_responsible', 5, '-', 0, 0),
(290, 'who_set', 7, '7', 0, 0),
(291, 'deadline', 4, '31.01.2012 00:00', 0, 0),
(291, 'description', 2, '', 0, 0),
(291, 'prior', 3, 'Средний', 3, 0),
(291, 'reason_for_idle', 2, '', 0, 0),
(291, 'state', 3, 'Не выполнена', 1, 0),
(291, 'who_responsible', 5, '-', 0, 0),
(291, 'who_set', 7, '7', 0, 0),
(292, 'deadline', 4, '27.01.2012 07:45', 0, 0),
(292, 'description', 2, '', 0, 0),
(292, 'prior', 3, 'Средний', 3, 0),
(292, 'reason_for_idle', 2, '', 0, 0),
(292, 'state', 3, 'Не выполнена', 1, 0),
(292, 'who_responsible', 5, '-', 0, 0),
(292, 'who_set', 7, '7', 0, 0),
(293, 'deadline', 4, '27.01.2012 07:45:03', 0, 0),
(293, 'description', 2, '27,01,12 - звонок, парень в больнице! Как выйдет позвонит (ориентировочно 2 недели)\r\nЛичные\r\nданные:	Ф.И.О.: Сахаров Максим Васильевич\r\nВозраст: 39  Пол: Мужской  Семейное положение: женат\r\nМесто проживания: Кемерово, Рудничный район\r\nСтаж работы: свыше 5 лет\r\nУсловия\r\nработы:	з/п не указана \r\nГрафик работы: удаленно/на дому\r\nЗанятость: частичная занятость\r\nЖелаемые районы для работы: Заводский, Кировский, Ленинский, Рудничный, Центральный\r\nОбразование:	Уровень образования: высшее \r\nУчебное заведение: Кемеровский Государственный Университет \r\nСпециальность: Прикладная математика\r\nОпыт работы\r\nи навыки:	 Хотел бы получить серьёзный опыт работы с PHP, Perl, MySQL, HTML на конкретных проектах, чтобы иметь своё портфолио. В связи с этим готов работать за небольшую оплату. Моё условие: удалённая работа. Имею большой опыт системного администрирования и прикладного программирования. Дома несколько компьютеров и кабельный доступ в Интернет.\r\nСпециализации:	\r\nИТ и Интернет  /  Веб-дизайн, интерфейсы, верстка, Разработка веб-приложений, Контент, наполнение сайтов\r\nКонтакты:	 Эл.почта:  msugar@rambler.ru\r\nТелефон:  +7-960-906-93-70', 0, 0),
(293, 'extime', 1, '', 0, 0),
(293, 'prior', 3, 'Средний', 3, 0),
(293, 'reason_for_idle', 2, '', 0, 0),
(293, 'state', 3, 'Не выполнена', 1, 0),
(293, 'who_responsible', 5, '-', 0, 0),
(293, 'who_set', 7, '12', 0, 0),
(294, 'deadline', 4, '31.01.2012 00:00', 0, 0),
(294, 'description', 2, '', 0, 0),
(294, 'prior', 3, 'Средний', 3, 0),
(294, 'reason_for_idle', 2, '', 0, 0),
(294, 'state', 3, 'Не выполнена', 0, 0),
(294, 'who_responsible', 5, '-', 0, 0),
(294, 'who_set', 7, '7', 0, 0),
(296, 'deadline', 4, '31.01.2012 00:00', 0, 0),
(296, 'description', 2, 'Сюда пиши отчет о том что сделано и когда.', 0, 0),
(296, 'prior', 3, 'Средний', 3, 0),
(296, 'reason_for_idle', 2, '', 0, 0),
(296, 'state', 3, 'Не выполнена', 0, 0),
(296, 'who_responsible', 5, '-', 0, 0),
(296, 'who_set', 7, '7', 0, 0),
(297, 'deadline', 4, '31.01.2012 00:00:00', 0, 0),
(297, 'description', 2, '1. Поиск. набери словосочетание и увидишь как работает поиск. Например ОАО &quot;Распадская&quot;', 0, 0),
(297, 'extime', 1, '', 0, 0),
(297, 'prior', 3, 'Средний', 3, 0),
(297, 'reason_for_idle', 2, '', 0, 0),
(297, 'state', 3, 'Выполнена', 3, 0),
(297, 'who_responsible', 5, '-', 0, 0),
(297, 'who_set', 7, '7', 0, 0),
(298, 'deadline', 4, '29.02.2012 00:00:00', 0, 0),
(298, 'description', 2, '', 0, 0),
(298, 'extime', 1, '', 0, 0),
(298, 'prior', 3, 'Средний', 3, 0),
(298, 'reason_for_idle', 2, '', 0, 0),
(298, 'state', 3, 'Выполнена', 0, 0),
(298, 'who_responsible', 5, '-', 0, 0),
(298, 'who_set', 7, '7', 0, 0),
(299, 'deadline', 4, '30.01.2012 14:22:47', 0, 0),
(299, 'description', 2, '', 0, 0),
(299, 'extime', 1, '', 0, 0),
(299, 'prior', 3, 'Средний', 3, 0),
(299, 'reason_for_idle', 2, '', 0, 0),
(299, 'state', 3, 'Выполнена', 0, 0),
(299, 'who_responsible', 5, '11', 0, 0),
(299, 'who_set', 7, '12', 0, 0),
(300, 'deadline', 4, '30.01.2012 14:26:01', 0, 0),
(300, 'description', 2, 'Ссылка на оригинальный товар, добавить поле при добавлении товара! А выводилась она на затемненном поле фотографии! Я там скрин приложил!', 0, 0),
(300, 'extime', 1, '', 0, 0),
(300, 'prior', 3, 'Средний', 3, 0),
(300, 'reason_for_idle', 2, '', 0, 0),
(300, 'state', 3, 'Выполнена', 3, 0),
(300, 'who_responsible', 5, '11', 0, 0),
(300, 'who_set', 7, '12', 0, 0),
(301, 'deadline', 4, '09.02.2012 12:00:00', 0, 0),
(301, 'description', 2, 'Как нибудь сделать возможно, чтоб название подписей уменьшалось? Просто есть большие названия и их не сократить!', 0, 0),
(301, 'extime', 1, '', 0, 0),
(301, 'prior', 3, 'Средний', 3, 0),
(301, 'reason_for_idle', 2, '', 0, 0),
(301, 'state', 3, 'Выполнена', 3, 0),
(301, 'who_responsible', 5, '11', 0, 0),
(301, 'who_set', 7, '12', 0, 0),
(302, 'deadline', 4, '30.01.2012 14:52:31', 0, 0),
(302, 'description', 2, 'Убрать слова магазина! Оставить просто: &quot;Описание&quot;, &quot;Адрес&quot;', 0, 0),
(302, 'extime', 1, '', 0, 0),
(302, 'prior', 3, 'Средний', 3, 0),
(302, 'reason_for_idle', 2, '', 0, 0),
(302, 'state', 3, 'Выполнена', 0, 0),
(302, 'who_responsible', 5, '11', 0, 0),
(302, 'who_set', 7, '12', 0, 0),
(303, 'deadline', 4, '01.02.2012 00:00', 0, 0),
(303, 'description', 2, '', 0, 0),
(303, 'extime', 1, '', 0, 0),
(303, 'prior', 3, 'Средний', 3, 0),
(303, 'reason_for_idle', 2, '', 0, 0),
(303, 'state', 3, 'Не выполнена', 0, 0),
(303, 'who_responsible', 5, '-', 0, 0),
(303, 'who_set', 7, '12', 0, 0),
(304, 'deadline', 4, '31.01.2012 09:00:52', 0, 0),
(304, 'description', 2, 'Как то они не добавляются! он просто рядом вылазит и всё!', 0, 0),
(304, 'extime', 1, '', 0, 0),
(304, 'prior', 3, 'Средний', 3, 0),
(304, 'reason_for_idle', 2, '', 0, 0),
(304, 'state', 3, 'Выполнена', 0, 0),
(304, 'who_responsible', 5, '11', 0, 0),
(304, 'who_set', 7, '12', 0, 0),
(305, 'deadline', 4, '07.02.2012 12:00:00', 0, 0),
(305, 'description', 2, '', 0, 0),
(305, 'extime', 1, '', 0, 0),
(305, 'prior', 3, 'Средний', 3, 0),
(305, 'reason_for_idle', 2, 'Нужен доступ к хостингу', 0, 0),
(305, 'state', 3, 'Выполнена', 3, 0),
(305, 'who_responsible', 5, '11', 0, 0),
(305, 'who_set', 7, '12', 0, 0),
(306, 'deadline', 4, '09.02.2012 12:00:00', 0, 0),
(306, 'description', 2, '', 0, 0),
(306, 'extime', 1, '', 0, 0),
(306, 'prior', 3, 'Средний', 3, 0),
(306, 'reason_for_idle', 2, '', 0, 0),
(306, 'state', 3, 'Выполнена', 3, 0),
(306, 'who_responsible', 5, '11', 0, 0),
(306, 'who_set', 7, '12', 0, 0),
(309, 'deadline', 4, '31.01.2012 17:00', 0, 0),
(309, 'description', 2, '', 0, 0),
(309, 'extime', 1, '', 0, 0),
(309, 'prior', 3, 'Средний', 3, 0),
(309, 'reason_for_idle', 2, '', 0, 0),
(309, 'state', 3, 'Выполнена', 3, 0),
(309, 'who_responsible', 5, '11', 0, 0),
(309, 'who_set', 7, '12', 0, 0),
(310, 'deadline', 4, '08.02.2012 00:00:00', 0, 0),
(310, 'description', 2, '', 0, 0),
(310, 'extime', 1, '', 0, 0),
(310, 'prior', 3, 'Средний', 3, 0),
(310, 'reason_for_idle', 2, 'Нужны примеры писем и ссылок', 0, 0),
(310, 'state', 3, 'Выполнена', 3, 0),
(310, 'who_responsible', 5, '11', 0, 0),
(310, 'who_set', 7, '12', 0, 0),
(311, 'deadline', 4, '31.01.2012 12:56:19', 0, 0),
(311, 'description', 2, 'И чтоб адрес почты скидывался на почту модератору магазина!', 0, 0),
(311, 'extime', 1, '', 0, 0),
(311, 'prior', 3, 'Средний', 3, 0),
(311, 'reason_for_idle', 2, '', 0, 0),
(311, 'state', 3, 'Выполнена', 3, 0),
(311, 'who_responsible', 5, '11', 0, 0),
(311, 'who_set', 7, '12', 0, 0),
(312, 'deadline', 4, '01.02.2012 07:49:16', 0, 0),
(312, 'description', 2, '', 0, 0),
(312, 'extime', 1, '', 0, 0),
(312, 'prior', 3, 'Средний', 3, 0),
(312, 'reason_for_idle', 2, '', 0, 0),
(312, 'state', 3, 'Не выполнена', 1, 0),
(312, 'who_responsible', 5, '11', 0, 0),
(312, 'who_set', 7, '12', 0, 0),
(313, 'deadline', 4, '02.02.2012 12:05:52', 0, 0),
(313, 'description', 2, 'Размер как то меняется!', 0, 0),
(313, 'extime', 1, '', 0, 0),
(313, 'prior', 3, 'Средний', 3, 0),
(313, 'reason_for_idle', 2, '', 0, 0),
(313, 'state', 3, 'Выполнена', 3, 0),
(313, 'who_responsible', 5, '11', 0, 0),
(313, 'who_set', 7, '12', 0, 0),
(314, 'deadline', 4, '06.02.2012 22:00', 0, 0),
(314, 'description', 2, '', 0, 0),
(314, 'extime', 1, '', 0, 0),
(314, 'prior', 3, 'Средний', 3, 0),
(314, 'reason_for_idle', 2, '', 0, 0),
(314, 'state', 3, 'Не выполнена', 1, 0),
(314, 'who_responsible', 5, '-', 0, 0),
(314, 'who_set', 7, '7', 0, 0),
(315, 'deadline', 4, '10.02.2012 18:00:00', 0, 0),
(315, 'description', 2, '', 0, 0),
(315, 'extime', 1, '', 0, 0),
(315, 'prior', 3, 'Средний', 3, 0),
(315, 'reason_for_idle', 2, '', 0, 0),
(315, 'state', 3, 'Не выполнена', 1, 0),
(315, 'who_responsible', 5, '-', 0, 0),
(315, 'who_set', 7, '7', 0, 0),
(316, 'deadline', 4, '05.02.2012 00:00:00', 0, 0),
(316, 'description', 2, '', 0, 0),
(316, 'extime', 1, '', 0, 0),
(316, 'prior', 3, 'Средний', 3, 0),
(316, 'reason_for_idle', 2, '', 0, 0),
(316, 'state', 3, 'Не выполнена', 1, 0),
(316, 'who_responsible', 5, '-', 0, 0),
(316, 'who_set', 7, '7', 0, 0),
(317, 'deadline', 4, '04.02.2012 23:00:00', 0, 0),
(317, 'description', 2, 'Добавление других характеристик - Название, значение (тип строка, тип список, тип выбор)', 0, 0),
(317, 'extime', 1, '', 0, 0),
(317, 'prior', 3, 'Средний', 3, 0),
(317, 'reason_for_idle', 2, '', 0, 0),
(317, 'state', 3, 'Выполнена', 3, 0),
(317, 'who_responsible', 5, '15', 0, 0),
(317, 'who_set', 7, '7', 0, 0),
(318, 'deadline', 4, '03.02.2012 23:00:00', 0, 0),
(318, 'description', 2, 'Базовые характеристики - название, описание, цена, производитель, фотогалерея товара, уникальный номер товара', 0, 0),
(318, 'extime', 1, '', 0, 0),
(318, 'prior', 3, 'Средний', 3, 0),
(318, 'reason_for_idle', 2, '', 0, 0),
(318, 'state', 3, 'Выполнена', 3, 0),
(318, 'who_responsible', 5, '-', 0, 0),
(318, 'who_set', 7, '7', 0, 0),
(319, 'deadline', 4, '06.02.2012 00:00:00', 0, 0),
(319, 'description', 2, '1) Выбор группы характеристик участвующих в фильтре (настраиваемые)', 0, 0),
(319, 'extime', 1, '', 0, 0),
(319, 'prior', 3, 'Средний', 3, 0),
(319, 'reason_for_idle', 2, '', 0, 0),
(319, 'state', 3, 'Не выполнена', 1, 0),
(319, 'who_responsible', 5, '-', 0, 0),
(319, 'who_set', 7, '7', 0, 0),
(320, 'deadline', 4, '06.02.2012 01:00:00', 0, 0),
(320, 'description', 2, '', 0, 0),
(320, 'extime', 1, '', 0, 0),
(320, 'prior', 3, 'Средний', 3, 0),
(320, 'reason_for_idle', 2, '', 0, 0),
(320, 'state', 3, 'Выполнена', 3, 0),
(320, 'who_responsible', 5, '7', 0, 0),
(320, 'who_set', 7, '9', 0, 0),
(322, 'deadline', 4, '06.02.2012 00:00:00', 0, 0),
(322, 'description', 2, '', 0, 0),
(322, 'extime', 1, '', 0, 0),
(322, 'prior', 3, 'Средний', 3, 0),
(322, 'reason_for_idle', 2, '', 0, 0),
(322, 'state', 3, 'Не выполнена', 1, 0),
(322, 'who_responsible', 5, '-', 0, 0),
(322, 'who_set', 7, '7', 0, 0),
(323, 'deadline', 4, '08.02.2012 18:00:00', 0, 0),
(323, 'description', 2, '1) добавление товаров в корзину\r\n2) пересчет продукции\r\n3) добавление спецификации', 0, 0),
(323, 'extime', 1, '', 0, 0),
(323, 'prior', 3, 'Средний', 3, 0),
(323, 'reason_for_idle', 2, '', 0, 0),
(323, 'state', 3, 'Не выполнена', 1, 0),
(323, 'who_responsible', 5, '-', 0, 0),
(323, 'who_set', 7, '7', 0, 0),
(324, 'deadline', 4, '06.02.2012 22:00:00', 0, 0),
(324, 'description', 2, '1) Набирают дополнительные товары в один заказ\r\n2) Галочка - со сборкой или нет', 0, 0),
(324, 'extime', 1, '', 0, 0),
(324, 'prior', 3, 'Средний', 3, 0),
(324, 'reason_for_idle', 2, '', 0, 0),
(324, 'state', 3, 'Не выполнена', 1, 0),
(324, 'who_responsible', 5, '-', 0, 0),
(324, 'who_set', 7, '7', 0, 0),
(325, 'deadline', 4, '15.02.2012 00:00:00', 0, 0),
(325, 'description', 2, '', 0, 0);
INSERT INTO `tm_task_attribute` (`task_id`, `attribute_key`, `type_id`, `attribute_value`, `attribute_order`, `is_fill`) VALUES
(325, 'extime', 1, '', 0, 0),
(325, 'prior', 3, 'Средний', 3, 0),
(325, 'reason_for_idle', 2, '', 0, 0),
(325, 'state', 3, 'Не выполнена', 1, 0),
(325, 'who_responsible', 5, '-', 0, 0),
(325, 'who_set', 7, '7', 0, 0),
(326, 'deadline', 4, '10.02.2012 18:00:00', 0, 0),
(326, 'description', 2, '1) Способы оплаты\r\n2) Способы доставки\r\n3) Регистрационные данные для покупки\r\n4) 3 способа заказ 1. Регистрация 2. Без регистрации 3. Заполнение ФИО и номера телефона', 0, 0),
(326, 'extime', 1, '', 0, 0),
(326, 'prior', 3, 'Средний', 3, 0),
(326, 'reason_for_idle', 2, '', 0, 0),
(326, 'state', 3, 'Не выполнена', 1, 0),
(326, 'who_responsible', 5, '-', 0, 0),
(326, 'who_set', 7, '7', 0, 0),
(327, 'deadline', 4, '06.02.2012 00:00:00', 0, 0),
(327, 'description', 2, '1) Архив заказов\r\n2) Поддержка - как стена вконтакте\r\n3) Статус текущих заказов', 0, 0),
(327, 'extime', 1, '', 0, 0),
(327, 'prior', 3, 'Средний', 3, 0),
(327, 'reason_for_idle', 2, '', 0, 0),
(327, 'state', 3, 'Не выполнена', 1, 0),
(327, 'who_responsible', 5, '-', 0, 0),
(327, 'who_set', 7, '7', 0, 0),
(328, 'deadline', 4, '05.02.2012 00:00:00', 0, 0),
(328, 'description', 2, '1) Стандартный вопрос-ответ', 0, 0),
(328, 'extime', 1, '', 0, 0),
(328, 'prior', 3, 'Средний', 3, 0),
(328, 'reason_for_idle', 2, '', 0, 0),
(328, 'state', 3, 'Выполнена', 3, 0),
(328, 'who_adopted', 6, 'a.buydin', 0, 0),
(328, 'who_responsible', 5, '15', 0, 0),
(328, 'who_set', 7, '7', 0, 0),
(329, 'deadline', 4, '05.02.2012 00:00:00', 0, 0),
(329, 'description', 2, '', 0, 0),
(329, 'extime', 1, '', 0, 0),
(329, 'prior', 3, 'Средний', 3, 0),
(329, 'reason_for_idle', 2, '', 0, 0),
(329, 'state', 3, 'Выполнена', 3, 0),
(329, 'who_responsible', 5, '15', 0, 0),
(329, 'who_set', 7, '7', 0, 0),
(330, 'deadline', 4, '03.02.2012 18:00:00', 0, 0),
(330, 'description', 2, '', 0, 0),
(330, 'extime', 1, '', 0, 0),
(330, 'prior', 3, 'Средний', 3, 0),
(330, 'reason_for_idle', 2, '', 0, 0),
(330, 'state', 3, 'Выполнена', 3, 0),
(330, 'who_responsible', 5, '-', 0, 0),
(330, 'who_set', 7, '7', 0, 0),
(331, 'deadline', 4, '12.02.2012 00:00:00', 0, 0),
(331, 'description', 2, 'Данную статистику можно отследить в модуле статистики. Имеется карта переходов по сайту.', 0, 0),
(331, 'extime', 1, '', 0, 0),
(331, 'prior', 3, 'Средний', 3, 0),
(331, 'reason_for_idle', 2, '', 0, 0),
(331, 'state', 3, 'Выполнена', 3, 0),
(331, 'who_responsible', 5, '-', 0, 0),
(331, 'who_set', 7, '7', 0, 0),
(332, 'deadline', 4, '12.02.2012 00:00', 0, 0),
(332, 'description', 2, '1) Выбирается временной период\r\n2) Выбирается группа товаров или рубрик\r\nВыводится статистика в табличной форме\r\n', 0, 0),
(332, 'extime', 1, '', 0, 0),
(332, 'prior', 3, 'Средний', 3, 0),
(332, 'reason_for_idle', 2, '', 0, 0),
(332, 'state', 3, 'Не выполнена', 1, 0),
(332, 'who_responsible', 5, '-', 0, 0),
(332, 'who_set', 7, '7', 0, 0),
(333, 'deadline', 4, '17.02.2012 00:00:00', 0, 0),
(333, 'description', 2, 'В обсуждениях', 0, 0),
(333, 'extime', 1, '', 0, 0),
(333, 'prior', 3, 'Средний', 3, 0),
(333, 'reason_for_idle', 2, '', 0, 0),
(333, 'state', 3, 'Не выполнена', 1, 0),
(333, 'who_responsible', 5, '7', 0, 0),
(333, 'who_set', 7, '9', 0, 0),
(334, 'deadline', 4, '04.02.2012 23:00', 0, 0),
(334, 'description', 2, '', 0, 0),
(334, 'extime', 1, '', 0, 0),
(334, 'prior', 3, 'Очень высокий', 1, 0),
(334, 'reason_for_idle', 2, '', 0, 0),
(334, 'state', 3, 'Выполнена', 3, 0),
(334, 'who_responsible', 5, '11', 0, 0),
(334, 'who_set', 7, '12', 0, 0),
(335, 'deadline', 4, '10.02.2012 12:00:00', 0, 0),
(335, 'description', 2, '', 0, 0),
(335, 'extime', 1, '', 0, 0),
(335, 'prior', 3, 'Средний', 3, 0),
(335, 'reason_for_idle', 2, '', 0, 0),
(335, 'state', 3, 'Выполнена', 3, 0),
(335, 'who_responsible', 5, '11', 0, 0),
(335, 'who_set', 7, '12', 0, 0),
(337, 'deadline', 4, '10.02.2012 12:00:00', 0, 0),
(337, 'description', 2, '', 0, 0),
(337, 'extime', 1, '', 0, 0),
(337, 'prior', 3, 'Средний', 3, 0),
(337, 'reason_for_idle', 2, '', 0, 0),
(337, 'state', 3, 'Выполнена', 3, 0),
(337, 'who_responsible', 5, '11', 0, 0),
(337, 'who_set', 7, '12', 0, 0),
(338, 'deadline', 4, '10.02.2012 11:00:00', 0, 0),
(338, 'description', 2, '', 0, 0),
(338, 'extime', 1, '', 0, 0),
(338, 'prior', 3, 'Средний', 3, 0),
(338, 'reason_for_idle', 2, '', 0, 0),
(338, 'state', 3, 'Выполнена', 3, 0),
(338, 'who_responsible', 5, '11', 0, 0),
(338, 'who_set', 7, '12', 0, 0),
(339, 'deadline', 4, '10.02.2012 12:00:00', 0, 0),
(339, 'description', 2, '', 0, 0),
(339, 'extime', 1, '', 0, 0),
(339, 'prior', 3, 'Средний', 3, 0),
(339, 'reason_for_idle', 2, '', 0, 0),
(339, 'state', 3, 'Выполнена', 3, 0),
(339, 'who_responsible', 5, '11', 0, 0),
(339, 'who_set', 7, '12', 0, 0),
(340, 'deadline', 4, '10.02.2012 12:00:00', 0, 0),
(340, 'description', 2, 'Объединить, назвать &quot;приборы учёта&quot;.\r\nСделать табличку - порядок колонок:\r\nНаименование счётчика| Характеристика | Номер | Предыдущее показание | Текущее показание|\r\nТекущее показание вносит жилец.', 0, 0),
(340, 'extime', 1, '', 0, 0),
(340, 'prior', 3, 'Средний', 3, 0),
(340, 'reason_for_idle', 2, '', 0, 0),
(340, 'state', 3, 'Выполнена', 3, 0),
(340, 'who_responsible', 5, '11', 0, 0),
(340, 'who_set', 7, '12', 0, 0),
(341, 'deadline', 4, '10.02.2012 12:00:00', 0, 0),
(341, 'description', 2, '', 0, 0),
(341, 'extime', 1, '', 0, 0),
(341, 'prior', 3, 'Средний', 3, 0),
(341, 'reason_for_idle', 2, '', 0, 0),
(341, 'state', 3, 'Выполнена', 3, 0),
(341, 'who_responsible', 5, '11', 0, 0),
(341, 'who_set', 7, '12', 0, 0),
(342, 'deadline', 4, '07.02.2012 12:00', 0, 0),
(342, 'description', 2, 'После того как мы заходим в личный кабинет, и пытаемся воспользоваться основным меню сайта, у нас ничего не выходит... вылазят ошибки!', 0, 0),
(342, 'extime', 1, '', 0, 0),
(342, 'prior', 3, 'Средний', 3, 0),
(342, 'reason_for_idle', 2, '', 0, 0),
(342, 'state', 3, 'Не выполнена', 1, 0),
(342, 'who_responsible', 5, '11', 0, 0),
(342, 'who_set', 7, '12', 0, 0),
(343, 'deadline', 4, '06.02.2012 07:58:25', 0, 0),
(343, 'description', 2, '', 0, 0),
(343, 'extime', 1, '', 0, 0),
(343, 'prior', 3, 'Средний', 3, 0),
(343, 'reason_for_idle', 2, '', 0, 0),
(343, 'state', 3, 'Не выполнена', 1, 0),
(343, 'who_responsible', 5, '-', 0, 0),
(343, 'who_set', 7, '12', 0, 0),
(344, 'deadline', 4, '25.05.2012 00:00:00', 0, 0),
(344, 'description', 2, '1. Иконка для задач!!!\r\n2. выделять только один проект!!!\r\n3. http://www.1c-bitrix.ru/products/intranet/new/#tab-tasks-link -Битрикс\r\n4. Джумла\r\n5. Жира\r\n6. http://www.jsgantt.com/\r\n7. http://www.codeproject.com/Articles/23951/SIcon-Gantt-Chart\r\n8. http://www.anychart.com/home/\r\n9. В проектах подзадачи нельза кинуть в архив\r\n10.обсуждения делятся на :Важное,дела внутри компании,новости,развлечения(отдых). и избранные!!!', 0, 0),
(344, 'extime', 1, '', 0, 0),
(344, 'prior', 3, 'Средний', 3, 0),
(344, 'reason_for_idle', 2, '', 0, 0),
(344, 'state', 3, 'Не выполнена', 1, 0),
(344, 'who_responsible', 5, '-', 0, 0),
(344, 'who_set', 7, '16', 0, 0),
(345, 'deadline', 4, '13.02.2012 12:00:00', 0, 0),
(345, 'description', 2, '', 0, 0),
(345, 'extime', 1, '', 0, 0),
(345, 'prior', 3, 'Средний', 3, 0),
(345, 'reason_for_idle', 2, '', 0, 0),
(345, 'state', 3, 'Выполнена', 3, 0),
(345, 'who_responsible', 5, '7', 0, 0),
(345, 'who_set', 7, '9', 0, 0),
(346, 'deadline', 4, '11.02.2012 10:22:35', 0, 0),
(346, 'description', 2, '', 0, 0),
(346, 'extime', 1, '', 0, 0),
(346, 'prior', 3, 'Средний', 3, 0),
(346, 'reason_for_idle', 2, '', 0, 0),
(346, 'state', 3, 'Выполнена', 3, 0),
(346, 'who_responsible', 5, '7', 0, 0),
(346, 'who_set', 7, '9', 0, 0),
(347, 'deadline', 4, '21.02.2012 14:45:53', 0, 0),
(347, 'description', 2, 'надо программиста для работы с TaskDive', 0, 0),
(347, 'extime', 1, '7 дней', 0, 0),
(347, 'prior', 3, 'Средний', 3, 0),
(347, 'reason_for_idle', 2, '', 0, 0),
(347, 'state', 3, 'Не выполнена', 1, 0),
(347, 'who_responsible', 5, '16', 0, 0),
(347, 'who_set', 7, '16', 0, 0),
(352, 'deadline', 4, '16.02.2012 18:00:00', 0, 0),
(352, 'description', 2, '', 0, 0),
(352, 'extime', 1, '', 0, 0),
(352, 'prior', 3, 'Средний', 3, 0),
(352, 'reason_for_idle', 2, '', 0, 0),
(352, 'state', 3, 'Выполнена', 3, 0),
(352, 'who_responsible', 5, '-', 0, 0),
(352, 'who_set', 7, '16', 0, 0),
(353, 'deadline', 4, '16.02.2012 18:00:00', 0, 0),
(353, 'description', 2, '', 0, 0),
(353, 'extime', 1, '', 0, 0),
(353, 'prior', 3, 'Средний', 3, 0),
(353, 'reason_for_idle', 2, '', 0, 0),
(353, 'state', 3, 'Выполнена', 3, 0),
(353, 'who_responsible', 5, '9', 0, 0),
(353, 'who_set', 7, '16', 0, 0),
(354, 'deadline', 4, '16.02.2012 11:58:04', 0, 0),
(354, 'description', 2, '', 0, 0),
(354, 'extime', 1, '', 0, 0),
(354, 'prior', 3, 'Средний', 3, 0),
(354, 'reason_for_idle', 2, '', 0, 0),
(354, 'state', 3, 'Выполнена', 3, 0),
(354, 'who_responsible', 5, '16', 0, 0),
(354, 'who_set', 7, '16', 0, 0),
(355, 'deadline', 4, '16.02.2012 17:00:00', 0, 0),
(355, 'description', 2, '', 0, 0),
(355, 'extime', 1, '', 0, 0),
(355, 'prior', 3, 'Средний', 3, 0),
(355, 'reason_for_idle', 2, '', 0, 0),
(355, 'state', 3, 'Выполнена', 3, 0),
(355, 'who_responsible', 5, '7', 0, 0),
(355, 'who_set', 7, '16', 0, 0),
(356, 'deadline', 4, '16.02.2012 18:00', 0, 0),
(356, 'description', 2, '', 0, 0),
(356, 'extime', 1, '', 0, 0),
(356, 'prior', 3, 'Средний', 3, 0),
(356, 'reason_for_idle', 2, '', 0, 0),
(356, 'state', 3, 'Выполнена', 3, 0),
(356, 'who_responsible', 5, '16', 0, 0),
(356, 'who_set', 7, '16', 0, 0),
(357, 'deadline', 4, '29.02.2012 15:00', 0, 0),
(357, 'description', 2, '', 0, 0),
(357, 'extime', 1, '', 0, 0),
(357, 'prior', 3, 'Средний', 3, 0),
(357, 'reason_for_idle', 2, '', 0, 0),
(357, 'state', 3, 'Не выполнена', 1, 0),
(357, 'who_responsible', 5, '16', 0, 0),
(357, 'who_set', 7, '16', 0, 0),
(358, 'deadline', 4, '29.02.2012 15:00', 0, 0),
(358, 'description', 2, '', 0, 0),
(358, 'extime', 1, '', 0, 0),
(358, 'prior', 3, 'Средний', 3, 0),
(358, 'reason_for_idle', 2, '', 0, 0),
(358, 'state', 3, 'Не выполнена', 1, 0),
(358, 'who_responsible', 5, '16', 0, 0),
(358, 'who_set', 7, '16', 0, 0),
(359, 'deadline', 4, '25.03.2012 10:00', 0, 0),
(359, 'description', 2, '', 0, 0),
(359, 'extime', 1, '', 0, 0),
(359, 'prior', 3, 'Средний', 3, 0),
(359, 'reason_for_idle', 2, '', 0, 0),
(359, 'state', 3, 'Не выполнена', 1, 0),
(359, 'who_responsible', 5, '16', 0, 0),
(359, 'who_set', 7, '16', 0, 0),
(360, 'deadline', 4, '21.02.2012 11:00:00', 0, 0),
(360, 'description', 2, '', 0, 0),
(360, 'extime', 1, '', 0, 0),
(360, 'prior', 3, 'Средний', 3, 0),
(360, 'reason_for_idle', 2, '', 0, 0),
(360, 'state', 3, 'Выполнена', 3, 0),
(360, 'who_responsible', 5, '16', 0, 0),
(360, 'who_set', 7, '16', 0, 0),
(361, 'deadline', 4, '21.02.2012 12:00:00', 0, 0),
(361, 'description', 2, '', 0, 0),
(361, 'extime', 1, '', 0, 0),
(361, 'prior', 3, 'Средний', 3, 0),
(361, 'reason_for_idle', 2, '', 0, 0),
(361, 'state', 3, 'Выполнена', 3, 0),
(361, 'who_responsible', 5, '16', 0, 0),
(361, 'who_set', 7, '16', 0, 0),
(362, 'deadline', 4, '25.02.2012 00:00:00', 0, 0),
(362, 'description', 2, 'alice.koan@gmail.com', 0, 0),
(362, 'extime', 1, '', 0, 0),
(362, 'prior', 3, 'Средний', 3, 0),
(362, 'reason_for_idle', 2, '', 0, 0),
(362, 'state', 3, 'Не выполнена', 1, 0),
(362, 'who_responsible', 5, '-', 0, 0),
(362, 'who_set', 7, '7', 0, 0),
(363, 'deadline', 4, '25.03.2012 10:00', 0, 0),
(363, 'description', 2, '', 0, 0),
(363, 'extime', 1, '', 0, 0),
(363, 'prior', 3, 'Средний', 3, 0),
(363, 'reason_for_idle', 2, '', 0, 0),
(363, 'state', 3, 'Не выполнена', 1, 0),
(363, 'who_responsible', 5, '-', 0, 0),
(363, 'who_set', 7, '12', 0, 0),
(364, 'deadline', 4, '10.02.2012 12:00', 0, 0),
(364, 'description', 2, '', 0, 0),
(364, 'extime', 1, '', 0, 0),
(364, 'prior', 3, 'Средний', 3, 0),
(364, 'reason_for_idle', 2, '', 0, 0),
(364, 'state', 3, 'Не выполнена', 1, 0),
(364, 'who_responsible', 5, '16', 0, 0),
(364, 'who_set', 7, '16', 0, 0),
(365, 'deadline', 4, '15.03.2012 14:00', 0, 0),
(365, 'description', 2, '', 0, 0),
(365, 'extime', 1, '', 0, 0),
(365, 'prior', 3, 'Средний', 3, 0),
(365, 'reason_for_idle', 2, '', 0, 0),
(365, 'state', 3, 'Не выполнена', 1, 0),
(365, 'who_responsible', 5, '13', 0, 0),
(365, 'who_set', 7, '13', 0, 0),
(366, 'deadline', 4, '15.03.2012 10:40:22', 0, 0),
(366, 'description', 2, '', 0, 0),
(366, 'extime', 1, '', 0, 0),
(366, 'prior', 3, 'Средний', 3, 0),
(366, 'reason_for_idle', 2, '', 0, 0),
(366, 'state', 3, 'Не выполнена', 1, 0),
(366, 'who_responsible', 5, '-', 0, 0),
(366, 'who_set', 7, '13', 0, 0),
(367, 'deadline', 4, '22.02.2012 12:31:00', 0, 0),
(367, 'description', 2, '', 0, 0),
(367, 'extime', 1, '', 0, 0),
(367, 'prior', 3, 'Средний', 3, 0),
(367, 'reason_for_idle', 2, '', 0, 0),
(367, 'state', 3, 'Не выполнена', 1, 0),
(367, 'who_responsible', 5, '13', 0, 0),
(367, 'who_set', 7, '13', 0, 0),
(368, 'deadline', 4, '22.02.2012 12:23:32', 0, 0),
(368, 'description', 2, '', 0, 0),
(368, 'extime', 1, '', 0, 0),
(368, 'prior', 3, 'Средний', 3, 0),
(368, 'reason_for_idle', 2, '', 0, 0),
(368, 'state', 3, 'Не выполнена', 1, 0),
(368, 'who_responsible', 5, '13', 0, 0),
(368, 'who_set', 7, '13', 0, 0),
(369, 'deadline', 4, '22.02.2012 12:24:46', 0, 0),
(369, 'description', 2, '', 0, 0),
(369, 'extime', 1, '', 0, 0),
(369, 'prior', 3, 'Средний', 3, 0),
(369, 'reason_for_idle', 2, '', 0, 0),
(369, 'state', 3, 'Не выполнена', 1, 0),
(369, 'who_responsible', 5, '13', 0, 0),
(369, 'who_set', 7, '13', 0, 0),
(370, 'deadline', 4, '22.02.2012 12:30:22', 0, 0),
(370, 'description', 2, '', 0, 0),
(370, 'extime', 1, '', 0, 0),
(370, 'prior', 3, 'Средний', 3, 0),
(370, 'reason_for_idle', 2, '', 0, 0),
(370, 'state', 3, 'Не выполнена', 1, 0),
(370, 'who_responsible', 5, '13', 0, 0),
(370, 'who_set', 7, '13', 0, 0),
(371, 'deadline', 4, '22.02.2012 12:31:16', 0, 0),
(371, 'description', 2, '', 0, 0),
(371, 'extime', 1, '', 0, 0),
(371, 'prior', 3, 'Средний', 3, 0),
(371, 'reason_for_idle', 2, '', 0, 0),
(371, 'state', 3, 'Не выполнена', 1, 0),
(371, 'who_responsible', 5, '13', 0, 0),
(371, 'who_set', 7, '13', 0, 0),
(372, 'deadline', 4, '22.02.2012 12:36:35', 0, 0),
(372, 'description', 2, '', 0, 0),
(372, 'extime', 1, '', 0, 0),
(372, 'prior', 3, 'Средний', 3, 0),
(372, 'reason_for_idle', 2, '', 0, 0),
(372, 'state', 3, 'Не выполнена', 1, 0),
(372, 'who_responsible', 5, '13', 0, 0),
(372, 'who_set', 7, '13', 0, 0),
(373, 'deadline', 4, '12.03.2012 18:00', 0, 0),
(373, 'description', 2, '', 0, 0),
(373, 'extime', 1, '', 0, 0),
(373, 'prior', 3, 'Средний', 3, 0),
(373, 'reason_for_idle', 2, '', 0, 0),
(373, 'state', 3, 'Не выполнена', 1, 0),
(373, 'who_responsible', 5, '13', 0, 0),
(373, 'who_set', 7, '13', 0, 0),
(374, 'deadline', 4, '22.02.2012 12:43:02', 0, 0),
(374, 'description', 2, '', 0, 0),
(374, 'extime', 1, '', 0, 0),
(374, 'prior', 3, 'Средний', 3, 0),
(374, 'reason_for_idle', 2, '', 0, 0),
(374, 'state', 3, 'Не выполнена', 1, 0),
(374, 'who_responsible', 5, '13', 0, 0),
(374, 'who_set', 7, '13', 0, 0),
(375, 'deadline', 4, '22.02.2012 12:45:19', 0, 0),
(375, 'description', 2, '', 0, 0),
(375, 'extime', 1, '', 0, 0),
(375, 'prior', 3, 'Средний', 3, 0),
(375, 'reason_for_idle', 2, '', 0, 0),
(375, 'state', 3, 'Не выполнена', 1, 0),
(375, 'who_responsible', 5, '13', 0, 0),
(375, 'who_set', 7, '13', 0, 0),
(376, 'deadline', 4, '22.02.2012 12:48:26', 0, 0),
(376, 'description', 2, '', 0, 0),
(376, 'extime', 1, '', 0, 0),
(376, 'prior', 3, 'Средний', 3, 0),
(376, 'reason_for_idle', 2, '', 0, 0),
(376, 'state', 3, 'Не выполнена', 1, 0),
(376, 'who_responsible', 5, '13', 0, 0),
(376, 'who_set', 7, '13', 0, 0),
(377, 'deadline', 4, '27.02.2012 16:00', 0, 0),
(377, 'description', 2, '', 0, 0),
(377, 'extime', 1, '', 0, 0),
(377, 'prior', 3, 'Средний', 3, 0),
(377, 'reason_for_idle', 2, '', 0, 0),
(377, 'state', 3, 'Не выполнена', 1, 0),
(377, 'who_responsible', 5, '12', 0, 0),
(377, 'who_set', 7, '12', 0, 0),
(378, 'deadline', 4, '29.02.2012 00:00', 0, 0),
(378, 'description', 2, '', 0, 0),
(378, 'extime', 1, '', 0, 0),
(378, 'prior', 3, 'Средний', 3, 0),
(378, 'reason_for_idle', 2, '', 0, 0),
(378, 'state', 3, 'Не выполнена', 1, 0),
(378, 'who_responsible', 5, '12', 0, 0),
(378, 'who_set', 7, '12', 0, 0),
(379, 'deadline', 4, '10.03.2012 18:00', 0, 0),
(379, 'description', 2, '', 0, 0),
(379, 'extime', 1, '', 0, 0),
(379, 'prior', 3, 'Средний', 3, 0),
(379, 'reason_for_idle', 2, '', 0, 0),
(379, 'state', 3, 'Не выполнена', 1, 0),
(379, 'who_responsible', 5, '12', 0, 0),
(379, 'who_set', 7, '12', 0, 0),
(380, 'deadline', 4, '22.02.2012 14:11:23', 0, 0),
(380, 'description', 2, '', 0, 0),
(380, 'extime', 1, '', 0, 0),
(380, 'prior', 3, 'Средний', 3, 0),
(380, 'reason_for_idle', 2, '', 0, 0),
(380, 'state', 3, 'Не выполнена', 1, 0),
(380, 'who_responsible', 5, '12', 0, 0),
(380, 'who_set', 7, '12', 0, 0),
(381, 'deadline', 4, '24.02.2012 16:00', 0, 0),
(381, 'description', 2, '', 0, 0),
(381, 'extime', 1, '', 0, 0),
(381, 'prior', 3, 'Средний', 3, 0),
(381, 'reason_for_idle', 2, '', 0, 0),
(381, 'state', 3, 'Не выполнена', 1, 0),
(381, 'who_responsible', 5, '7', 0, 0),
(381, 'who_set', 7, '7', 0, 0),
(382, 'deadline', 4, '22.02.2012 14:17:27', 0, 0),
(382, 'description', 2, '', 0, 0),
(382, 'extime', 1, '', 0, 0),
(382, 'prior', 3, 'Средний', 3, 0),
(382, 'reason_for_idle', 2, '', 0, 0),
(382, 'state', 3, 'Не выполнена', 1, 0),
(382, 'who_responsible', 5, '7', 0, 0),
(382, 'who_set', 7, '7', 0, 0),
(383, 'deadline', 4, '11.03.2012 16:00', 0, 0),
(383, 'description', 2, '', 0, 0),
(383, 'extime', 1, '', 0, 0),
(383, 'prior', 3, 'Средний', 3, 0),
(383, 'reason_for_idle', 2, '', 0, 0),
(383, 'state', 3, 'Не выполнена', 1, 0),
(383, 'who_responsible', 5, '12', 0, 0),
(383, 'who_set', 7, '12', 0, 0),
(384, 'deadline', 4, '03.03.2012 15:00', 0, 0),
(384, 'description', 2, '', 0, 0),
(384, 'extime', 1, '', 0, 0),
(384, 'prior', 3, 'Средний', 3, 0),
(384, 'reason_for_idle', 2, '', 0, 0),
(384, 'state', 3, 'Не выполнена', 1, 0),
(384, 'who_responsible', 5, '16', 0, 0),
(384, 'who_set', 7, '16', 0, 0),
(385, 'deadline', 4, '11.03.2012 14:00', 0, 0),
(385, 'description', 2, '', 0, 0),
(385, 'extime', 1, '', 0, 0),
(385, 'prior', 3, 'Средний', 3, 0),
(385, 'reason_for_idle', 2, '', 0, 0),
(385, 'state', 3, 'Не выполнена', 1, 0),
(385, 'who_responsible', 5, '16', 0, 0),
(385, 'who_set', 7, '16', 0, 0),
(386, 'deadline', 4, '29.02.2012 11:00', 0, 0),
(386, 'description', 2, '', 0, 0),
(386, 'extime', 1, '', 0, 0),
(386, 'prior', 3, 'Средний', 3, 0),
(386, 'reason_for_idle', 2, '', 0, 0),
(386, 'state', 3, 'Не выполнена', 1, 0),
(386, 'who_responsible', 5, '-', 0, 0),
(386, 'who_set', 7, '16', 0, 0),
(387, 'deadline', 4, '29.02.2012 13:00', 0, 0),
(387, 'description', 2, '', 0, 0),
(387, 'extime', 1, '', 0, 0),
(387, 'prior', 3, 'Средний', 3, 0),
(387, 'reason_for_idle', 2, 'хотя бы расписать!', 0, 0),
(387, 'state', 3, 'Не выполнена', 1, 0),
(387, 'who_responsible', 5, '13', 0, 0),
(387, 'who_set', 7, '13', 0, 0),
(388, 'deadline', 4, '04.03.2012 15:00', 0, 0),
(388, 'description', 2, '', 0, 0),
(388, 'extime', 1, '', 0, 0),
(388, 'prior', 3, 'Средний', 3, 0),
(388, 'reason_for_idle', 2, '', 0, 0),
(388, 'state', 3, 'Не выполнена', 1, 0),
(388, 'who_responsible', 5, '-', 0, 0),
(388, 'who_set', 7, '16', 0, 0),
(389, 'deadline', 4, '15.03.2012 14:00', 0, 0),
(389, 'description', 2, '', 0, 0),
(389, 'extime', 1, '', 0, 0),
(389, 'prior', 3, 'Средний', 3, 0),
(389, 'reason_for_idle', 2, '', 0, 0),
(389, 'state', 3, 'Не выполнена', 1, 0),
(389, 'who_responsible', 5, '13', 0, 0),
(389, 'who_set', 7, '13', 0, 0),
(390, 'deadline', 4, '22.02.2012 14:48', 0, 0),
(390, 'description', 2, '', 0, 0),
(390, 'extime', 1, '', 0, 0),
(390, 'prior', 3, 'Средний', 3, 0),
(390, 'reason_for_idle', 2, '', 0, 0),
(390, 'state', 3, 'Не выполнена', 1, 0),
(390, 'who_responsible', 5, '-', 0, 0),
(390, 'who_set', 7, '16', 0, 0),
(391, 'deadline', 4, '22.02.2012 14:45:47', 0, 0),
(391, 'description', 2, '', 0, 0),
(391, 'extime', 1, '', 0, 0),
(391, 'prior', 3, 'Средний', 3, 0),
(391, 'reason_for_idle', 2, '', 0, 0),
(391, 'state', 3, 'Не выполнена', 1, 0),
(391, 'who_responsible', 5, '-', 0, 0),
(391, 'who_set', 7, '16', 0, 0),
(392, 'deadline', 4, '22.02.2012 14:46:32', 0, 0),
(392, 'description', 2, '', 0, 0),
(392, 'extime', 1, '', 0, 0),
(392, 'prior', 3, 'Средний', 3, 0),
(392, 'reason_for_idle', 2, '', 0, 0),
(392, 'state', 3, 'Не выполнена', 1, 0),
(392, 'who_responsible', 5, '-', 0, 0),
(392, 'who_set', 7, '16', 0, 0),
(393, 'deadline', 4, '22.02.2012 14:47:00', 0, 0),
(393, 'description', 2, '', 0, 0),
(393, 'extime', 1, '', 0, 0),
(393, 'prior', 3, 'Средний', 3, 0),
(393, 'reason_for_idle', 2, '', 0, 0),
(393, 'state', 3, 'Не выполнена', 1, 0),
(393, 'who_responsible', 5, '-', 0, 0),
(393, 'who_set', 7, '16', 0, 0),
(394, 'deadline', 4, '22.02.2012 14:47:28', 0, 0),
(394, 'description', 2, '', 0, 0),
(394, 'extime', 1, '', 0, 0),
(394, 'prior', 3, 'Средний', 3, 0),
(394, 'reason_for_idle', 2, '', 0, 0),
(394, 'state', 3, 'Не выполнена', 1, 0),
(394, 'who_responsible', 5, '-', 0, 0),
(394, 'who_set', 7, '16', 0, 0),
(395, 'deadline', 4, '22.02.2012 14:47:43', 0, 0),
(395, 'description', 2, '', 0, 0),
(395, 'extime', 1, '', 0, 0),
(395, 'prior', 3, 'Средний', 3, 0),
(395, 'reason_for_idle', 2, '', 0, 0),
(395, 'state', 3, 'Не выполнена', 1, 0),
(395, 'who_responsible', 5, '-', 0, 0),
(395, 'who_set', 7, '16', 0, 0),
(396, 'deadline', 4, '22.02.2012 14:48:09', 0, 0),
(396, 'description', 2, '', 0, 0),
(396, 'extime', 1, '', 0, 0),
(396, 'prior', 3, 'Средний', 3, 0),
(396, 'reason_for_idle', 2, '', 0, 0),
(396, 'state', 3, 'Не выполнена', 1, 0),
(396, 'who_responsible', 5, '-', 0, 0),
(396, 'who_set', 7, '16', 0, 0),
(397, 'deadline', 4, '25.03.2012 10:00', 0, 0),
(397, 'description', 2, 'добавление ссылок и логотип в полезные ссылки!!!\r\nредактирование таблици в личный прием граждан!!! \r\n', 0, 0),
(397, 'extime', 1, '', 0, 0),
(397, 'prior', 3, 'Средний', 3, 0),
(397, 'reason_for_idle', 2, '', 0, 0),
(397, 'state', 3, 'Не выполнена', 1, 0),
(397, 'who_responsible', 5, '-', 0, 0),
(397, 'who_set', 7, '16', 0, 0),
(398, 'deadline', 4, '28.02.2012 07:21:34', 0, 0),
(398, 'description', 2, 'Большаков Игорь Валерьевич - 8 905 909 4910 - Начальник отдела ИТ. Миграционная служба.', 0, 0),
(398, 'extime', 1, '', 0, 0),
(398, 'prior', 3, 'Средний', 3, 0),
(398, 'reason_for_idle', 2, '', 0, 0),
(398, 'state', 3, 'Не выполнена', 1, 0),
(398, 'who_responsible', 5, '-', 0, 0),
(398, 'who_set', 7, '7', 0, 0),
(399, 'deadline', 4, '22.03.2012 11:30', 0, 0),
(399, 'description', 2, 'Внедрить и выполнить требования ЕИРЦ', 0, 0),
(399, 'extime', 1, '', 0, 0),
(399, 'prior', 3, 'Средний', 3, 0),
(399, 'reason_for_idle', 2, '', 0, 0),
(399, 'state', 3, 'Не выполнена', 1, 0),
(399, 'who_responsible', 5, '-', 0, 0),
(399, 'who_set', 7, '16', 0, 0),
(400, 'deadline', 4, '17.03.2012 14:35', 0, 0),
(400, 'description', 2, '', 0, 0),
(400, 'extime', 1, '', 0, 0),
(400, 'prior', 3, 'Средний', 3, 0),
(400, 'reason_for_idle', 2, '', 0, 0),
(400, 'state', 3, 'Не выполнена', 1, 0),
(400, 'who_responsible', 5, '-', 0, 0),
(400, 'who_set', 7, '16', 0, 0),
(401, 'deadline', 4, '09.03.2012 16:39', 0, 0),
(401, 'description', 2, '', 0, 0),
(401, 'extime', 1, '', 0, 0),
(401, 'prior', 3, 'Средний', 3, 0),
(401, 'reason_for_idle', 2, '', 0, 0),
(401, 'state', 3, 'Не выполнена', 1, 0),
(401, 'who_responsible', 5, '-', 0, 0),
(401, 'who_set', 7, '16', 0, 0),
(402, 'deadline', 4, '13.03.2012 15:35:00', 0, 0),
(402, 'description', 2, '', 0, 0),
(402, 'extime', 1, '', 0, 0),
(402, 'prior', 3, 'Средний', 3, 0),
(402, 'reason_for_idle', 2, '', 0, 0),
(402, 'state', 3, 'Не выполнена', 1, 0),
(402, 'who_responsible', 5, '-', 0, 0),
(402, 'who_set', 7, '16', 0, 0),
(403, 'deadline', 4, '17.03.2012 14:35', 0, 0),
(403, 'description', 2, '', 0, 0),
(403, 'extime', 1, '', 0, 0),
(403, 'prior', 3, 'Средний', 3, 0),
(403, 'reason_for_idle', 2, '', 0, 0),
(403, 'state', 3, 'Не выполнена', 1, 0),
(403, 'who_responsible', 5, '-', 0, 0),
(403, 'who_set', 7, '16', 0, 0),
(404, 'deadline', 4, '17.03.2012 13:34', 0, 0),
(404, 'description', 2, '', 0, 0),
(404, 'extime', 1, '', 0, 0),
(404, 'prior', 3, 'Средний', 3, 0),
(404, 'reason_for_idle', 2, '', 0, 0),
(404, 'state', 3, 'Не выполнена', 1, 0),
(404, 'who_responsible', 5, '-', 0, 0),
(404, 'who_set', 7, '16', 0, 0),
(405, 'deadline', 4, '01.03.2012 12:20:32', 0, 0),
(405, 'description', 2, '', 0, 0),
(405, 'extime', 1, '', 0, 0),
(405, 'prior', 3, 'Средний', 3, 0),
(405, 'reason_for_idle', 2, '', 0, 0),
(405, 'state', 3, 'Не выполнена', 1, 0),
(405, 'who_responsible', 5, '-', 0, 0),
(405, 'who_set', 7, '16', 0, 0),
(406, 'deadline', 4, '01.03.2012 12:23:16', 0, 0),
(406, 'description', 2, '', 0, 0),
(406, 'extime', 1, '', 0, 0),
(406, 'prior', 3, 'Средний', 3, 0),
(406, 'reason_for_idle', 2, '', 0, 0),
(406, 'state', 3, 'Выполнена', 3, 0),
(406, 'who_responsible', 5, '-', 0, 0),
(406, 'who_set', 7, '16', 0, 0),
(407, 'deadline', 4, '01.03.2012 13:09', 0, 0),
(407, 'description', 2, '', 0, 0),
(407, 'extime', 1, '', 0, 0),
(407, 'prior', 3, 'Средний', 3, 0),
(407, 'reason_for_idle', 2, '', 0, 0),
(407, 'state', 3, 'Не выполнена', 1, 0),
(407, 'who_responsible', 5, '-', 0, 0),
(407, 'who_set', 7, '16', 0, 0),
(408, 'deadline', 4, '01.03.2012 12:40', 0, 0),
(408, 'description', 2, '', 0, 0),
(408, 'extime', 1, '', 0, 0),
(408, 'prior', 3, 'Средний', 3, 0),
(408, 'reason_for_idle', 2, '', 0, 0),
(408, 'state', 3, 'Не выполнена', 1, 0),
(408, 'who_responsible', 5, '-', 0, 0),
(408, 'who_set', 7, '16', 0, 0),
(409, 'deadline', 4, '01.03.2012 12:36:55', 0, 0),
(409, 'description', 2, 'Возможно можно добавить еще и измененные задачи!', 0, 0),
(409, 'extime', 1, '', 0, 0),
(409, 'prior', 3, 'Средний', 3, 0),
(409, 'reason_for_idle', 2, '', 0, 0),
(409, 'state', 3, 'Не выполнена', 1, 0),
(409, 'who_responsible', 5, '-', 0, 0),
(409, 'who_set', 7, '16', 0, 0),
(410, 'deadline', 4, '01.03.2012 12:37:59', 0, 0),
(410, 'description', 2, '', 0, 0),
(410, 'extime', 1, '', 0, 0),
(410, 'prior', 3, 'Средний', 3, 0),
(410, 'reason_for_idle', 2, '', 0, 0),
(410, 'state', 3, 'Не выполнена', 1, 0),
(410, 'who_responsible', 5, '-', 0, 0),
(410, 'who_set', 7, '16', 0, 0),
(411, 'deadline', 4, '01.03.2012 12:38:34', 0, 0),
(411, 'description', 2, '', 0, 0),
(411, 'extime', 1, '', 0, 0),
(411, 'prior', 3, 'Средний', 3, 0),
(411, 'reason_for_idle', 2, '', 0, 0),
(411, 'state', 3, 'Не выполнена', 1, 0),
(411, 'who_responsible', 5, '-', 0, 0),
(411, 'who_set', 7, '16', 0, 0),
(412, 'deadline', 4, '01.03.2012 12:39:07', 0, 0),
(412, 'description', 2, '', 0, 0),
(412, 'extime', 1, '', 0, 0),
(412, 'prior', 3, 'Средний', 3, 0),
(412, 'reason_for_idle', 2, '', 0, 0),
(412, 'state', 3, 'Не выполнена', 1, 0),
(412, 'who_responsible', 5, '-', 0, 0),
(412, 'who_set', 7, '16', 0, 0),
(413, 'deadline', 4, '01.03.2012 12:39:35', 0, 0),
(413, 'description', 2, '', 0, 0),
(413, 'extime', 1, '', 0, 0),
(413, 'prior', 3, 'Средний', 3, 0),
(413, 'reason_for_idle', 2, '', 0, 0),
(413, 'state', 3, 'Не выполнена', 1, 0),
(413, 'who_responsible', 5, '-', 0, 0),
(413, 'who_set', 7, '16', 0, 0),
(414, 'deadline', 4, '01.03.2012 12:40:00', 0, 0),
(414, 'description', 2, '', 0, 0),
(414, 'extime', 1, '', 0, 0),
(414, 'prior', 3, 'Средний', 3, 0),
(414, 'reason_for_idle', 2, '', 0, 0),
(414, 'state', 3, 'Не выполнена', 1, 0),
(414, 'who_responsible', 5, '-', 0, 0),
(414, 'who_set', 7, '16', 0, 0),
(415, 'deadline', 4, '01.03.2012 12:40:23', 0, 0),
(415, 'description', 2, '', 0, 0),
(415, 'extime', 1, '', 0, 0),
(415, 'prior', 3, 'Средний', 3, 0),
(415, 'reason_for_idle', 2, '', 0, 0),
(415, 'state', 3, 'Не выполнена', 1, 0),
(415, 'who_responsible', 5, '-', 0, 0),
(415, 'who_set', 7, '16', 0, 0),
(416, 'deadline', 4, '05.03.2012 16:39', 0, 0),
(416, 'description', 2, 'уже должна быть встреча 100%', 0, 0),
(416, 'extime', 1, '', 0, 0),
(416, 'prior', 3, 'Средний', 3, 0),
(416, 'reason_for_idle', 2, '', 0, 0),
(416, 'state', 3, 'Не выполнена', 1, 0),
(416, 'who_responsible', 5, '-', 0, 0),
(416, 'who_set', 7, '16', 0, 0),
(417, 'deadline', 4, '19.03.2012 11:28', 0, 0),
(417, 'description', 2, '', 0, 0),
(417, 'extime', 1, '', 0, 0),
(417, 'prior', 3, 'Средний', 3, 0),
(417, 'reason_for_idle', 2, '', 0, 0),
(417, 'state', 3, 'Не выполнена', 1, 0),
(417, 'who_responsible', 5, '-', 0, 0),
(417, 'who_set', 7, '16', 0, 0),
(418, 'deadline', 4, '19.03.2012 13:25', 0, 0),
(418, 'description', 2, 'Понять что мне нужно для встречи!\nРазобраться в теме!\nРепетиция к встречи!', 0, 0),
(418, 'extime', 1, '', 0, 0),
(418, 'prior', 3, 'Средний', 3, 0),
(418, 'reason_for_idle', 2, '', 0, 0),
(418, 'state', 3, 'Не выполнена', 1, 0),
(418, 'who_responsible', 5, '-', 0, 0),
(418, 'who_set', 7, '16', 0, 0),
(419, 'deadline', 4, '22.03.2012 11:30', 0, 0),
(419, 'description', 2, '', 0, 0),
(419, 'extime', 1, '', 0, 0),
(419, 'prior', 3, 'Средний', 3, 0),
(419, 'reason_for_idle', 2, '', 0, 0),
(419, 'state', 3, 'Не выполнена', 1, 0),
(419, 'who_responsible', 5, '-', 0, 0),
(419, 'who_set', 7, '16', 0, 0),
(420, 'deadline', 4, '01.03.2012 13:04:53', 0, 0),
(420, 'description', 2, '', 0, 0),
(420, 'extime', 1, '', 0, 0),
(420, 'prior', 3, 'Средний', 3, 0),
(420, 'reason_for_idle', 2, '', 0, 0),
(420, 'state', 3, 'Не выполнена', 1, 0),
(420, 'who_responsible', 5, '-', 0, 0),
(420, 'who_set', 7, '16', 0, 0),
(421, 'deadline', 4, '01.03.2012 13:06:33', 0, 0),
(421, 'description', 2, '', 0, 0),
(421, 'extime', 1, '', 0, 0),
(421, 'prior', 3, 'Средний', 3, 0),
(421, 'reason_for_idle', 2, '', 0, 0),
(421, 'state', 3, 'Не выполнена', 1, 0),
(421, 'who_responsible', 5, '-', 0, 0),
(421, 'who_set', 7, '16', 0, 0),
(422, 'deadline', 4, '01.03.2012 13:06:56', 0, 0),
(422, 'description', 2, '', 0, 0),
(422, 'extime', 1, '', 0, 0),
(422, 'prior', 3, 'Средний', 3, 0),
(422, 'reason_for_idle', 2, '', 0, 0),
(422, 'state', 3, 'Не выполнена', 1, 0),
(422, 'who_responsible', 5, '-', 0, 0),
(422, 'who_set', 7, '16', 0, 0),
(423, 'deadline', 4, '01.03.2012 13:07:21', 0, 0),
(423, 'description', 2, 'Понять что нужно для встречи\r\nразобраться во всем\r\nрепетиция к встречи 3 раза', 0, 0),
(423, 'extime', 1, '', 0, 0),
(423, 'prior', 3, 'Средний', 3, 0),
(423, 'reason_for_idle', 2, '', 0, 0),
(423, 'state', 3, 'Не выполнена', 1, 0),
(423, 'who_responsible', 5, '-', 0, 0),
(423, 'who_set', 7, '16', 0, 0),
(424, 'deadline', 4, '01.03.2012 13:09:23', 0, 0),
(424, 'description', 2, '', 0, 0),
(424, 'extime', 1, '', 0, 0),
(424, 'prior', 3, 'Средний', 3, 0),
(424, 'reason_for_idle', 2, '', 0, 0),
(424, 'state', 3, 'Не выполнена', 1, 0),
(424, 'who_responsible', 5, '-', 0, 0),
(424, 'who_set', 7, '16', 0, 0);

-- --------------------------------------------------------

--
-- Структура таблицы `tm_task_attribute_type`
--

DROP TABLE IF EXISTS `tm_task_attribute_type`;
CREATE TABLE IF NOT EXISTS `tm_task_attribute_type` (
  `id` int(10) unsigned NOT NULL AUTO_INCREMENT,
  `title` varchar(50) NOT NULL,
  `handler` varchar(100) NOT NULL,
  `description` varchar(255) NOT NULL,
  PRIMARY KEY (`id`),
  UNIQUE KEY `title_UNIQUE` (`title`)
) ENGINE=InnoDB  DEFAULT CHARSET=utf8 AUTO_INCREMENT=8 ;

--
-- Дамп данных таблицы `tm_task_attribute_type`
--

INSERT INTO `tm_task_attribute_type` (`id`, `title`, `handler`, `description`) VALUES
(1, 'Строка', 'TM_Attribute_AttributeType', 'Любое строковое значение'),
(2, 'Текст', 'TM_Attribute_AttributeTypeText', 'Многострочный  текст'),
(3, 'Список', 'TM_Attribute_AttributeTypeList', 'Список из возможных вариантов'),
(4, 'Дата', 'TM_Attribute_AttributeTypeDate', ''),
(5, 'Список пользователей', 'TM_Attribute_AttributeTypeUserList', 'Список пользователей'),
(6, 'Условие с активным пользователем', 'TM_Attribute_AttributeTypeActiveUser', 'Условие с активным пользователем'),
(7, 'Список пользователей с активным пользователем', 'TM_Attribute_AttributeTypeActiveUserList', 'Список пользователей с активным пользователем');

-- --------------------------------------------------------

--
-- Структура таблицы `tm_task_discussion`
--

DROP TABLE IF EXISTS `tm_task_discussion`;
CREATE TABLE IF NOT EXISTS `tm_task_discussion` (
  `task_id` int(10) unsigned NOT NULL,
  `discussion_id` int(10) unsigned NOT NULL,
  PRIMARY KEY (`task_id`,`discussion_id`),
  KEY `fk_tm_task_discussion_tm_discussion1` (`discussion_id`)
) ENGINE=InnoDB DEFAULT CHARSET=utf8;

--
-- Дамп данных таблицы `tm_task_discussion`
--

INSERT INTO `tm_task_discussion` (`task_id`, `discussion_id`) VALUES
(165, 188),
(186, 197),
(187, 198),
(188, 199),
(189, 200),
(190, 201),
(192, 203),
(193, 204),
(194, 205),
(195, 206),
(196, 207),
(198, 209),
(199, 210),
(200, 211),
(201, 212),
(202, 213),
(203, 214),
(204, 215),
(205, 216),
(207, 218),
(208, 219),
(210, 221),
(211, 222),
(212, 223),
(213, 224),
(214, 225),
(215, 226),
(216, 227),
(217, 228),
(218, 229),
(220, 231),
(221, 232),
(222, 233),
(223, 234),
(224, 235),
(225, 236),
(226, 237),
(227, 238),
(227, 239),
(228, 240),
(229, 241),
(230, 242),
(231, 243),
(232, 244),
(233, 245),
(234, 246),
(235, 247),
(236, 248),
(237, 249),
(238, 250),
(239, 251),
(240, 252),
(241, 253),
(243, 255),
(245, 257),
(246, 258),
(247, 259),
(248, 260),
(249, 261),
(250, 262),
(251, 263),
(253, 264),
(254, 265),
(255, 266),
(256, 267),
(257, 268),
(258, 269),
(259, 270),
(260, 271),
(261, 272),
(262, 273),
(263, 274),
(264, 275),
(265, 276),
(266, 277),
(268, 279),
(269, 280),
(270, 281),
(271, 282),
(272, 283),
(273, 284),
(274, 285),
(275, 286),
(276, 287),
(277, 288),
(278, 289),
(279, 290),
(280, 291),
(281, 292),
(282, 293),
(283, 294),
(166, 295),
(284, 296),
(285, 297),
(286, 298),
(287, 299),
(288, 300),
(290, 302),
(291, 303),
(292, 304),
(293, 305),
(294, 306),
(296, 309),
(297, 310),
(298, 311),
(299, 312),
(300, 313),
(301, 314),
(302, 315),
(303, 316),
(304, 317),
(305, 318),
(306, 319),
(309, 322),
(310, 323),
(311, 324),
(312, 325),
(313, 326),
(314, 327),
(315, 328),
(316, 329),
(317, 330),
(318, 331),
(319, 332),
(320, 333),
(322, 335),
(323, 336),
(324, 337),
(325, 338),
(326, 339),
(327, 340),
(328, 341),
(329, 342),
(330, 343),
(331, 344),
(332, 345),
(333, 346),
(334, 347),
(335, 348),
(337, 350),
(338, 351),
(339, 352),
(340, 353),
(341, 354),
(342, 355),
(343, 356),
(344, 357),
(345, 358),
(346, 359),
(347, 360),
(352, 366),
(353, 367),
(354, 368),
(355, 369),
(333, 370),
(356, 371),
(357, 372),
(358, 373),
(359, 375),
(360, 376),
(361, 377),
(362, 378),
(363, 379),
(364, 380),
(365, 381),
(366, 382),
(367, 383),
(368, 384),
(369, 385),
(370, 386),
(371, 387),
(372, 388),
(373, 389),
(374, 390),
(375, 391),
(376, 392),
(377, 393),
(378, 394),
(379, 395),
(380, 396),
(381, 397),
(382, 398),
(383, 399),
(384, 400),
(385, 401),
(386, 402),
(387, 403),
(388, 404),
(389, 405),
(390, 406),
(391, 407),
(392, 408),
(393, 409),
(394, 410),
(395, 411),
(396, 412),
(397, 415),
(398, 416),
(399, 417),
(400, 418),
(401, 419),
(402, 420),
(403, 421),
(404, 422),
(405, 423),
(406, 424),
(407, 425),
(408, 426),
(409, 427),
(410, 428),
(411, 429),
(412, 430),
(413, 431),
(414, 432),
(415, 433),
(416, 434),
(417, 435),
(418, 436),
(419, 437),
(420, 438),
(421, 439),
(422, 440),
(423, 441),
(424, 442);

-- --------------------------------------------------------

--
-- Структура таблицы `tm_task_document`
--

DROP TABLE IF EXISTS `tm_task_document`;
CREATE TABLE IF NOT EXISTS `tm_task_document` (
  `task_id` int(10) unsigned NOT NULL,
  `document_id` int(10) unsigned NOT NULL,
  PRIMARY KEY (`task_id`,`document_id`),
  KEY `fk_tm_task_document_tm_task1` (`task_id`),
  KEY `fk_tm_task_document_tm_document1` (`document_id`)
) ENGINE=InnoDB DEFAULT CHARSET=utf8;

--
-- Дамп данных таблицы `tm_task_document`
--

INSERT INTO `tm_task_document` (`task_id`, `document_id`) VALUES
(165, 199),
(166, 200),
(186, 223),
(187, 224),
(188, 225),
(189, 226),
(190, 227),
(192, 229),
(193, 230),
(194, 231),
(195, 232),
(196, 233),
(198, 235),
(199, 236),
(200, 237),
(200, 411),
(201, 238),
(202, 239),
(203, 240),
(204, 241),
(205, 242),
(207, 244),
(208, 245),
(210, 247),
(211, 248),
(212, 249),
(213, 250),
(214, 251),
(215, 252),
(216, 253),
(217, 254),
(218, 255),
(220, 257),
(221, 258),
(222, 259),
(223, 260),
(224, 261),
(225, 262),
(226, 263),
(227, 264),
(228, 265),
(229, 266),
(230, 267),
(231, 268),
(232, 269),
(233, 270),
(234, 271),
(235, 272),
(236, 273),
(237, 274),
(238, 275),
(239, 276),
(240, 277),
(241, 278),
(243, 280),
(245, 282),
(246, 283),
(247, 284),
(248, 285),
(249, 286),
(250, 287),
(251, 288),
(253, 290),
(254, 291),
(255, 292),
(256, 293),
(257, 294),
(258, 295),
(259, 296),
(260, 297),
(261, 298),
(262, 299),
(263, 300),
(264, 301),
(265, 302),
(266, 303),
(268, 305),
(268, 306),
(269, 307),
(270, 308),
(271, 309),
(272, 310),
(273, 311),
(274, 312),
(275, 313),
(276, 314),
(277, 315),
(278, 316),
(279, 317),
(280, 318),
(281, 319),
(281, 320),
(281, 321),
(281, 322),
(281, 323),
(282, 324),
(282, 325),
(282, 326),
(283, 327),
(284, 328),
(285, 329),
(286, 330),
(287, 331),
(288, 332),
(290, 334),
(290, 335),
(291, 336),
(292, 337),
(293, 338),
(294, 339),
(296, 341),
(297, 342),
(298, 343),
(299, 344),
(299, 347),
(299, 348),
(300, 345),
(300, 346),
(301, 349),
(301, 350),
(302, 352),
(303, 353),
(304, 354),
(305, 355),
(306, 356),
(309, 359),
(309, 360),
(309, 361),
(310, 362),
(311, 363),
(311, 364),
(312, 365),
(313, 366),
(313, 367),
(314, 368),
(315, 369),
(316, 370),
(317, 371),
(318, 372),
(319, 373),
(320, 374),
(322, 376),
(323, 377),
(324, 378),
(325, 379),
(326, 380),
(327, 381),
(328, 382),
(329, 383),
(330, 384),
(331, 385),
(332, 386),
(333, 387),
(334, 388),
(335, 389),
(337, 391),
(338, 392),
(339, 393),
(340, 394),
(341, 395),
(342, 396),
(343, 397),
(344, 398),
(345, 399),
(346, 400),
(347, 401),
(352, 407),
(353, 408),
(354, 409),
(355, 410),
(356, 412),
(357, 413),
(358, 414),
(359, 415),
(360, 416),
(361, 417),
(362, 418),
(363, 419),
(364, 420),
(365, 421),
(366, 422),
(366, 423),
(366, 424),
(367, 425),
(368, 426),
(369, 427),
(370, 428),
(371, 429),
(372, 430),
(373, 431),
(374, 432),
(375, 433),
(376, 434),
(377, 435),
(378, 436),
(379, 437),
(380, 438),
(381, 439),
(382, 440),
(383, 441),
(384, 442),
(385, 443),
(386, 444),
(387, 445),
(388, 446),
(389, 447),
(390, 448),
(391, 449),
(392, 450),
(393, 451),
(394, 452),
(395, 453),
(396, 454),
(397, 455),
(398, 456),
(399, 457),
(400, 458),
(401, 459),
(402, 460),
(403, 461),
(404, 462),
(405, 463),
(406, 464),
(407, 465),
(408, 466),
(409, 467),
(410, 468),
(411, 469),
(412, 470),
(413, 471),
(414, 472),
(415, 473),
(416, 474),
(417, 475),
(418, 476),
(419, 477),
(420, 478),
(421, 479),
(422, 480),
(423, 481),
(424, 482);

-- --------------------------------------------------------

--
-- Структура таблицы `tm_task_hash`
--

DROP TABLE IF EXISTS `tm_task_hash`;
CREATE TABLE IF NOT EXISTS `tm_task_hash` (
  `task_id` int(10) unsigned DEFAULT NULL,
  `attribute_key` varchar(255) NOT NULL,
  `title` varchar(255) NOT NULL,
  `type_id` int(10) unsigned NOT NULL,
  `list_value` text,
  `list_order` varchar(255) NOT NULL DEFAULT '',
  `required` tinyint(1) NOT NULL DEFAULT '0',
  `sort_order` int(11) NOT NULL DEFAULT '1000',
  PRIMARY KEY (`attribute_key`),
  KEY `fk_tm_task_hash_tm_task_attribute_type1` (`type_id`),
  KEY `fk_tm_task_hash_tm_task1` (`task_id`)
) ENGINE=InnoDB DEFAULT CHARSET=utf8;

--
-- Дамп данных таблицы `tm_task_hash`
--

INSERT INTO `tm_task_hash` (`task_id`, `attribute_key`, `title`, `type_id`, `list_value`, `list_order`, `required`, `sort_order`) VALUES
(NULL, 'deadline', 'Срок выполнения задачи', 4, '  ', '', 1, 1),
(NULL, 'description', 'Суть задачи', 2, ' ', '', 0, 1),
(NULL, 'extime', 'Время на выполнение', 1, ' ', '', 1, 2),
(NULL, 'prior', 'Приоритет', 3, 'Очень высокий||Высоки||*Средний||Низкий||Очень низкий ', '1||2||3||4||5', 0, 6),
(NULL, 'reason_for_idle', 'Причина простоя', 2, '   ', '', 0, 5),
(NULL, 'state', 'Статус выполения задачи', 3, 'Выполнена||*Не выполнена||Возникли вопросы ', '3||1||2', 1, 2),
(NULL, 'who_adopted', 'Кто принял?', 6, ' ', '', 0, 4),
(NULL, 'who_responsible', 'Кто ответственный?', 5, '  ', '', 0, 4),
(NULL, 'who_set', 'Кем поставлена?', 7, '    ', '', 0, 4);

-- --------------------------------------------------------

--
-- Структура таблицы `tm_task_relation`
--

DROP TABLE IF EXISTS `tm_task_relation`;
CREATE TABLE IF NOT EXISTS `tm_task_relation` (
  `parent_id` int(10) unsigned NOT NULL,
  `child_id` int(10) unsigned NOT NULL,
  PRIMARY KEY (`parent_id`,`child_id`),
  KEY `fk_tm_task_relation_tm_task2` (`child_id`)
) ENGINE=InnoDB DEFAULT CHARSET=utf8;

--
-- Дамп данных таблицы `tm_task_relation`
--

INSERT INTO `tm_task_relation` (`parent_id`, `child_id`) VALUES
(363, 165),
(165, 166),
(363, 187),
(363, 188),
(377, 189),
(189, 190),
(165, 192),
(186, 193),
(186, 195),
(187, 196),
(189, 198),
(186, 199),
(165, 200),
(188, 201),
(202, 203),
(202, 204),
(202, 205),
(202, 207),
(165, 208),
(202, 210),
(202, 211),
(165, 212),
(364, 213),
(213, 214),
(213, 215),
(363, 216),
(202, 217),
(194, 218),
(377, 220),
(363, 221),
(363, 222),
(363, 223),
(186, 224),
(194, 225),
(186, 226),
(225, 227),
(221, 228),
(221, 229),
(221, 230),
(221, 231),
(186, 232),
(232, 233),
(186, 234),
(234, 235),
(213, 236),
(236, 237),
(186, 238),
(238, 239),
(202, 240),
(240, 241),
(220, 243),
(213, 245),
(245, 246),
(213, 247),
(247, 248),
(198, 249),
(198, 250),
(232, 251),
(216, 253),
(216, 254),
(216, 255),
(216, 256),
(216, 257),
(216, 258),
(186, 259),
(259, 260),
(363, 261),
(186, 262),
(186, 263),
(263, 264),
(263, 265),
(263, 266),
(187, 268),
(263, 269),
(187, 270),
(186, 271),
(271, 272),
(263, 273),
(194, 274),
(194, 275),
(275, 276),
(194, 277),
(277, 278),
(277, 279),
(186, 280),
(280, 281),
(274, 282),
(198, 283),
(194, 284),
(216, 285),
(216, 286),
(216, 287),
(222, 288),
(365, 290),
(291, 292),
(292, 293),
(291, 294),
(291, 296),
(165, 297),
(165, 298),
(216, 299),
(216, 300),
(216, 301),
(216, 302),
(213, 303),
(216, 304),
(216, 305),
(216, 306),
(216, 309),
(216, 310),
(216, 311),
(213, 312),
(216, 313),
(189, 314),
(189, 315),
(189, 316),
(314, 317),
(314, 318),
(314, 319),
(165, 320),
(314, 322),
(315, 323),
(314, 324),
(189, 325),
(315, 326),
(314, 327),
(316, 328),
(316, 329),
(190, 330),
(190, 331),
(190, 332),
(165, 333),
(213, 334),
(237, 335),
(237, 337),
(237, 338),
(237, 339),
(237, 340),
(237, 341),
(237, 342),
(202, 343),
(186, 344),
(165, 345),
(223, 346),
(264, 347),
(165, 352),
(165, 353),
(165, 354),
(165, 355),
(165, 356),
(226, 357),
(357, 358),
(165, 359),
(359, 360),
(359, 361),
(365, 362),
(194, 366),
(194, 367),
(367, 368),
(367, 369),
(367, 370),
(367, 371),
(194, 372),
(194, 373),
(194, 374),
(194, 375),
(194, 376),
(363, 377),
(188, 378),
(222, 379),
(222, 380),
(363, 381),
(194, 382),
(363, 383),
(186, 384),
(186, 385),
(186, 386),
(365, 387),
(365, 388),
(365, 389),
(390, 391),
(390, 392),
(390, 393),
(390, 394),
(390, 395),
(390, 396),
(359, 397),
(194, 398),
(186, 399),
(399, 400),
(400, 401),
(400, 402),
(400, 403),
(400, 404),
(400, 405),
(399, 406),
(186, 407),
(407, 408),
(408, 409),
(408, 410),
(408, 411),
(408, 412),
(408, 413),
(408, 414),
(408, 415),
(399, 416),
(399, 417),
(399, 418),
(399, 419),
(407, 420),
(407, 421),
(407, 422),
(407, 423),
(407, 424);

-- --------------------------------------------------------

--
-- Структура таблицы `tm_user`
--

DROP TABLE IF EXISTS `tm_user`;
CREATE TABLE IF NOT EXISTS `tm_user` (
  `id` int(10) unsigned NOT NULL AUTO_INCREMENT,
  `login` varchar(32) NOT NULL,
  `password` varchar(32) NOT NULL,
  `role_id` int(10) unsigned NOT NULL,
  `date_create` datetime NOT NULL,
  `is_client` tinyint(1) NOT NULL DEFAULT '0',
  PRIMARY KEY (`id`),
  UNIQUE KEY `login_UNIQUE` (`login`),
  KEY `fk_tm_user_tm_user_role1` (`role_id`)
) ENGINE=InnoDB  DEFAULT CHARSET=utf8 AUTO_INCREMENT=17 ;

--
-- Дамп данных таблицы `tm_user`
--

INSERT INTO `tm_user` (`id`, `login`, `password`, `role_id`, `date_create`, `is_client`) VALUES
(1, 'admin', '123', 1, '2011-11-16 16:26:11', 0),
(7, 'd.kudryavcev', '321', 1, '2011-12-04 11:19:00', 0),
(9, 's.sheglov', '321', 10, '2011-12-04 11:20:00', 0),
(11, 'i.kharlampenkov', '987654', 1, '2012-01-18 10:10:00', 0),
(12, 'n.stepanov', '1qa2ws3ed', 1, '2012-01-19 14:19:00', 0),
(13, 'k.panchenko', '123qweasd', 1, '2012-01-20 08:33:00', 0),
(14, 'e.potapov', '123qweasd', 3, '2012-01-20 08:35:00', 0),
(15, 'a.buydin', '123rtyjkl', 11, '2012-02-03 08:46:00', 0),
(16, 'a.miller', '123asdzxc', 1, '2012-02-07 11:50:00', 0);

-- --------------------------------------------------------

--
-- Структура таблицы `tm_user_attribute`
--

DROP TABLE IF EXISTS `tm_user_attribute`;
CREATE TABLE IF NOT EXISTS `tm_user_attribute` (
  `user_id` int(10) unsigned NOT NULL,
  `attribute_key` varchar(255) NOT NULL,
  `type_id` int(10) unsigned NOT NULL,
  `attribute_value` text NOT NULL,
  `attribute_order` int(10) unsigned NOT NULL DEFAULT '0',
  `is_fill` tinyint(1) NOT NULL DEFAULT '0',
  PRIMARY KEY (`user_id`,`attribute_key`),
  KEY `fk_tm_task_attribute_tm_task1` (`user_id`),
  KEY `fk_tm_document_attribute_tm_document_attribute_type1` (`type_id`)
) ENGINE=InnoDB DEFAULT CHARSET=utf8;

--
-- Дамп данных таблицы `tm_user_attribute`
--

INSERT INTO `tm_user_attribute` (`user_id`, `attribute_key`, `type_id`, `attribute_value`, `attribute_order`, `is_fill`) VALUES
(1, 'name', 1, 'Администратор', 0, 1),
(1, 'organization', 1, '', 0, 1),
(1, 'position', 1, '', 0, 1),
(7, 'email', 1, 'kudrdima@gmail.com', 0, 1),
(7, 'name', 1, 'Кудрявцев Дмитрий Александрович', 0, 1),
(7, 'organization', 1, 'ООО &quot;Инвойс Групп&quot;', 0, 1),
(7, 'position', 1, 'Технический директор', 0, 1),
(9, 'email', 1, 'sergey_shtch@mail.ru', 0, 1),
(9, 'name', 1, 'Щеглов Сергей Валериевич', 0, 1),
(9, 'organization', 1, 'РЭК, ГП &quot;АЭЭ&quot;', 0, 1),
(9, 'position', 1, 'Системный администратор', 0, 1),
(11, 'email', 1, 'ivan87kharlampenkov@gmail.com', 0, 1),
(11, 'name', 1, 'Харлампенков Иван Евгеньевич', 0, 1),
(11, 'organization', 1, 'ООО &quot;Инвойс Групп&quot;', 0, 1),
(11, 'position', 1, 'Начальник отдела разработок', 0, 1),
(12, 'email', 1, 'nikencmoscow@yandex.ru', 0, 1),
(12, 'name', 1, 'Степанов Никита Александрович', 0, 1),
(12, 'organization', 1, 'ООО &quot;Инвойс Групп&quot;', 0, 1),
(12, 'position', 1, 'Руководитель проекта', 0, 1),
(13, 'email', 1, '', 0, 1),
(13, 'name', 1, 'Панченко Кирилл Валерьевич', 0, 1),
(13, 'organization', 1, 'ООО &quot;Инвойс Групп&quot;', 0, 1),
(13, 'position', 1, 'Директор', 0, 1),
(14, 'name', 1, 'Потапов Евгений Юрьевич', 0, 1),
(14, 'organization', 1, 'ООО &quot;Инвойс Групп&quot;', 0, 1),
(14, 'position', 1, 'Финансовый директор', 0, 1),
(15, 'email', 1, '', 0, 1),
(15, 'name', 1, 'Александр Буйдин', 0, 1),
(15, 'organization', 1, '', 0, 1),
(15, 'position', 1, '', 0, 1),
(16, 'email', 1, 'alexandrmiller88@gmail.com', 0, 1),
(16, 'name', 1, 'Александр Александрович Миллер', 0, 1),
(16, 'organization', 1, 'ООО &quot;Инвойс Групп&quot;', 0, 1),
(16, 'position', 1, 'Руководитель проекта Taskdrive.ru', 0, 1);

-- --------------------------------------------------------

--
-- Структура таблицы `tm_user_attribute_type`
--

DROP TABLE IF EXISTS `tm_user_attribute_type`;
CREATE TABLE IF NOT EXISTS `tm_user_attribute_type` (
  `id` int(10) unsigned NOT NULL AUTO_INCREMENT,
  `title` varchar(50) NOT NULL,
  `handler` varchar(100) NOT NULL,
  `description` varchar(255) NOT NULL,
  PRIMARY KEY (`id`),
  UNIQUE KEY `title_UNIQUE` (`title`)
) ENGINE=InnoDB  DEFAULT CHARSET=utf8 AUTO_INCREMENT=4 ;

--
-- Дамп данных таблицы `tm_user_attribute_type`
--

INSERT INTO `tm_user_attribute_type` (`id`, `title`, `handler`, `description`) VALUES
(1, 'Строка', 'TM_Attribute_AttributeType', 'Любое строковое значение'),
(2, 'Текст', 'TM_Attribute_AttributeTypeText', 'Многострочный  текст'),
(3, 'Список', 'TM_Attribute_AttributeTypeList', 'Список из возможных вариантов');

-- --------------------------------------------------------

--
-- Структура таблицы `tm_user_hash`
--

DROP TABLE IF EXISTS `tm_user_hash`;
CREATE TABLE IF NOT EXISTS `tm_user_hash` (
  `user_id` int(10) unsigned DEFAULT NULL,
  `attribute_key` varchar(255) NOT NULL,
  `title` varchar(255) NOT NULL,
  `type_id` int(10) unsigned NOT NULL,
  `list_value` text,
  PRIMARY KEY (`attribute_key`),
  KEY `fk_tm_document_hash_tm_task_attribute_type1` (`type_id`),
  KEY `fk_tm_document_hash_tm_task1` (`user_id`)
) ENGINE=InnoDB DEFAULT CHARSET=utf8;

--
-- Дамп данных таблицы `tm_user_hash`
--

INSERT INTO `tm_user_hash` (`user_id`, `attribute_key`, `title`, `type_id`, `list_value`) VALUES
(NULL, 'email', 'E-mail', 1, ' '),
(NULL, 'name', 'ФИО', 1, ' '),
(NULL, 'organization', 'Организация', 1, ' '),
(NULL, 'position', 'Должность', 1, ' ');

-- --------------------------------------------------------

--
-- Структура таблицы `tm_user_profile`
--

DROP TABLE IF EXISTS `tm_user_profile`;
CREATE TABLE IF NOT EXISTS `tm_user_profile` (
  `user_id` int(10) unsigned NOT NULL AUTO_INCREMENT,
  `profile_key` varchar(255) NOT NULL,
  `profile_value` text NOT NULL,
  PRIMARY KEY (`user_id`,`profile_key`),
  KEY `fk_tm_user_profile_tm_user1` (`user_id`)
) ENGINE=InnoDB DEFAULT CHARSET=utf8 AUTO_INCREMENT=1 ;

-- --------------------------------------------------------

--
-- Структура таблицы `tm_user_resource`
--

DROP TABLE IF EXISTS `tm_user_resource`;
CREATE TABLE IF NOT EXISTS `tm_user_resource` (
  `id` int(10) unsigned NOT NULL AUTO_INCREMENT,
  `title` varchar(45) DEFAULT NULL,
  `rtitle` varchar(255) NOT NULL,
  PRIMARY KEY (`id`),
  UNIQUE KEY `title` (`title`)
) ENGINE=InnoDB  DEFAULT CHARSET=utf8 AUTO_INCREMENT=100 ;

--
-- Дамп данных таблицы `tm_user_resource`
--

INSERT INTO `tm_user_resource` (`id`, `title`, `rtitle`) VALUES
(1, 'login', 'Страница для входа в систему'),
(2, 'login/index', 'Вход в систему'),
(3, 'login/logout', 'Выход из системы'),
(4, 'index/index', 'Главная страница'),
(5, 'user', 'Пользователи'),
(6, 'user/add', 'Добавить пользователя'),
(7, 'user/edit', ''),
(8, 'user/delete', ''),
(15, 'user/index', ''),
(19, 'user/addRole', ''),
(20, 'user/editRole', ''),
(21, 'user/deleteRole', ''),
(22, 'user/addResource', ''),
(23, 'user/editResource', ''),
(24, 'user/deleteResource', ''),
(25, 'user/fillResource', ''),
(26, 'task/index', 'Задачи'),
(27, 'task/add', ''),
(28, 'task/edit', ''),
(29, 'task/delete', ''),
(30, 'task/addAttributeType', ''),
(31, 'task/editAttributeType', ''),
(32, 'task/deleteAttributeType', ''),
(33, 'task/addAttributeHash', ''),
(34, 'task/editAttributeHash', ''),
(35, 'task/deleteAttributeHash', ''),
(36, 'task/deleteLinkToDoc', ''),
(37, 'document/index', 'Документы'),
(38, 'document/add', 'Документ/Добавить документ'),
(39, 'document/edit', 'Редактировать документ'),
(40, 'document/delete', 'Документ/Удалить документ'),
(41, 'document/addFolder', 'Документ/Добавить папку'),
(42, 'document/editFolder', ''),
(43, 'document/deleteFolder', 'Удалить папку'),
(44, 'document/addAttributeType', 'Документ/Добавить тип атрибута для документов'),
(45, 'document/editAttributeType', ''),
(46, 'document/deleteAttributeType', ''),
(47, 'document/addAttributeHash', 'Документ/Добавить атрибут к документу'),
(48, 'document/editAttributeHash', ''),
(49, 'document/deleteAttributeHash', ''),
(50, 'discussion/index', 'Обсуждение/Обсуждения'),
(51, 'discussion/add', 'Обсуждения/Добавить комментарий'),
(52, 'discussion/edit', 'Обсуждение/Редактировать комментарий'),
(53, 'discussion/delete', 'Обсуждение/Удалить комментарий'),
(54, 'discussion/addTopic', 'Обсуждение/Добавить тему'),
(55, 'discussion/editTopic', 'Обсуждение/Редактировать тему'),
(56, 'discussion/deleteTopic', 'Обсуждение/Удалить тему'),
(57, 'files/', ''),
(58, 'reposrts', 'Отчеты'),
(59, 'user/showRoleAcl', ''),
(60, 'reports/index', ''),
(61, 'task/showAcl', ''),
(62, 'document/showAcl', ''),
(63, 'discussion/showAcl', 'Обсуждение/Назначить права на обсуждения'),
(64, 'reports/generateReport', ''),
(65, 'reports/showDesigner', ''),
(66, 'task/showDiscussion', ''),
(67, 'user/addAttributeType', ''),
(68, 'user/editAttributeType', ''),
(69, 'user/deleteAttributeType', ''),
(70, 'user/addAttributeHash', ''),
(71, 'user/editAttributeHash', ''),
(72, 'user/deleteAttributeHash', ''),
(73, 'task/view', ''),
(74, 'document/view', ''),
(75, 'document/showDiscussion', ''),
(76, 'task/showTaskBlock', 'Проекты/Показать список задач'),
(77, 'reports/showTaskBlock', 'Аналитика/Показать блок задач'),
(78, 'reports/print', 'Аналитика/Печать'),
(79, 'task/viewHash', 'Проекты/Показать список атрибутов'),
(80, 'task/viewAttributeType', 'Проекты/Показать типы атрибутов'),
(81, 'document/viewAttributeType', 'Документы/Показать типы атрибутов'),
(82, 'user/viewAttributeType', 'Пользователи/Показать типы атрибутов'),
(83, 'document/viewHash', 'Документы/Показать список атрибутов'),
(84, 'user/viewHash', 'Пользователи/Показать список атрибутов'),
(85, 'user/viewResource', 'Пользователи/Показать ресурсы'),
(86, 'index/showTaskBlock', 'Главная/Показать блок задач'),
(87, 'task/archive', 'Проекты/Архив'),
(88, 'task/toArchive', 'Проекты/В архив'),
(89, 'task/fromArchive', 'Проекты/Из архива'),
(90, 'task/showArchiveBlock', 'Проекты/Просмотреть архив'),
(91, 'task/info', 'Проекты/Показать информацию о задаче'),
(92, 'user/showUserAcl', 'Пользователи/Показать права пользователя'),
(93, 'user/showUserAclBlock', 'Пользователи/Показать блок задач'),
(94, 'user/showPrivateTask', 'Пользователи/Показать задачи пользователя'),
(95, 'organization/index', 'Организации'),
(96, 'organization/add', 'Организации/Добавить'),
(97, 'organization/viewHash', 'Организации/Просмотреть атрибуты'),
(98, 'organization/viewAttributeType', 'Организации/Просмотреть типы атрибутов'),
(99, 'organization/addAttributeHash', 'Организации/Добавить атрибут');

-- --------------------------------------------------------

--
-- Структура таблицы `tm_user_role`
--

DROP TABLE IF EXISTS `tm_user_role`;
CREATE TABLE IF NOT EXISTS `tm_user_role` (
  `id` int(10) unsigned NOT NULL AUTO_INCREMENT,
  `title` varchar(32) NOT NULL,
  `rtitle` varchar(255) NOT NULL,
  PRIMARY KEY (`id`)
) ENGINE=InnoDB  DEFAULT CHARSET=utf8 AUTO_INCREMENT=12 ;

--
-- Дамп данных таблицы `tm_user_role`
--

INSERT INTO `tm_user_role` (`id`, `title`, `rtitle`) VALUES
(1, 'admin', 'Администратор'),
(3, 'chief', 'Руководитель'),
(4, 'manager', 'Исполнитель'),
(5, 'guest', 'Гость'),
(7, 'client', 'Клиент'),
(8, 'subcontractor', 'Субподрядчик'),
(9, 'responsible', 'Ответственный'),
(10, 'operator', 'Оператор'),
(11, 'manager_t', 'Исполнитель с задачами');

--
-- Ограничения внешнего ключа сохраненных таблиц
--

--
-- Ограничения внешнего ключа таблицы `tm_acl_discussion`
--
ALTER TABLE `tm_acl_discussion`
  ADD CONSTRAINT `tm_acl_discussion_ibfk_1` FOREIGN KEY (`user_id`) REFERENCES `tm_user` (`id`) ON DELETE CASCADE ON UPDATE CASCADE,
  ADD CONSTRAINT `tm_acl_discussion_ibfk_2` FOREIGN KEY (`discussion_id`) REFERENCES `tm_discussion` (`id`) ON DELETE CASCADE ON UPDATE CASCADE;

--
-- Ограничения внешнего ключа таблицы `tm_acl_document`
--
ALTER TABLE `tm_acl_document`
  ADD CONSTRAINT `tm_acl_document_ibfk_1` FOREIGN KEY (`user_id`) REFERENCES `tm_user` (`id`) ON DELETE CASCADE ON UPDATE CASCADE,
  ADD CONSTRAINT `tm_acl_document_ibfk_2` FOREIGN KEY (`document_id`) REFERENCES `tm_document` (`id`) ON DELETE CASCADE ON UPDATE CASCADE;

--
-- Ограничения внешнего ключа таблицы `tm_acl_role`
--
ALTER TABLE `tm_acl_role`
  ADD CONSTRAINT `tm_acl_role_ibfk_1` FOREIGN KEY (`tm_user_role_id`) REFERENCES `tm_user_role` (`id`) ON DELETE CASCADE ON UPDATE CASCADE,
  ADD CONSTRAINT `tm_acl_role_ibfk_2` FOREIGN KEY (`tm_user_resource_id`) REFERENCES `tm_user_resource` (`id`) ON DELETE CASCADE ON UPDATE CASCADE;

--
-- Ограничения внешнего ключа таблицы `tm_acl_task`
--
ALTER TABLE `tm_acl_task`
  ADD CONSTRAINT `tm_acl_task_ibfk_1` FOREIGN KEY (`user_id`) REFERENCES `tm_user` (`id`) ON DELETE CASCADE ON UPDATE CASCADE,
  ADD CONSTRAINT `tm_acl_task_ibfk_2` FOREIGN KEY (`task_id`) REFERENCES `tm_task` (`id`) ON DELETE CASCADE ON UPDATE CASCADE;

--
-- Ограничения внешнего ключа таблицы `tm_activity`
--
ALTER TABLE `tm_activity`
  ADD CONSTRAINT `tm_activity_ibfk_1` FOREIGN KEY (`user_id`) REFERENCES `tm_user` (`id`) ON DELETE CASCADE ON UPDATE CASCADE;

--
-- Ограничения внешнего ключа таблицы `tm_department`
--
ALTER TABLE `tm_department`
  ADD CONSTRAINT `fk_tm_department_tm_organization1` FOREIGN KEY (`organization_id`) REFERENCES `tm_organization` (`id`) ON DELETE NO ACTION ON UPDATE NO ACTION;

--
-- Ограничения внешнего ключа таблицы `tm_discussion`
--
ALTER TABLE `tm_discussion`
  ADD CONSTRAINT `tm_discussion_ibfk_1` FOREIGN KEY (`parent_id`) REFERENCES `tm_discussion` (`id`) ON DELETE CASCADE ON UPDATE CASCADE,
  ADD CONSTRAINT `tm_discussion_ibfk_2` FOREIGN KEY (`user_id`) REFERENCES `tm_user` (`id`) ON DELETE CASCADE ON UPDATE CASCADE,
  ADD CONSTRAINT `tm_discussion_ibfk_3` FOREIGN KEY (`topic_id`) REFERENCES `tm_discussion` (`id`) ON DELETE CASCADE ON UPDATE CASCADE,
  ADD CONSTRAINT `tm_discussion_ibfk_4` FOREIGN KEY (`to_user_id`) REFERENCES `tm_user` (`id`) ON DELETE CASCADE ON UPDATE CASCADE;

--
-- Ограничения внешнего ключа таблицы `tm_discussion_document`
--
ALTER TABLE `tm_discussion_document`
  ADD CONSTRAINT `tm_discussion_document_ibfk_1` FOREIGN KEY (`document_id`) REFERENCES `tm_document` (`id`) ON DELETE CASCADE ON UPDATE CASCADE,
  ADD CONSTRAINT `tm_discussion_document_ibfk_2` FOREIGN KEY (`discussion_id`) REFERENCES `tm_discussion` (`id`) ON DELETE CASCADE ON UPDATE CASCADE;

--
-- Ограничения внешнего ключа таблицы `tm_document`
--
ALTER TABLE `tm_document`
  ADD CONSTRAINT `tm_document_ibfk_1` FOREIGN KEY (`user_id`) REFERENCES `tm_user` (`id`) ON DELETE CASCADE ON UPDATE CASCADE,
  ADD CONSTRAINT `tm_document_ibfk_2` FOREIGN KEY (`parent_id`) REFERENCES `tm_document` (`id`) ON DELETE CASCADE ON UPDATE CASCADE;

--
-- Ограничения внешнего ключа таблицы `tm_document_attribute`
--
ALTER TABLE `tm_document_attribute`
  ADD CONSTRAINT `tm_document_attribute_ibfk_1` FOREIGN KEY (`document_id`) REFERENCES `tm_document` (`id`) ON DELETE CASCADE ON UPDATE CASCADE,
  ADD CONSTRAINT `tm_document_attribute_ibfk_2` FOREIGN KEY (`type_id`) REFERENCES `tm_document_attribute_type` (`id`) ON DELETE CASCADE ON UPDATE CASCADE;

--
-- Ограничения внешнего ключа таблицы `tm_document_hash`
--
ALTER TABLE `tm_document_hash`
  ADD CONSTRAINT `fk_tm_document_hash_tm_document1` FOREIGN KEY (`document_id`) REFERENCES `tm_document` (`id`) ON DELETE NO ACTION ON UPDATE NO ACTION,
  ADD CONSTRAINT `fk_tm_document_hash_tm_document_attribute_type1` FOREIGN KEY (`type_id`) REFERENCES `tm_document_attribute_type` (`id`) ON DELETE NO ACTION ON UPDATE NO ACTION;

--
-- Ограничения внешнего ключа таблицы `tm_organization_attribute`
--
ALTER TABLE `tm_organization_attribute`
  ADD CONSTRAINT `fk_tm_organization_attribute_tm_organization1` FOREIGN KEY (`organization_id`) REFERENCES `tm_organization` (`id`) ON DELETE NO ACTION ON UPDATE NO ACTION,
  ADD CONSTRAINT `fk_tm_organization_attribute_tm_organization_attribute_type1` FOREIGN KEY (`type_id`) REFERENCES `tm_organization_attribute_type` (`id`) ON DELETE NO ACTION ON UPDATE NO ACTION,
  ADD CONSTRAINT `fk_tm_organization_attribute_tm_organization_hash1` FOREIGN KEY (`attribute_key`) REFERENCES `tm_organization_hash` (`attribute_key`) ON DELETE NO ACTION ON UPDATE NO ACTION;

--
-- Ограничения внешнего ключа таблицы `tm_organization_hash`
--
ALTER TABLE `tm_organization_hash`
  ADD CONSTRAINT `fk_tm_organization_hash_tm_organization_attribute_type1` FOREIGN KEY (`type_id`) REFERENCES `tm_organization_attribute_type` (`id`) ON DELETE NO ACTION ON UPDATE NO ACTION;

--
-- Ограничения внешнего ключа таблицы `tm_task`
--
ALTER TABLE `tm_task`
  ADD CONSTRAINT `fk_tm_task_tm_user1` FOREIGN KEY (`user_id`) REFERENCES `tm_user` (`id`) ON DELETE NO ACTION ON UPDATE NO ACTION;

--
-- Ограничения внешнего ключа таблицы `tm_task_attribute`
--
ALTER TABLE `tm_task_attribute`
  ADD CONSTRAINT `tm_task_attribute_ibfk_1` FOREIGN KEY (`task_id`) REFERENCES `tm_task` (`id`) ON DELETE CASCADE ON UPDATE CASCADE,
  ADD CONSTRAINT `tm_task_attribute_ibfk_2` FOREIGN KEY (`type_id`) REFERENCES `tm_task_attribute_type` (`id`) ON DELETE CASCADE ON UPDATE CASCADE;

--
-- Ограничения внешнего ключа таблицы `tm_task_discussion`
--
ALTER TABLE `tm_task_discussion`
  ADD CONSTRAINT `tm_task_discussion_ibfk_1` FOREIGN KEY (`task_id`) REFERENCES `tm_task` (`id`) ON DELETE CASCADE ON UPDATE CASCADE,
  ADD CONSTRAINT `tm_task_discussion_ibfk_2` FOREIGN KEY (`discussion_id`) REFERENCES `tm_discussion` (`id`) ON DELETE CASCADE ON UPDATE CASCADE;

--
-- Ограничения внешнего ключа таблицы `tm_task_document`
--
ALTER TABLE `tm_task_document`
  ADD CONSTRAINT `tm_task_document_ibfk_1` FOREIGN KEY (`task_id`) REFERENCES `tm_task` (`id`) ON DELETE CASCADE ON UPDATE CASCADE,
  ADD CONSTRAINT `tm_task_document_ibfk_2` FOREIGN KEY (`document_id`) REFERENCES `tm_document` (`id`) ON DELETE CASCADE ON UPDATE CASCADE;

--
-- Ограничения внешнего ключа таблицы `tm_task_hash`
--
ALTER TABLE `tm_task_hash`
  ADD CONSTRAINT `fk_tm_task_hash_tm_task1` FOREIGN KEY (`task_id`) REFERENCES `tm_task` (`id`) ON DELETE NO ACTION ON UPDATE NO ACTION,
  ADD CONSTRAINT `fk_tm_task_hash_tm_task_attribute_type1` FOREIGN KEY (`type_id`) REFERENCES `tm_task_attribute_type` (`id`) ON DELETE NO ACTION ON UPDATE NO ACTION;

--
-- Ограничения внешнего ключа таблицы `tm_task_relation`
--
ALTER TABLE `tm_task_relation`
  ADD CONSTRAINT `tm_task_relation_ibfk_1` FOREIGN KEY (`parent_id`) REFERENCES `tm_task` (`id`) ON DELETE CASCADE ON UPDATE CASCADE,
  ADD CONSTRAINT `tm_task_relation_ibfk_2` FOREIGN KEY (`child_id`) REFERENCES `tm_task` (`id`) ON DELETE CASCADE ON UPDATE CASCADE;

--
-- Ограничения внешнего ключа таблицы `tm_user`
--
ALTER TABLE `tm_user`
  ADD CONSTRAINT `tm_user_ibfk_1` FOREIGN KEY (`role_id`) REFERENCES `tm_user_role` (`id`);

--
-- Ограничения внешнего ключа таблицы `tm_user_attribute`
--
ALTER TABLE `tm_user_attribute`
  ADD CONSTRAINT `tm_user_attribute_ibfk_1` FOREIGN KEY (`user_id`) REFERENCES `tm_user` (`id`) ON DELETE CASCADE ON UPDATE CASCADE,
  ADD CONSTRAINT `tm_user_attribute_ibfk_2` FOREIGN KEY (`type_id`) REFERENCES `tm_user_attribute_type` (`id`) ON DELETE CASCADE ON UPDATE CASCADE;

--
-- Ограничения внешнего ключа таблицы `tm_user_hash`
--
ALTER TABLE `tm_user_hash`
  ADD CONSTRAINT `tm_user_hash_ibfk_1` FOREIGN KEY (`type_id`) REFERENCES `tm_user_attribute_type` (`id`) ON DELETE CASCADE ON UPDATE CASCADE;

--
-- Ограничения внешнего ключа таблицы `tm_user_profile`
--
ALTER TABLE `tm_user_profile`
  ADD CONSTRAINT `fk_tm_user_profile_tm_user1` FOREIGN KEY (`user_id`) REFERENCES `tm_user` (`id`) ON DELETE NO ACTION ON UPDATE NO ACTION;
SET FOREIGN_KEY_CHECKS=1;
COMMIT;

/*!40101 SET CHARACTER_SET_CLIENT=@OLD_CHARACTER_SET_CLIENT */;
/*!40101 SET CHARACTER_SET_RESULTS=@OLD_CHARACTER_SET_RESULTS */;
/*!40101 SET COLLATION_CONNECTION=@OLD_COLLATION_CONNECTION */;
