-- phpMyAdmin SQL Dump
-- version 3.3.9.2
-- http://www.phpmyadmin.net
--
-- Хост: localhost
-- Время создания: Июн 13 2012 г., 17:28
-- Версия сервера: 5.1.58
-- Версия PHP: 5.2.14

SET FOREIGN_KEY_CHECKS=0;
SET SQL_MODE="NO_AUTO_VALUE_ON_ZERO";
SET AUTOCOMMIT=0;
START TRANSACTION;


/*!40101 SET @OLD_CHARACTER_SET_CLIENT=@@CHARACTER_SET_CLIENT */;
/*!40101 SET @OLD_CHARACTER_SET_RESULTS=@@CHARACTER_SET_RESULTS */;
/*!40101 SET @OLD_COLLATION_CONNECTION=@@COLLATION_CONNECTION */;
/*!40101 SET NAMES utf8 */;

--
-- База данных: `cl71252_tm`
--

-- --------------------------------------------------------

--
-- Структура таблицы `tm_acl_discussion`
--

DROP TABLE IF EXISTS `tm_acl_discussion`;
CREATE TABLE `tm_acl_discussion` (
  `user_id` int(10) unsigned NOT NULL,
  `discussion_id` int(10) unsigned NOT NULL,
  `is_read` tinyint(1) NOT NULL DEFAULT '0',
  `is_write` tinyint(1) NOT NULL DEFAULT '0',
  PRIMARY KEY (`user_id`,`discussion_id`),
  KEY `fk_tm_acl_discussion_tm_discussion1` (`discussion_id`),
  KEY `fk_tm_acl_discussion_tm_user1` (`user_id`)
) ENGINE=InnoDB DEFAULT CHARSET=utf8;

--
-- Дамп данных таблицы `tm_acl_discussion`
--

INSERT INTO `tm_acl_discussion` (`user_id`, `discussion_id`, `is_read`, `is_write`) VALUES
(1, 191, 1, 1),
(1, 200, 1, 1),
(1, 201, 1, 1),
(1, 208, 1, 1),
(1, 209, 1, 1),
(1, 210, 1, 1),
(1, 211, 1, 1),
(1, 212, 1, 1),
(1, 213, 1, 1),
(1, 214, 1, 1),
(1, 215, 1, 1),
(1, 216, 1, 1),
(1, 217, 1, 1),
(1, 218, 1, 1),
(1, 219, 1, 1),
(1, 220, 1, 1),
(1, 221, 1, 1),
(1, 222, 1, 1),
(1, 223, 1, 1),
(1, 224, 1, 1),
(1, 225, 1, 1),
(1, 226, 1, 1),
(1, 227, 1, 1),
(1, 228, 1, 1),
(1, 229, 1, 1),
(1, 230, 1, 1),
(1, 231, 1, 1),
(1, 232, 1, 1),
(1, 233, 1, 1),
(1, 234, 1, 1),
(1, 235, 1, 1),
(1, 236, 1, 1),
(1, 237, 1, 1),
(1, 238, 1, 1),
(1, 239, 1, 1),
(1, 240, 1, 1),
(1, 241, 1, 1),
(1, 242, 1, 1),
(1, 243, 1, 1),
(1, 244, 1, 1),
(1, 245, 1, 1),
(1, 246, 1, 1),
(1, 247, 1, 1),
(1, 248, 1, 1),
(1, 249, 1, 1),
(1, 250, 1, 1),
(1, 251, 1, 1),
(1, 252, 1, 1),
(1, 253, 1, 1),
(1, 254, 1, 1),
(1, 255, 1, 1),
(1, 256, 1, 1),
(1, 257, 1, 1),
(1, 258, 1, 1),
(1, 259, 1, 1),
(1, 260, 1, 1),
(1, 261, 1, 1),
(1, 262, 1, 1),
(1, 263, 1, 1),
(1, 264, 1, 1),
(1, 265, 1, 1),
(5, 191, 1, 1),
(5, 200, 1, 1),
(5, 201, 1, 1),
(5, 208, 1, 1),
(5, 209, 1, 1),
(5, 210, 1, 1),
(5, 211, 1, 1),
(5, 212, 1, 1),
(5, 213, 1, 1),
(5, 214, 1, 1),
(5, 215, 1, 1),
(5, 216, 1, 1),
(5, 217, 1, 1),
(5, 218, 1, 1),
(5, 219, 1, 1),
(5, 220, 1, 1),
(5, 221, 1, 1),
(5, 222, 1, 1),
(5, 223, 1, 1),
(5, 224, 1, 1),
(5, 225, 1, 1),
(5, 226, 1, 1),
(5, 227, 1, 1),
(5, 228, 1, 1),
(5, 229, 1, 1),
(5, 230, 1, 1),
(5, 231, 1, 1),
(5, 232, 1, 1),
(5, 233, 1, 1),
(5, 234, 1, 1),
(5, 235, 1, 1),
(5, 236, 1, 1),
(5, 237, 1, 1),
(5, 238, 1, 1),
(5, 239, 1, 1),
(5, 240, 1, 1),
(5, 241, 1, 1),
(5, 242, 1, 1),
(5, 243, 1, 1),
(5, 244, 1, 1),
(5, 245, 1, 1),
(5, 246, 1, 1),
(5, 247, 1, 1),
(5, 248, 1, 1),
(5, 249, 1, 1),
(5, 250, 1, 1),
(5, 251, 1, 1),
(5, 252, 1, 1),
(5, 253, 1, 1),
(5, 254, 1, 1),
(5, 255, 1, 1),
(5, 256, 1, 1),
(5, 257, 1, 1),
(5, 258, 1, 1),
(5, 259, 1, 1),
(5, 260, 1, 1),
(5, 261, 1, 1),
(5, 262, 1, 1),
(5, 263, 1, 1),
(5, 264, 1, 1),
(5, 265, 1, 1),
(7, 191, 1, 1),
(7, 200, 1, 1),
(7, 201, 1, 1),
(7, 208, 1, 1),
(7, 209, 1, 1),
(7, 210, 1, 1),
(7, 211, 1, 1),
(7, 212, 1, 1),
(7, 213, 1, 1),
(7, 214, 1, 1),
(7, 215, 1, 1),
(7, 216, 1, 1),
(7, 217, 1, 1),
(7, 218, 1, 1),
(7, 219, 1, 1),
(7, 220, 1, 1),
(7, 221, 1, 1),
(7, 222, 1, 1),
(7, 223, 1, 1),
(7, 224, 1, 1),
(7, 225, 1, 1),
(7, 226, 1, 1),
(7, 227, 1, 1),
(7, 228, 1, 1),
(7, 229, 1, 1),
(7, 230, 1, 1),
(7, 231, 1, 1),
(7, 232, 1, 1),
(7, 233, 1, 1),
(7, 234, 1, 1),
(7, 235, 1, 1),
(7, 236, 1, 1),
(7, 237, 1, 1),
(7, 238, 1, 1),
(7, 239, 1, 1),
(7, 240, 1, 1),
(7, 241, 1, 1),
(7, 242, 1, 1),
(7, 243, 1, 1),
(7, 244, 1, 1),
(7, 245, 1, 1),
(7, 246, 1, 1),
(7, 247, 1, 1),
(7, 248, 1, 1),
(7, 249, 1, 1),
(7, 250, 1, 1),
(7, 251, 1, 1),
(7, 252, 1, 1),
(7, 253, 1, 1),
(7, 254, 1, 1),
(7, 255, 1, 1),
(7, 256, 1, 1),
(7, 257, 1, 1),
(7, 258, 1, 1),
(7, 259, 1, 1),
(7, 260, 1, 1),
(7, 261, 1, 1),
(7, 262, 1, 1),
(7, 263, 1, 1),
(7, 264, 1, 1),
(7, 265, 1, 1),
(8, 191, 1, 1),
(8, 200, 1, 1),
(8, 201, 1, 1),
(8, 208, 1, 1),
(8, 209, 1, 1),
(8, 210, 1, 1),
(8, 211, 1, 1),
(8, 212, 1, 1),
(8, 213, 1, 1),
(8, 214, 1, 1),
(8, 215, 1, 1),
(8, 216, 1, 1),
(8, 217, 1, 1),
(8, 218, 1, 1),
(8, 219, 1, 1),
(8, 220, 1, 1),
(8, 221, 1, 1),
(8, 222, 1, 1),
(8, 223, 1, 1),
(8, 224, 1, 1),
(8, 225, 1, 1),
(8, 226, 1, 1),
(8, 227, 1, 1),
(8, 228, 1, 1),
(8, 229, 1, 1),
(8, 230, 1, 1),
(8, 231, 1, 1),
(8, 232, 1, 1),
(8, 233, 1, 1),
(8, 234, 1, 1),
(8, 235, 1, 1),
(8, 236, 1, 1),
(8, 237, 1, 1),
(8, 238, 1, 1),
(8, 239, 1, 1),
(8, 240, 1, 1),
(8, 241, 1, 1),
(8, 242, 1, 1),
(8, 243, 1, 1),
(8, 244, 1, 1),
(8, 245, 1, 1),
(8, 246, 1, 1),
(8, 247, 1, 1),
(8, 248, 1, 1),
(8, 249, 1, 1),
(8, 250, 1, 1),
(8, 251, 1, 1),
(8, 252, 1, 1),
(8, 253, 1, 1),
(8, 254, 1, 1),
(8, 255, 1, 1),
(8, 256, 1, 1),
(8, 257, 1, 1),
(8, 258, 1, 1),
(8, 259, 1, 1),
(8, 260, 1, 1),
(8, 261, 1, 1),
(8, 262, 1, 1),
(8, 263, 1, 1),
(8, 264, 1, 1),
(8, 265, 1, 1),
(9, 191, 1, 1),
(9, 200, 1, 1),
(9, 201, 1, 1),
(9, 208, 1, 1),
(9, 209, 1, 1),
(9, 210, 1, 1),
(9, 211, 1, 1),
(9, 212, 1, 1),
(9, 213, 1, 1),
(9, 214, 1, 1),
(9, 215, 1, 1),
(9, 216, 1, 1),
(9, 217, 1, 1),
(9, 218, 1, 1),
(9, 219, 1, 1),
(9, 220, 1, 1),
(9, 221, 1, 1),
(9, 222, 1, 1),
(9, 223, 1, 1),
(9, 224, 1, 1),
(9, 225, 1, 1),
(9, 226, 1, 1),
(9, 227, 1, 1),
(9, 228, 1, 1),
(9, 229, 1, 1),
(9, 230, 1, 1),
(9, 231, 1, 1),
(9, 232, 1, 1),
(9, 233, 1, 1),
(9, 234, 1, 1),
(9, 235, 1, 1),
(9, 236, 1, 1),
(9, 237, 1, 1),
(9, 238, 1, 1),
(9, 239, 1, 1),
(9, 240, 1, 1),
(9, 241, 1, 1),
(9, 242, 1, 1),
(9, 243, 1, 1),
(9, 244, 1, 1),
(9, 245, 1, 1),
(9, 246, 1, 1),
(9, 247, 1, 1),
(9, 248, 1, 1),
(9, 249, 1, 1),
(9, 250, 1, 1),
(9, 251, 1, 1),
(9, 252, 1, 1),
(9, 253, 1, 1),
(9, 254, 1, 1),
(9, 255, 1, 1),
(9, 256, 1, 1),
(9, 257, 1, 1),
(9, 258, 1, 1),
(9, 259, 1, 1),
(9, 260, 1, 1),
(9, 261, 1, 1),
(9, 262, 1, 1),
(9, 263, 1, 1),
(9, 264, 1, 1),
(9, 265, 1, 1),
(10, 191, 1, 1),
(10, 200, 1, 1),
(10, 201, 1, 1),
(10, 208, 1, 1),
(10, 209, 1, 1),
(10, 210, 1, 1),
(10, 211, 1, 1),
(10, 212, 1, 1),
(10, 213, 1, 1),
(10, 214, 1, 1),
(10, 215, 1, 1),
(10, 216, 1, 1),
(10, 217, 1, 1),
(10, 218, 1, 1),
(10, 219, 1, 1),
(10, 220, 1, 1),
(10, 221, 1, 1),
(10, 222, 1, 1),
(10, 223, 1, 1),
(10, 224, 1, 1),
(10, 225, 1, 1),
(10, 226, 1, 1),
(10, 227, 1, 1),
(10, 228, 1, 1),
(10, 229, 1, 1),
(10, 230, 1, 1),
(10, 231, 1, 1),
(10, 232, 1, 1),
(10, 233, 1, 1),
(10, 234, 1, 1),
(10, 235, 1, 1),
(10, 236, 1, 1),
(10, 237, 1, 1),
(10, 238, 1, 1),
(10, 239, 1, 1),
(10, 240, 1, 1),
(10, 241, 1, 1),
(10, 242, 1, 1),
(10, 243, 1, 1),
(10, 244, 1, 1),
(10, 245, 1, 1),
(10, 246, 1, 1),
(10, 247, 1, 1),
(10, 248, 1, 1),
(10, 249, 1, 1),
(10, 250, 1, 1),
(10, 251, 1, 1),
(10, 252, 1, 1),
(10, 253, 1, 1),
(10, 254, 1, 1),
(10, 255, 1, 1),
(10, 256, 1, 1),
(10, 257, 1, 1),
(10, 258, 1, 1),
(10, 259, 1, 1),
(10, 260, 1, 1),
(10, 261, 1, 1),
(10, 262, 1, 1),
(10, 263, 1, 1),
(10, 264, 1, 1),
(10, 265, 1, 1),
(11, 208, 1, 1),
(11, 209, 1, 1),
(11, 210, 1, 1),
(11, 211, 1, 1),
(11, 212, 1, 1),
(11, 213, 1, 1),
(11, 214, 1, 1),
(11, 215, 1, 1),
(11, 216, 1, 1),
(11, 217, 1, 1),
(11, 218, 1, 1),
(11, 219, 1, 1),
(11, 220, 1, 1),
(11, 221, 1, 1),
(11, 222, 1, 1),
(11, 223, 1, 1),
(11, 224, 1, 1),
(11, 225, 1, 1),
(11, 226, 1, 1),
(11, 227, 1, 1),
(11, 228, 1, 1),
(11, 229, 1, 1),
(11, 230, 1, 1),
(11, 231, 1, 1),
(11, 232, 1, 1),
(11, 233, 1, 1),
(11, 234, 1, 1),
(11, 235, 1, 1),
(11, 236, 1, 1),
(11, 237, 1, 1),
(11, 238, 1, 1),
(11, 239, 1, 1),
(11, 240, 1, 1),
(11, 241, 1, 1),
(11, 242, 1, 1),
(11, 243, 1, 1),
(11, 244, 1, 1),
(11, 245, 1, 1),
(11, 246, 1, 1),
(11, 247, 1, 1),
(11, 248, 1, 1),
(11, 249, 1, 1),
(11, 250, 1, 1),
(11, 251, 1, 1),
(11, 252, 1, 1),
(11, 253, 1, 1),
(11, 254, 1, 1),
(11, 255, 1, 1),
(11, 256, 1, 1),
(11, 257, 1, 1),
(11, 258, 1, 1),
(11, 259, 1, 1),
(11, 260, 1, 1),
(11, 261, 1, 1),
(11, 262, 1, 1),
(11, 263, 1, 1),
(11, 264, 1, 1),
(11, 265, 1, 1),
(12, 208, 1, 1),
(12, 209, 1, 1),
(12, 210, 1, 1),
(12, 211, 1, 1),
(12, 212, 1, 1),
(12, 213, 1, 1),
(12, 214, 1, 1),
(12, 215, 1, 1),
(12, 216, 1, 1),
(12, 217, 1, 1),
(12, 218, 1, 1),
(12, 219, 1, 1),
(12, 220, 1, 1),
(12, 221, 1, 1),
(12, 222, 1, 1),
(12, 223, 1, 1),
(12, 224, 1, 1),
(12, 225, 1, 1),
(12, 226, 1, 1),
(12, 227, 1, 1),
(12, 228, 1, 1),
(12, 229, 1, 1),
(12, 230, 1, 1),
(12, 231, 1, 1),
(12, 232, 1, 1),
(12, 233, 1, 1),
(12, 234, 1, 1),
(12, 235, 1, 1),
(12, 236, 1, 1),
(12, 237, 1, 1),
(12, 238, 1, 1),
(12, 239, 1, 1),
(12, 240, 1, 1),
(12, 241, 1, 1),
(12, 242, 1, 1),
(12, 243, 1, 1),
(12, 244, 1, 1),
(12, 245, 1, 1),
(12, 246, 1, 1),
(12, 247, 1, 1),
(12, 248, 1, 1),
(12, 249, 1, 1),
(12, 250, 1, 1),
(12, 251, 1, 1),
(12, 252, 1, 1),
(12, 253, 1, 1),
(12, 254, 1, 1),
(12, 255, 1, 1),
(12, 256, 1, 1),
(12, 257, 1, 1),
(12, 258, 1, 1),
(12, 259, 1, 1),
(12, 260, 1, 1),
(12, 261, 1, 1),
(12, 262, 1, 1),
(12, 263, 1, 1),
(12, 264, 1, 1),
(12, 265, 1, 1),
(13, 208, 1, 1),
(13, 209, 1, 1),
(13, 210, 1, 1),
(13, 211, 1, 1),
(13, 212, 1, 1),
(13, 213, 1, 1),
(13, 214, 1, 1),
(13, 215, 1, 1),
(13, 216, 1, 1),
(13, 217, 1, 1),
(13, 218, 1, 1),
(13, 219, 1, 1),
(13, 220, 1, 1),
(13, 221, 1, 1),
(13, 222, 1, 1),
(13, 223, 1, 1),
(13, 224, 1, 1),
(13, 225, 1, 1),
(13, 226, 1, 1),
(13, 227, 1, 1),
(13, 228, 1, 1),
(13, 229, 1, 1),
(13, 230, 1, 1),
(13, 231, 1, 1),
(13, 232, 1, 1),
(13, 233, 1, 1),
(13, 234, 1, 1),
(13, 235, 1, 1),
(13, 236, 1, 1),
(13, 237, 1, 1),
(13, 238, 1, 1),
(13, 239, 1, 1),
(13, 240, 1, 1),
(13, 241, 1, 1),
(13, 242, 1, 1),
(13, 243, 1, 1),
(13, 244, 1, 1),
(13, 245, 1, 1),
(13, 246, 1, 1),
(13, 247, 1, 1),
(13, 248, 1, 1),
(13, 249, 1, 1),
(13, 250, 1, 1),
(13, 251, 1, 1),
(13, 252, 1, 1),
(13, 253, 1, 1),
(13, 254, 1, 1),
(13, 255, 1, 1),
(13, 256, 1, 1),
(13, 257, 1, 1),
(13, 258, 1, 1),
(13, 259, 1, 1),
(13, 260, 1, 1),
(13, 261, 1, 1),
(13, 262, 1, 1),
(13, 263, 1, 1),
(13, 264, 1, 1),
(13, 265, 1, 1),
(14, 208, 1, 1),
(14, 209, 1, 1),
(14, 210, 1, 1),
(14, 211, 1, 1),
(14, 212, 1, 1),
(14, 213, 1, 1),
(14, 214, 1, 1),
(14, 215, 1, 1),
(14, 216, 1, 1),
(14, 217, 1, 1),
(14, 218, 1, 1),
(14, 219, 1, 1),
(14, 220, 1, 1),
(14, 221, 1, 1),
(14, 222, 1, 1),
(14, 223, 1, 1),
(14, 224, 1, 1),
(14, 225, 1, 1),
(14, 226, 1, 1),
(14, 227, 1, 1),
(14, 228, 1, 1),
(14, 229, 1, 1),
(14, 230, 1, 1),
(14, 231, 1, 1),
(14, 232, 1, 1),
(14, 233, 1, 1),
(14, 234, 1, 1),
(14, 235, 1, 1),
(14, 236, 1, 1),
(14, 237, 1, 1),
(14, 238, 1, 1),
(14, 239, 1, 1),
(14, 240, 1, 1),
(14, 241, 1, 1),
(14, 242, 1, 1),
(14, 243, 1, 1),
(14, 244, 1, 1),
(14, 245, 1, 1),
(14, 246, 1, 1),
(14, 247, 1, 1),
(14, 248, 1, 1),
(14, 249, 1, 1),
(14, 250, 1, 1),
(14, 251, 1, 1),
(14, 252, 1, 1),
(14, 253, 1, 1),
(14, 254, 1, 1),
(14, 255, 1, 1),
(14, 256, 1, 1),
(14, 257, 1, 1),
(14, 258, 1, 1),
(14, 259, 1, 1),
(14, 260, 1, 1),
(14, 261, 1, 1),
(14, 262, 1, 1),
(14, 263, 1, 1),
(14, 264, 1, 1),
(14, 265, 1, 1),
(15, 208, 1, 1),
(15, 209, 1, 1),
(15, 210, 1, 1),
(15, 211, 1, 1),
(15, 212, 1, 1),
(15, 213, 1, 1),
(15, 214, 1, 1),
(15, 215, 1, 1),
(15, 216, 1, 1),
(15, 217, 1, 1),
(15, 218, 1, 1),
(15, 219, 1, 1),
(15, 220, 1, 1),
(15, 221, 1, 1),
(15, 222, 1, 1),
(15, 223, 1, 1),
(15, 224, 1, 1),
(15, 225, 1, 1),
(15, 226, 1, 1),
(15, 227, 1, 1),
(15, 228, 1, 1),
(15, 229, 1, 1),
(15, 230, 1, 1),
(15, 231, 1, 1),
(15, 232, 1, 1),
(15, 233, 1, 1),
(15, 234, 1, 1),
(15, 235, 1, 1),
(15, 236, 1, 1),
(15, 237, 1, 1),
(15, 238, 1, 1),
(15, 239, 1, 1),
(15, 240, 1, 1),
(15, 241, 1, 1),
(15, 242, 1, 1),
(15, 243, 1, 1),
(15, 244, 1, 1),
(15, 245, 1, 1),
(15, 246, 1, 1),
(15, 247, 1, 1),
(15, 248, 1, 1),
(15, 249, 1, 1),
(15, 250, 1, 1),
(15, 251, 1, 1),
(15, 252, 1, 1),
(15, 253, 1, 1),
(15, 254, 1, 1),
(15, 255, 1, 1),
(15, 256, 1, 1),
(15, 257, 1, 1),
(15, 258, 1, 1),
(15, 259, 1, 1),
(15, 260, 1, 1),
(15, 261, 1, 1),
(15, 262, 1, 1),
(15, 263, 1, 1),
(15, 264, 1, 1),
(15, 265, 1, 1),
(16, 208, 1, 1),
(16, 209, 1, 1),
(16, 210, 1, 1),
(16, 211, 1, 1),
(16, 212, 1, 1),
(16, 213, 1, 1),
(16, 214, 1, 1),
(16, 215, 1, 1),
(16, 216, 1, 1),
(16, 217, 1, 1),
(16, 218, 1, 1),
(16, 219, 1, 1),
(16, 220, 1, 1),
(16, 221, 1, 1),
(16, 222, 1, 1),
(16, 223, 1, 1),
(16, 224, 1, 1),
(16, 225, 1, 1),
(16, 226, 1, 1),
(16, 227, 1, 1),
(16, 228, 1, 1),
(16, 229, 1, 1),
(16, 230, 1, 1),
(16, 231, 1, 1),
(16, 232, 1, 1),
(16, 233, 1, 1),
(16, 234, 1, 1),
(16, 235, 1, 1),
(16, 236, 1, 1),
(16, 237, 1, 1),
(16, 238, 1, 1),
(16, 239, 1, 1),
(16, 240, 1, 1),
(16, 241, 1, 1),
(16, 242, 1, 1),
(16, 243, 1, 1),
(16, 244, 1, 1),
(16, 245, 1, 1),
(16, 246, 1, 1),
(16, 247, 1, 1),
(16, 248, 1, 1),
(16, 249, 1, 1),
(16, 250, 1, 1),
(16, 251, 1, 1),
(16, 252, 1, 1),
(16, 253, 1, 1),
(16, 254, 1, 1),
(16, 255, 1, 1),
(16, 256, 1, 1),
(16, 257, 1, 1),
(16, 258, 1, 1),
(16, 259, 1, 1),
(16, 260, 1, 1),
(16, 261, 1, 1),
(16, 262, 1, 1),
(16, 263, 1, 1),
(16, 264, 1, 1),
(16, 265, 1, 1),
(17, 208, 1, 1),
(17, 209, 1, 1),
(17, 210, 1, 1),
(17, 211, 1, 1),
(17, 212, 1, 1),
(17, 213, 1, 1),
(17, 214, 1, 1),
(17, 215, 1, 1),
(17, 216, 1, 1),
(17, 217, 1, 1),
(17, 218, 1, 1),
(17, 219, 1, 1),
(17, 220, 1, 1),
(17, 221, 1, 1),
(17, 222, 1, 1),
(17, 223, 1, 1),
(17, 224, 1, 1),
(17, 225, 1, 1),
(17, 226, 1, 1),
(17, 227, 1, 1),
(17, 228, 1, 1),
(17, 229, 1, 1),
(17, 230, 1, 1),
(17, 231, 1, 1),
(17, 232, 1, 1),
(17, 233, 1, 1),
(17, 234, 1, 1),
(17, 235, 1, 1),
(17, 236, 1, 1),
(17, 237, 1, 1),
(17, 238, 1, 1),
(17, 239, 1, 1),
(17, 240, 1, 1),
(17, 241, 1, 1),
(17, 242, 1, 1),
(17, 243, 1, 1),
(17, 244, 1, 1),
(17, 245, 1, 1),
(17, 246, 1, 1),
(17, 247, 1, 1),
(17, 248, 1, 1),
(17, 249, 1, 1),
(17, 250, 1, 1),
(17, 251, 1, 1),
(17, 252, 1, 1),
(17, 253, 1, 1),
(17, 254, 1, 1),
(17, 255, 1, 1),
(17, 256, 1, 1),
(17, 257, 1, 1),
(17, 258, 1, 1),
(17, 259, 1, 1),
(17, 260, 1, 1),
(17, 261, 1, 1),
(17, 262, 1, 1),
(17, 263, 1, 1),
(17, 264, 1, 1),
(17, 265, 1, 1),
(18, 208, 1, 1),
(18, 209, 1, 1),
(18, 210, 1, 1),
(18, 211, 1, 1),
(18, 212, 1, 1),
(18, 213, 1, 1),
(18, 214, 1, 1),
(18, 215, 1, 1),
(18, 216, 1, 1),
(18, 217, 1, 1),
(18, 218, 1, 1),
(18, 219, 1, 1),
(18, 220, 1, 1),
(18, 221, 1, 1),
(18, 222, 1, 1),
(18, 223, 1, 1),
(18, 224, 1, 1),
(18, 225, 1, 1),
(18, 226, 1, 1),
(18, 227, 1, 1),
(18, 228, 1, 1),
(18, 229, 1, 1),
(18, 230, 1, 1),
(18, 231, 1, 1),
(18, 232, 1, 1),
(18, 233, 1, 1),
(18, 234, 1, 1),
(18, 235, 1, 1),
(18, 236, 1, 1),
(18, 237, 1, 1),
(18, 238, 1, 1),
(18, 239, 1, 1),
(18, 240, 1, 1),
(18, 241, 1, 1),
(18, 242, 1, 1),
(18, 243, 1, 1),
(18, 244, 1, 1),
(18, 245, 1, 1),
(18, 246, 1, 1),
(18, 247, 1, 1),
(18, 248, 1, 1),
(18, 249, 1, 1),
(18, 250, 1, 1),
(18, 251, 1, 1),
(18, 252, 1, 1),
(18, 253, 1, 1),
(18, 254, 1, 1),
(18, 255, 1, 1),
(18, 256, 1, 1),
(18, 257, 1, 1),
(18, 258, 1, 1),
(18, 259, 1, 1),
(18, 260, 1, 1),
(18, 261, 1, 1),
(18, 262, 1, 1),
(18, 263, 1, 1),
(18, 264, 1, 1),
(18, 265, 1, 1),
(19, 208, 1, 1),
(19, 209, 1, 1),
(19, 210, 1, 1),
(19, 211, 1, 1),
(19, 212, 1, 1),
(19, 213, 1, 1),
(19, 214, 1, 1),
(19, 215, 1, 1),
(19, 216, 1, 1),
(19, 217, 1, 1),
(19, 218, 1, 1),
(19, 219, 1, 1),
(19, 220, 1, 1),
(19, 221, 1, 1),
(19, 222, 1, 1),
(19, 223, 1, 1),
(19, 224, 1, 1),
(19, 225, 1, 1),
(19, 226, 1, 1),
(19, 227, 1, 1),
(19, 228, 1, 1),
(19, 229, 1, 1),
(19, 230, 1, 1),
(19, 231, 1, 1),
(19, 232, 1, 1),
(19, 233, 1, 1),
(19, 234, 1, 1),
(19, 235, 1, 1),
(19, 236, 1, 1),
(19, 237, 1, 1),
(19, 238, 1, 1),
(19, 239, 1, 1),
(19, 240, 1, 1),
(19, 241, 1, 1),
(19, 242, 1, 1),
(19, 243, 1, 1),
(19, 244, 1, 1),
(19, 245, 1, 1),
(19, 246, 1, 1),
(19, 247, 1, 1),
(19, 248, 1, 1),
(19, 249, 1, 1),
(19, 250, 1, 1),
(19, 251, 1, 1),
(19, 252, 1, 1),
(19, 253, 1, 1),
(19, 254, 1, 1),
(19, 255, 1, 1),
(19, 256, 1, 1),
(19, 257, 1, 1),
(19, 258, 1, 1),
(19, 259, 1, 1),
(19, 260, 1, 1),
(19, 261, 1, 1),
(19, 262, 1, 1),
(19, 263, 1, 1),
(19, 264, 1, 1),
(19, 265, 1, 1),
(20, 208, 1, 1),
(20, 209, 1, 1),
(20, 210, 1, 1),
(20, 211, 1, 1),
(20, 212, 1, 1),
(20, 213, 1, 1),
(20, 214, 1, 1),
(20, 215, 1, 1),
(20, 216, 1, 1),
(20, 217, 1, 1),
(20, 218, 1, 1),
(20, 219, 1, 1),
(20, 220, 1, 1),
(20, 221, 1, 1),
(20, 222, 1, 1),
(20, 223, 1, 1),
(20, 224, 1, 1),
(20, 225, 1, 1),
(20, 226, 1, 1),
(20, 227, 1, 1),
(20, 228, 1, 1),
(20, 229, 1, 1),
(20, 230, 1, 1),
(20, 231, 1, 1),
(20, 232, 1, 1),
(20, 233, 1, 1),
(20, 234, 1, 1),
(20, 235, 1, 1),
(20, 236, 1, 1),
(20, 237, 1, 1),
(20, 238, 1, 1),
(20, 239, 1, 1),
(20, 240, 1, 1),
(20, 241, 1, 1),
(20, 242, 1, 1),
(20, 243, 1, 1),
(20, 244, 1, 1),
(20, 245, 1, 1),
(20, 246, 1, 1),
(20, 247, 1, 1),
(20, 248, 1, 1),
(20, 249, 1, 1),
(20, 250, 1, 1),
(20, 251, 1, 1),
(20, 252, 1, 1),
(20, 253, 1, 1),
(20, 254, 1, 1),
(20, 255, 1, 1),
(20, 256, 1, 1),
(20, 257, 1, 1),
(20, 258, 1, 1),
(20, 259, 1, 1),
(20, 260, 1, 1),
(20, 261, 1, 1),
(20, 262, 1, 1),
(20, 263, 1, 1),
(20, 264, 1, 1),
(20, 265, 1, 1),
(21, 208, 1, 1),
(21, 209, 1, 1),
(21, 210, 1, 1),
(21, 211, 1, 1),
(21, 212, 1, 1),
(21, 213, 1, 1),
(21, 214, 1, 1),
(21, 215, 1, 1),
(21, 216, 1, 1),
(21, 217, 1, 1),
(21, 218, 1, 1),
(21, 219, 1, 1),
(21, 220, 1, 1),
(21, 221, 1, 1),
(21, 222, 1, 1),
(21, 223, 1, 1),
(21, 224, 1, 1),
(21, 225, 1, 1),
(21, 226, 1, 1),
(21, 227, 1, 1),
(21, 228, 1, 1),
(21, 229, 1, 1),
(21, 230, 1, 1),
(21, 231, 1, 1),
(21, 232, 1, 1),
(21, 233, 1, 1),
(21, 234, 1, 1),
(21, 235, 1, 1),
(21, 236, 1, 1),
(21, 237, 1, 1),
(21, 238, 1, 1),
(21, 239, 1, 1),
(21, 240, 1, 1),
(21, 241, 1, 1),
(21, 242, 1, 1),
(21, 243, 1, 1),
(21, 244, 1, 1),
(21, 245, 1, 1),
(21, 246, 1, 1),
(21, 247, 1, 1),
(21, 248, 1, 1),
(21, 249, 1, 1),
(21, 250, 1, 1),
(21, 251, 1, 1),
(21, 252, 1, 1),
(21, 253, 1, 1),
(21, 254, 1, 1),
(21, 255, 1, 1),
(21, 256, 1, 1),
(21, 257, 1, 1),
(21, 258, 1, 1),
(21, 259, 1, 1),
(21, 260, 1, 1),
(21, 261, 1, 1),
(21, 262, 1, 1),
(21, 263, 1, 1),
(21, 264, 1, 1),
(21, 265, 1, 1),
(22, 208, 1, 1),
(22, 209, 1, 1),
(22, 210, 1, 1),
(22, 211, 1, 1),
(22, 212, 1, 1),
(22, 213, 1, 1),
(22, 214, 1, 1),
(22, 215, 1, 1),
(22, 216, 1, 1),
(22, 217, 1, 1),
(22, 218, 1, 1),
(22, 219, 1, 1),
(22, 220, 1, 1),
(22, 221, 1, 1),
(22, 222, 1, 1),
(22, 223, 1, 1),
(22, 224, 1, 1),
(22, 225, 1, 1),
(22, 226, 1, 1),
(22, 227, 1, 1),
(22, 228, 1, 1),
(22, 229, 1, 1),
(22, 230, 1, 1),
(22, 231, 1, 1),
(22, 232, 1, 1),
(22, 233, 1, 1),
(22, 234, 1, 1),
(22, 235, 1, 1),
(22, 236, 1, 1),
(22, 237, 1, 1),
(22, 238, 1, 1),
(22, 239, 1, 1),
(22, 240, 1, 1),
(22, 241, 1, 1),
(22, 242, 1, 1),
(22, 243, 1, 1),
(22, 244, 1, 1),
(22, 245, 1, 1),
(22, 246, 1, 1),
(22, 247, 1, 1),
(22, 248, 1, 1),
(22, 249, 1, 1),
(22, 250, 1, 1),
(22, 251, 1, 1),
(22, 252, 1, 1),
(22, 253, 1, 1),
(22, 254, 1, 1),
(22, 255, 1, 1),
(22, 256, 1, 1),
(22, 257, 1, 1),
(22, 258, 1, 1),
(22, 259, 1, 1),
(22, 260, 1, 1),
(22, 261, 1, 1),
(22, 262, 1, 1),
(22, 263, 1, 1),
(22, 264, 1, 1),
(22, 265, 1, 1),
(23, 208, 1, 1),
(23, 209, 1, 1),
(23, 210, 1, 1),
(23, 211, 1, 1),
(23, 212, 1, 1),
(23, 213, 1, 1),
(23, 214, 1, 1),
(23, 215, 1, 1),
(23, 216, 1, 1),
(23, 217, 1, 1),
(23, 218, 1, 1),
(23, 219, 1, 1),
(23, 220, 1, 1),
(23, 221, 1, 1),
(23, 222, 1, 1),
(23, 223, 1, 1),
(23, 224, 1, 1),
(23, 225, 1, 1),
(23, 226, 1, 1),
(23, 227, 1, 1),
(23, 228, 1, 1),
(23, 229, 1, 1),
(23, 230, 1, 1),
(23, 231, 1, 1),
(23, 232, 1, 1),
(23, 233, 1, 1),
(23, 234, 1, 1),
(23, 235, 1, 1),
(23, 236, 1, 1),
(23, 237, 1, 1),
(23, 238, 1, 1),
(23, 239, 1, 1),
(23, 240, 1, 1),
(23, 241, 1, 1),
(23, 242, 1, 1),
(23, 243, 1, 1),
(23, 244, 1, 1),
(23, 245, 1, 1),
(23, 246, 1, 1),
(23, 247, 1, 1),
(23, 248, 1, 1),
(23, 249, 1, 1),
(23, 250, 1, 1),
(23, 251, 1, 1),
(23, 252, 1, 1),
(23, 253, 1, 1),
(23, 254, 1, 1),
(23, 255, 1, 1),
(23, 256, 1, 1),
(23, 257, 1, 1),
(23, 258, 1, 1),
(23, 259, 1, 1),
(23, 260, 1, 1),
(23, 261, 1, 1),
(23, 262, 1, 1),
(23, 263, 1, 1),
(23, 264, 1, 1),
(23, 265, 1, 1),
(24, 208, 1, 1),
(24, 209, 1, 1),
(24, 210, 1, 1),
(24, 211, 1, 1),
(24, 212, 1, 1),
(24, 213, 1, 1),
(24, 214, 1, 1),
(24, 215, 1, 1),
(24, 216, 1, 1),
(24, 217, 1, 1),
(24, 218, 1, 1),
(24, 219, 1, 1),
(24, 220, 1, 1),
(24, 221, 1, 1),
(24, 222, 1, 1),
(24, 223, 1, 1),
(24, 224, 1, 1),
(24, 225, 1, 1),
(24, 226, 1, 1),
(24, 227, 1, 1),
(24, 228, 1, 1),
(24, 229, 1, 1),
(24, 230, 1, 1),
(24, 231, 1, 1),
(24, 232, 1, 1),
(24, 233, 1, 1),
(24, 234, 1, 1),
(24, 235, 1, 1),
(24, 236, 1, 1),
(24, 237, 1, 1),
(24, 238, 1, 1),
(24, 239, 1, 1),
(24, 240, 1, 1),
(24, 241, 1, 1),
(24, 242, 1, 1),
(24, 243, 1, 1),
(24, 244, 1, 1),
(24, 245, 1, 1),
(24, 246, 1, 1),
(24, 247, 1, 1),
(24, 248, 1, 1),
(24, 249, 1, 1),
(24, 250, 1, 1),
(24, 251, 1, 1),
(24, 252, 1, 1),
(24, 253, 1, 1),
(24, 254, 1, 1),
(24, 255, 1, 1),
(24, 256, 1, 1),
(24, 257, 1, 1),
(24, 258, 1, 1),
(24, 259, 1, 1),
(24, 260, 1, 1),
(24, 261, 1, 1),
(24, 262, 1, 1),
(24, 263, 1, 1),
(24, 264, 1, 1),
(24, 265, 1, 1),
(25, 208, 1, 1),
(25, 209, 1, 1),
(25, 210, 1, 1),
(25, 211, 1, 1),
(25, 212, 1, 1),
(25, 213, 1, 1),
(25, 214, 1, 1),
(25, 215, 1, 1),
(25, 216, 1, 1),
(25, 217, 1, 1),
(25, 218, 1, 1),
(25, 219, 1, 1),
(25, 220, 1, 1),
(25, 221, 1, 1),
(25, 222, 1, 1),
(25, 223, 1, 1),
(25, 224, 1, 1),
(25, 225, 1, 1),
(25, 226, 1, 1),
(25, 227, 1, 1),
(25, 228, 1, 1),
(25, 229, 1, 1),
(25, 230, 1, 1),
(25, 231, 1, 1),
(25, 232, 1, 1),
(25, 233, 1, 1),
(25, 234, 1, 1),
(25, 235, 1, 1),
(25, 236, 1, 1),
(25, 237, 1, 1),
(25, 238, 1, 1),
(25, 239, 1, 1),
(25, 240, 1, 1),
(25, 241, 1, 1),
(25, 242, 1, 1),
(25, 243, 1, 1),
(25, 244, 1, 1),
(25, 245, 1, 1),
(25, 246, 1, 1),
(25, 247, 1, 1),
(25, 248, 1, 1),
(25, 249, 1, 1),
(25, 250, 1, 1),
(25, 251, 1, 1),
(25, 252, 1, 1),
(25, 253, 1, 1),
(25, 254, 1, 1),
(25, 255, 1, 1),
(25, 256, 1, 1),
(25, 257, 1, 1),
(25, 258, 1, 1),
(25, 259, 1, 1),
(25, 260, 1, 1),
(25, 261, 1, 1),
(25, 262, 1, 1),
(25, 263, 1, 1),
(25, 264, 1, 1),
(25, 265, 1, 1),
(26, 208, 1, 1),
(26, 209, 1, 1),
(26, 210, 1, 1),
(26, 211, 1, 1),
(26, 212, 1, 1),
(26, 213, 1, 1),
(26, 214, 1, 1),
(26, 215, 1, 1),
(26, 216, 1, 1),
(26, 217, 1, 1),
(26, 218, 1, 1),
(26, 219, 1, 1),
(26, 220, 1, 1),
(26, 221, 1, 1),
(26, 222, 1, 1),
(26, 223, 1, 1),
(26, 224, 1, 1),
(26, 225, 1, 1),
(26, 226, 1, 1),
(26, 227, 1, 1),
(26, 228, 1, 1),
(26, 229, 1, 1),
(26, 230, 1, 1),
(26, 231, 1, 1),
(26, 232, 1, 1),
(26, 233, 1, 1),
(26, 234, 1, 1),
(26, 235, 1, 1),
(26, 236, 1, 1),
(26, 237, 1, 1),
(26, 238, 1, 1),
(26, 239, 1, 1),
(26, 240, 1, 1),
(26, 241, 1, 1),
(26, 242, 1, 1),
(26, 243, 1, 1),
(26, 244, 1, 1),
(26, 245, 1, 1),
(26, 246, 1, 1),
(26, 247, 1, 1),
(26, 248, 1, 1),
(26, 249, 1, 1),
(26, 250, 1, 1),
(26, 251, 1, 1),
(26, 252, 1, 1),
(26, 253, 1, 1),
(26, 254, 1, 1),
(26, 255, 1, 1),
(26, 256, 1, 1),
(26, 257, 1, 1),
(26, 258, 1, 1),
(26, 259, 1, 1),
(26, 260, 1, 1),
(26, 261, 1, 1),
(26, 262, 1, 1),
(26, 263, 1, 1),
(26, 264, 1, 1),
(26, 265, 1, 1),
(27, 208, 1, 1),
(27, 209, 1, 1),
(27, 210, 1, 1),
(27, 211, 1, 1),
(27, 212, 1, 1),
(27, 213, 1, 1),
(27, 214, 1, 1),
(27, 215, 1, 1),
(27, 216, 1, 1),
(27, 217, 1, 1),
(27, 218, 1, 1),
(27, 219, 1, 1),
(27, 220, 1, 1),
(27, 221, 1, 1),
(27, 222, 1, 1),
(27, 223, 1, 1),
(27, 224, 1, 1),
(27, 225, 1, 1),
(27, 226, 1, 1),
(27, 227, 1, 1),
(27, 228, 1, 1),
(27, 229, 1, 1),
(27, 230, 1, 1),
(27, 231, 1, 1),
(27, 232, 1, 1),
(27, 233, 1, 1),
(27, 234, 1, 1),
(27, 235, 1, 1),
(27, 236, 1, 1),
(27, 237, 1, 1),
(27, 238, 1, 1),
(27, 239, 1, 1),
(27, 240, 1, 1),
(27, 241, 1, 1),
(27, 242, 1, 1),
(27, 243, 1, 1),
(27, 244, 1, 1),
(27, 245, 1, 1),
(27, 246, 1, 1),
(27, 247, 1, 1),
(27, 248, 1, 1),
(27, 249, 1, 1),
(27, 250, 1, 1),
(27, 251, 1, 1),
(27, 252, 1, 1),
(27, 253, 1, 1),
(27, 254, 1, 1),
(27, 255, 1, 1),
(27, 256, 1, 1),
(27, 257, 1, 1),
(27, 258, 1, 1),
(27, 259, 1, 1),
(27, 260, 1, 1),
(27, 261, 1, 1),
(27, 262, 1, 1),
(27, 263, 1, 1),
(27, 264, 1, 1),
(27, 265, 1, 1),
(28, 208, 1, 1),
(28, 209, 1, 1),
(28, 210, 1, 1),
(28, 211, 1, 1),
(28, 212, 1, 1),
(28, 213, 1, 1),
(28, 214, 1, 1),
(28, 215, 1, 1),
(28, 216, 1, 1),
(28, 217, 1, 1),
(28, 218, 1, 1),
(28, 219, 1, 1),
(28, 220, 1, 1),
(28, 221, 1, 1),
(28, 222, 1, 1),
(28, 223, 1, 1),
(28, 224, 1, 1),
(28, 225, 1, 1),
(28, 226, 1, 1),
(28, 227, 1, 1),
(28, 228, 1, 1),
(28, 229, 1, 1),
(28, 230, 1, 1),
(28, 231, 1, 1),
(28, 232, 1, 1),
(28, 233, 1, 1),
(28, 234, 1, 1),
(28, 235, 1, 1),
(28, 236, 1, 1),
(28, 237, 1, 1),
(28, 238, 1, 1),
(28, 239, 1, 1),
(28, 240, 1, 1),
(28, 241, 1, 1),
(28, 242, 1, 1),
(28, 243, 1, 1),
(28, 244, 1, 1),
(28, 245, 1, 1),
(28, 246, 1, 1),
(28, 247, 1, 1),
(28, 248, 1, 1),
(28, 249, 1, 1),
(28, 250, 1, 1),
(28, 251, 1, 1),
(28, 252, 1, 1),
(28, 253, 1, 1),
(28, 254, 1, 1),
(28, 255, 1, 1),
(28, 256, 1, 1),
(28, 257, 1, 1),
(28, 258, 1, 1),
(28, 259, 1, 1),
(28, 260, 1, 1),
(28, 261, 1, 1),
(28, 262, 1, 1),
(28, 263, 1, 1),
(28, 264, 1, 1),
(28, 265, 1, 1),
(29, 208, 1, 1),
(29, 209, 1, 1),
(29, 210, 1, 1),
(29, 211, 1, 1),
(29, 212, 1, 1),
(29, 213, 1, 1),
(29, 214, 1, 1),
(29, 215, 1, 1),
(29, 216, 1, 1),
(29, 217, 1, 1),
(29, 218, 1, 1),
(29, 219, 1, 1),
(29, 220, 1, 1),
(29, 221, 1, 1),
(29, 222, 1, 1),
(29, 223, 1, 1),
(29, 224, 1, 1),
(29, 225, 1, 1),
(29, 226, 1, 1),
(29, 227, 1, 1),
(29, 228, 1, 1),
(29, 229, 1, 1),
(29, 230, 1, 1),
(29, 231, 1, 1),
(29, 232, 1, 1),
(29, 233, 1, 1),
(29, 234, 1, 1),
(29, 235, 1, 1),
(29, 236, 1, 1),
(29, 237, 1, 1),
(29, 238, 1, 1),
(29, 239, 1, 1),
(29, 240, 1, 1),
(29, 241, 1, 1),
(29, 242, 1, 1),
(29, 243, 1, 1),
(29, 244, 1, 1),
(29, 245, 1, 1),
(29, 246, 1, 1),
(29, 247, 1, 1),
(29, 248, 1, 1),
(29, 249, 1, 1),
(29, 250, 1, 1),
(29, 251, 1, 1),
(29, 252, 1, 1),
(29, 253, 1, 1),
(29, 254, 1, 1),
(29, 255, 1, 1),
(29, 256, 1, 1),
(29, 257, 1, 1),
(29, 258, 1, 1),
(29, 259, 1, 1),
(29, 260, 1, 1),
(29, 261, 1, 1),
(29, 262, 1, 1),
(29, 263, 1, 1),
(29, 264, 1, 1),
(29, 265, 1, 1),
(30, 208, 1, 1),
(30, 209, 1, 1),
(30, 210, 1, 1),
(30, 211, 1, 1),
(30, 212, 1, 1),
(30, 213, 1, 1),
(30, 214, 1, 1),
(30, 215, 1, 1),
(30, 216, 1, 1),
(30, 217, 1, 1),
(30, 218, 1, 1),
(30, 219, 1, 1),
(30, 220, 1, 1),
(30, 221, 1, 1),
(30, 222, 1, 1),
(30, 223, 1, 1),
(30, 224, 1, 1),
(30, 225, 1, 1),
(30, 226, 1, 1),
(30, 227, 1, 1),
(30, 228, 1, 1),
(30, 229, 1, 1),
(30, 230, 1, 1),
(30, 231, 1, 1),
(30, 232, 1, 1),
(30, 233, 1, 1),
(30, 234, 1, 1),
(30, 235, 1, 1),
(30, 236, 1, 1),
(30, 237, 1, 1),
(30, 238, 1, 1),
(30, 239, 1, 1),
(30, 240, 1, 1),
(30, 241, 1, 1),
(30, 242, 1, 1),
(30, 243, 1, 1),
(30, 244, 1, 1),
(30, 245, 1, 1),
(30, 246, 1, 1),
(30, 247, 1, 1),
(30, 248, 1, 1),
(30, 249, 1, 1),
(30, 250, 1, 1),
(30, 251, 1, 1),
(30, 252, 1, 1),
(30, 253, 1, 1),
(30, 254, 1, 1),
(30, 255, 1, 1),
(30, 256, 1, 1),
(30, 257, 1, 1),
(30, 258, 1, 1),
(30, 259, 1, 1),
(30, 260, 1, 1),
(30, 261, 1, 1),
(30, 262, 1, 1),
(30, 263, 1, 1),
(30, 264, 1, 1),
(30, 265, 1, 1),
(31, 208, 1, 1),
(31, 209, 1, 1),
(31, 210, 1, 1),
(31, 211, 1, 1),
(31, 212, 1, 1),
(31, 213, 1, 1),
(31, 214, 1, 1),
(31, 215, 1, 1),
(31, 216, 1, 1),
(31, 217, 1, 1),
(31, 218, 1, 1),
(31, 219, 1, 1),
(31, 220, 1, 1),
(31, 221, 1, 1),
(31, 222, 1, 1),
(31, 223, 1, 1),
(31, 224, 1, 1),
(31, 225, 1, 1),
(31, 226, 1, 1),
(31, 227, 1, 1),
(31, 228, 1, 1),
(31, 229, 1, 1),
(31, 230, 1, 1),
(31, 231, 1, 1),
(31, 232, 1, 1),
(31, 233, 1, 1),
(31, 234, 1, 1),
(31, 235, 1, 1),
(31, 236, 1, 1),
(31, 237, 1, 1),
(31, 238, 1, 1),
(31, 239, 1, 1),
(31, 240, 1, 1),
(31, 241, 1, 1),
(31, 242, 1, 1),
(31, 243, 1, 1),
(31, 244, 1, 1),
(31, 245, 1, 1),
(31, 246, 1, 1),
(31, 247, 1, 1),
(31, 248, 1, 1),
(31, 249, 1, 1),
(31, 250, 1, 1),
(31, 251, 1, 1),
(31, 252, 1, 1),
(31, 253, 1, 1),
(31, 254, 1, 1),
(31, 255, 1, 1),
(31, 256, 1, 1),
(31, 257, 1, 1),
(31, 258, 1, 1),
(31, 259, 1, 1),
(31, 260, 1, 1),
(31, 261, 1, 1),
(31, 262, 1, 1),
(31, 263, 1, 1),
(31, 264, 1, 1),
(31, 265, 1, 1),
(32, 208, 1, 1),
(32, 209, 1, 1),
(32, 210, 1, 1),
(32, 211, 1, 1),
(32, 212, 1, 1),
(32, 213, 1, 1),
(32, 214, 1, 1),
(32, 215, 1, 1),
(32, 216, 1, 1),
(32, 217, 1, 1),
(32, 218, 1, 1),
(32, 219, 1, 1),
(32, 220, 1, 1),
(32, 221, 1, 1),
(32, 222, 1, 1),
(32, 223, 1, 1),
(32, 224, 1, 1),
(32, 225, 1, 1),
(32, 226, 1, 1),
(32, 227, 1, 1),
(32, 228, 1, 1),
(32, 229, 1, 1),
(32, 230, 1, 1),
(32, 231, 1, 1),
(32, 232, 1, 1),
(32, 233, 1, 1),
(32, 234, 1, 1),
(32, 235, 1, 1),
(32, 236, 1, 1),
(32, 237, 1, 1),
(32, 238, 1, 1),
(32, 239, 1, 1),
(32, 240, 1, 1),
(32, 241, 1, 1),
(32, 242, 1, 1),
(32, 243, 1, 1),
(32, 244, 1, 1),
(32, 245, 1, 1),
(32, 246, 1, 1),
(32, 247, 1, 1),
(32, 248, 1, 1),
(32, 249, 1, 1),
(32, 250, 1, 1),
(32, 251, 1, 1),
(32, 252, 1, 1),
(32, 253, 1, 1),
(32, 254, 1, 1),
(32, 255, 1, 1),
(32, 256, 1, 1),
(32, 257, 1, 1),
(32, 258, 1, 1),
(32, 259, 1, 1),
(32, 260, 1, 1),
(32, 261, 1, 1),
(32, 262, 1, 1),
(32, 263, 1, 1),
(32, 264, 1, 1),
(32, 265, 1, 1),
(33, 208, 1, 1),
(33, 209, 1, 1),
(33, 210, 1, 1),
(33, 211, 1, 1),
(33, 212, 1, 1),
(33, 213, 1, 1),
(33, 214, 1, 1),
(33, 215, 1, 1),
(33, 216, 1, 1),
(33, 217, 1, 1),
(33, 218, 1, 1),
(33, 219, 1, 1),
(33, 220, 1, 1),
(33, 221, 1, 1),
(33, 222, 1, 1),
(33, 223, 1, 1),
(33, 224, 1, 1),
(33, 225, 1, 1),
(33, 226, 1, 1),
(33, 227, 1, 1),
(33, 228, 1, 1),
(33, 229, 1, 1),
(33, 230, 1, 1),
(33, 231, 1, 1),
(33, 232, 1, 1),
(33, 233, 1, 1),
(33, 234, 1, 1),
(33, 235, 1, 1),
(33, 236, 1, 1),
(33, 237, 1, 1),
(33, 238, 1, 1),
(33, 239, 1, 1),
(33, 240, 1, 1),
(33, 241, 1, 1),
(33, 242, 1, 1),
(33, 243, 1, 1),
(33, 244, 1, 1),
(33, 245, 1, 1),
(33, 246, 1, 1),
(33, 247, 1, 1),
(33, 248, 1, 1),
(33, 249, 1, 1),
(33, 250, 1, 1),
(33, 251, 1, 1),
(33, 252, 1, 1),
(33, 253, 1, 1),
(33, 254, 1, 1),
(33, 255, 1, 1),
(33, 256, 1, 1),
(33, 257, 1, 1),
(33, 258, 1, 1),
(33, 259, 1, 1),
(33, 260, 1, 1),
(33, 261, 1, 1),
(33, 262, 1, 1),
(33, 263, 1, 1),
(33, 264, 1, 1),
(33, 265, 1, 1),
(34, 208, 1, 1),
(34, 209, 1, 1),
(34, 210, 1, 1),
(34, 211, 1, 1),
(34, 212, 1, 1),
(34, 213, 1, 1),
(34, 214, 1, 1),
(34, 215, 1, 1),
(34, 216, 1, 1),
(34, 217, 1, 1),
(34, 218, 1, 1),
(34, 219, 1, 1),
(34, 220, 1, 1),
(34, 221, 1, 1),
(34, 222, 1, 1),
(34, 223, 1, 1),
(34, 224, 1, 1),
(34, 225, 1, 1),
(34, 226, 1, 1),
(34, 227, 1, 1),
(34, 228, 1, 1),
(34, 229, 1, 1),
(34, 230, 1, 1),
(34, 231, 1, 1),
(34, 232, 1, 1),
(34, 233, 1, 1),
(34, 234, 1, 1),
(34, 235, 1, 1),
(34, 236, 1, 1),
(34, 237, 1, 1),
(34, 238, 1, 1),
(34, 239, 1, 1),
(34, 240, 1, 1),
(34, 241, 1, 1),
(34, 242, 1, 1),
(34, 243, 1, 1),
(34, 244, 1, 1),
(34, 245, 1, 1),
(34, 246, 1, 1),
(34, 247, 1, 1),
(34, 248, 1, 1),
(34, 249, 1, 1),
(34, 250, 1, 1),
(34, 251, 1, 1),
(34, 252, 1, 1),
(34, 253, 1, 1),
(34, 254, 1, 1),
(34, 255, 1, 1),
(34, 256, 1, 1),
(34, 257, 1, 1),
(34, 258, 1, 1),
(34, 259, 1, 1),
(34, 260, 1, 1),
(34, 261, 1, 1),
(34, 262, 1, 1),
(34, 263, 1, 1),
(34, 264, 1, 1),
(34, 265, 1, 1),
(35, 208, 1, 1),
(35, 209, 1, 1),
(35, 210, 1, 1),
(35, 211, 1, 1),
(35, 212, 1, 1),
(35, 213, 1, 1),
(35, 214, 1, 1),
(35, 215, 1, 1),
(35, 216, 1, 1),
(35, 217, 1, 1),
(35, 218, 1, 1),
(35, 219, 1, 1),
(35, 220, 1, 1),
(35, 221, 1, 1),
(35, 222, 1, 1),
(35, 223, 1, 1),
(35, 224, 1, 1),
(35, 225, 1, 1),
(35, 226, 1, 1),
(35, 227, 1, 1),
(35, 228, 1, 1),
(35, 229, 1, 1),
(35, 230, 1, 1),
(35, 231, 1, 1),
(35, 232, 1, 1),
(35, 233, 1, 1),
(35, 234, 1, 1),
(35, 235, 1, 1),
(35, 236, 1, 1),
(35, 237, 1, 1),
(35, 238, 1, 1),
(35, 239, 1, 1),
(35, 240, 1, 1),
(35, 241, 1, 1),
(35, 242, 1, 1),
(35, 243, 1, 1),
(35, 244, 1, 1),
(35, 245, 1, 1),
(35, 246, 1, 1),
(35, 247, 1, 1),
(35, 248, 1, 1),
(35, 249, 1, 1),
(35, 250, 1, 1),
(35, 251, 1, 1),
(35, 252, 1, 1),
(35, 253, 1, 1),
(35, 254, 1, 1),
(35, 255, 1, 1),
(35, 256, 1, 1),
(35, 257, 1, 1),
(35, 258, 1, 1),
(35, 259, 1, 1),
(35, 260, 1, 1),
(35, 261, 1, 1),
(35, 262, 1, 1),
(35, 263, 1, 1),
(35, 264, 1, 1),
(35, 265, 1, 1),
(36, 208, 1, 1),
(36, 209, 1, 1),
(36, 210, 1, 1),
(36, 211, 1, 1),
(36, 212, 1, 1),
(36, 213, 1, 1),
(36, 214, 1, 1),
(36, 215, 1, 1),
(36, 216, 1, 1),
(36, 217, 1, 1),
(36, 218, 1, 1),
(36, 219, 1, 1),
(36, 220, 1, 1),
(36, 221, 1, 1),
(36, 222, 1, 1),
(36, 223, 1, 1),
(36, 224, 1, 1),
(36, 225, 1, 1),
(36, 226, 1, 1),
(36, 227, 1, 1),
(36, 228, 1, 1),
(36, 229, 1, 1),
(36, 230, 1, 1),
(36, 231, 1, 1),
(36, 232, 1, 1),
(36, 233, 1, 1),
(36, 234, 1, 1),
(36, 235, 1, 1),
(36, 236, 1, 1),
(36, 237, 1, 1),
(36, 238, 1, 1),
(36, 239, 1, 1),
(36, 240, 1, 1),
(36, 241, 1, 1),
(36, 242, 1, 1),
(36, 243, 1, 1),
(36, 244, 1, 1),
(36, 245, 1, 1),
(36, 246, 1, 1),
(36, 247, 1, 1),
(36, 248, 1, 1),
(36, 249, 1, 1),
(36, 250, 1, 1),
(36, 251, 1, 1),
(36, 252, 1, 1),
(36, 253, 1, 1),
(36, 254, 1, 1),
(36, 255, 1, 1),
(36, 256, 1, 1),
(36, 257, 1, 1),
(36, 258, 1, 1),
(36, 259, 1, 1),
(36, 260, 1, 1),
(36, 261, 1, 1),
(36, 262, 1, 1),
(36, 263, 1, 1),
(36, 264, 1, 1),
(36, 265, 1, 1),
(41, 209, 1, 1),
(41, 213, 1, 1),
(41, 214, 1, 1),
(41, 215, 1, 1),
(41, 216, 1, 1),
(41, 217, 1, 1),
(41, 218, 1, 1),
(41, 219, 1, 1),
(41, 220, 1, 1),
(41, 221, 1, 1),
(41, 222, 1, 1),
(41, 223, 1, 1),
(41, 224, 1, 1),
(41, 225, 1, 1),
(41, 226, 1, 1),
(41, 227, 1, 1),
(41, 228, 1, 1),
(41, 229, 1, 1),
(41, 230, 1, 1),
(41, 231, 1, 1),
(41, 232, 1, 1),
(41, 233, 1, 1),
(41, 234, 1, 1),
(41, 235, 1, 1),
(41, 236, 1, 1),
(41, 237, 1, 1),
(41, 238, 1, 1),
(41, 239, 1, 1),
(41, 240, 1, 1),
(41, 241, 1, 1),
(41, 242, 1, 1),
(41, 243, 1, 1),
(41, 244, 1, 1),
(41, 245, 1, 1),
(41, 246, 1, 1),
(41, 247, 1, 1),
(41, 248, 1, 1),
(41, 249, 1, 1),
(41, 250, 1, 1),
(41, 251, 1, 1),
(41, 252, 1, 1),
(41, 253, 1, 1),
(41, 254, 1, 1),
(41, 255, 1, 1),
(41, 256, 1, 1),
(41, 257, 1, 1),
(41, 258, 1, 1),
(41, 259, 1, 1),
(41, 260, 1, 1),
(41, 261, 1, 1),
(41, 262, 1, 1),
(41, 263, 1, 1),
(41, 264, 1, 1),
(41, 265, 1, 1);

-- --------------------------------------------------------

--
-- Структура таблицы `tm_acl_document`
--

DROP TABLE IF EXISTS `tm_acl_document`;
CREATE TABLE `tm_acl_document` (
  `user_id` int(10) unsigned NOT NULL,
  `document_id` int(10) unsigned NOT NULL,
  `is_read` tinyint(1) NOT NULL DEFAULT '0',
  `is_write` tinyint(1) NOT NULL DEFAULT '0',
  PRIMARY KEY (`user_id`,`document_id`),
  KEY `fk_tm_acl_document_tm_user1` (`user_id`),
  KEY `fk_tm_acl_document_tm_document1` (`document_id`)
) ENGINE=InnoDB DEFAULT CHARSET=utf8;

--
-- Дамп данных таблицы `tm_acl_document`
--

INSERT INTO `tm_acl_document` (`user_id`, `document_id`, `is_read`, `is_write`) VALUES
(1, 215, 1, 1),
(1, 244, 1, 1),
(1, 247, 1, 1),
(1, 248, 1, 1),
(1, 249, 1, 1),
(1, 250, 1, 1),
(1, 251, 1, 1),
(1, 252, 1, 1),
(1, 253, 1, 1),
(1, 254, 1, 1),
(1, 255, 1, 1),
(1, 256, 1, 1),
(1, 257, 1, 1),
(1, 258, 1, 1),
(1, 259, 1, 1),
(1, 260, 1, 1),
(1, 261, 1, 1),
(1, 262, 1, 1),
(1, 263, 1, 1),
(1, 264, 1, 1),
(1, 265, 1, 1),
(1, 266, 1, 1),
(1, 267, 1, 1),
(1, 268, 1, 1),
(1, 269, 1, 1),
(1, 270, 1, 1),
(1, 271, 1, 1),
(1, 272, 1, 1),
(1, 273, 1, 1),
(1, 274, 1, 1),
(1, 275, 1, 1),
(1, 276, 1, 1),
(1, 277, 1, 1),
(1, 278, 1, 1),
(1, 279, 1, 1),
(1, 280, 1, 1),
(1, 281, 1, 1),
(1, 282, 1, 1),
(1, 283, 1, 1),
(1, 284, 1, 1),
(1, 285, 1, 1),
(1, 286, 1, 1),
(1, 287, 1, 1),
(1, 288, 1, 1),
(1, 289, 1, 1),
(1, 290, 1, 1),
(1, 291, 1, 1),
(1, 292, 1, 1),
(1, 293, 1, 1),
(1, 294, 1, 1),
(1, 295, 1, 1),
(1, 296, 1, 1),
(1, 297, 1, 1),
(1, 298, 1, 1),
(1, 299, 1, 1),
(1, 300, 1, 1),
(1, 301, 1, 1),
(1, 302, 1, 1),
(1, 303, 1, 1),
(5, 215, 1, 1),
(5, 244, 1, 1),
(5, 247, 1, 1),
(5, 248, 1, 1),
(5, 249, 1, 1),
(5, 250, 1, 1),
(5, 251, 1, 1),
(5, 252, 1, 1),
(5, 253, 1, 1),
(5, 254, 1, 1),
(5, 255, 1, 1),
(5, 256, 1, 1),
(5, 257, 1, 1),
(5, 258, 1, 1),
(5, 259, 1, 1),
(5, 260, 1, 1),
(5, 261, 1, 1),
(5, 262, 1, 1),
(5, 263, 1, 1),
(5, 264, 1, 1),
(5, 265, 1, 1),
(5, 266, 1, 1),
(5, 267, 1, 1),
(5, 268, 1, 1),
(5, 269, 1, 1),
(5, 270, 1, 1),
(5, 271, 1, 1),
(5, 272, 1, 1),
(5, 273, 1, 1),
(5, 274, 1, 1),
(5, 275, 1, 1),
(5, 276, 1, 1),
(5, 277, 1, 1),
(5, 278, 1, 1),
(5, 279, 1, 1),
(5, 280, 1, 1),
(5, 281, 1, 1),
(5, 282, 1, 1),
(5, 283, 1, 1),
(5, 284, 1, 1),
(5, 285, 1, 1),
(5, 286, 1, 1),
(5, 287, 1, 1),
(5, 288, 1, 1),
(5, 289, 1, 1),
(5, 290, 1, 1),
(5, 291, 1, 1),
(5, 292, 1, 1),
(5, 293, 1, 1),
(5, 294, 1, 1),
(5, 295, 1, 1),
(5, 296, 1, 1),
(5, 297, 1, 1),
(5, 298, 1, 1),
(5, 299, 1, 1),
(5, 300, 1, 1),
(5, 301, 1, 1),
(5, 302, 1, 1),
(5, 303, 1, 1),
(7, 215, 1, 1),
(7, 244, 1, 1),
(7, 247, 1, 1),
(7, 248, 1, 1),
(7, 249, 1, 1),
(7, 250, 1, 1),
(7, 251, 1, 1),
(7, 252, 1, 1),
(7, 253, 1, 1),
(7, 254, 1, 1),
(7, 255, 1, 1),
(7, 256, 1, 1),
(7, 257, 1, 1),
(7, 258, 1, 1),
(7, 259, 1, 1),
(7, 260, 1, 1),
(7, 261, 1, 1),
(7, 262, 1, 1),
(7, 263, 1, 1),
(7, 264, 1, 1),
(7, 265, 1, 1),
(7, 266, 1, 1),
(7, 267, 1, 1),
(7, 268, 1, 1),
(7, 269, 1, 1),
(7, 270, 1, 1),
(7, 271, 1, 1),
(7, 272, 1, 1),
(7, 273, 1, 1),
(7, 274, 1, 1),
(7, 275, 1, 1),
(7, 276, 1, 1),
(7, 277, 1, 1),
(7, 278, 1, 1),
(7, 279, 1, 1),
(7, 280, 1, 1),
(7, 281, 1, 1),
(7, 282, 1, 1),
(7, 283, 1, 1),
(7, 284, 1, 1),
(7, 285, 1, 1),
(7, 286, 1, 1),
(7, 287, 1, 1),
(7, 288, 1, 1),
(7, 289, 1, 1),
(7, 290, 1, 1),
(7, 291, 1, 1),
(7, 292, 1, 1),
(7, 293, 1, 1),
(7, 294, 1, 1),
(7, 295, 1, 1),
(7, 296, 1, 1),
(7, 297, 1, 1),
(7, 298, 1, 1),
(7, 299, 1, 1),
(7, 300, 1, 1),
(7, 301, 1, 1),
(7, 302, 1, 1),
(7, 303, 1, 1),
(8, 215, 1, 1),
(8, 244, 1, 1),
(8, 247, 1, 1),
(8, 248, 1, 1),
(8, 249, 1, 1),
(8, 250, 1, 1),
(8, 251, 1, 1),
(8, 252, 1, 1),
(8, 253, 1, 1),
(8, 254, 1, 1),
(8, 255, 1, 1),
(8, 256, 1, 1),
(8, 257, 1, 1),
(8, 258, 1, 1),
(8, 259, 1, 1),
(8, 260, 1, 1),
(8, 261, 1, 1),
(8, 262, 1, 1),
(8, 263, 1, 1),
(8, 264, 1, 1),
(8, 265, 1, 1),
(8, 266, 1, 1),
(8, 267, 1, 1),
(8, 268, 1, 1),
(8, 269, 1, 1),
(8, 270, 1, 1),
(8, 271, 1, 1),
(8, 272, 1, 1),
(8, 273, 1, 1),
(8, 274, 1, 1),
(8, 275, 1, 1),
(8, 276, 1, 1),
(8, 277, 1, 1),
(8, 278, 1, 1),
(8, 279, 1, 1),
(8, 280, 1, 1),
(8, 281, 1, 1),
(8, 282, 1, 1),
(8, 283, 1, 1),
(8, 284, 1, 1),
(8, 285, 1, 1),
(8, 286, 1, 1),
(8, 287, 1, 1),
(8, 288, 1, 1),
(8, 289, 1, 1),
(8, 290, 1, 1),
(8, 291, 1, 1),
(8, 292, 1, 1),
(8, 293, 1, 1),
(8, 294, 1, 1),
(8, 295, 1, 1),
(8, 296, 1, 1),
(8, 297, 1, 1),
(8, 298, 1, 1),
(8, 299, 1, 1),
(8, 300, 1, 1),
(8, 301, 1, 1),
(8, 302, 1, 1),
(8, 303, 1, 1),
(9, 215, 1, 1),
(9, 244, 1, 1),
(9, 247, 1, 1),
(9, 248, 1, 1),
(9, 249, 1, 1),
(9, 250, 1, 1),
(9, 251, 1, 1),
(9, 252, 1, 1),
(9, 253, 1, 1),
(9, 254, 1, 1),
(9, 255, 1, 1),
(9, 256, 1, 1),
(9, 257, 1, 1),
(9, 258, 1, 1),
(9, 259, 1, 1),
(9, 260, 1, 1),
(9, 261, 1, 1),
(9, 262, 1, 1),
(9, 263, 1, 1),
(9, 264, 1, 1),
(9, 265, 1, 1),
(9, 266, 1, 1),
(9, 267, 1, 1),
(9, 268, 1, 1),
(9, 269, 1, 1),
(9, 270, 1, 1),
(9, 271, 1, 1),
(9, 272, 1, 1),
(9, 273, 1, 1),
(9, 274, 1, 1),
(9, 275, 1, 1),
(9, 276, 1, 1),
(9, 277, 1, 1),
(9, 278, 1, 1),
(9, 279, 1, 1),
(9, 280, 1, 1),
(9, 281, 1, 1),
(9, 282, 1, 1),
(9, 283, 1, 1),
(9, 284, 1, 1),
(9, 285, 1, 1),
(9, 286, 1, 1),
(9, 287, 1, 1),
(9, 288, 1, 1),
(9, 289, 1, 1),
(9, 290, 1, 1),
(9, 291, 1, 1),
(9, 292, 1, 1),
(9, 293, 1, 1),
(9, 294, 1, 1),
(9, 295, 1, 1),
(9, 296, 1, 1),
(9, 297, 1, 1),
(9, 298, 1, 1),
(9, 299, 1, 1),
(9, 300, 1, 1),
(9, 301, 1, 1),
(9, 302, 1, 1),
(9, 303, 1, 1),
(10, 215, 1, 1),
(10, 244, 1, 1),
(10, 247, 1, 1),
(10, 248, 1, 1),
(10, 249, 1, 1),
(10, 250, 1, 1),
(10, 251, 1, 1),
(10, 252, 1, 1),
(10, 253, 1, 1),
(10, 254, 1, 1),
(10, 255, 1, 1),
(10, 256, 1, 1),
(10, 257, 1, 1),
(10, 258, 1, 1),
(10, 259, 1, 1),
(10, 260, 1, 1),
(10, 261, 1, 1),
(10, 262, 1, 1),
(10, 263, 1, 1),
(10, 264, 1, 1),
(10, 265, 1, 1),
(10, 266, 1, 1),
(10, 267, 1, 1),
(10, 268, 1, 1),
(10, 269, 1, 1),
(10, 270, 1, 1),
(10, 271, 1, 1),
(10, 272, 1, 1),
(10, 273, 1, 1),
(10, 274, 1, 1),
(10, 275, 1, 1),
(10, 276, 1, 1),
(10, 277, 1, 1),
(10, 278, 1, 1),
(10, 279, 1, 1),
(10, 280, 1, 1),
(10, 281, 1, 1),
(10, 282, 1, 1),
(10, 283, 1, 1),
(10, 284, 1, 1),
(10, 285, 1, 1),
(10, 286, 1, 1),
(10, 287, 1, 1),
(10, 288, 1, 1),
(10, 289, 1, 1),
(10, 290, 1, 1),
(10, 291, 1, 1),
(10, 292, 1, 1),
(10, 293, 1, 1),
(10, 294, 1, 1),
(10, 295, 1, 1),
(10, 296, 1, 1),
(10, 297, 1, 1),
(10, 298, 1, 1),
(10, 299, 1, 1),
(10, 300, 1, 1),
(10, 301, 1, 1),
(10, 302, 1, 1),
(10, 303, 1, 1),
(11, 244, 1, 1),
(11, 247, 1, 1),
(11, 248, 1, 1),
(11, 249, 1, 1),
(11, 250, 1, 1),
(11, 251, 1, 1),
(11, 252, 1, 1),
(11, 253, 1, 1),
(11, 254, 1, 1),
(11, 255, 1, 1),
(11, 256, 1, 1),
(11, 257, 1, 1),
(11, 258, 1, 1),
(11, 259, 1, 1),
(11, 260, 1, 1),
(11, 261, 1, 1),
(11, 262, 1, 1),
(11, 263, 1, 1),
(11, 264, 1, 1),
(11, 265, 1, 1),
(11, 266, 1, 1),
(11, 267, 1, 1),
(11, 268, 1, 1),
(11, 269, 1, 1),
(11, 270, 1, 1),
(11, 271, 1, 1),
(11, 272, 1, 1),
(11, 273, 1, 1),
(11, 274, 1, 1),
(11, 275, 1, 1),
(11, 276, 1, 1),
(11, 277, 1, 1),
(11, 278, 1, 1),
(11, 279, 1, 1),
(11, 280, 1, 1),
(11, 281, 1, 1),
(11, 282, 1, 1),
(11, 283, 1, 1),
(11, 284, 1, 1),
(11, 285, 1, 1),
(11, 286, 1, 1),
(11, 287, 1, 1),
(11, 288, 1, 1),
(11, 289, 1, 1),
(11, 290, 1, 1),
(11, 291, 1, 1),
(11, 292, 1, 1),
(11, 293, 1, 1),
(11, 294, 1, 1),
(11, 295, 1, 1),
(11, 296, 1, 1),
(11, 297, 1, 1),
(11, 298, 1, 1),
(11, 299, 1, 1),
(11, 300, 1, 1),
(11, 301, 1, 1),
(11, 302, 1, 1),
(11, 303, 1, 1),
(12, 244, 1, 1),
(12, 247, 1, 1),
(12, 248, 1, 1),
(12, 249, 1, 1),
(12, 250, 1, 1),
(12, 251, 1, 1),
(12, 252, 1, 1),
(12, 253, 1, 1),
(12, 254, 1, 1),
(12, 255, 1, 1),
(12, 256, 1, 1),
(12, 257, 1, 1),
(12, 258, 1, 1),
(12, 259, 1, 1),
(12, 260, 1, 1),
(12, 261, 1, 1),
(12, 262, 1, 1),
(12, 263, 1, 1),
(12, 264, 1, 1),
(12, 265, 1, 1),
(12, 266, 1, 1),
(12, 267, 1, 1),
(12, 268, 1, 1),
(12, 269, 1, 1),
(12, 270, 1, 1),
(12, 271, 1, 1),
(12, 272, 1, 1),
(12, 273, 1, 1),
(12, 274, 1, 1),
(12, 275, 1, 1),
(12, 276, 1, 1),
(12, 277, 1, 1),
(12, 278, 1, 1),
(12, 279, 1, 1),
(12, 280, 1, 1),
(12, 281, 1, 1),
(12, 282, 1, 1),
(12, 283, 1, 1),
(12, 284, 1, 1),
(12, 285, 1, 1),
(12, 286, 1, 1),
(12, 287, 1, 1),
(12, 288, 1, 1),
(12, 289, 1, 1),
(12, 290, 1, 1),
(12, 291, 1, 1),
(12, 292, 1, 1),
(12, 293, 1, 1),
(12, 294, 1, 1),
(12, 295, 1, 1),
(12, 296, 1, 1),
(12, 297, 1, 1),
(12, 298, 1, 1),
(12, 299, 1, 1),
(12, 300, 1, 1),
(12, 301, 1, 1),
(12, 302, 1, 1),
(12, 303, 1, 1),
(13, 244, 1, 1),
(13, 247, 1, 1),
(13, 248, 1, 1),
(13, 249, 1, 1),
(13, 250, 1, 1),
(13, 251, 1, 1),
(13, 252, 1, 1),
(13, 253, 1, 1),
(13, 254, 1, 1),
(13, 255, 1, 1),
(13, 256, 1, 1),
(13, 257, 1, 1),
(13, 258, 1, 1),
(13, 259, 1, 1),
(13, 260, 1, 1),
(13, 261, 1, 1),
(13, 262, 1, 1),
(13, 263, 1, 1),
(13, 264, 1, 1),
(13, 265, 1, 1),
(13, 266, 1, 1),
(13, 267, 1, 1),
(13, 268, 1, 1),
(13, 269, 1, 1),
(13, 270, 1, 1),
(13, 271, 1, 1),
(13, 272, 1, 1),
(13, 273, 1, 1),
(13, 274, 1, 1),
(13, 275, 1, 1),
(13, 276, 1, 1),
(13, 277, 1, 1),
(13, 278, 1, 1),
(13, 279, 1, 1),
(13, 280, 1, 1),
(13, 281, 1, 1),
(13, 282, 1, 1),
(13, 283, 1, 1),
(13, 284, 1, 1),
(13, 285, 1, 1),
(13, 286, 1, 1),
(13, 287, 1, 1),
(13, 288, 1, 1),
(13, 289, 1, 1),
(13, 290, 1, 1),
(13, 291, 1, 1),
(13, 292, 1, 1),
(13, 293, 1, 1),
(13, 294, 1, 1),
(13, 295, 1, 1),
(13, 296, 1, 1),
(13, 297, 1, 1),
(13, 298, 1, 1),
(13, 299, 1, 1),
(13, 300, 1, 1),
(13, 301, 1, 1),
(13, 302, 1, 1),
(13, 303, 1, 1),
(14, 244, 1, 1),
(14, 247, 1, 1),
(14, 248, 1, 1),
(14, 249, 1, 1),
(14, 250, 1, 1),
(14, 251, 1, 1),
(14, 252, 1, 1),
(14, 253, 1, 1),
(14, 254, 1, 1),
(14, 255, 1, 1),
(14, 256, 1, 1),
(14, 257, 1, 1),
(14, 258, 1, 1),
(14, 259, 1, 1),
(14, 260, 1, 1),
(14, 261, 1, 1),
(14, 262, 1, 1),
(14, 263, 1, 1),
(14, 264, 1, 1),
(14, 265, 1, 1),
(14, 266, 1, 1),
(14, 267, 1, 1),
(14, 268, 1, 1),
(14, 269, 1, 1),
(14, 270, 1, 1),
(14, 271, 1, 1),
(14, 272, 1, 1),
(14, 273, 1, 1),
(14, 274, 1, 1),
(14, 275, 1, 1),
(14, 276, 1, 1),
(14, 277, 1, 1),
(14, 278, 1, 1),
(14, 279, 1, 1),
(14, 280, 1, 1),
(14, 281, 1, 1),
(14, 282, 1, 1),
(14, 283, 1, 1),
(14, 284, 1, 1),
(14, 285, 1, 1),
(14, 286, 1, 1),
(14, 287, 1, 1),
(14, 288, 1, 1),
(14, 289, 1, 1),
(14, 290, 1, 1),
(14, 291, 1, 1),
(14, 292, 1, 1),
(14, 293, 1, 1),
(14, 294, 1, 1),
(14, 295, 1, 1),
(14, 296, 1, 1),
(14, 297, 1, 1),
(14, 298, 1, 1),
(14, 299, 1, 1),
(14, 300, 1, 1),
(14, 301, 1, 1),
(14, 302, 1, 1),
(14, 303, 1, 1),
(15, 244, 1, 1),
(15, 247, 1, 1),
(15, 248, 1, 1),
(15, 249, 1, 1),
(15, 250, 1, 1),
(15, 251, 1, 1),
(15, 252, 1, 1),
(15, 253, 1, 1),
(15, 254, 1, 1),
(15, 255, 1, 1),
(15, 256, 1, 1),
(15, 257, 1, 1),
(15, 258, 1, 1),
(15, 259, 1, 1),
(15, 260, 1, 1),
(15, 261, 1, 1),
(15, 262, 1, 1),
(15, 263, 1, 1),
(15, 264, 1, 1),
(15, 265, 1, 1),
(15, 266, 1, 1),
(15, 267, 1, 1),
(15, 268, 1, 1),
(15, 269, 1, 1),
(15, 270, 1, 1),
(15, 271, 1, 1),
(15, 272, 1, 1),
(15, 273, 1, 1),
(15, 274, 1, 1),
(15, 275, 1, 1),
(15, 276, 1, 1),
(15, 277, 1, 1),
(15, 278, 1, 1),
(15, 279, 1, 1),
(15, 280, 1, 1),
(15, 281, 1, 1),
(15, 282, 1, 1),
(15, 283, 1, 1),
(15, 284, 1, 1),
(15, 285, 1, 1),
(15, 286, 1, 1),
(15, 287, 1, 1),
(15, 288, 1, 1),
(15, 289, 1, 1),
(15, 290, 1, 1),
(15, 291, 1, 1),
(15, 292, 1, 1),
(15, 293, 1, 1),
(15, 294, 1, 1),
(15, 295, 1, 1),
(15, 296, 1, 1),
(15, 297, 1, 1),
(15, 298, 1, 1),
(15, 299, 1, 1),
(15, 300, 1, 1),
(15, 301, 1, 1),
(15, 302, 1, 1),
(15, 303, 1, 1),
(16, 244, 1, 1),
(16, 247, 1, 1),
(16, 248, 1, 1),
(16, 249, 1, 1),
(16, 250, 1, 1),
(16, 251, 1, 1),
(16, 252, 1, 1),
(16, 253, 1, 1),
(16, 254, 1, 1),
(16, 255, 1, 1),
(16, 256, 1, 1),
(16, 257, 1, 1),
(16, 258, 1, 1),
(16, 259, 1, 1),
(16, 260, 1, 1),
(16, 261, 1, 1),
(16, 262, 1, 1),
(16, 263, 1, 1),
(16, 264, 1, 1),
(16, 265, 1, 1),
(16, 266, 1, 1),
(16, 267, 1, 1),
(16, 268, 1, 1),
(16, 269, 1, 1),
(16, 270, 1, 1),
(16, 271, 1, 1),
(16, 272, 1, 1),
(16, 273, 1, 1),
(16, 274, 1, 1),
(16, 275, 1, 1),
(16, 276, 1, 1),
(16, 277, 1, 1),
(16, 278, 1, 1),
(16, 279, 1, 1),
(16, 280, 1, 1),
(16, 281, 1, 1),
(16, 282, 1, 1),
(16, 283, 1, 1),
(16, 284, 1, 1),
(16, 285, 1, 1),
(16, 286, 1, 1),
(16, 287, 1, 1),
(16, 288, 1, 1),
(16, 289, 1, 1),
(16, 290, 1, 1),
(16, 291, 1, 1),
(16, 292, 1, 1),
(16, 293, 1, 1),
(16, 294, 1, 1),
(16, 295, 1, 1),
(16, 296, 1, 1),
(16, 297, 1, 1),
(16, 298, 1, 1),
(16, 299, 1, 1),
(16, 300, 1, 1),
(16, 301, 1, 1),
(16, 302, 1, 1),
(16, 303, 1, 1),
(17, 244, 1, 1),
(17, 247, 1, 1),
(17, 248, 1, 1),
(17, 249, 1, 1),
(17, 250, 1, 1),
(17, 251, 1, 1),
(17, 252, 1, 1),
(17, 253, 1, 1),
(17, 254, 1, 1),
(17, 255, 1, 1),
(17, 256, 1, 1),
(17, 257, 1, 1),
(17, 258, 1, 1),
(17, 259, 1, 1),
(17, 260, 1, 1),
(17, 261, 1, 1),
(17, 262, 1, 1),
(17, 263, 1, 1),
(17, 264, 1, 1),
(17, 265, 1, 1),
(17, 266, 1, 1),
(17, 267, 1, 1),
(17, 268, 1, 1),
(17, 269, 1, 1),
(17, 270, 1, 1),
(17, 271, 1, 1),
(17, 272, 1, 1),
(17, 273, 1, 1),
(17, 274, 1, 1),
(17, 275, 1, 1),
(17, 276, 1, 1),
(17, 277, 1, 1),
(17, 278, 1, 1),
(17, 279, 1, 1),
(17, 280, 1, 1),
(17, 281, 1, 1),
(17, 282, 1, 1),
(17, 283, 1, 1),
(17, 284, 1, 1),
(17, 285, 1, 1),
(17, 286, 1, 1),
(17, 287, 1, 1),
(17, 288, 1, 1),
(17, 289, 1, 1),
(17, 290, 1, 1),
(17, 291, 1, 1),
(17, 292, 1, 1),
(17, 293, 1, 1),
(17, 294, 1, 1),
(17, 295, 1, 1),
(17, 296, 1, 1),
(17, 297, 1, 1),
(17, 298, 1, 1),
(17, 299, 1, 1),
(17, 300, 1, 1),
(17, 301, 1, 1),
(17, 302, 1, 1),
(17, 303, 1, 1),
(18, 244, 1, 1),
(18, 247, 1, 1),
(18, 248, 1, 1),
(18, 249, 1, 1),
(18, 250, 1, 1),
(18, 251, 1, 1),
(18, 252, 1, 1),
(18, 253, 1, 1),
(18, 254, 1, 1),
(18, 255, 1, 1),
(18, 256, 1, 1),
(18, 257, 1, 1),
(18, 258, 1, 1),
(18, 259, 1, 1),
(18, 260, 1, 1),
(18, 261, 1, 1),
(18, 262, 1, 1),
(18, 263, 1, 1),
(18, 264, 1, 1),
(18, 265, 1, 1),
(18, 266, 1, 1),
(18, 267, 1, 1),
(18, 268, 1, 1),
(18, 269, 1, 1),
(18, 270, 1, 1),
(18, 271, 1, 1),
(18, 272, 1, 1),
(18, 273, 1, 1),
(18, 274, 1, 1),
(18, 275, 1, 1),
(18, 276, 1, 1),
(18, 277, 1, 1),
(18, 278, 1, 1),
(18, 279, 1, 1),
(18, 280, 1, 1),
(18, 281, 1, 1),
(18, 282, 1, 1),
(18, 283, 1, 1),
(18, 284, 1, 1),
(18, 285, 1, 1),
(18, 286, 1, 1),
(18, 287, 1, 1),
(18, 288, 1, 1),
(18, 289, 1, 1),
(18, 290, 1, 1),
(18, 291, 1, 1),
(18, 292, 1, 1),
(18, 293, 1, 1),
(18, 294, 1, 1),
(18, 295, 1, 1),
(18, 296, 1, 1),
(18, 297, 1, 1),
(18, 298, 1, 1),
(18, 299, 1, 1),
(18, 300, 1, 1),
(18, 301, 1, 1),
(18, 302, 1, 1),
(18, 303, 1, 1),
(19, 244, 1, 1),
(19, 247, 1, 1),
(19, 248, 1, 1),
(19, 249, 1, 1),
(19, 250, 1, 1),
(19, 251, 1, 1),
(19, 252, 1, 1),
(19, 253, 1, 1),
(19, 254, 1, 1),
(19, 255, 1, 1),
(19, 256, 1, 1),
(19, 257, 1, 1),
(19, 258, 1, 1),
(19, 259, 1, 1),
(19, 260, 1, 1),
(19, 261, 1, 1),
(19, 262, 1, 1),
(19, 263, 1, 1),
(19, 264, 1, 1),
(19, 265, 1, 1),
(19, 266, 1, 1),
(19, 267, 1, 1),
(19, 268, 1, 1),
(19, 269, 1, 1),
(19, 270, 1, 1),
(19, 271, 1, 1),
(19, 272, 1, 1),
(19, 273, 1, 1),
(19, 274, 1, 1),
(19, 275, 1, 1),
(19, 276, 1, 1),
(19, 277, 1, 1),
(19, 278, 1, 1),
(19, 279, 1, 1),
(19, 280, 1, 1),
(19, 281, 1, 1),
(19, 282, 1, 1),
(19, 283, 1, 1),
(19, 284, 1, 1),
(19, 285, 1, 1),
(19, 286, 1, 1),
(19, 287, 1, 1),
(19, 288, 1, 1),
(19, 289, 1, 1),
(19, 290, 1, 1),
(19, 291, 1, 1),
(19, 292, 1, 1),
(19, 293, 1, 1),
(19, 294, 1, 1),
(19, 295, 1, 1),
(19, 296, 1, 1),
(19, 297, 1, 1),
(19, 298, 1, 1),
(19, 299, 1, 1),
(19, 300, 1, 1),
(19, 301, 1, 1),
(19, 302, 1, 1),
(19, 303, 1, 1),
(20, 244, 1, 1),
(20, 247, 1, 1),
(20, 248, 1, 1),
(20, 249, 1, 1),
(20, 250, 1, 1),
(20, 251, 1, 1),
(20, 252, 1, 1),
(20, 253, 1, 1),
(20, 254, 1, 1),
(20, 255, 1, 1),
(20, 256, 1, 1),
(20, 257, 1, 1),
(20, 258, 1, 1),
(20, 259, 1, 1),
(20, 260, 1, 1),
(20, 261, 1, 1),
(20, 262, 1, 1),
(20, 263, 1, 1),
(20, 264, 1, 1),
(20, 265, 1, 1),
(20, 266, 1, 1),
(20, 267, 1, 1),
(20, 268, 1, 1),
(20, 269, 1, 1),
(20, 270, 1, 1),
(20, 271, 1, 1),
(20, 272, 1, 1),
(20, 273, 1, 1),
(20, 274, 1, 1),
(20, 275, 1, 1),
(20, 276, 1, 1),
(20, 277, 1, 1),
(20, 278, 1, 1),
(20, 279, 1, 1),
(20, 280, 1, 1),
(20, 281, 1, 1),
(20, 282, 1, 1),
(20, 283, 1, 1),
(20, 284, 1, 1),
(20, 285, 1, 1),
(20, 286, 1, 1),
(20, 287, 1, 1),
(20, 288, 1, 1),
(20, 289, 1, 1),
(20, 290, 1, 1),
(20, 291, 1, 1),
(20, 292, 1, 1),
(20, 293, 1, 1),
(20, 294, 1, 1),
(20, 295, 1, 1),
(20, 296, 1, 1),
(20, 297, 1, 1),
(20, 298, 1, 1),
(20, 299, 1, 1),
(20, 300, 1, 1),
(20, 301, 1, 1),
(20, 302, 1, 1),
(20, 303, 1, 1),
(21, 244, 1, 1),
(21, 247, 1, 1),
(21, 248, 1, 1),
(21, 249, 1, 1),
(21, 250, 1, 1),
(21, 251, 1, 1),
(21, 252, 1, 1),
(21, 253, 1, 1),
(21, 254, 1, 1),
(21, 255, 1, 1),
(21, 256, 1, 1),
(21, 257, 1, 1),
(21, 258, 1, 1),
(21, 259, 1, 1),
(21, 260, 1, 1),
(21, 261, 1, 1),
(21, 262, 1, 1),
(21, 263, 1, 1),
(21, 264, 1, 1),
(21, 265, 1, 1),
(21, 266, 1, 1),
(21, 267, 1, 1),
(21, 268, 1, 1),
(21, 269, 1, 1),
(21, 270, 1, 1),
(21, 271, 1, 1),
(21, 272, 1, 1),
(21, 273, 1, 1),
(21, 274, 1, 1),
(21, 275, 1, 1),
(21, 276, 1, 1),
(21, 277, 1, 1),
(21, 278, 1, 1),
(21, 279, 1, 1),
(21, 280, 1, 1),
(21, 281, 1, 1),
(21, 282, 1, 1),
(21, 283, 1, 1),
(21, 284, 1, 1),
(21, 285, 1, 1),
(21, 286, 1, 1),
(21, 287, 1, 1),
(21, 288, 1, 1),
(21, 289, 1, 1),
(21, 290, 1, 1),
(21, 291, 1, 1),
(21, 292, 1, 1),
(21, 293, 1, 1),
(21, 294, 1, 1),
(21, 295, 1, 1),
(21, 296, 1, 1),
(21, 297, 1, 1),
(21, 298, 1, 1),
(21, 299, 1, 1),
(21, 300, 1, 1),
(21, 301, 1, 1),
(21, 302, 1, 1),
(21, 303, 1, 1),
(22, 244, 1, 1),
(22, 247, 1, 1),
(22, 248, 1, 1),
(22, 249, 1, 1),
(22, 250, 1, 1),
(22, 251, 1, 1),
(22, 252, 1, 1),
(22, 253, 1, 1),
(22, 254, 1, 1),
(22, 255, 1, 1),
(22, 256, 1, 1),
(22, 257, 1, 1),
(22, 258, 1, 1),
(22, 259, 1, 1),
(22, 260, 1, 1),
(22, 261, 1, 1),
(22, 262, 1, 1),
(22, 263, 1, 1),
(22, 264, 1, 1),
(22, 265, 1, 1),
(22, 266, 1, 1),
(22, 267, 1, 1),
(22, 268, 1, 1),
(22, 269, 1, 1),
(22, 270, 1, 1),
(22, 271, 1, 1),
(22, 272, 1, 1),
(22, 273, 1, 1),
(22, 274, 1, 1),
(22, 275, 1, 1),
(22, 276, 1, 1),
(22, 277, 1, 1),
(22, 278, 1, 1),
(22, 279, 1, 1),
(22, 280, 1, 1),
(22, 281, 1, 1),
(22, 282, 1, 1),
(22, 283, 1, 1),
(22, 284, 1, 1),
(22, 285, 1, 1),
(22, 286, 1, 1),
(22, 287, 1, 1),
(22, 288, 1, 1),
(22, 289, 1, 1),
(22, 290, 1, 1),
(22, 291, 1, 1),
(22, 292, 1, 1),
(22, 293, 1, 1),
(22, 294, 1, 1),
(22, 295, 1, 1),
(22, 296, 1, 1),
(22, 297, 1, 1),
(22, 298, 1, 1),
(22, 299, 1, 1),
(22, 300, 1, 1),
(22, 301, 1, 1),
(22, 302, 1, 1),
(22, 303, 1, 1),
(23, 244, 1, 1),
(23, 247, 1, 1),
(23, 248, 1, 1),
(23, 249, 1, 1),
(23, 250, 1, 1),
(23, 251, 1, 1),
(23, 252, 1, 1),
(23, 253, 1, 1),
(23, 254, 1, 1),
(23, 255, 1, 1),
(23, 256, 1, 1),
(23, 257, 1, 1),
(23, 258, 1, 1),
(23, 259, 1, 1),
(23, 260, 1, 1),
(23, 261, 1, 1),
(23, 262, 1, 1),
(23, 263, 1, 1),
(23, 264, 1, 1),
(23, 265, 1, 1),
(23, 266, 1, 1),
(23, 267, 1, 1),
(23, 268, 1, 1),
(23, 269, 1, 1),
(23, 270, 1, 1),
(23, 271, 1, 1),
(23, 272, 1, 1),
(23, 273, 1, 1),
(23, 274, 1, 1),
(23, 275, 1, 1),
(23, 276, 1, 1),
(23, 277, 1, 1),
(23, 278, 1, 1),
(23, 279, 1, 1),
(23, 280, 1, 1),
(23, 281, 1, 1),
(23, 282, 1, 1),
(23, 283, 1, 1),
(23, 284, 1, 1),
(23, 285, 1, 1),
(23, 286, 1, 1),
(23, 287, 1, 1),
(23, 288, 1, 1),
(23, 289, 1, 1),
(23, 290, 1, 1),
(23, 291, 1, 1),
(23, 292, 1, 1),
(23, 293, 1, 1),
(23, 294, 1, 1),
(23, 295, 1, 1),
(23, 296, 1, 1),
(23, 297, 1, 1),
(23, 298, 1, 1),
(23, 299, 1, 1),
(23, 300, 1, 1),
(23, 301, 1, 1),
(23, 302, 1, 1),
(23, 303, 1, 1),
(24, 244, 1, 1),
(24, 247, 1, 1),
(24, 248, 1, 1),
(24, 249, 1, 1),
(24, 250, 1, 1),
(24, 251, 1, 1),
(24, 252, 1, 1),
(24, 253, 1, 1),
(24, 254, 1, 1),
(24, 255, 1, 1),
(24, 256, 1, 1),
(24, 257, 1, 1),
(24, 258, 1, 1),
(24, 259, 1, 1),
(24, 260, 1, 1),
(24, 261, 1, 1),
(24, 262, 1, 1),
(24, 263, 1, 1),
(24, 264, 1, 1),
(24, 265, 1, 1),
(24, 266, 1, 1),
(24, 267, 1, 1),
(24, 268, 1, 1),
(24, 269, 1, 1),
(24, 270, 1, 1),
(24, 271, 1, 1),
(24, 272, 1, 1),
(24, 273, 1, 1),
(24, 274, 1, 1),
(24, 275, 1, 1),
(24, 276, 1, 1),
(24, 277, 1, 1),
(24, 278, 1, 1),
(24, 279, 1, 1),
(24, 280, 1, 1),
(24, 281, 1, 1),
(24, 282, 1, 1),
(24, 283, 1, 1),
(24, 284, 1, 1),
(24, 285, 1, 1),
(24, 286, 1, 1),
(24, 287, 1, 1),
(24, 288, 1, 1),
(24, 289, 1, 1),
(24, 290, 1, 1),
(24, 291, 1, 1),
(24, 292, 1, 1),
(24, 293, 1, 1),
(24, 294, 1, 1),
(24, 295, 1, 1),
(24, 296, 1, 1),
(24, 297, 1, 1),
(24, 298, 1, 1),
(24, 299, 1, 1),
(24, 300, 1, 1),
(24, 301, 1, 1),
(24, 302, 1, 1),
(24, 303, 1, 1),
(25, 244, 1, 1),
(25, 247, 1, 1),
(25, 248, 1, 1),
(25, 249, 1, 1),
(25, 250, 1, 1),
(25, 251, 1, 1),
(25, 252, 1, 1),
(25, 253, 1, 1),
(25, 254, 1, 1),
(25, 255, 1, 1),
(25, 256, 1, 1),
(25, 257, 1, 1),
(25, 258, 1, 1),
(25, 259, 1, 1),
(25, 260, 1, 1),
(25, 261, 1, 1),
(25, 262, 1, 1),
(25, 263, 1, 1),
(25, 264, 1, 1),
(25, 265, 1, 1),
(25, 266, 1, 1),
(25, 267, 1, 1),
(25, 268, 1, 1),
(25, 269, 1, 1),
(25, 270, 1, 1),
(25, 271, 1, 1),
(25, 272, 1, 1),
(25, 273, 1, 1),
(25, 274, 1, 1),
(25, 275, 1, 1),
(25, 276, 1, 1),
(25, 277, 1, 1),
(25, 278, 1, 1),
(25, 279, 1, 1),
(25, 280, 1, 1),
(25, 281, 1, 1),
(25, 282, 1, 1),
(25, 283, 1, 1),
(25, 284, 1, 1),
(25, 285, 1, 1),
(25, 286, 1, 1),
(25, 287, 1, 1),
(25, 288, 1, 1),
(25, 289, 1, 1),
(25, 290, 1, 1),
(25, 291, 1, 1),
(25, 292, 1, 1),
(25, 293, 1, 1),
(25, 294, 1, 1),
(25, 295, 1, 1),
(25, 296, 1, 1),
(25, 297, 1, 1),
(25, 298, 1, 1),
(25, 299, 1, 1),
(25, 300, 1, 1),
(25, 301, 1, 1),
(25, 302, 1, 1),
(25, 303, 1, 1),
(26, 244, 1, 1),
(26, 247, 1, 1),
(26, 248, 1, 1),
(26, 249, 1, 1),
(26, 250, 1, 1),
(26, 251, 1, 1),
(26, 252, 1, 1),
(26, 253, 1, 1),
(26, 254, 1, 1),
(26, 255, 1, 1),
(26, 256, 1, 1),
(26, 257, 1, 1),
(26, 258, 1, 1),
(26, 259, 1, 1),
(26, 260, 1, 1),
(26, 261, 1, 1),
(26, 262, 1, 1),
(26, 263, 1, 1),
(26, 264, 1, 1),
(26, 265, 1, 1),
(26, 266, 1, 1),
(26, 267, 1, 1),
(26, 268, 1, 1),
(26, 269, 1, 1),
(26, 270, 1, 1),
(26, 271, 1, 1),
(26, 272, 1, 1),
(26, 273, 1, 1),
(26, 274, 1, 1),
(26, 275, 1, 1),
(26, 276, 1, 1),
(26, 277, 1, 1),
(26, 278, 1, 1),
(26, 279, 1, 1),
(26, 280, 1, 1),
(26, 281, 1, 1),
(26, 282, 1, 1),
(26, 283, 1, 1),
(26, 284, 1, 1),
(26, 285, 1, 1),
(26, 286, 1, 1),
(26, 287, 1, 1),
(26, 288, 1, 1),
(26, 289, 1, 1),
(26, 290, 1, 1),
(26, 291, 1, 1),
(26, 292, 1, 1),
(26, 293, 1, 1),
(26, 294, 1, 1),
(26, 295, 1, 1),
(26, 296, 1, 1),
(26, 297, 1, 1),
(26, 298, 1, 1),
(26, 299, 1, 1),
(26, 300, 1, 1),
(26, 301, 1, 1),
(26, 302, 1, 1),
(26, 303, 1, 1),
(27, 244, 1, 1),
(27, 247, 1, 1),
(27, 248, 1, 1),
(27, 249, 1, 1),
(27, 250, 1, 1),
(27, 251, 1, 1),
(27, 252, 1, 1),
(27, 253, 1, 1),
(27, 254, 1, 1),
(27, 255, 1, 1),
(27, 256, 1, 1),
(27, 257, 1, 1),
(27, 258, 1, 1),
(27, 259, 1, 1),
(27, 260, 1, 1),
(27, 261, 1, 1),
(27, 262, 1, 1),
(27, 263, 1, 1),
(27, 264, 1, 1),
(27, 265, 1, 1),
(27, 266, 1, 1),
(27, 267, 1, 1),
(27, 268, 1, 1),
(27, 269, 1, 1),
(27, 270, 1, 1),
(27, 271, 1, 1),
(27, 272, 1, 1),
(27, 273, 1, 1),
(27, 274, 1, 1),
(27, 275, 1, 1),
(27, 276, 1, 1),
(27, 277, 1, 1),
(27, 278, 1, 1),
(27, 279, 1, 1),
(27, 280, 1, 1),
(27, 281, 1, 1),
(27, 282, 1, 1),
(27, 283, 1, 1),
(27, 284, 1, 1),
(27, 285, 1, 1),
(27, 286, 1, 1),
(27, 287, 1, 1),
(27, 288, 1, 1),
(27, 289, 1, 1),
(27, 290, 1, 1),
(27, 291, 1, 1),
(27, 292, 1, 1),
(27, 293, 1, 1),
(27, 294, 1, 1),
(27, 295, 1, 1),
(27, 296, 1, 1),
(27, 297, 1, 1),
(27, 298, 1, 1),
(27, 299, 1, 1),
(27, 300, 1, 1),
(27, 301, 1, 1),
(27, 302, 1, 1),
(27, 303, 1, 1),
(28, 244, 1, 1),
(28, 247, 1, 1),
(28, 248, 1, 1),
(28, 249, 1, 1),
(28, 250, 1, 1),
(28, 251, 1, 1),
(28, 252, 1, 1),
(28, 253, 1, 1),
(28, 254, 1, 1),
(28, 255, 1, 1),
(28, 256, 1, 1),
(28, 257, 1, 1),
(28, 258, 1, 1),
(28, 259, 1, 1),
(28, 260, 1, 1),
(28, 261, 1, 1),
(28, 262, 1, 1),
(28, 263, 1, 1),
(28, 264, 1, 1),
(28, 265, 1, 1),
(28, 266, 1, 1),
(28, 267, 1, 1),
(28, 268, 1, 1),
(28, 269, 1, 1),
(28, 270, 1, 1),
(28, 271, 1, 1),
(28, 272, 1, 1),
(28, 273, 1, 1),
(28, 274, 1, 1),
(28, 275, 1, 1),
(28, 276, 1, 1),
(28, 277, 1, 1),
(28, 278, 1, 1),
(28, 279, 1, 1),
(28, 280, 1, 1),
(28, 281, 1, 1),
(28, 282, 1, 1),
(28, 283, 1, 1),
(28, 284, 1, 1),
(28, 285, 1, 1),
(28, 286, 1, 1),
(28, 287, 1, 1),
(28, 288, 1, 1),
(28, 289, 1, 1),
(28, 290, 1, 1),
(28, 291, 1, 1),
(28, 292, 1, 1),
(28, 293, 1, 1),
(28, 294, 1, 1),
(28, 295, 1, 1),
(28, 296, 1, 1),
(28, 297, 1, 1),
(28, 298, 1, 1),
(28, 299, 1, 1),
(28, 300, 1, 1),
(28, 301, 1, 1),
(28, 302, 1, 1),
(28, 303, 1, 1),
(29, 244, 1, 1),
(29, 247, 1, 1),
(29, 248, 1, 1),
(29, 249, 1, 1),
(29, 250, 1, 1),
(29, 251, 1, 1),
(29, 252, 1, 1),
(29, 253, 1, 1),
(29, 254, 1, 1),
(29, 255, 1, 1),
(29, 256, 1, 1),
(29, 257, 1, 1),
(29, 258, 1, 1),
(29, 259, 1, 1),
(29, 260, 1, 1),
(29, 261, 1, 1),
(29, 262, 1, 1),
(29, 263, 1, 1),
(29, 264, 1, 1),
(29, 265, 1, 1),
(29, 266, 1, 1),
(29, 267, 1, 1),
(29, 268, 1, 1),
(29, 269, 1, 1),
(29, 270, 1, 1),
(29, 271, 1, 1),
(29, 272, 1, 1),
(29, 273, 1, 1),
(29, 274, 1, 1),
(29, 275, 1, 1),
(29, 276, 1, 1),
(29, 277, 1, 1),
(29, 278, 1, 1),
(29, 279, 1, 1),
(29, 280, 1, 1),
(29, 281, 1, 1),
(29, 282, 1, 1),
(29, 283, 1, 1),
(29, 284, 1, 1),
(29, 285, 1, 1),
(29, 286, 1, 1),
(29, 287, 1, 1),
(29, 288, 1, 1),
(29, 289, 1, 1),
(29, 290, 1, 1),
(29, 291, 1, 1),
(29, 292, 1, 1),
(29, 293, 1, 1),
(29, 294, 1, 1),
(29, 295, 1, 1),
(29, 296, 1, 1),
(29, 297, 1, 1),
(29, 298, 1, 1),
(29, 299, 1, 1),
(29, 300, 1, 1),
(29, 301, 1, 1),
(29, 302, 1, 1),
(29, 303, 1, 1),
(30, 244, 1, 1),
(30, 247, 1, 1),
(30, 248, 1, 1),
(30, 249, 1, 1),
(30, 250, 1, 1),
(30, 251, 1, 1),
(30, 252, 1, 1),
(30, 253, 1, 1),
(30, 254, 1, 1),
(30, 255, 1, 1),
(30, 256, 1, 1),
(30, 257, 1, 1),
(30, 258, 1, 1),
(30, 259, 1, 1),
(30, 260, 1, 1),
(30, 261, 1, 1),
(30, 262, 1, 1),
(30, 263, 1, 1),
(30, 264, 1, 1),
(30, 265, 1, 1),
(30, 266, 1, 1),
(30, 267, 1, 1),
(30, 268, 1, 1),
(30, 269, 1, 1),
(30, 270, 1, 1),
(30, 271, 1, 1),
(30, 272, 1, 1),
(30, 273, 1, 1),
(30, 274, 1, 1),
(30, 275, 1, 1),
(30, 276, 1, 1),
(30, 277, 1, 1),
(30, 278, 1, 1),
(30, 279, 1, 1),
(30, 280, 1, 1),
(30, 281, 1, 1),
(30, 282, 1, 1),
(30, 283, 1, 1),
(30, 284, 1, 1),
(30, 285, 1, 1),
(30, 286, 1, 1),
(30, 287, 1, 1),
(30, 288, 1, 1),
(30, 289, 1, 1),
(30, 290, 1, 1),
(30, 291, 1, 1),
(30, 292, 1, 1),
(30, 293, 1, 1),
(30, 294, 1, 1),
(30, 295, 1, 1),
(30, 296, 1, 1),
(30, 297, 1, 1),
(30, 298, 1, 1),
(30, 299, 1, 1),
(30, 300, 1, 1),
(30, 301, 1, 1),
(30, 302, 1, 1),
(30, 303, 1, 1),
(31, 244, 1, 1),
(31, 247, 1, 1),
(31, 248, 1, 1),
(31, 249, 1, 1),
(31, 250, 1, 1),
(31, 251, 1, 1),
(31, 252, 1, 1),
(31, 253, 1, 1),
(31, 254, 1, 1),
(31, 255, 1, 1),
(31, 256, 1, 1),
(31, 257, 1, 1),
(31, 258, 1, 1),
(31, 259, 1, 1),
(31, 260, 1, 1),
(31, 261, 1, 1),
(31, 262, 1, 1),
(31, 263, 1, 1),
(31, 264, 1, 1),
(31, 265, 1, 1),
(31, 266, 1, 1),
(31, 267, 1, 1),
(31, 268, 1, 1),
(31, 269, 1, 1),
(31, 270, 1, 1),
(31, 271, 1, 1),
(31, 272, 1, 1),
(31, 273, 1, 1),
(31, 274, 1, 1),
(31, 275, 1, 1),
(31, 276, 1, 1),
(31, 277, 1, 1),
(31, 278, 1, 1),
(31, 279, 1, 1),
(31, 280, 1, 1),
(31, 281, 1, 1),
(31, 282, 1, 1),
(31, 283, 1, 1),
(31, 284, 1, 1),
(31, 285, 1, 1),
(31, 286, 1, 1),
(31, 287, 1, 1),
(31, 288, 1, 1),
(31, 289, 1, 1),
(31, 290, 1, 1),
(31, 291, 1, 1),
(31, 292, 1, 1),
(31, 293, 1, 1),
(31, 294, 1, 1),
(31, 295, 1, 1),
(31, 296, 1, 1),
(31, 297, 1, 1),
(31, 298, 1, 1),
(31, 299, 1, 1),
(31, 300, 1, 1),
(31, 301, 1, 1),
(31, 302, 1, 1),
(31, 303, 1, 1),
(32, 244, 1, 1),
(32, 247, 1, 1),
(32, 248, 1, 1),
(32, 249, 1, 1),
(32, 250, 1, 1),
(32, 251, 1, 1),
(32, 252, 1, 1),
(32, 253, 1, 1),
(32, 254, 1, 1),
(32, 255, 1, 1),
(32, 256, 1, 1),
(32, 257, 1, 1),
(32, 258, 1, 1),
(32, 259, 1, 1),
(32, 260, 1, 1),
(32, 261, 1, 1),
(32, 262, 1, 1),
(32, 263, 1, 1),
(32, 264, 1, 1),
(32, 265, 1, 1),
(32, 266, 1, 1),
(32, 267, 1, 1),
(32, 268, 1, 1),
(32, 269, 1, 1),
(32, 270, 1, 1),
(32, 271, 1, 1),
(32, 272, 1, 1),
(32, 273, 1, 1),
(32, 274, 1, 1),
(32, 275, 1, 1),
(32, 276, 1, 1),
(32, 277, 1, 1),
(32, 278, 1, 1),
(32, 279, 1, 1),
(32, 280, 1, 1),
(32, 281, 1, 1),
(32, 282, 1, 1),
(32, 283, 1, 1),
(32, 284, 1, 1),
(32, 285, 1, 1),
(32, 286, 1, 1),
(32, 287, 1, 1),
(32, 288, 1, 1),
(32, 289, 1, 1),
(32, 290, 1, 1),
(32, 291, 1, 1),
(32, 292, 1, 1),
(32, 293, 1, 1),
(32, 294, 1, 1),
(32, 295, 1, 1),
(32, 296, 1, 1),
(32, 297, 1, 1),
(32, 298, 1, 1),
(32, 299, 1, 1),
(32, 300, 1, 1),
(32, 301, 1, 1),
(32, 302, 1, 1),
(32, 303, 1, 1),
(33, 244, 1, 1),
(33, 247, 1, 1),
(33, 248, 1, 1),
(33, 249, 1, 1),
(33, 250, 1, 1),
(33, 251, 1, 1),
(33, 252, 1, 1),
(33, 253, 1, 1),
(33, 254, 1, 1),
(33, 255, 1, 1),
(33, 256, 1, 1),
(33, 257, 1, 1),
(33, 258, 1, 1),
(33, 259, 1, 1),
(33, 260, 1, 1),
(33, 261, 1, 1),
(33, 262, 1, 1),
(33, 263, 1, 1),
(33, 264, 1, 1),
(33, 265, 1, 1),
(33, 266, 1, 1),
(33, 267, 1, 1),
(33, 268, 1, 1),
(33, 269, 1, 1),
(33, 270, 1, 1),
(33, 271, 1, 1),
(33, 272, 1, 1),
(33, 273, 1, 1),
(33, 274, 1, 1),
(33, 275, 1, 1),
(33, 276, 1, 1),
(33, 277, 1, 1),
(33, 278, 1, 1),
(33, 279, 1, 1),
(33, 280, 1, 1),
(33, 281, 1, 1),
(33, 282, 1, 1),
(33, 283, 1, 1),
(33, 284, 1, 1),
(33, 285, 1, 1),
(33, 286, 1, 1),
(33, 287, 1, 1),
(33, 288, 1, 1),
(33, 289, 1, 1),
(33, 290, 1, 1),
(33, 291, 1, 1),
(33, 292, 1, 1),
(33, 293, 1, 1),
(33, 294, 1, 1),
(33, 295, 1, 1),
(33, 296, 1, 1),
(33, 297, 1, 1),
(33, 298, 1, 1),
(33, 299, 1, 1),
(33, 300, 1, 1),
(33, 301, 1, 1),
(33, 302, 1, 1),
(33, 303, 1, 1),
(34, 244, 1, 1),
(34, 247, 1, 1),
(34, 248, 1, 1),
(34, 249, 1, 1),
(34, 250, 1, 1),
(34, 251, 1, 1),
(34, 252, 1, 1),
(34, 253, 1, 1),
(34, 254, 1, 1),
(34, 255, 1, 1),
(34, 256, 1, 1),
(34, 257, 1, 1),
(34, 258, 1, 1),
(34, 259, 1, 1),
(34, 260, 1, 1),
(34, 261, 1, 1),
(34, 262, 1, 1),
(34, 263, 1, 1),
(34, 264, 1, 1),
(34, 265, 1, 1),
(34, 266, 1, 1),
(34, 267, 1, 1),
(34, 268, 1, 1),
(34, 269, 1, 1),
(34, 270, 1, 1),
(34, 271, 1, 1),
(34, 272, 1, 1),
(34, 273, 1, 1),
(34, 274, 1, 1),
(34, 275, 1, 1),
(34, 276, 1, 1),
(34, 277, 1, 1),
(34, 278, 1, 1),
(34, 279, 1, 1),
(34, 280, 1, 1),
(34, 281, 1, 1),
(34, 282, 1, 1),
(34, 283, 1, 1),
(34, 284, 1, 1),
(34, 285, 1, 1),
(34, 286, 1, 1),
(34, 287, 1, 1),
(34, 288, 1, 1),
(34, 289, 1, 1),
(34, 290, 1, 1),
(34, 291, 1, 1),
(34, 292, 1, 1),
(34, 293, 1, 1),
(34, 294, 1, 1),
(34, 295, 1, 1),
(34, 296, 1, 1),
(34, 297, 1, 1),
(34, 298, 1, 1),
(34, 299, 1, 1),
(34, 300, 1, 1),
(34, 301, 1, 1),
(34, 302, 1, 1),
(34, 303, 1, 1),
(35, 244, 1, 1),
(35, 247, 1, 1),
(35, 248, 1, 1),
(35, 249, 1, 1),
(35, 250, 1, 1),
(35, 251, 1, 1),
(35, 252, 1, 1),
(35, 253, 1, 1),
(35, 254, 1, 1),
(35, 255, 1, 1),
(35, 256, 1, 1),
(35, 257, 1, 1),
(35, 258, 1, 1),
(35, 259, 1, 1),
(35, 260, 1, 1),
(35, 261, 1, 1),
(35, 262, 1, 1),
(35, 263, 1, 1),
(35, 264, 1, 1),
(35, 265, 1, 1),
(35, 266, 1, 1),
(35, 267, 1, 1),
(35, 268, 1, 1),
(35, 269, 1, 1),
(35, 270, 1, 1),
(35, 271, 1, 1),
(35, 272, 1, 1),
(35, 273, 1, 1),
(35, 274, 1, 1),
(35, 275, 1, 1),
(35, 276, 1, 1),
(35, 277, 1, 1),
(35, 278, 1, 1),
(35, 279, 1, 1),
(35, 280, 1, 1),
(35, 281, 1, 1),
(35, 282, 1, 1),
(35, 283, 1, 1),
(35, 284, 1, 1),
(35, 285, 1, 1),
(35, 286, 1, 1),
(35, 287, 1, 1),
(35, 288, 1, 1),
(35, 289, 1, 1),
(35, 290, 1, 1),
(35, 291, 1, 1),
(35, 292, 1, 1),
(35, 293, 1, 1),
(35, 294, 1, 1),
(35, 295, 1, 1),
(35, 296, 1, 1),
(35, 297, 1, 1),
(35, 298, 1, 1),
(35, 299, 1, 1),
(35, 300, 1, 1),
(35, 301, 1, 1),
(35, 302, 1, 1),
(35, 303, 1, 1),
(36, 244, 1, 1),
(36, 247, 1, 1),
(36, 248, 1, 1),
(36, 249, 1, 1),
(36, 250, 1, 1),
(36, 251, 1, 1),
(36, 252, 1, 1),
(36, 253, 1, 1),
(36, 254, 1, 1),
(36, 255, 1, 1),
(36, 256, 1, 1),
(36, 257, 1, 1),
(36, 258, 1, 1),
(36, 259, 1, 1),
(36, 260, 1, 1),
(36, 261, 1, 1),
(36, 262, 1, 1),
(36, 263, 1, 1),
(36, 264, 1, 1),
(36, 265, 1, 1),
(36, 266, 1, 1),
(36, 267, 1, 1),
(36, 268, 1, 1),
(36, 269, 1, 1),
(36, 270, 1, 1),
(36, 271, 1, 1),
(36, 272, 1, 1),
(36, 273, 1, 1),
(36, 274, 1, 1),
(36, 275, 1, 1),
(36, 276, 1, 1),
(36, 277, 1, 1),
(36, 278, 1, 1),
(36, 279, 1, 1),
(36, 280, 1, 1),
(36, 281, 1, 1),
(36, 282, 1, 1),
(36, 283, 1, 1),
(36, 284, 1, 1),
(36, 285, 1, 1),
(36, 286, 1, 1),
(36, 287, 1, 1),
(36, 288, 1, 1),
(36, 289, 1, 1),
(36, 290, 1, 1),
(36, 291, 1, 1),
(36, 292, 1, 1),
(36, 293, 1, 1),
(36, 294, 1, 1),
(36, 295, 1, 1),
(36, 296, 1, 1),
(36, 297, 1, 1),
(36, 298, 1, 1),
(36, 299, 1, 1),
(36, 300, 1, 1),
(36, 301, 1, 1),
(36, 302, 1, 1),
(36, 303, 1, 1),
(41, 244, 1, 1),
(41, 250, 1, 1),
(41, 251, 1, 1),
(41, 252, 1, 1),
(41, 253, 1, 1),
(41, 254, 1, 1),
(41, 255, 1, 1),
(41, 256, 1, 1),
(41, 257, 1, 1),
(41, 258, 1, 1),
(41, 259, 1, 1),
(41, 260, 1, 1),
(41, 261, 1, 1),
(41, 262, 1, 1),
(41, 263, 1, 1),
(41, 264, 1, 1),
(41, 265, 1, 1),
(41, 266, 1, 1),
(41, 267, 1, 1),
(41, 268, 1, 1),
(41, 269, 1, 1),
(41, 270, 1, 1),
(41, 271, 1, 1),
(41, 272, 1, 1),
(41, 273, 1, 1),
(41, 274, 1, 1),
(41, 275, 1, 1),
(41, 276, 1, 1),
(41, 277, 1, 1),
(41, 278, 1, 1),
(41, 279, 1, 1),
(41, 280, 1, 1),
(41, 281, 1, 1),
(41, 282, 1, 1),
(41, 283, 1, 1),
(41, 284, 1, 1),
(41, 285, 1, 1),
(41, 286, 1, 1),
(41, 287, 1, 1),
(41, 288, 1, 1),
(41, 289, 1, 1),
(41, 290, 1, 1),
(41, 291, 1, 1),
(41, 292, 1, 1),
(41, 293, 1, 1),
(41, 294, 1, 1),
(41, 295, 1, 1),
(41, 296, 1, 1),
(41, 297, 1, 1),
(41, 298, 1, 1),
(41, 299, 1, 1),
(41, 300, 1, 1),
(41, 301, 1, 1),
(41, 302, 1, 1),
(41, 303, 1, 1);

-- --------------------------------------------------------

--
-- Структура таблицы `tm_acl_role`
--

DROP TABLE IF EXISTS `tm_acl_role`;
CREATE TABLE `tm_acl_role` (
  `tm_user_role_id` int(10) unsigned NOT NULL,
  `tm_user_resource_id` int(10) unsigned NOT NULL,
  `is_allow` tinyint(1) NOT NULL DEFAULT '0',
  `privileges` varchar(255) NOT NULL,
  PRIMARY KEY (`tm_user_role_id`,`tm_user_resource_id`),
  KEY `tm_user_resource_id` (`tm_user_resource_id`)
) ENGINE=InnoDB DEFAULT CHARSET=utf8;

--
-- Дамп данных таблицы `tm_acl_role`
--

INSERT INTO `tm_acl_role` (`tm_user_role_id`, `tm_user_resource_id`, `is_allow`, `privileges`) VALUES
(1, 1, 1, 'show'),
(1, 2, 1, 'show'),
(1, 3, 1, 'show'),
(1, 4, 1, 'show,show-my-task,show-my-discussion,show-my-reports'),
(1, 5, 1, 'show'),
(1, 6, 1, 'show'),
(1, 7, 1, 'show'),
(1, 8, 1, 'show'),
(1, 15, 1, 'show,show-attribute-hash,show-attribute-type,show-resource'),
(1, 19, 1, 'show'),
(1, 20, 1, 'show'),
(1, 21, 1, 'show'),
(1, 22, 1, 'show'),
(1, 23, 1, 'show'),
(1, 24, 1, 'show'),
(1, 25, 1, 'show'),
(1, 26, 1, 'show,show-attribute-hash,show-attribute-type,show-archive'),
(1, 27, 1, 'show'),
(1, 28, 1, 'show'),
(1, 29, 1, 'show'),
(1, 30, 1, 'show'),
(1, 31, 1, 'show'),
(1, 32, 1, 'show'),
(1, 33, 1, 'show'),
(1, 34, 1, 'show'),
(1, 35, 1, 'show'),
(1, 36, 1, 'show'),
(1, 37, 1, 'show,show-attribute-hash,show-attribute-type'),
(1, 38, 1, 'show'),
(1, 39, 1, 'show'),
(1, 40, 1, 'show'),
(1, 41, 1, 'show'),
(1, 42, 1, 'show'),
(1, 43, 1, 'show'),
(1, 44, 1, 'show'),
(1, 45, 1, 'show'),
(1, 46, 1, 'show'),
(1, 47, 1, 'show'),
(1, 48, 1, 'show'),
(1, 49, 1, 'show'),
(1, 50, 1, 'show'),
(1, 51, 1, 'show'),
(1, 52, 1, 'show'),
(1, 53, 1, 'show'),
(1, 54, 1, 'show'),
(1, 55, 1, 'show'),
(1, 56, 1, 'show'),
(1, 57, 1, 'show'),
(1, 58, 1, 'show'),
(1, 59, 1, 'show'),
(1, 60, 1, 'show'),
(1, 61, 1, 'show'),
(1, 62, 1, 'show'),
(1, 63, 1, 'show'),
(1, 64, 1, 'show'),
(1, 65, 1, 'show'),
(1, 66, 1, 'show'),
(1, 67, 1, 'show'),
(1, 68, 1, 'show'),
(1, 69, 1, 'show'),
(1, 70, 1, 'show'),
(1, 71, 1, 'show'),
(1, 72, 1, 'show'),
(1, 73, 0, 'show'),
(1, 74, 1, 'show'),
(1, 75, 1, 'show'),
(1, 76, 1, 'show'),
(1, 77, 1, 'show'),
(1, 78, 1, 'show'),
(1, 79, 1, 'show'),
(1, 80, 1, 'show'),
(1, 81, 1, 'show'),
(1, 82, 1, 'show'),
(1, 83, 1, 'show'),
(1, 84, 1, 'show'),
(1, 85, 1, 'show'),
(1, 86, 1, 'show'),
(1, 87, 1, 'show'),
(1, 88, 1, 'show'),
(1, 89, 1, 'show'),
(1, 90, 1, 'show'),
(1, 91, 1, 'show'),
(1, 92, 1, 'show'),
(1, 93, 1, 'show'),
(1, 94, 1, 'show'),
(3, 1, 1, 'show'),
(3, 2, 1, 'show'),
(3, 3, 1, 'show'),
(3, 4, 1, 'show,show-my-task,show-my-discussion,show-my-reports'),
(3, 5, 0, 'show'),
(3, 6, 0, 'show'),
(3, 7, 0, 'show'),
(3, 8, 0, 'show'),
(3, 15, 0, 'show'),
(3, 19, 0, 'show'),
(3, 20, 0, 'show'),
(3, 21, 0, 'show'),
(3, 22, 0, 'show'),
(3, 23, 0, 'show'),
(3, 24, 0, 'show'),
(3, 25, 0, 'show'),
(3, 26, 1, 'show'),
(3, 27, 0, 'show'),
(3, 28, 0, 'show'),
(3, 29, 0, 'show'),
(3, 30, 0, 'show'),
(3, 31, 0, 'show'),
(3, 32, 0, 'show'),
(3, 33, 0, 'show'),
(3, 34, 0, 'show'),
(3, 35, 0, 'show'),
(3, 36, 0, 'show'),
(3, 37, 1, 'show'),
(3, 38, 0, 'show'),
(3, 39, 0, 'show'),
(3, 40, 0, 'show'),
(3, 41, 0, 'show'),
(3, 42, 0, 'show'),
(3, 43, 0, 'show'),
(3, 44, 0, 'show'),
(3, 45, 0, 'show'),
(3, 46, 0, 'show'),
(3, 47, 0, 'show'),
(3, 48, 0, 'show'),
(3, 49, 0, 'show'),
(3, 50, 1, 'show'),
(3, 51, 0, 'show'),
(3, 52, 0, 'show'),
(3, 53, 0, 'show'),
(3, 54, 0, 'show'),
(3, 55, 0, 'show'),
(3, 56, 0, 'show'),
(3, 57, 0, 'show'),
(3, 58, 1, 'show'),
(3, 59, 0, 'show'),
(3, 60, 1, 'show'),
(3, 61, 0, 'show'),
(3, 62, 0, 'show'),
(3, 63, 0, 'show'),
(3, 64, 1, 'show'),
(3, 65, 1, 'show'),
(3, 66, 1, 'show'),
(3, 67, 0, 'show'),
(3, 68, 0, 'show'),
(3, 69, 0, 'show'),
(3, 70, 0, 'show'),
(3, 71, 0, 'show'),
(3, 72, 0, 'show'),
(3, 73, 1, 'show'),
(3, 74, 1, 'show'),
(3, 75, 1, 'show'),
(3, 76, 1, 'show'),
(3, 77, 1, 'show'),
(3, 78, 1, 'show'),
(3, 79, 0, 'show'),
(3, 80, 0, 'show'),
(3, 81, 0, 'show'),
(3, 82, 0, 'show'),
(3, 83, 0, 'show'),
(3, 84, 0, 'show'),
(3, 85, 0, 'show'),
(3, 86, 1, 'show'),
(4, 1, 1, 'show'),
(4, 2, 1, 'show'),
(4, 3, 1, 'show'),
(4, 4, 1, 'show,show-my-task,show-my-discussion'),
(4, 5, 0, 'show'),
(4, 6, 0, 'show'),
(4, 7, 0, 'show'),
(4, 8, 0, 'show'),
(4, 15, 0, 'show'),
(4, 19, 0, 'show'),
(4, 20, 0, 'show'),
(4, 21, 0, 'show'),
(4, 22, 0, 'show'),
(4, 23, 0, 'show'),
(4, 24, 0, 'show'),
(4, 25, 0, 'show'),
(4, 26, 1, 'show'),
(4, 27, 0, 'show'),
(4, 28, 0, 'show'),
(4, 29, 0, 'show'),
(4, 30, 0, 'show'),
(4, 31, 0, 'show'),
(4, 32, 0, 'show'),
(4, 33, 0, 'show'),
(4, 34, 0, 'show'),
(4, 35, 0, 'show'),
(4, 36, 0, 'show'),
(4, 37, 1, 'show'),
(4, 38, 1, 'show'),
(4, 39, 1, 'show'),
(4, 40, 0, 'show'),
(4, 41, 0, 'show'),
(4, 42, 0, 'show'),
(4, 43, 0, 'show'),
(4, 44, 0, 'show'),
(4, 45, 0, 'show'),
(4, 46, 0, 'show'),
(4, 47, 0, 'show'),
(4, 48, 0, 'show'),
(4, 49, 0, 'show'),
(4, 50, 1, 'show'),
(4, 51, 1, 'show'),
(4, 52, 1, 'show'),
(4, 53, 0, 'show'),
(4, 54, 0, 'show'),
(4, 55, 0, 'show'),
(4, 56, 0, 'show'),
(4, 57, 1, 'show'),
(4, 58, 0, 'show'),
(4, 59, 0, 'show'),
(4, 60, 0, 'show'),
(4, 61, 0, 'show'),
(4, 62, 0, 'show'),
(4, 63, 0, 'show'),
(4, 64, 0, 'show'),
(4, 65, 0, 'show'),
(4, 66, 1, 'show'),
(4, 67, 0, 'show'),
(4, 68, 0, 'show'),
(4, 69, 0, 'show'),
(4, 70, 0, 'show'),
(4, 71, 0, 'show'),
(4, 72, 0, 'show'),
(4, 73, 1, 'show'),
(4, 74, 1, 'show'),
(4, 75, 1, 'show'),
(4, 76, 1, 'show'),
(4, 77, 1, 'show'),
(4, 78, 0, 'show'),
(4, 79, 0, 'show'),
(4, 80, 0, 'show'),
(4, 81, 0, 'show'),
(4, 82, 0, 'show'),
(4, 83, 0, 'show'),
(4, 84, 0, 'show'),
(4, 85, 0, 'show'),
(4, 86, 1, 'show'),
(5, 1, 1, 'show'),
(5, 2, 1, 'show'),
(5, 3, 1, 'show'),
(5, 4, 1, 'show'),
(5, 5, 0, 'show'),
(5, 6, 0, 'show'),
(5, 7, 0, 'show'),
(5, 8, 0, 'show'),
(5, 15, 0, 'show'),
(5, 19, 0, 'show'),
(5, 20, 0, 'show'),
(5, 21, 0, 'show'),
(5, 22, 0, 'show'),
(5, 23, 0, 'show'),
(5, 24, 0, 'show'),
(5, 25, 0, 'show'),
(5, 26, 0, 'show'),
(5, 27, 0, 'show'),
(5, 28, 0, 'show'),
(5, 29, 0, 'show'),
(5, 30, 0, 'show'),
(5, 31, 0, 'show'),
(5, 32, 0, 'show'),
(5, 33, 0, 'show'),
(5, 34, 0, 'show'),
(5, 35, 0, 'show'),
(5, 36, 0, 'show'),
(5, 37, 0, 'show'),
(5, 38, 0, 'show'),
(5, 39, 0, 'show'),
(5, 40, 0, 'show'),
(5, 41, 0, 'show'),
(5, 42, 0, 'show'),
(5, 43, 0, 'show'),
(5, 44, 0, 'show'),
(5, 45, 0, 'show'),
(5, 46, 0, 'show'),
(5, 47, 0, 'show'),
(5, 48, 0, 'show'),
(5, 49, 0, 'show'),
(5, 50, 0, 'show'),
(5, 51, 0, 'show'),
(5, 52, 0, 'show'),
(5, 53, 0, 'show'),
(5, 54, 0, 'show'),
(5, 55, 0, 'show'),
(5, 56, 0, 'show'),
(5, 57, 0, 'show'),
(5, 58, 0, 'show'),
(5, 59, 0, 'show'),
(5, 60, 0, 'show'),
(5, 61, 0, 'show'),
(5, 62, 0, 'show'),
(5, 63, 0, 'show'),
(5, 64, 0, 'show'),
(5, 65, 0, 'show'),
(5, 66, 0, 'show'),
(5, 67, 0, 'show'),
(5, 68, 0, 'show'),
(5, 69, 0, 'show'),
(5, 70, 0, 'show'),
(5, 71, 0, 'show'),
(5, 72, 0, 'show'),
(5, 73, 0, 'show'),
(5, 74, 0, 'show'),
(5, 75, 0, 'show'),
(5, 76, 0, 'show'),
(5, 77, 0, 'show'),
(5, 78, 0, 'show'),
(5, 79, 0, 'show'),
(5, 80, 0, 'show'),
(5, 81, 0, 'show'),
(5, 82, 0, 'show'),
(5, 83, 0, 'show'),
(5, 84, 0, 'show'),
(5, 85, 0, 'show'),
(5, 86, 0, 'show'),
(7, 1, 1, 'show'),
(7, 2, 1, 'show'),
(7, 3, 1, 'show'),
(7, 4, 1, 'show,show-my-task,show-my-discussion'),
(7, 5, 0, ''),
(7, 6, 0, ''),
(7, 7, 0, ''),
(7, 8, 0, ''),
(7, 15, 0, ''),
(7, 19, 0, ''),
(7, 20, 0, ''),
(7, 21, 0, ''),
(7, 22, 0, ''),
(7, 23, 0, ''),
(7, 24, 0, ''),
(7, 25, 0, ''),
(7, 26, 1, 'show'),
(7, 27, 0, ''),
(7, 28, 0, ''),
(7, 29, 0, ''),
(7, 30, 0, ''),
(7, 31, 0, ''),
(7, 32, 0, ''),
(7, 33, 0, ''),
(7, 34, 0, ''),
(7, 35, 0, ''),
(7, 36, 0, ''),
(7, 37, 1, 'show'),
(7, 38, 1, 'show'),
(7, 39, 1, 'show'),
(7, 40, 0, ''),
(7, 41, 0, ''),
(7, 42, 0, ''),
(7, 43, 0, ''),
(7, 44, 0, ''),
(7, 45, 0, ''),
(7, 46, 0, ''),
(7, 47, 0, ''),
(7, 48, 0, ''),
(7, 49, 0, ''),
(7, 50, 1, 'show'),
(7, 51, 1, 'show'),
(7, 52, 1, ''),
(7, 53, 0, ''),
(7, 54, 0, ''),
(7, 55, 0, ''),
(7, 56, 0, ''),
(7, 57, 1, 'show'),
(7, 58, 1, 'show'),
(7, 59, 0, ''),
(7, 60, 1, 'show'),
(7, 61, 0, ''),
(7, 62, 0, ''),
(7, 63, 0, ''),
(7, 64, 1, 'show'),
(7, 65, 1, 'show'),
(7, 66, 1, 'show'),
(7, 67, 0, ''),
(7, 68, 0, ''),
(7, 69, 0, ''),
(7, 70, 0, ''),
(7, 71, 0, ''),
(7, 72, 0, ''),
(7, 73, 1, 'show'),
(7, 74, 1, 'show'),
(7, 75, 1, 'show'),
(7, 76, 1, 'show'),
(7, 77, 1, 'show'),
(7, 78, 1, 'show'),
(7, 79, 0, 'show'),
(7, 80, 0, 'show'),
(7, 81, 0, 'show'),
(7, 82, 0, 'show'),
(7, 83, 0, 'show'),
(7, 84, 0, 'show'),
(7, 85, 0, 'show'),
(7, 86, 1, 'show'),
(8, 1, 1, 'show'),
(8, 2, 1, 'show'),
(8, 3, 1, 'show'),
(8, 4, 1, 'show,show-my-task,show-my-discussion'),
(8, 5, 0, 'show'),
(8, 6, 0, 'show'),
(8, 7, 0, 'show'),
(8, 8, 0, 'show'),
(8, 15, 0, 'show'),
(8, 19, 0, 'show'),
(8, 20, 0, 'show'),
(8, 21, 0, 'show'),
(8, 22, 0, 'show'),
(8, 23, 0, 'show'),
(8, 24, 0, 'show'),
(8, 25, 0, 'show'),
(8, 26, 0, 'show'),
(8, 27, 0, 'show'),
(8, 28, 0, 'show'),
(8, 29, 0, 'show'),
(8, 30, 0, 'show'),
(8, 31, 0, 'show'),
(8, 32, 0, 'show'),
(8, 33, 0, 'show'),
(8, 34, 0, 'show'),
(8, 35, 0, 'show'),
(8, 36, 0, 'show'),
(8, 37, 1, 'show'),
(8, 38, 1, 'show'),
(8, 39, 1, 'show'),
(8, 40, 0, 'show'),
(8, 41, 0, 'show'),
(8, 42, 0, 'show'),
(8, 43, 0, 'show'),
(8, 44, 0, 'show'),
(8, 45, 0, 'show'),
(8, 46, 0, 'show'),
(8, 47, 0, 'show'),
(8, 48, 0, 'show'),
(8, 49, 0, 'show'),
(8, 50, 1, 'show'),
(8, 51, 1, 'show'),
(8, 52, 1, 'show'),
(8, 53, 0, 'show'),
(8, 54, 0, 'show'),
(8, 55, 0, 'show'),
(8, 56, 0, 'show'),
(8, 57, 1, 'show'),
(8, 58, 0, 'show'),
(8, 59, 0, 'show'),
(8, 60, 0, 'show'),
(8, 61, 0, 'show'),
(8, 62, 0, 'show'),
(8, 63, 0, 'show'),
(8, 64, 0, 'show'),
(8, 65, 0, 'show'),
(8, 66, 0, 'show'),
(8, 67, 0, 'show'),
(8, 68, 0, 'show'),
(8, 69, 0, 'show'),
(8, 70, 0, 'show'),
(8, 71, 0, 'show'),
(8, 72, 0, 'show'),
(8, 73, 0, 'show'),
(8, 74, 1, 'show'),
(8, 75, 0, 'show'),
(8, 76, 1, 'show'),
(8, 77, 0, 'show'),
(8, 78, 0, 'show'),
(8, 79, 0, 'show'),
(8, 80, 0, 'show'),
(8, 81, 0, 'show'),
(8, 82, 0, 'show'),
(8, 83, 0, 'show'),
(8, 84, 0, 'show'),
(8, 85, 0, 'show'),
(8, 86, 1, 'show'),
(9, 1, 1, 'show'),
(9, 2, 1, 'show'),
(9, 3, 1, 'show'),
(9, 4, 1, 'show,show-my-task,show-my-discussion,show-my-reports'),
(9, 5, 0, 'show'),
(9, 6, 0, 'show'),
(9, 7, 0, 'show'),
(9, 8, 0, 'show'),
(9, 15, 0, 'show'),
(9, 19, 0, 'show'),
(9, 20, 0, 'show'),
(9, 21, 0, 'show'),
(9, 22, 0, 'show'),
(9, 23, 0, 'show'),
(9, 24, 0, 'show'),
(9, 25, 0, 'show'),
(9, 26, 1, 'show'),
(9, 27, 0, 'show'),
(9, 28, 0, 'show'),
(9, 29, 0, 'show'),
(9, 30, 0, 'show'),
(9, 31, 0, 'show'),
(9, 32, 0, 'show'),
(9, 33, 0, 'show'),
(9, 34, 0, 'show'),
(9, 35, 0, 'show'),
(9, 36, 0, 'show'),
(9, 37, 1, 'show'),
(9, 38, 1, 'show'),
(9, 39, 1, 'show'),
(9, 40, 0, 'show'),
(9, 41, 0, 'show'),
(9, 42, 0, 'show'),
(9, 43, 0, 'show'),
(9, 44, 0, 'show'),
(9, 45, 0, 'show'),
(9, 46, 0, 'show'),
(9, 47, 0, 'show'),
(9, 48, 0, 'show'),
(9, 49, 0, 'show'),
(9, 50, 1, 'show'),
(9, 51, 1, 'show'),
(9, 52, 1, 'show'),
(9, 53, 0, 'show'),
(9, 54, 0, 'show'),
(9, 55, 0, 'show'),
(9, 56, 0, 'show'),
(9, 57, 1, 'show'),
(9, 58, 1, 'show'),
(9, 59, 0, 'show'),
(9, 60, 1, 'show'),
(9, 61, 0, 'show'),
(9, 62, 0, 'show'),
(9, 63, 0, 'show'),
(9, 64, 1, 'show'),
(9, 65, 1, 'show'),
(9, 66, 1, 'show'),
(9, 67, 0, 'show'),
(9, 68, 0, 'show'),
(9, 69, 0, 'show'),
(9, 70, 0, 'show'),
(9, 71, 0, 'show'),
(9, 72, 0, 'show'),
(9, 73, 1, 'show'),
(9, 74, 1, 'show'),
(9, 75, 1, 'show'),
(9, 76, 1, 'show'),
(9, 77, 1, 'show'),
(9, 78, 1, 'show'),
(9, 79, 0, 'show'),
(9, 80, 0, 'show'),
(9, 81, 0, 'show'),
(9, 82, 0, 'show'),
(9, 83, 0, 'show'),
(9, 84, 0, 'show'),
(9, 85, 0, 'show'),
(9, 86, 1, 'show'),
(10, 1, 1, 'show'),
(10, 2, 1, 'show'),
(10, 3, 1, 'show'),
(10, 4, 1, 'show'),
(10, 5, 1, 'show'),
(10, 6, 1, 'show'),
(10, 7, 1, 'show'),
(10, 8, 1, 'show'),
(10, 15, 1, 'show'),
(10, 19, 0, 'show'),
(10, 20, 0, 'show'),
(10, 21, 0, 'show'),
(10, 22, 0, 'show'),
(10, 23, 0, 'show'),
(10, 24, 0, 'show'),
(10, 25, 0, 'show'),
(10, 26, 1, 'show'),
(10, 27, 1, 'show'),
(10, 28, 1, 'show'),
(10, 29, 1, 'show'),
(10, 30, 0, 'show'),
(10, 31, 0, 'show'),
(10, 32, 0, 'show'),
(10, 33, 0, 'show'),
(10, 34, 0, 'show'),
(10, 35, 0, 'show'),
(10, 36, 1, 'show'),
(10, 37, 1, 'show'),
(10, 38, 1, 'show'),
(10, 39, 1, 'show'),
(10, 40, 1, 'show'),
(10, 41, 1, 'show'),
(10, 42, 1, 'show'),
(10, 43, 1, 'show'),
(10, 44, 1, 'show'),
(10, 45, 0, 'show'),
(10, 46, 0, 'show'),
(10, 47, 0, 'show'),
(10, 48, 0, 'show'),
(10, 49, 0, 'show'),
(10, 50, 1, 'show'),
(10, 51, 1, 'show'),
(10, 52, 1, 'show'),
(10, 53, 1, 'show'),
(10, 54, 1, 'show'),
(10, 55, 1, 'show'),
(10, 56, 1, 'show'),
(10, 57, 1, 'show'),
(10, 58, 1, 'show'),
(10, 59, 0, 'show'),
(10, 60, 1, 'show'),
(10, 61, 1, 'show'),
(10, 62, 1, 'show'),
(10, 63, 1, 'show'),
(10, 64, 1, 'show'),
(10, 65, 1, 'show'),
(10, 66, 1, 'show'),
(10, 67, 0, 'show'),
(10, 68, 0, 'show'),
(10, 69, 0, 'show'),
(10, 70, 0, 'show'),
(10, 71, 0, 'show'),
(10, 72, 0, 'show'),
(10, 73, 0, 'show'),
(10, 74, 1, 'show'),
(10, 75, 1, 'show'),
(10, 76, 1, 'show'),
(10, 77, 1, 'show'),
(10, 78, 1, 'show'),
(10, 79, 0, 'show'),
(10, 80, 0, 'show'),
(10, 81, 0, 'show'),
(10, 82, 0, 'show'),
(10, 83, 0, 'show'),
(10, 84, 0, 'show'),
(10, 85, 0, 'show'),
(10, 86, 1, 'show'),
(11, 1, 1, 'show'),
(11, 2, 1, 'show'),
(11, 3, 1, 'show'),
(11, 4, 1, 'show'),
(11, 5, 1, 'show'),
(11, 6, 1, 'show'),
(11, 7, 1, 'show'),
(11, 8, 1, 'show'),
(11, 15, 1, 'show'),
(11, 19, 1, 'show'),
(11, 20, 1, 'show'),
(11, 21, 1, 'show'),
(11, 22, 1, 'show'),
(11, 23, 1, 'show'),
(11, 24, 1, 'show'),
(11, 25, 1, 'show'),
(11, 26, 1, 'show'),
(11, 27, 1, 'show'),
(11, 28, 1, 'show'),
(11, 29, 1, 'show'),
(11, 30, 1, 'show'),
(11, 31, 1, 'show'),
(11, 32, 1, 'show'),
(11, 33, 1, 'show'),
(11, 34, 1, 'show'),
(11, 35, 1, 'show'),
(11, 36, 1, 'show'),
(11, 37, 1, 'show'),
(11, 38, 1, 'show'),
(11, 39, 1, 'show'),
(11, 40, 1, 'show'),
(11, 41, 1, 'show'),
(11, 42, 1, 'show'),
(11, 43, 1, 'show'),
(11, 44, 1, 'show'),
(11, 45, 1, 'show'),
(11, 46, 1, 'show'),
(11, 47, 1, 'show'),
(11, 48, 1, 'show'),
(11, 49, 1, 'show'),
(11, 50, 1, 'show'),
(11, 51, 1, 'show'),
(11, 52, 1, 'show'),
(11, 53, 1, 'show'),
(11, 54, 1, 'show'),
(11, 55, 1, 'show'),
(11, 56, 1, 'show'),
(11, 57, 1, 'show'),
(11, 58, 1, 'show'),
(11, 59, 1, 'show'),
(11, 60, 1, 'show'),
(11, 61, 1, 'show'),
(11, 62, 1, 'show'),
(11, 63, 1, 'show'),
(11, 64, 1, 'show'),
(11, 65, 1, 'show'),
(11, 66, 1, 'show'),
(11, 67, 1, 'show'),
(11, 68, 1, 'show'),
(11, 69, 1, 'show'),
(11, 70, 1, 'show'),
(11, 71, 1, 'show'),
(11, 72, 1, 'show'),
(11, 73, 1, 'show'),
(11, 74, 1, 'show'),
(11, 75, 1, 'show'),
(11, 76, 1, 'show'),
(11, 77, 1, 'show'),
(11, 78, 1, 'show'),
(11, 79, 1, 'show'),
(11, 80, 1, 'show'),
(11, 81, 1, 'show'),
(11, 82, 1, 'show'),
(11, 83, 1, 'show'),
(11, 84, 1, 'show'),
(11, 85, 1, 'show'),
(11, 86, 1, 'show'),
(11, 87, 1, 'show'),
(11, 88, 1, 'show'),
(11, 89, 1, 'show'),
(11, 90, 1, 'show'),
(11, 91, 1, 'show');

-- --------------------------------------------------------

--
-- Структура таблицы `tm_acl_task`
--

DROP TABLE IF EXISTS `tm_acl_task`;
CREATE TABLE `tm_acl_task` (
  `user_id` int(10) unsigned NOT NULL,
  `task_id` int(10) unsigned NOT NULL,
  `is_read` tinyint(1) NOT NULL DEFAULT '0',
  `is_write` tinyint(1) NOT NULL DEFAULT '0',
  `is_executant` tinyint(1) DEFAULT '0',
  PRIMARY KEY (`user_id`,`task_id`),
  KEY `fk_tm_acl_tm_user1` (`user_id`),
  KEY `fk_tm_acl_tm_task1` (`task_id`)
) ENGINE=InnoDB DEFAULT CHARSET=utf8;

--
-- Дамп данных таблицы `tm_acl_task`
--

INSERT INTO `tm_acl_task` (`user_id`, `task_id`, `is_read`, `is_write`, `is_executant`) VALUES
(1, 181, 1, 1, 1),
(1, 193, 1, 1, 0),
(1, 194, 1, 1, 0),
(1, 195, 1, 1, 0),
(1, 196, 1, 1, 0),
(1, 197, 1, 1, 0),
(1, 198, 1, 1, 0),
(1, 199, 1, 1, 0),
(1, 200, 1, 1, 0),
(1, 201, 1, 1, 0),
(1, 202, 1, 1, 0),
(1, 203, 1, 1, 0),
(1, 204, 1, 1, 0),
(1, 205, 1, 1, 0),
(1, 206, 1, 1, 0),
(1, 207, 1, 1, 0),
(1, 208, 1, 1, 0),
(1, 209, 1, 1, 0),
(1, 210, 1, 1, 0),
(1, 211, 1, 1, 0),
(1, 212, 1, 1, 0),
(1, 213, 1, 1, 0),
(1, 214, 1, 1, 0),
(1, 215, 1, 1, 0),
(1, 216, 1, 1, 0),
(1, 217, 1, 1, 0),
(1, 218, 1, 1, 0),
(1, 219, 1, 1, 0),
(1, 220, 1, 1, 0),
(1, 221, 1, 1, 0),
(1, 222, 1, 1, 0),
(1, 223, 1, 1, 0),
(1, 224, 1, 1, 0),
(1, 225, 1, 1, 0),
(1, 226, 1, 1, 0),
(1, 227, 1, 1, 0),
(1, 228, 1, 1, 0),
(1, 229, 1, 1, 0),
(1, 230, 1, 1, 0),
(1, 231, 1, 1, 0),
(1, 232, 1, 1, 0),
(1, 233, 1, 1, 0),
(1, 234, 1, 1, 0),
(1, 235, 1, 1, 0),
(1, 236, 1, 1, 0),
(1, 237, 1, 1, 0),
(1, 238, 1, 1, 0),
(1, 239, 1, 1, 0),
(1, 240, 1, 1, 0),
(1, 241, 1, 1, 0),
(1, 242, 1, 1, 0),
(1, 243, 1, 1, 0),
(1, 244, 1, 1, 0),
(1, 245, 1, 1, 0),
(1, 246, 1, 1, 0),
(1, 247, 1, 1, 0),
(5, 181, 1, 1, 0),
(5, 193, 1, 1, 0),
(5, 194, 1, 1, 0),
(5, 195, 1, 1, 0),
(5, 196, 1, 1, 0),
(5, 197, 1, 1, 0),
(5, 198, 1, 1, 0),
(5, 199, 1, 1, 0),
(5, 200, 1, 1, 0),
(5, 201, 1, 1, 0),
(5, 202, 1, 1, 0),
(5, 203, 1, 1, 0),
(5, 204, 1, 1, 0),
(5, 205, 1, 1, 0),
(5, 206, 1, 1, 0),
(5, 207, 1, 1, 0),
(5, 208, 1, 1, 0),
(5, 209, 1, 1, 0),
(5, 210, 1, 1, 0),
(5, 211, 1, 1, 0),
(5, 212, 1, 1, 0),
(5, 213, 1, 1, 0),
(5, 214, 1, 1, 0),
(5, 215, 1, 1, 0),
(5, 216, 1, 1, 0),
(5, 217, 1, 1, 0),
(5, 218, 1, 1, 0),
(5, 219, 1, 1, 0),
(5, 220, 1, 1, 0),
(5, 221, 1, 1, 0),
(5, 222, 1, 1, 0),
(5, 223, 1, 1, 0),
(5, 224, 1, 1, 0),
(5, 225, 1, 1, 0),
(5, 226, 1, 1, 0),
(5, 227, 1, 1, 0),
(5, 228, 1, 1, 0),
(5, 229, 1, 1, 0),
(5, 230, 1, 1, 0),
(5, 231, 1, 1, 0),
(5, 232, 1, 1, 0),
(5, 233, 1, 1, 0),
(5, 234, 1, 1, 0),
(5, 235, 1, 1, 0),
(5, 236, 1, 1, 0),
(5, 237, 1, 1, 0),
(5, 238, 1, 1, 0),
(5, 239, 1, 1, 0),
(5, 240, 1, 1, 0),
(5, 241, 1, 1, 0),
(5, 242, 1, 1, 0),
(5, 243, 1, 1, 0),
(5, 244, 1, 1, 0),
(5, 245, 1, 1, 0),
(5, 246, 1, 1, 0),
(5, 247, 1, 1, 0),
(7, 181, 1, 1, 0),
(7, 193, 1, 1, 0),
(7, 194, 1, 1, 0),
(7, 195, 1, 1, 0),
(7, 196, 1, 1, 0),
(7, 197, 1, 1, 0),
(7, 198, 1, 1, 0),
(7, 199, 1, 1, 0),
(7, 200, 1, 1, 0),
(7, 201, 1, 1, 0),
(7, 202, 1, 1, 0),
(7, 203, 1, 1, 0),
(7, 204, 1, 1, 0),
(7, 205, 1, 1, 0),
(7, 206, 1, 1, 0),
(7, 207, 1, 1, 0),
(7, 208, 1, 1, 0),
(7, 209, 1, 1, 0),
(7, 210, 1, 1, 0),
(7, 211, 1, 1, 0),
(7, 212, 1, 1, 0),
(7, 213, 1, 1, 0),
(7, 214, 1, 1, 0),
(7, 215, 1, 1, 0),
(7, 216, 1, 1, 0),
(7, 217, 1, 1, 0),
(7, 218, 1, 1, 0),
(7, 219, 1, 1, 0),
(7, 220, 1, 1, 0),
(7, 221, 1, 1, 0),
(7, 222, 1, 1, 0),
(7, 223, 1, 1, 0),
(7, 224, 1, 1, 0),
(7, 225, 1, 1, 0),
(7, 226, 1, 1, 0),
(7, 227, 1, 1, 0),
(7, 228, 1, 1, 0),
(7, 229, 1, 1, 0),
(7, 230, 1, 1, 0),
(7, 231, 1, 1, 0),
(7, 232, 1, 1, 0),
(7, 233, 1, 1, 0),
(7, 234, 1, 1, 0),
(7, 235, 1, 1, 0),
(7, 236, 1, 1, 0),
(7, 237, 1, 1, 0),
(7, 238, 1, 1, 0),
(7, 239, 1, 1, 0),
(7, 240, 1, 1, 0),
(7, 241, 1, 1, 0),
(7, 242, 1, 1, 0),
(7, 243, 1, 1, 0),
(7, 244, 1, 1, 0),
(7, 245, 1, 1, 0),
(7, 246, 1, 1, 0),
(7, 247, 1, 1, 0),
(8, 181, 1, 1, 0),
(8, 193, 1, 1, 0),
(8, 194, 1, 1, 0),
(8, 195, 1, 1, 0),
(8, 196, 1, 1, 0),
(8, 197, 1, 1, 0),
(8, 198, 1, 1, 0),
(8, 199, 1, 1, 0),
(8, 200, 1, 1, 0),
(8, 201, 1, 1, 0),
(8, 202, 1, 1, 0),
(8, 203, 1, 1, 0),
(8, 204, 1, 1, 0),
(8, 205, 1, 1, 0),
(8, 206, 1, 1, 0),
(8, 207, 1, 1, 0),
(8, 208, 1, 1, 0),
(8, 209, 1, 1, 0),
(8, 210, 1, 1, 0),
(8, 211, 1, 1, 0),
(8, 212, 1, 1, 0),
(8, 213, 1, 1, 0),
(8, 214, 1, 1, 0),
(8, 215, 1, 1, 0),
(8, 216, 1, 1, 0),
(8, 217, 1, 1, 0),
(8, 218, 1, 1, 0),
(8, 219, 1, 1, 0),
(8, 220, 1, 1, 0),
(8, 221, 1, 1, 0),
(8, 222, 1, 1, 0),
(8, 223, 1, 1, 0),
(8, 224, 1, 1, 0),
(8, 225, 1, 1, 0),
(8, 226, 1, 1, 0),
(8, 227, 1, 1, 0),
(8, 228, 1, 1, 0),
(8, 229, 1, 1, 0),
(8, 230, 1, 1, 0),
(8, 231, 1, 1, 0),
(8, 232, 1, 1, 0),
(8, 233, 1, 1, 0),
(8, 234, 1, 1, 0),
(8, 235, 1, 1, 0),
(8, 236, 1, 1, 0),
(8, 237, 1, 1, 0),
(8, 238, 1, 1, 0),
(8, 239, 1, 1, 0),
(8, 240, 1, 1, 0),
(8, 241, 1, 1, 0),
(8, 242, 1, 1, 0),
(8, 243, 1, 1, 0),
(8, 244, 1, 1, 0),
(8, 245, 1, 1, 0),
(8, 246, 1, 1, 0),
(8, 247, 1, 1, 0),
(9, 181, 1, 1, 0),
(9, 193, 1, 1, 0),
(9, 194, 1, 1, 0),
(9, 195, 1, 1, 0),
(9, 196, 1, 1, 0),
(9, 197, 1, 1, 0),
(9, 198, 1, 1, 0),
(9, 199, 1, 1, 0),
(9, 200, 1, 1, 0),
(9, 201, 1, 1, 0),
(9, 202, 1, 1, 0),
(9, 203, 1, 1, 0),
(9, 204, 1, 1, 0),
(9, 205, 1, 1, 0),
(9, 206, 1, 1, 0),
(9, 207, 1, 1, 0),
(9, 208, 1, 1, 0),
(9, 209, 1, 1, 0),
(9, 210, 1, 1, 0),
(9, 211, 1, 1, 0),
(9, 212, 1, 1, 0),
(9, 213, 1, 1, 0),
(9, 214, 1, 1, 0),
(9, 215, 1, 1, 0),
(9, 216, 1, 1, 0),
(9, 217, 1, 1, 0),
(9, 218, 1, 1, 0),
(9, 219, 1, 1, 0),
(9, 220, 1, 1, 0),
(9, 221, 1, 1, 0),
(9, 222, 1, 1, 0),
(9, 223, 1, 1, 0),
(9, 224, 1, 1, 0),
(9, 225, 1, 1, 0),
(9, 226, 1, 1, 0),
(9, 227, 1, 1, 0),
(9, 228, 1, 1, 0),
(9, 229, 1, 1, 0),
(9, 230, 1, 1, 0),
(9, 231, 1, 1, 0),
(9, 232, 1, 1, 0),
(9, 233, 1, 1, 0),
(9, 234, 1, 1, 0),
(9, 235, 1, 1, 0),
(9, 236, 1, 1, 0),
(9, 237, 1, 1, 0),
(9, 238, 1, 1, 0),
(9, 239, 1, 1, 0),
(9, 240, 1, 1, 0),
(9, 241, 1, 1, 0),
(9, 242, 1, 1, 0),
(9, 243, 1, 1, 0),
(9, 244, 1, 1, 0),
(9, 245, 1, 1, 0),
(9, 246, 1, 1, 0),
(9, 247, 1, 1, 0),
(10, 181, 1, 1, 0),
(10, 193, 1, 1, 0),
(10, 194, 1, 1, 0),
(10, 195, 1, 1, 0),
(10, 196, 1, 1, 0),
(10, 197, 1, 1, 0),
(10, 198, 1, 1, 0),
(10, 199, 1, 1, 0),
(10, 200, 1, 1, 0),
(10, 201, 1, 1, 0),
(10, 202, 1, 1, 0),
(10, 203, 1, 1, 0),
(10, 204, 1, 1, 0),
(10, 205, 1, 1, 0),
(10, 206, 1, 1, 0),
(10, 207, 1, 1, 0),
(10, 208, 1, 1, 0),
(10, 209, 1, 1, 0),
(10, 210, 1, 1, 0),
(10, 211, 1, 1, 0),
(10, 212, 1, 1, 0),
(10, 213, 1, 1, 0),
(10, 214, 1, 1, 0),
(10, 215, 1, 1, 0),
(10, 216, 1, 1, 0),
(10, 217, 1, 1, 0),
(10, 218, 1, 1, 0),
(10, 219, 1, 1, 0),
(10, 220, 1, 1, 0),
(10, 221, 1, 1, 0),
(10, 222, 1, 1, 0),
(10, 223, 1, 1, 0),
(10, 224, 1, 1, 0),
(10, 225, 1, 1, 0),
(10, 226, 1, 1, 0),
(10, 227, 1, 1, 0),
(10, 228, 1, 1, 0),
(10, 229, 1, 1, 0),
(10, 230, 1, 1, 0),
(10, 231, 1, 1, 0),
(10, 232, 1, 1, 0),
(10, 233, 1, 1, 0),
(10, 234, 1, 1, 0),
(10, 235, 1, 1, 0),
(10, 236, 1, 1, 0),
(10, 237, 1, 1, 0),
(10, 238, 1, 1, 0),
(10, 239, 1, 1, 0),
(10, 240, 1, 1, 0),
(10, 241, 1, 1, 0),
(10, 242, 1, 1, 0),
(10, 243, 1, 1, 0),
(10, 244, 1, 1, 0),
(10, 245, 1, 1, 0),
(10, 246, 1, 1, 0),
(10, 247, 1, 1, 0),
(11, 193, 1, 1, 0),
(11, 194, 1, 1, 0),
(11, 195, 1, 1, 0),
(11, 196, 1, 1, 0),
(11, 197, 1, 1, 0),
(11, 198, 1, 1, 0),
(11, 199, 1, 1, 0),
(11, 200, 1, 1, 0),
(11, 201, 1, 1, 0),
(11, 202, 1, 1, 0),
(11, 203, 1, 1, 0),
(11, 204, 1, 1, 0),
(11, 205, 1, 1, 0),
(11, 206, 1, 1, 0),
(11, 207, 1, 1, 0),
(11, 208, 1, 1, 0),
(11, 209, 1, 1, 0),
(11, 210, 1, 1, 0),
(11, 211, 1, 1, 0),
(11, 212, 1, 1, 0),
(11, 213, 1, 1, 0),
(11, 214, 1, 1, 0),
(11, 215, 1, 1, 0),
(11, 216, 1, 1, 0),
(11, 217, 1, 1, 0),
(11, 218, 1, 1, 0),
(11, 219, 1, 1, 0),
(11, 220, 1, 1, 0),
(11, 221, 1, 1, 0),
(11, 222, 1, 1, 0),
(11, 223, 1, 1, 0),
(11, 224, 1, 1, 0),
(11, 225, 1, 1, 0),
(11, 226, 1, 1, 0),
(11, 227, 1, 1, 0),
(11, 228, 1, 1, 0),
(11, 229, 1, 1, 0),
(11, 230, 1, 1, 0),
(11, 231, 1, 1, 0),
(11, 232, 1, 1, 0),
(11, 233, 1, 1, 0),
(11, 234, 1, 1, 0),
(11, 235, 1, 1, 0),
(11, 236, 1, 1, 0),
(11, 237, 1, 1, 0),
(11, 238, 1, 1, 0),
(11, 239, 1, 1, 0),
(11, 240, 1, 1, 0),
(11, 241, 1, 1, 0),
(11, 242, 1, 1, 0),
(11, 243, 1, 1, 0),
(11, 244, 1, 1, 0),
(11, 245, 1, 1, 0),
(11, 246, 1, 1, 0),
(11, 247, 1, 1, 0),
(12, 193, 1, 1, 0),
(12, 194, 1, 1, 0),
(12, 195, 1, 1, 0),
(12, 196, 1, 1, 0),
(12, 197, 1, 1, 0),
(12, 198, 1, 1, 0),
(12, 199, 1, 1, 0),
(12, 200, 1, 1, 0),
(12, 201, 1, 1, 0),
(12, 202, 1, 1, 0),
(12, 203, 1, 1, 0),
(12, 204, 1, 1, 0),
(12, 205, 1, 1, 0),
(12, 206, 1, 1, 0),
(12, 207, 1, 1, 0),
(12, 208, 1, 1, 0),
(12, 209, 1, 1, 0),
(12, 210, 1, 1, 0),
(12, 211, 1, 1, 0),
(12, 212, 1, 1, 0),
(12, 213, 1, 1, 0),
(12, 214, 1, 1, 0),
(12, 215, 1, 1, 0),
(12, 216, 1, 1, 0),
(12, 217, 1, 1, 0),
(12, 218, 1, 1, 0),
(12, 219, 1, 1, 0),
(12, 220, 1, 1, 0),
(12, 221, 1, 1, 0),
(12, 222, 1, 1, 0),
(12, 223, 1, 1, 0),
(12, 224, 1, 1, 0),
(12, 225, 1, 1, 0),
(12, 226, 1, 1, 0),
(12, 227, 1, 1, 0),
(12, 228, 1, 1, 0),
(12, 229, 1, 1, 0),
(12, 230, 1, 1, 0),
(12, 231, 1, 1, 0),
(12, 232, 1, 1, 0),
(12, 233, 1, 1, 0),
(12, 234, 1, 1, 0),
(12, 235, 1, 1, 0),
(12, 236, 1, 1, 0),
(12, 237, 1, 1, 0),
(12, 238, 1, 1, 0),
(12, 239, 1, 1, 0),
(12, 240, 1, 1, 0),
(12, 241, 1, 1, 0),
(12, 242, 1, 1, 0),
(12, 243, 1, 1, 0),
(12, 244, 1, 1, 0),
(12, 245, 1, 1, 0),
(12, 246, 1, 1, 0),
(12, 247, 1, 1, 0),
(13, 193, 1, 1, 0),
(13, 194, 1, 1, 0),
(13, 195, 1, 1, 0),
(13, 196, 1, 1, 0),
(13, 197, 1, 1, 0),
(13, 198, 1, 1, 0),
(13, 199, 1, 1, 0),
(13, 200, 1, 1, 0),
(13, 201, 1, 1, 0),
(13, 202, 1, 1, 0),
(13, 203, 1, 1, 0),
(13, 204, 1, 1, 0),
(13, 205, 1, 1, 0),
(13, 206, 1, 1, 0),
(13, 207, 1, 1, 0),
(13, 208, 1, 1, 0),
(13, 209, 1, 1, 0),
(13, 210, 1, 1, 0),
(13, 211, 1, 1, 0),
(13, 212, 1, 1, 0),
(13, 213, 1, 1, 0),
(13, 214, 1, 1, 0),
(13, 215, 1, 1, 0),
(13, 216, 1, 1, 0),
(13, 217, 1, 1, 0),
(13, 218, 1, 1, 0),
(13, 219, 1, 1, 0),
(13, 220, 1, 1, 0),
(13, 221, 1, 1, 0),
(13, 222, 1, 1, 0),
(13, 223, 1, 1, 0),
(13, 224, 1, 1, 0),
(13, 225, 1, 1, 0),
(13, 226, 1, 1, 0),
(13, 227, 1, 1, 0),
(13, 228, 1, 1, 0),
(13, 229, 1, 1, 0),
(13, 230, 1, 1, 0),
(13, 231, 1, 1, 0),
(13, 232, 1, 1, 0),
(13, 233, 1, 1, 0),
(13, 234, 1, 1, 0),
(13, 235, 1, 1, 0),
(13, 236, 1, 1, 0),
(13, 237, 1, 1, 0),
(13, 238, 1, 1, 0),
(13, 239, 1, 1, 0),
(13, 240, 1, 1, 0),
(13, 241, 1, 1, 0),
(13, 242, 1, 1, 0),
(13, 243, 1, 1, 0),
(13, 244, 1, 1, 0),
(13, 245, 1, 1, 0),
(13, 246, 1, 1, 0),
(13, 247, 1, 1, 0),
(14, 193, 1, 1, 0),
(14, 194, 1, 1, 0),
(14, 195, 1, 1, 0),
(14, 196, 1, 1, 0),
(14, 197, 1, 1, 0),
(14, 198, 1, 1, 0),
(14, 199, 1, 1, 0),
(14, 200, 1, 1, 0),
(14, 201, 1, 1, 0),
(14, 202, 1, 1, 0),
(14, 203, 1, 1, 0),
(14, 204, 1, 1, 0),
(14, 205, 1, 1, 0),
(14, 206, 1, 1, 0),
(14, 207, 1, 1, 0),
(14, 208, 1, 1, 0),
(14, 209, 1, 1, 0),
(14, 210, 1, 1, 0),
(14, 211, 1, 1, 0),
(14, 212, 1, 1, 0),
(14, 213, 1, 1, 0),
(14, 214, 1, 1, 0),
(14, 215, 1, 1, 0),
(14, 216, 1, 1, 0),
(14, 217, 1, 1, 0),
(14, 218, 1, 1, 0),
(14, 219, 1, 1, 0),
(14, 220, 1, 1, 0),
(14, 221, 1, 1, 0),
(14, 222, 1, 1, 0),
(14, 223, 1, 1, 0),
(14, 224, 1, 1, 0),
(14, 225, 1, 1, 0),
(14, 226, 1, 1, 0),
(14, 227, 1, 1, 0),
(14, 228, 1, 1, 0),
(14, 229, 1, 1, 0),
(14, 230, 1, 1, 0),
(14, 231, 1, 1, 0),
(14, 232, 1, 1, 0),
(14, 233, 1, 1, 0),
(14, 234, 1, 1, 0),
(14, 235, 1, 1, 0),
(14, 236, 1, 1, 0),
(14, 237, 1, 1, 0),
(14, 238, 1, 1, 0),
(14, 239, 1, 1, 0),
(14, 240, 1, 1, 0),
(14, 241, 1, 1, 0),
(14, 242, 1, 1, 0),
(14, 243, 1, 1, 0),
(14, 244, 1, 1, 0),
(14, 245, 1, 1, 0),
(14, 246, 1, 1, 0),
(14, 247, 1, 1, 0),
(15, 193, 1, 1, 0),
(15, 194, 1, 1, 0),
(15, 195, 1, 1, 0),
(15, 196, 1, 1, 0),
(15, 197, 1, 1, 0),
(15, 198, 1, 1, 0),
(15, 199, 1, 1, 0),
(15, 200, 1, 1, 0),
(15, 201, 1, 1, 0),
(15, 202, 1, 1, 0),
(15, 203, 1, 1, 0),
(15, 204, 1, 1, 0),
(15, 205, 1, 1, 0),
(15, 206, 1, 1, 0),
(15, 207, 1, 1, 0),
(15, 208, 1, 1, 0),
(15, 209, 1, 1, 0),
(15, 210, 1, 1, 0),
(15, 211, 1, 1, 0),
(15, 212, 1, 1, 0),
(15, 213, 1, 1, 0),
(15, 214, 1, 1, 0),
(15, 215, 1, 1, 0),
(15, 216, 1, 1, 0),
(15, 217, 1, 1, 0),
(15, 218, 1, 1, 0),
(15, 219, 1, 1, 0),
(15, 220, 1, 1, 0),
(15, 221, 1, 1, 0),
(15, 222, 1, 1, 0),
(15, 223, 1, 1, 0),
(15, 224, 1, 1, 0),
(15, 225, 1, 1, 0),
(15, 226, 1, 1, 0),
(15, 227, 1, 1, 0),
(15, 228, 1, 1, 0),
(15, 229, 1, 1, 0),
(15, 230, 1, 1, 0),
(15, 231, 1, 1, 0),
(15, 232, 1, 1, 0),
(15, 233, 1, 1, 0),
(15, 234, 1, 1, 0),
(15, 235, 1, 1, 0),
(15, 236, 1, 1, 0),
(15, 237, 1, 1, 0),
(15, 238, 1, 1, 0),
(15, 239, 1, 1, 0),
(15, 240, 1, 1, 0),
(15, 241, 1, 1, 0),
(15, 242, 1, 1, 0),
(15, 243, 1, 1, 0),
(15, 244, 1, 1, 0),
(15, 245, 1, 1, 0),
(15, 246, 1, 1, 0),
(15, 247, 1, 1, 0),
(16, 193, 1, 1, 0),
(16, 194, 1, 1, 0),
(16, 195, 1, 1, 0),
(16, 196, 1, 1, 0),
(16, 197, 1, 1, 0),
(16, 198, 1, 1, 0),
(16, 199, 1, 1, 0),
(16, 200, 1, 1, 0),
(16, 201, 1, 1, 0),
(16, 202, 1, 1, 0),
(16, 203, 1, 1, 0),
(16, 204, 1, 1, 0),
(16, 205, 1, 1, 0),
(16, 206, 1, 1, 0),
(16, 207, 1, 1, 0),
(16, 208, 1, 1, 0),
(16, 209, 1, 1, 0),
(16, 210, 1, 1, 0),
(16, 211, 1, 1, 0),
(16, 212, 1, 1, 0),
(16, 213, 1, 1, 0),
(16, 214, 1, 1, 0),
(16, 215, 1, 1, 0),
(16, 216, 1, 1, 0),
(16, 217, 1, 1, 0),
(16, 218, 1, 1, 0),
(16, 219, 1, 1, 0),
(16, 220, 1, 1, 0),
(16, 221, 1, 1, 0),
(16, 222, 1, 1, 0),
(16, 223, 1, 1, 0),
(16, 224, 1, 1, 0),
(16, 225, 1, 1, 0),
(16, 226, 1, 1, 0),
(16, 227, 1, 1, 0),
(16, 228, 1, 1, 0),
(16, 229, 1, 1, 0),
(16, 230, 1, 1, 0),
(16, 231, 1, 1, 0),
(16, 232, 1, 1, 0),
(16, 233, 1, 1, 0),
(16, 234, 1, 1, 0),
(16, 235, 1, 1, 0),
(16, 236, 1, 1, 0),
(16, 237, 1, 1, 0),
(16, 238, 1, 1, 0),
(16, 239, 1, 1, 0),
(16, 240, 1, 1, 0),
(16, 241, 1, 1, 0),
(16, 242, 1, 1, 0),
(16, 243, 1, 1, 0),
(16, 244, 1, 1, 0),
(16, 245, 1, 1, 0),
(16, 246, 1, 1, 0),
(16, 247, 1, 1, 0),
(17, 193, 1, 1, 0),
(17, 194, 1, 1, 0),
(17, 195, 1, 1, 0),
(17, 196, 1, 1, 0),
(17, 197, 1, 1, 0),
(17, 198, 1, 1, 0),
(17, 199, 1, 1, 0),
(17, 200, 1, 1, 0),
(17, 201, 1, 1, 0),
(17, 202, 1, 1, 0),
(17, 203, 1, 1, 0),
(17, 204, 1, 1, 0),
(17, 205, 1, 1, 0),
(17, 206, 1, 1, 0),
(17, 207, 1, 1, 0),
(17, 208, 1, 1, 0),
(17, 209, 1, 1, 0),
(17, 210, 1, 1, 0),
(17, 211, 1, 1, 0),
(17, 212, 1, 1, 0),
(17, 213, 1, 1, 0),
(17, 214, 1, 1, 0),
(17, 215, 1, 1, 0),
(17, 216, 1, 1, 0),
(17, 217, 1, 1, 0),
(17, 218, 1, 1, 0),
(17, 219, 1, 1, 0),
(17, 220, 1, 1, 0),
(17, 221, 1, 1, 0),
(17, 222, 1, 1, 0),
(17, 223, 1, 1, 0),
(17, 224, 1, 1, 0),
(17, 225, 1, 1, 0),
(17, 226, 1, 1, 0),
(17, 227, 1, 1, 0),
(17, 228, 1, 1, 0),
(17, 229, 1, 1, 0),
(17, 230, 1, 1, 0),
(17, 231, 1, 1, 0),
(17, 232, 1, 1, 0),
(17, 233, 1, 1, 0),
(17, 234, 1, 1, 0),
(17, 235, 1, 1, 0),
(17, 236, 1, 1, 0),
(17, 237, 1, 1, 0),
(17, 238, 1, 1, 0),
(17, 239, 1, 1, 0),
(17, 240, 1, 1, 0),
(17, 241, 1, 1, 0),
(17, 242, 1, 1, 0),
(17, 243, 1, 1, 0),
(17, 244, 1, 1, 0),
(17, 245, 1, 1, 0),
(17, 246, 1, 1, 0),
(17, 247, 1, 1, 0),
(18, 193, 1, 1, 0),
(18, 194, 1, 1, 0),
(18, 195, 1, 1, 0),
(18, 196, 1, 1, 0),
(18, 197, 1, 1, 0),
(18, 198, 1, 1, 0),
(18, 199, 1, 1, 0),
(18, 200, 1, 1, 0),
(18, 201, 1, 1, 0),
(18, 202, 1, 1, 0),
(18, 203, 1, 1, 0),
(18, 204, 1, 1, 0),
(18, 205, 1, 1, 0),
(18, 206, 1, 1, 0),
(18, 207, 1, 1, 0),
(18, 208, 1, 1, 0),
(18, 209, 1, 1, 0),
(18, 210, 1, 1, 0),
(18, 211, 1, 1, 0),
(18, 212, 1, 1, 0),
(18, 213, 1, 1, 0),
(18, 214, 1, 1, 0),
(18, 215, 1, 1, 0),
(18, 216, 1, 1, 0),
(18, 217, 1, 1, 0),
(18, 218, 1, 1, 0),
(18, 219, 1, 1, 0),
(18, 220, 1, 1, 0),
(18, 221, 1, 1, 0),
(18, 222, 1, 1, 0),
(18, 223, 1, 1, 0),
(18, 224, 1, 1, 0),
(18, 225, 1, 1, 0),
(18, 226, 1, 1, 0),
(18, 227, 1, 1, 0),
(18, 228, 1, 1, 0),
(18, 229, 1, 1, 0),
(18, 230, 1, 1, 0),
(18, 231, 1, 1, 0),
(18, 232, 1, 1, 0),
(18, 233, 1, 1, 0),
(18, 234, 1, 1, 0),
(18, 235, 1, 1, 0),
(18, 236, 1, 1, 0),
(18, 237, 1, 1, 0),
(18, 238, 1, 1, 0),
(18, 239, 1, 1, 0),
(18, 240, 1, 1, 0),
(18, 241, 1, 1, 0),
(18, 242, 1, 1, 0),
(18, 243, 1, 1, 0),
(18, 244, 1, 1, 0),
(18, 245, 1, 1, 0),
(18, 246, 1, 1, 0),
(18, 247, 1, 1, 0),
(19, 193, 1, 1, 0),
(19, 194, 1, 1, 0),
(19, 195, 1, 1, 0),
(19, 196, 1, 1, 0),
(19, 197, 1, 1, 0),
(19, 198, 1, 1, 0),
(19, 199, 1, 1, 0),
(19, 200, 1, 1, 0),
(19, 201, 1, 1, 0),
(19, 202, 1, 1, 0),
(19, 203, 1, 1, 0),
(19, 204, 1, 1, 0),
(19, 205, 1, 1, 0),
(19, 206, 1, 1, 0),
(19, 207, 1, 1, 0),
(19, 208, 1, 1, 0),
(19, 209, 1, 1, 0),
(19, 210, 1, 1, 0),
(19, 211, 1, 1, 0),
(19, 212, 1, 1, 0),
(19, 213, 1, 1, 0),
(19, 214, 1, 1, 0),
(19, 215, 1, 1, 0),
(19, 216, 1, 1, 0),
(19, 217, 1, 1, 0),
(19, 218, 1, 1, 0),
(19, 219, 1, 1, 0),
(19, 220, 1, 1, 0),
(19, 221, 1, 1, 0),
(19, 222, 1, 1, 0),
(19, 223, 1, 1, 0),
(19, 224, 1, 1, 0),
(19, 225, 1, 1, 0),
(19, 226, 1, 1, 0),
(19, 227, 1, 1, 0),
(19, 228, 1, 1, 0),
(19, 229, 1, 1, 0),
(19, 230, 1, 1, 0),
(19, 231, 1, 1, 0),
(19, 232, 1, 1, 0),
(19, 233, 1, 1, 0),
(19, 234, 1, 1, 0),
(19, 235, 1, 1, 0),
(19, 236, 1, 1, 0),
(19, 237, 1, 1, 0),
(19, 238, 1, 1, 0),
(19, 239, 1, 1, 0),
(19, 240, 1, 1, 0),
(19, 241, 1, 1, 0),
(19, 242, 1, 1, 0),
(19, 243, 1, 1, 0),
(19, 244, 1, 1, 0),
(19, 245, 1, 1, 0),
(19, 246, 1, 1, 0),
(19, 247, 1, 1, 0),
(20, 193, 1, 1, 0),
(20, 194, 1, 1, 0),
(20, 195, 1, 1, 0),
(20, 196, 1, 1, 0),
(20, 197, 1, 1, 0),
(20, 198, 1, 1, 0),
(20, 199, 1, 1, 0),
(20, 200, 1, 1, 0),
(20, 201, 1, 1, 0),
(20, 202, 1, 1, 0),
(20, 203, 1, 1, 0),
(20, 204, 1, 1, 0),
(20, 205, 1, 1, 0),
(20, 206, 1, 1, 0),
(20, 207, 1, 1, 0),
(20, 208, 1, 1, 0),
(20, 209, 1, 1, 0),
(20, 210, 1, 1, 0),
(20, 211, 1, 1, 0),
(20, 212, 1, 1, 0),
(20, 213, 1, 1, 0),
(20, 214, 1, 1, 0),
(20, 215, 1, 1, 0),
(20, 216, 1, 1, 0),
(20, 217, 1, 1, 0),
(20, 218, 1, 1, 0),
(20, 219, 1, 1, 0),
(20, 220, 1, 1, 0),
(20, 221, 1, 1, 0),
(20, 222, 1, 1, 0),
(20, 223, 1, 1, 0),
(20, 224, 1, 1, 0),
(20, 225, 1, 1, 0),
(20, 226, 1, 1, 0),
(20, 227, 1, 1, 0),
(20, 228, 1, 1, 0),
(20, 229, 1, 1, 0),
(20, 230, 1, 1, 0),
(20, 231, 1, 1, 0),
(20, 232, 1, 1, 0),
(20, 233, 1, 1, 0),
(20, 234, 1, 1, 0),
(20, 235, 1, 1, 0),
(20, 236, 1, 1, 0),
(20, 237, 1, 1, 0),
(20, 238, 1, 1, 0),
(20, 239, 1, 1, 0),
(20, 240, 1, 1, 0),
(20, 241, 1, 1, 0),
(20, 242, 1, 1, 0),
(20, 243, 1, 1, 0),
(20, 244, 1, 1, 0),
(20, 245, 1, 1, 0),
(20, 246, 1, 1, 0),
(20, 247, 1, 1, 0),
(21, 193, 1, 1, 0),
(21, 194, 1, 1, 0),
(21, 195, 1, 1, 0),
(21, 196, 1, 1, 0),
(21, 197, 1, 1, 0),
(21, 198, 1, 1, 0),
(21, 199, 1, 1, 0),
(21, 200, 1, 1, 0),
(21, 201, 1, 1, 0),
(21, 202, 1, 1, 0),
(21, 203, 1, 1, 0),
(21, 204, 1, 1, 0),
(21, 205, 1, 1, 0),
(21, 206, 1, 1, 0),
(21, 207, 1, 1, 0),
(21, 208, 1, 1, 0),
(21, 209, 1, 1, 0),
(21, 210, 1, 1, 0),
(21, 211, 1, 1, 0),
(21, 212, 1, 1, 0),
(21, 213, 1, 1, 0),
(21, 214, 1, 1, 0),
(21, 215, 1, 1, 0),
(21, 216, 1, 1, 0),
(21, 217, 1, 1, 0),
(21, 218, 1, 1, 0),
(21, 219, 1, 1, 0),
(21, 220, 1, 1, 0),
(21, 221, 1, 1, 0),
(21, 222, 1, 1, 0),
(21, 223, 1, 1, 0),
(21, 224, 1, 1, 0),
(21, 225, 1, 1, 0),
(21, 226, 1, 1, 0),
(21, 227, 1, 1, 0),
(21, 228, 1, 1, 0),
(21, 229, 1, 1, 0),
(21, 230, 1, 1, 0),
(21, 231, 1, 1, 0),
(21, 232, 1, 1, 0),
(21, 233, 1, 1, 0),
(21, 234, 1, 1, 0),
(21, 235, 1, 1, 0),
(21, 236, 1, 1, 0),
(21, 237, 1, 1, 0),
(21, 238, 1, 1, 0),
(21, 239, 1, 1, 0),
(21, 240, 1, 1, 0),
(21, 241, 1, 1, 0),
(21, 242, 1, 1, 0),
(21, 243, 1, 1, 0),
(21, 244, 1, 1, 0),
(21, 245, 1, 1, 0),
(21, 246, 1, 1, 0),
(21, 247, 1, 1, 0),
(22, 193, 1, 1, 0),
(22, 194, 1, 1, 0),
(22, 195, 1, 1, 0),
(22, 196, 1, 1, 0),
(22, 197, 1, 1, 0),
(22, 198, 1, 1, 0),
(22, 199, 1, 1, 0),
(22, 200, 1, 1, 0),
(22, 201, 1, 1, 0),
(22, 202, 1, 1, 0),
(22, 203, 1, 1, 0),
(22, 204, 1, 1, 0),
(22, 205, 1, 1, 0),
(22, 206, 1, 1, 0),
(22, 207, 1, 1, 0),
(22, 208, 1, 1, 0),
(22, 209, 1, 1, 0),
(22, 210, 1, 1, 0),
(22, 211, 1, 1, 0),
(22, 212, 1, 1, 0),
(22, 213, 1, 1, 0),
(22, 214, 1, 1, 0),
(22, 215, 1, 1, 0),
(22, 216, 1, 1, 0),
(22, 217, 1, 1, 0),
(22, 218, 1, 1, 0),
(22, 219, 1, 1, 0),
(22, 220, 1, 1, 0),
(22, 221, 1, 1, 0),
(22, 222, 1, 1, 0),
(22, 223, 1, 1, 0),
(22, 224, 1, 1, 0),
(22, 225, 1, 1, 0),
(22, 226, 1, 1, 0),
(22, 227, 1, 1, 0),
(22, 228, 1, 1, 0),
(22, 229, 1, 1, 0),
(22, 230, 1, 1, 0),
(22, 231, 1, 1, 0),
(22, 232, 1, 1, 0),
(22, 233, 1, 1, 0),
(22, 234, 1, 1, 0),
(22, 235, 1, 1, 0),
(22, 236, 1, 1, 0),
(22, 237, 1, 1, 0),
(22, 238, 1, 1, 0),
(22, 239, 1, 1, 0),
(22, 240, 1, 1, 0),
(22, 241, 1, 1, 0),
(22, 242, 1, 1, 0),
(22, 243, 1, 1, 0),
(22, 244, 1, 1, 0),
(22, 245, 1, 1, 0),
(22, 246, 1, 1, 0),
(22, 247, 1, 1, 0),
(23, 193, 1, 1, 0),
(23, 194, 1, 1, 0),
(23, 195, 1, 1, 0),
(23, 196, 1, 1, 0),
(23, 197, 1, 1, 0),
(23, 198, 1, 1, 0),
(23, 199, 1, 1, 0),
(23, 200, 1, 1, 0),
(23, 201, 1, 1, 0),
(23, 202, 1, 1, 0),
(23, 203, 1, 1, 0),
(23, 204, 1, 1, 0),
(23, 205, 1, 1, 0),
(23, 206, 1, 1, 0),
(23, 207, 1, 1, 0),
(23, 208, 1, 1, 0),
(23, 209, 1, 1, 0),
(23, 210, 1, 1, 0),
(23, 211, 1, 1, 0),
(23, 212, 1, 1, 0),
(23, 213, 1, 1, 0),
(23, 214, 1, 1, 0),
(23, 215, 1, 1, 0),
(23, 216, 1, 1, 0),
(23, 217, 1, 1, 0),
(23, 218, 1, 1, 0),
(23, 219, 1, 1, 0),
(23, 220, 1, 1, 0),
(23, 221, 1, 1, 0),
(23, 222, 1, 1, 0),
(23, 223, 1, 1, 0),
(23, 224, 1, 1, 0),
(23, 225, 1, 1, 0),
(23, 226, 1, 1, 0),
(23, 227, 1, 1, 0),
(23, 228, 1, 1, 0),
(23, 229, 1, 1, 0),
(23, 230, 1, 1, 0),
(23, 231, 1, 1, 0),
(23, 232, 1, 1, 0),
(23, 233, 1, 1, 0),
(23, 234, 1, 1, 0),
(23, 235, 1, 1, 0),
(23, 236, 1, 1, 0),
(23, 237, 1, 1, 0),
(23, 238, 1, 1, 0),
(23, 239, 1, 1, 0),
(23, 240, 1, 1, 0),
(23, 241, 1, 1, 0),
(23, 242, 1, 1, 0),
(23, 243, 1, 1, 0),
(23, 244, 1, 1, 0),
(23, 245, 1, 1, 0),
(23, 246, 1, 1, 0),
(23, 247, 1, 1, 0),
(24, 193, 1, 1, 0),
(24, 194, 1, 1, 0),
(24, 195, 1, 1, 0),
(24, 196, 1, 1, 0),
(24, 197, 1, 1, 0),
(24, 198, 1, 1, 0),
(24, 199, 1, 1, 0),
(24, 200, 1, 1, 0),
(24, 201, 1, 1, 0),
(24, 202, 1, 1, 0),
(24, 203, 1, 1, 0),
(24, 204, 1, 1, 0),
(24, 205, 1, 1, 0),
(24, 206, 1, 1, 0),
(24, 207, 1, 1, 0),
(24, 208, 1, 1, 0),
(24, 209, 1, 1, 0),
(24, 210, 1, 1, 0),
(24, 211, 1, 1, 0),
(24, 212, 1, 1, 0),
(24, 213, 1, 1, 0),
(24, 214, 1, 1, 0),
(24, 215, 1, 1, 0),
(24, 216, 1, 1, 0),
(24, 217, 1, 1, 0),
(24, 218, 1, 1, 0),
(24, 219, 1, 1, 0),
(24, 220, 1, 1, 0),
(24, 221, 1, 1, 0),
(24, 222, 1, 1, 0),
(24, 223, 1, 1, 0),
(24, 224, 1, 1, 0),
(24, 225, 1, 1, 0),
(24, 226, 1, 1, 0),
(24, 227, 1, 1, 0),
(24, 228, 1, 1, 0),
(24, 229, 1, 1, 0),
(24, 230, 1, 1, 0),
(24, 231, 1, 1, 0),
(24, 232, 1, 1, 0),
(24, 233, 1, 1, 0),
(24, 234, 1, 1, 0),
(24, 235, 1, 1, 0),
(24, 236, 1, 1, 0),
(24, 237, 1, 1, 0),
(24, 238, 1, 1, 0),
(24, 239, 1, 1, 0),
(24, 240, 1, 1, 0),
(24, 241, 1, 1, 0),
(24, 242, 1, 1, 0),
(24, 243, 1, 1, 0),
(24, 244, 1, 1, 0),
(24, 245, 1, 1, 0),
(24, 246, 1, 1, 0),
(24, 247, 1, 1, 0),
(25, 193, 1, 1, 0),
(25, 194, 1, 1, 0),
(25, 195, 1, 1, 0),
(25, 196, 1, 1, 0),
(25, 197, 1, 1, 0),
(25, 198, 1, 1, 0),
(25, 199, 1, 1, 0),
(25, 200, 1, 1, 0),
(25, 201, 1, 1, 0),
(25, 202, 1, 1, 0),
(25, 203, 1, 1, 0),
(25, 204, 1, 1, 0),
(25, 205, 1, 1, 0),
(25, 206, 1, 1, 0),
(25, 207, 1, 1, 0),
(25, 208, 1, 1, 0),
(25, 209, 1, 1, 0),
(25, 210, 1, 1, 0),
(25, 211, 1, 1, 0),
(25, 212, 1, 1, 0),
(25, 213, 1, 1, 0),
(25, 214, 1, 1, 0),
(25, 215, 1, 1, 0),
(25, 216, 1, 1, 0),
(25, 217, 1, 1, 0),
(25, 218, 1, 1, 0),
(25, 219, 1, 1, 0),
(25, 220, 1, 1, 0),
(25, 221, 1, 1, 0),
(25, 222, 1, 1, 0),
(25, 223, 1, 1, 0),
(25, 224, 1, 1, 0),
(25, 225, 1, 1, 0),
(25, 226, 1, 1, 0),
(25, 227, 1, 1, 0),
(25, 228, 1, 1, 0),
(25, 229, 1, 1, 0),
(25, 230, 1, 1, 0),
(25, 231, 1, 1, 0),
(25, 232, 1, 1, 0),
(25, 233, 1, 1, 0),
(25, 234, 1, 1, 0),
(25, 235, 1, 1, 0),
(25, 236, 1, 1, 0),
(25, 237, 1, 1, 0),
(25, 238, 1, 1, 0),
(25, 239, 1, 1, 0),
(25, 240, 1, 1, 0),
(25, 241, 1, 1, 0),
(25, 242, 1, 1, 0),
(25, 243, 1, 1, 0),
(25, 244, 1, 1, 0),
(25, 245, 1, 1, 0),
(25, 246, 1, 1, 0),
(25, 247, 1, 1, 0),
(26, 193, 1, 1, 0),
(26, 194, 1, 1, 0),
(26, 195, 1, 1, 0),
(26, 196, 1, 1, 0),
(26, 197, 1, 1, 0),
(26, 198, 1, 1, 0),
(26, 199, 1, 1, 0),
(26, 200, 1, 1, 0),
(26, 201, 1, 1, 0),
(26, 202, 1, 1, 0),
(26, 203, 1, 1, 0),
(26, 204, 1, 1, 0),
(26, 205, 1, 1, 0),
(26, 206, 1, 1, 0),
(26, 207, 1, 1, 0),
(26, 208, 1, 1, 0),
(26, 209, 1, 1, 0),
(26, 210, 1, 1, 0),
(26, 211, 1, 1, 0),
(26, 212, 1, 1, 0),
(26, 213, 1, 1, 0),
(26, 214, 1, 1, 0),
(26, 215, 1, 1, 0),
(26, 216, 1, 1, 0),
(26, 217, 1, 1, 0),
(26, 218, 1, 1, 0),
(26, 219, 1, 1, 0),
(26, 220, 1, 1, 0),
(26, 221, 1, 1, 0),
(26, 222, 1, 1, 0),
(26, 223, 1, 1, 0),
(26, 224, 1, 1, 0),
(26, 225, 1, 1, 0),
(26, 226, 1, 1, 0),
(26, 227, 1, 1, 0),
(26, 228, 1, 1, 0),
(26, 229, 1, 1, 0),
(26, 230, 1, 1, 0),
(26, 231, 1, 1, 0),
(26, 232, 1, 1, 0),
(26, 233, 1, 1, 0),
(26, 234, 1, 1, 0),
(26, 235, 1, 1, 0),
(26, 236, 1, 1, 0),
(26, 237, 1, 1, 0),
(26, 238, 1, 1, 0),
(26, 239, 1, 1, 0),
(26, 240, 1, 1, 0),
(26, 241, 1, 1, 0),
(26, 242, 1, 1, 0),
(26, 243, 1, 1, 0),
(26, 244, 1, 1, 0),
(26, 245, 1, 1, 0),
(26, 246, 1, 1, 0),
(26, 247, 1, 1, 0),
(27, 193, 1, 1, 0),
(27, 194, 1, 1, 0),
(27, 195, 1, 1, 0),
(27, 196, 1, 1, 0),
(27, 197, 1, 1, 0),
(27, 198, 1, 1, 0),
(27, 199, 1, 1, 0),
(27, 200, 1, 1, 0),
(27, 201, 1, 1, 0),
(27, 202, 1, 1, 0),
(27, 203, 1, 1, 0),
(27, 204, 1, 1, 0),
(27, 205, 1, 1, 0),
(27, 206, 1, 1, 0),
(27, 207, 1, 1, 0),
(27, 208, 1, 1, 0),
(27, 209, 1, 1, 0),
(27, 210, 1, 1, 0),
(27, 211, 1, 1, 0),
(27, 212, 1, 1, 0),
(27, 213, 1, 1, 0),
(27, 214, 1, 1, 0),
(27, 215, 1, 1, 0),
(27, 216, 1, 1, 0),
(27, 217, 1, 1, 0),
(27, 218, 1, 1, 0),
(27, 219, 1, 1, 0),
(27, 220, 1, 1, 0),
(27, 221, 1, 1, 0),
(27, 222, 1, 1, 0),
(27, 223, 1, 1, 0),
(27, 224, 1, 1, 0),
(27, 225, 1, 1, 0),
(27, 226, 1, 1, 0),
(27, 227, 1, 1, 0),
(27, 228, 1, 1, 0),
(27, 229, 1, 1, 0),
(27, 230, 1, 1, 0),
(27, 231, 1, 1, 0),
(27, 232, 1, 1, 0),
(27, 233, 1, 1, 0),
(27, 234, 1, 1, 0),
(27, 235, 1, 1, 0),
(27, 236, 1, 1, 0),
(27, 237, 1, 1, 0),
(27, 238, 1, 1, 0),
(27, 239, 1, 1, 0),
(27, 240, 1, 1, 0),
(27, 241, 1, 1, 0),
(27, 242, 1, 1, 0),
(27, 243, 1, 1, 0),
(27, 244, 1, 1, 0),
(27, 245, 1, 1, 0),
(27, 246, 1, 1, 0),
(27, 247, 1, 1, 0),
(28, 193, 1, 1, 0),
(28, 194, 1, 1, 0),
(28, 195, 1, 1, 0),
(28, 196, 1, 1, 0),
(28, 197, 1, 1, 0),
(28, 198, 1, 1, 0),
(28, 199, 1, 1, 0),
(28, 200, 1, 1, 0),
(28, 201, 1, 1, 0),
(28, 202, 1, 1, 0),
(28, 203, 1, 1, 0),
(28, 204, 1, 1, 0),
(28, 205, 1, 1, 0),
(28, 206, 1, 1, 0),
(28, 207, 1, 1, 0),
(28, 208, 1, 1, 0),
(28, 209, 1, 1, 0),
(28, 210, 1, 1, 0),
(28, 211, 1, 1, 0),
(28, 212, 1, 1, 0),
(28, 213, 1, 1, 0),
(28, 214, 1, 1, 0),
(28, 215, 1, 1, 0),
(28, 216, 1, 1, 0),
(28, 217, 1, 1, 0),
(28, 218, 1, 1, 0),
(28, 219, 1, 1, 0),
(28, 220, 1, 1, 0),
(28, 221, 1, 1, 0),
(28, 222, 1, 1, 0),
(28, 223, 1, 1, 0),
(28, 224, 1, 1, 0),
(28, 225, 1, 1, 0),
(28, 226, 1, 1, 0),
(28, 227, 1, 1, 0),
(28, 228, 1, 1, 0),
(28, 229, 1, 1, 0),
(28, 230, 1, 1, 0),
(28, 231, 1, 1, 0),
(28, 232, 1, 1, 0),
(28, 233, 1, 1, 0),
(28, 234, 1, 1, 0),
(28, 235, 1, 1, 0),
(28, 236, 1, 1, 0),
(28, 237, 1, 1, 0),
(28, 238, 1, 1, 0),
(28, 239, 1, 1, 0),
(28, 240, 1, 1, 0),
(28, 241, 1, 1, 0),
(28, 242, 1, 1, 0),
(28, 243, 1, 1, 0),
(28, 244, 1, 1, 0),
(28, 245, 1, 1, 0),
(28, 246, 1, 1, 0),
(28, 247, 1, 1, 0),
(29, 193, 1, 1, 0),
(29, 194, 1, 1, 0),
(29, 195, 1, 1, 0),
(29, 196, 1, 1, 0),
(29, 197, 1, 1, 0),
(29, 198, 1, 1, 0),
(29, 199, 1, 1, 0),
(29, 200, 1, 1, 0),
(29, 201, 1, 1, 0),
(29, 202, 1, 1, 0),
(29, 203, 1, 1, 0),
(29, 204, 1, 1, 0),
(29, 205, 1, 1, 0),
(29, 206, 1, 1, 0),
(29, 207, 1, 1, 0),
(29, 208, 1, 1, 0),
(29, 209, 1, 1, 0),
(29, 210, 1, 1, 0),
(29, 211, 1, 1, 0),
(29, 212, 1, 1, 0),
(29, 213, 1, 1, 0),
(29, 214, 1, 1, 0),
(29, 215, 1, 1, 0),
(29, 216, 1, 1, 0),
(29, 217, 1, 1, 0),
(29, 218, 1, 1, 0),
(29, 219, 1, 1, 0),
(29, 220, 1, 1, 0),
(29, 221, 1, 1, 0),
(29, 222, 1, 1, 0),
(29, 223, 1, 1, 0),
(29, 224, 1, 1, 0),
(29, 225, 1, 1, 0),
(29, 226, 1, 1, 0),
(29, 227, 1, 1, 0),
(29, 228, 1, 1, 0),
(29, 229, 1, 1, 0),
(29, 230, 1, 1, 0),
(29, 231, 1, 1, 0),
(29, 232, 1, 1, 0),
(29, 233, 1, 1, 0),
(29, 234, 1, 1, 0),
(29, 235, 1, 1, 0),
(29, 236, 1, 1, 0),
(29, 237, 1, 1, 0),
(29, 238, 1, 1, 0),
(29, 239, 1, 1, 0),
(29, 240, 1, 1, 0),
(29, 241, 1, 1, 0),
(29, 242, 1, 1, 0),
(29, 243, 1, 1, 0),
(29, 244, 1, 1, 0),
(29, 245, 1, 1, 0),
(29, 246, 1, 1, 0),
(29, 247, 1, 1, 0),
(30, 193, 1, 1, 0),
(30, 194, 1, 1, 0),
(30, 195, 1, 1, 0),
(30, 196, 1, 1, 0),
(30, 197, 1, 1, 0),
(30, 198, 1, 1, 0),
(30, 199, 1, 1, 0),
(30, 200, 1, 1, 0),
(30, 201, 1, 1, 0),
(30, 202, 1, 1, 0),
(30, 203, 1, 1, 0),
(30, 204, 1, 1, 0),
(30, 205, 1, 1, 0),
(30, 206, 1, 1, 0),
(30, 207, 1, 1, 0),
(30, 208, 1, 1, 0),
(30, 209, 1, 1, 0),
(30, 210, 1, 1, 0),
(30, 211, 1, 1, 0),
(30, 212, 1, 1, 0),
(30, 213, 1, 1, 0),
(30, 214, 1, 1, 0),
(30, 215, 1, 1, 0),
(30, 216, 1, 1, 0),
(30, 217, 1, 1, 0),
(30, 218, 1, 1, 0),
(30, 219, 1, 1, 0),
(30, 220, 1, 1, 0),
(30, 221, 1, 1, 0),
(30, 222, 1, 1, 0),
(30, 223, 1, 1, 0),
(30, 224, 1, 1, 0),
(30, 225, 1, 1, 0),
(30, 226, 1, 1, 0),
(30, 227, 1, 1, 0),
(30, 228, 1, 1, 0),
(30, 229, 1, 1, 0),
(30, 230, 1, 1, 0),
(30, 231, 1, 1, 0),
(30, 232, 1, 1, 0),
(30, 233, 1, 1, 0),
(30, 234, 1, 1, 0),
(30, 235, 1, 1, 0),
(30, 236, 1, 1, 0),
(30, 237, 1, 1, 0),
(30, 238, 1, 1, 0),
(30, 239, 1, 1, 0),
(30, 240, 1, 1, 0),
(30, 241, 1, 1, 0),
(30, 242, 1, 1, 0),
(30, 243, 1, 1, 0),
(30, 244, 1, 1, 0),
(30, 245, 1, 1, 0),
(30, 246, 1, 1, 0),
(30, 247, 1, 1, 0),
(31, 193, 1, 1, 0),
(31, 194, 1, 1, 0),
(31, 195, 1, 1, 0),
(31, 196, 1, 1, 0),
(31, 197, 1, 1, 0),
(31, 198, 1, 1, 0),
(31, 199, 1, 1, 0),
(31, 200, 1, 1, 0),
(31, 201, 1, 1, 0),
(31, 202, 1, 1, 0),
(31, 203, 1, 1, 0),
(31, 204, 1, 1, 0),
(31, 205, 1, 1, 0),
(31, 206, 1, 1, 0),
(31, 207, 1, 1, 0),
(31, 208, 1, 1, 0),
(31, 209, 1, 1, 0),
(31, 210, 1, 1, 0),
(31, 211, 1, 1, 0),
(31, 212, 1, 1, 0),
(31, 213, 1, 1, 0),
(31, 214, 1, 1, 0),
(31, 215, 1, 1, 0),
(31, 216, 1, 1, 0),
(31, 217, 1, 1, 0),
(31, 218, 1, 1, 0),
(31, 219, 1, 1, 0),
(31, 220, 1, 1, 0),
(31, 221, 1, 1, 0),
(31, 222, 1, 1, 0),
(31, 223, 1, 1, 0),
(31, 224, 1, 1, 0),
(31, 225, 1, 1, 0),
(31, 226, 1, 1, 0),
(31, 227, 1, 1, 0),
(31, 228, 1, 1, 0),
(31, 229, 1, 1, 0),
(31, 230, 1, 1, 0),
(31, 231, 1, 1, 0),
(31, 232, 1, 1, 0),
(31, 233, 1, 1, 0),
(31, 234, 1, 1, 0),
(31, 235, 1, 1, 0),
(31, 236, 1, 1, 0),
(31, 237, 1, 1, 0),
(31, 238, 1, 1, 0),
(31, 239, 1, 1, 0),
(31, 240, 1, 1, 0),
(31, 241, 1, 1, 0),
(31, 242, 1, 1, 0),
(31, 243, 1, 1, 0),
(31, 244, 1, 1, 0),
(31, 245, 1, 1, 0),
(31, 246, 1, 1, 0),
(31, 247, 1, 1, 0),
(32, 193, 1, 1, 0),
(32, 194, 1, 1, 0),
(32, 195, 1, 1, 0),
(32, 196, 1, 1, 0),
(32, 197, 1, 1, 0),
(32, 198, 1, 1, 0),
(32, 199, 1, 1, 0),
(32, 200, 1, 1, 0),
(32, 201, 1, 1, 0),
(32, 202, 1, 1, 0),
(32, 203, 1, 1, 0),
(32, 204, 1, 1, 0),
(32, 205, 1, 1, 0),
(32, 206, 1, 1, 0),
(32, 207, 1, 1, 0),
(32, 208, 1, 1, 0),
(32, 209, 1, 1, 0),
(32, 210, 1, 1, 0),
(32, 211, 1, 1, 0),
(32, 212, 1, 1, 0),
(32, 213, 1, 1, 0),
(32, 214, 1, 1, 0),
(32, 215, 1, 1, 0),
(32, 216, 1, 1, 0),
(32, 217, 1, 1, 0),
(32, 218, 1, 1, 0),
(32, 219, 1, 1, 0),
(32, 220, 1, 1, 0),
(32, 221, 1, 1, 0),
(32, 222, 1, 1, 0),
(32, 223, 1, 1, 0),
(32, 224, 1, 1, 0),
(32, 225, 1, 1, 0),
(32, 226, 1, 1, 0),
(32, 227, 1, 1, 0),
(32, 228, 1, 1, 0),
(32, 229, 1, 1, 0),
(32, 230, 1, 1, 0),
(32, 231, 1, 1, 0),
(32, 232, 1, 1, 0),
(32, 233, 1, 1, 0),
(32, 234, 1, 1, 0),
(32, 235, 1, 1, 0),
(32, 236, 1, 1, 0),
(32, 237, 1, 1, 0),
(32, 238, 1, 1, 0),
(32, 239, 1, 1, 0),
(32, 240, 1, 1, 0),
(32, 241, 1, 1, 0),
(32, 242, 1, 1, 0),
(32, 243, 1, 1, 0),
(32, 244, 1, 1, 0),
(32, 245, 1, 1, 0),
(32, 246, 1, 1, 0),
(32, 247, 1, 1, 0),
(33, 193, 1, 1, 0),
(33, 194, 1, 1, 0),
(33, 195, 1, 1, 0),
(33, 196, 1, 1, 0),
(33, 197, 1, 1, 0),
(33, 198, 1, 1, 0),
(33, 199, 1, 1, 0),
(33, 200, 1, 1, 0),
(33, 201, 1, 1, 0),
(33, 202, 1, 1, 0),
(33, 203, 1, 1, 0),
(33, 204, 1, 1, 0),
(33, 205, 1, 1, 0),
(33, 206, 1, 1, 0),
(33, 207, 1, 1, 0),
(33, 208, 1, 1, 0),
(33, 209, 1, 1, 0),
(33, 210, 1, 1, 0),
(33, 211, 1, 1, 0),
(33, 212, 1, 1, 0),
(33, 213, 1, 1, 0),
(33, 214, 1, 1, 0),
(33, 215, 1, 1, 0),
(33, 216, 1, 1, 0),
(33, 217, 1, 1, 0),
(33, 218, 1, 1, 0),
(33, 219, 1, 1, 0),
(33, 220, 1, 1, 0),
(33, 221, 1, 1, 0),
(33, 222, 1, 1, 0),
(33, 223, 1, 1, 0),
(33, 224, 1, 1, 0),
(33, 225, 1, 1, 0),
(33, 226, 1, 1, 0),
(33, 227, 1, 1, 0),
(33, 228, 1, 1, 0),
(33, 229, 1, 1, 0),
(33, 230, 1, 1, 0),
(33, 231, 1, 1, 0),
(33, 232, 1, 1, 0),
(33, 233, 1, 1, 0),
(33, 234, 1, 1, 0),
(33, 235, 1, 1, 0),
(33, 236, 1, 1, 0),
(33, 237, 1, 1, 0),
(33, 238, 1, 1, 0),
(33, 239, 1, 1, 0),
(33, 240, 1, 1, 0),
(33, 241, 1, 1, 0),
(33, 242, 1, 1, 0),
(33, 243, 1, 1, 0),
(33, 244, 1, 1, 0),
(33, 245, 1, 1, 0),
(33, 246, 1, 1, 0),
(33, 247, 1, 1, 0),
(34, 193, 1, 1, 0),
(34, 194, 1, 1, 0),
(34, 195, 1, 1, 0),
(34, 196, 1, 1, 0),
(34, 197, 1, 1, 0),
(34, 198, 1, 1, 0),
(34, 199, 1, 1, 0),
(34, 200, 1, 1, 0),
(34, 201, 1, 1, 0),
(34, 202, 1, 1, 0),
(34, 203, 1, 1, 0),
(34, 204, 1, 1, 0),
(34, 205, 1, 1, 0),
(34, 206, 1, 1, 0),
(34, 207, 1, 1, 0),
(34, 208, 1, 1, 0),
(34, 209, 1, 1, 0),
(34, 210, 1, 1, 0),
(34, 211, 1, 1, 0),
(34, 212, 1, 1, 0),
(34, 213, 1, 1, 0),
(34, 214, 1, 1, 0),
(34, 215, 1, 1, 0),
(34, 216, 1, 1, 0),
(34, 217, 1, 1, 0),
(34, 218, 1, 1, 0),
(34, 219, 1, 1, 0),
(34, 220, 1, 1, 0),
(34, 221, 1, 1, 0),
(34, 222, 1, 1, 0),
(34, 223, 1, 1, 0),
(34, 224, 1, 1, 0),
(34, 225, 1, 1, 0),
(34, 226, 1, 1, 0),
(34, 227, 1, 1, 0),
(34, 228, 1, 1, 0),
(34, 229, 1, 1, 0),
(34, 230, 1, 1, 0),
(34, 231, 1, 1, 0),
(34, 232, 1, 1, 0),
(34, 233, 1, 1, 0),
(34, 234, 1, 1, 0),
(34, 235, 1, 1, 0),
(34, 236, 1, 1, 0),
(34, 237, 1, 1, 0),
(34, 238, 1, 1, 0),
(34, 239, 1, 1, 0),
(34, 240, 1, 1, 0),
(34, 241, 1, 1, 0),
(34, 242, 1, 1, 0),
(34, 243, 1, 1, 0),
(34, 244, 1, 1, 0),
(34, 245, 1, 1, 0),
(34, 246, 1, 1, 0),
(34, 247, 1, 1, 0),
(35, 193, 1, 1, 0),
(35, 194, 1, 1, 0),
(35, 195, 1, 1, 0),
(35, 196, 1, 1, 0),
(35, 197, 1, 1, 0),
(35, 198, 1, 1, 0),
(35, 199, 1, 1, 0),
(35, 200, 1, 1, 0),
(35, 201, 1, 1, 0),
(35, 202, 1, 1, 0),
(35, 203, 1, 1, 0),
(35, 204, 1, 1, 0),
(35, 205, 1, 1, 0),
(35, 206, 1, 1, 0),
(35, 207, 1, 1, 0),
(35, 208, 1, 1, 0),
(35, 209, 1, 1, 0),
(35, 210, 1, 1, 0),
(35, 211, 1, 1, 0),
(35, 212, 1, 1, 0),
(35, 213, 1, 1, 0),
(35, 214, 1, 1, 0),
(35, 215, 1, 1, 0),
(35, 216, 1, 1, 0),
(35, 217, 1, 1, 0),
(35, 218, 1, 1, 0),
(35, 219, 1, 1, 0),
(35, 220, 1, 1, 0),
(35, 221, 1, 1, 0),
(35, 222, 1, 1, 0),
(35, 223, 1, 1, 0),
(35, 224, 1, 1, 0),
(35, 225, 1, 1, 0),
(35, 226, 1, 1, 0),
(35, 227, 1, 1, 0),
(35, 228, 1, 1, 0),
(35, 229, 1, 1, 0),
(35, 230, 1, 1, 0),
(35, 231, 1, 1, 0),
(35, 232, 1, 1, 0),
(35, 233, 1, 1, 0),
(35, 234, 1, 1, 0),
(35, 235, 1, 1, 0),
(35, 236, 1, 1, 0),
(35, 237, 1, 1, 0),
(35, 238, 1, 1, 0),
(35, 239, 1, 1, 0),
(35, 240, 1, 1, 0),
(35, 241, 1, 1, 0),
(35, 242, 1, 1, 0),
(35, 243, 1, 1, 0),
(35, 244, 1, 1, 0),
(35, 245, 1, 1, 0),
(35, 246, 1, 1, 0),
(35, 247, 1, 1, 0),
(36, 193, 1, 1, 0),
(36, 194, 1, 1, 0),
(36, 195, 1, 1, 0),
(36, 196, 1, 1, 0),
(36, 197, 1, 1, 0),
(36, 198, 1, 1, 0),
(36, 199, 1, 1, 0),
(36, 200, 1, 1, 0),
(36, 201, 1, 1, 0),
(36, 202, 1, 1, 0),
(36, 203, 1, 1, 0),
(36, 204, 1, 1, 0),
(36, 205, 1, 1, 0),
(36, 206, 1, 1, 0),
(36, 207, 1, 1, 0),
(36, 208, 1, 1, 0),
(36, 209, 1, 1, 0),
(36, 210, 1, 1, 0),
(36, 211, 1, 1, 0),
(36, 212, 1, 1, 0),
(36, 213, 1, 1, 0),
(36, 214, 1, 1, 0),
(36, 215, 1, 1, 0),
(36, 216, 1, 1, 0),
(36, 217, 1, 1, 0),
(36, 218, 1, 1, 0),
(36, 219, 1, 1, 0),
(36, 220, 1, 1, 0),
(36, 221, 1, 1, 0),
(36, 222, 1, 1, 0),
(36, 223, 1, 1, 0),
(36, 224, 1, 1, 0),
(36, 225, 1, 1, 0),
(36, 226, 1, 1, 0),
(36, 227, 1, 1, 0),
(36, 228, 1, 1, 0),
(36, 229, 1, 1, 0),
(36, 230, 1, 1, 0),
(36, 231, 1, 1, 0),
(36, 232, 1, 1, 0),
(36, 233, 1, 1, 0),
(36, 234, 1, 1, 0),
(36, 235, 1, 1, 0),
(36, 236, 1, 1, 0),
(36, 237, 1, 1, 0),
(36, 238, 1, 1, 0),
(36, 239, 1, 1, 0),
(36, 240, 1, 1, 0),
(36, 241, 1, 1, 0),
(36, 242, 1, 1, 0),
(36, 243, 1, 1, 0),
(36, 244, 1, 1, 0),
(36, 245, 1, 1, 0),
(36, 246, 1, 1, 0),
(36, 247, 1, 1, 0),
(41, 194, 1, 1, 0),
(41, 195, 1, 1, 0),
(41, 196, 1, 1, 0),
(41, 197, 1, 1, 0),
(41, 198, 1, 1, 0),
(41, 199, 1, 1, 0),
(41, 200, 1, 1, 0),
(41, 201, 1, 1, 0),
(41, 202, 1, 1, 0),
(41, 203, 1, 1, 0),
(41, 204, 1, 1, 0),
(41, 205, 1, 1, 0),
(41, 206, 1, 1, 0),
(41, 207, 1, 1, 0),
(41, 208, 1, 1, 0),
(41, 209, 1, 1, 0),
(41, 210, 1, 1, 0),
(41, 211, 1, 1, 0),
(41, 212, 1, 1, 0),
(41, 213, 1, 1, 0),
(41, 214, 1, 1, 0),
(41, 215, 1, 1, 0),
(41, 216, 1, 1, 0),
(41, 217, 1, 1, 0),
(41, 218, 1, 1, 0),
(41, 219, 1, 1, 0),
(41, 220, 1, 1, 0),
(41, 221, 1, 1, 0),
(41, 222, 1, 1, 0),
(41, 223, 1, 1, 0),
(41, 224, 1, 1, 0),
(41, 225, 1, 1, 0),
(41, 226, 1, 1, 0),
(41, 227, 1, 1, 0),
(41, 228, 1, 1, 0),
(41, 229, 1, 1, 0),
(41, 230, 1, 1, 0),
(41, 231, 1, 1, 0),
(41, 232, 1, 1, 0),
(41, 233, 1, 1, 0),
(41, 234, 1, 1, 0),
(41, 235, 1, 1, 0),
(41, 236, 1, 1, 0),
(41, 237, 1, 1, 0),
(41, 238, 1, 1, 0),
(41, 239, 1, 1, 0),
(41, 240, 1, 1, 0),
(41, 241, 1, 1, 0),
(41, 242, 1, 1, 0),
(41, 243, 1, 1, 0),
(41, 244, 1, 1, 0),
(41, 245, 1, 1, 0),
(41, 246, 1, 1, 0),
(41, 247, 1, 1, 0);

-- --------------------------------------------------------

--
-- Структура таблицы `tm_activity`
--

DROP TABLE IF EXISTS `tm_activity`;
CREATE TABLE `tm_activity` (
  `id` int(10) unsigned NOT NULL AUTO_INCREMENT,
  `date_action` datetime NOT NULL,
  `user_id` int(10) unsigned NOT NULL,
  `razdel` varchar(30) NOT NULL,
  `message` text NOT NULL,
  PRIMARY KEY (`id`),
  KEY `user_id` (`user_id`)
) ENGINE=InnoDB  DEFAULT CHARSET=utf8 AUTO_INCREMENT=75 ;

--
-- Дамп данных таблицы `tm_activity`
--

INSERT INTO `tm_activity` (`id`, `date_action`, `user_id`, `razdel`, `message`) VALUES
(1, '2012-04-17 12:12:13', 1, 'Проекты', 'Удалена задача проверочка'),
(2, '2012-04-17 12:35:12', 1, 'Проекты', 'Добавлена задача проверка'),
(3, '2012-04-17 12:35:37', 1, 'Проекты', 'Добавлена задача проверка 1'),
(4, '2012-04-17 12:36:02', 1, 'Проекты', 'Изменения в задаче проверка 1'),
(5, '2012-04-17 12:37:16', 1, 'Проекты', 'Изменения в задаче проверка 1'),
(6, '2012-04-17 12:37:17', 1, 'Проекты', 'Изменения в задаче проверка 1'),
(7, '2012-04-17 12:37:18', 1, 'Проекты', 'Изменения в задаче проверка 1'),
(8, '2012-04-17 12:37:20', 1, 'Проекты', 'Изменения в задаче проверка 1'),
(9, '2012-04-17 12:37:21', 1, 'Проекты', 'Изменения в задаче проверка 1'),
(10, '2012-04-17 12:37:22', 1, 'Проекты', 'Изменения в задаче проверка 1'),
(11, '2012-04-17 12:37:22', 1, 'Проекты', 'Изменения в задаче проверка 1'),
(12, '2012-04-17 12:37:23', 1, 'Проекты', 'Изменения в задаче проверка 1'),
(13, '2012-04-17 12:37:23', 1, 'Проекты', 'Изменения в задаче проверка 1'),
(14, '2012-04-17 12:38:11', 1, 'Проекты', 'Удалена задача проверка'),
(15, '2012-04-17 12:38:17', 1, 'Проекты', 'Удалена задача проверка 1'),
(16, '2012-05-10 13:01:21', 9, 'Проекты', 'Добавлена задача ОАО Завод Универсал'),
(17, '2012-05-10 13:03:03', 9, 'Проекты', 'Изменения в задаче ООО Электросетевая Компания Кузбасса'),
(18, '2012-05-10 13:03:22', 9, 'Проекты', 'Удалена задача ООО Электросетевая Компания Кузбасса'),
(19, '2012-05-10 13:03:38', 9, 'Проекты', 'Добавлена задача ООО Электросетевая Компания Кузбасса'),
(20, '2012-05-11 08:16:07', 10, 'Проекты', 'Добавлена задача МУП ЖКУ Белогорск (Тисульский район) (потери)'),
(21, '2012-05-29 10:41:14', 10, 'Проекты', 'Добавлена задача ООО СДС-Тепло'),
(22, '2012-05-29 10:42:53', 10, 'Проекты', 'Добавлена задача ЗАО Железнодорожная котельная'),
(23, '2012-05-29 10:44:30', 10, 'Проекты', 'Добавлена задача ОАО ДЭП № 233'),
(24, '2012-05-29 10:45:36', 10, 'Проекты', 'Добавлена задача ООО Безруковское ЖКХ'),
(25, '2012-05-29 10:47:09', 10, 'Проекты', 'Добавлена задача ОАО Санаторий Прокопьевский'),
(26, '2012-05-29 10:51:31', 10, 'Проекты', 'Добавлена задача ООО Литвиновец'),
(27, '2012-05-29 10:53:02', 10, 'Проекты', 'Добавлена задача ООО ЗагорскКомСервис'),
(28, '2012-05-29 10:54:25', 10, 'Проекты', 'Добавлена задача ОАО «Алтайские гербициды» на 2012 (тепловые нормативы)'),
(29, '2012-05-29 10:54:59', 10, 'Проекты', 'Добавлена задача ОАО Каскад -  Энерго'),
(30, '2012-05-29 10:55:26', 10, 'Проекты', 'Добавлена задача ОАО СУЭК-Кузбасс ПЕ Спецналадка'),
(31, '2012-05-29 10:56:21', 10, 'Проекты', 'Добавлена задача ООО Авангард (г. Ленинск-Кузнецкий)'),
(32, '2012-05-29 10:56:45', 10, 'Проекты', 'Добавлена задача ООО Коммунальщик (с.Красное  Ленинск-Кузнецкий район)'),
(33, '2012-05-29 10:57:10', 10, 'Проекты', 'Добавлена задача ЗАО Сибирский колос (г. Анжеро-Судженск)'),
(34, '2012-05-29 10:57:43', 10, 'Проекты', 'Добавлена задача ООО Калининское ЖКХ '),
(35, '2012-05-29 10:58:07', 10, 'Проекты', 'Добавлена задача ООО СПК Чистогорский'),
(36, '2012-05-29 10:58:33', 10, 'Проекты', 'Добавлена задача ОАО Энергетическая компания г. Полысаево'),
(37, '2012-05-29 10:59:05', 10, 'Проекты', 'Добавлена задача ООО Технотрейд'),
(38, '2012-05-29 10:59:26', 10, 'Проекты', 'Добавлена задача МУП ЖКХ Новокузнецкого района'),
(39, '2012-05-29 10:59:55', 10, 'Проекты', 'Добавлена задача ООО Плотниковский ТеплоВодСнаб'),
(40, '2012-05-29 11:00:22', 10, 'Проекты', 'Добавлена задача ООО КУЗБАСС-ОЙЛ'),
(41, '2012-05-29 11:00:44', 10, 'Проекты', 'Добавлена задача ООО ТЭК'),
(42, '2012-05-29 11:01:08', 10, 'Проекты', 'Добавлена задача ООО ВМ-ЖКХ'),
(43, '2012-05-29 11:01:28', 10, 'Проекты', 'Добавлена задача ОАО Алтайвагон'),
(44, '2012-05-29 11:01:50', 10, 'Проекты', 'Добавлена задача ООО Новая сетевая компания'),
(45, '2012-05-29 11:02:17', 10, 'Проекты', 'Добавлена задача ООО ТеплоСервис'),
(46, '2012-05-29 11:02:41', 10, 'Проекты', 'Добавлена задача ЗАО ЯТЭК'),
(47, '2012-05-29 11:03:04', 10, 'Проекты', 'Добавлена задача ООО УК Серебряный бор на 2012'),
(48, '2012-05-29 11:03:51', 10, 'Проекты', 'Изменения в задаче ООО УК Серебряный бор '),
(49, '2012-05-29 11:04:23', 10, 'Проекты', 'Добавлена задача ФГЛПУ НКЦОЗШ'),
(50, '2012-05-29 11:04:42', 10, 'Проекты', 'Добавлена задача ООО Жилкомсервис'),
(51, '2012-05-29 11:05:05', 10, 'Проекты', 'Добавлена задача ООО Веста'),
(52, '2012-05-29 11:05:31', 10, 'Проекты', 'Добавлена задача ООО Теплосетевая компания Южного Кузбасса по узлу теплоснабжения г. Осинники'),
(53, '2012-05-29 11:05:52', 10, 'Проекты', 'Добавлена задача ООО Теплосетевая компания Южного Кузбасса по узлу теплоснабжения г. Калтан'),
(54, '2012-05-29 11:06:17', 10, 'Проекты', 'Добавлена задача ООО Вектор'),
(55, '2012-05-29 11:07:16', 10, 'Проекты', 'Добавлена задача ООО Топкинский цемен (г. Топки)'),
(56, '2012-05-29 11:07:36', 10, 'Проекты', 'Добавлена задача ОАО Знамя (г. Киселевск)'),
(57, '2012-05-29 11:08:01', 10, 'Проекты', 'Добавлена задача ООО Сибирь-Городская котельная-2 (г. Салаир)'),
(58, '2012-05-29 11:08:25', 10, 'Проекты', 'Добавлена задача ООО СЭЛФ'),
(59, '2012-05-29 11:08:53', 10, 'Проекты', 'Добавлена задача ООО Управляющая компания Энерготранс-АГРО'),
(60, '2012-05-29 11:09:13', 10, 'Проекты', 'Добавлена задача МП Тепловые сети города Кемерово'),
(61, '2012-05-29 11:09:34', 10, 'Проекты', 'Добавлена задача ФГКУ комбинат Алтай Росрезерва'),
(62, '2012-05-29 11:10:04', 10, 'Проекты', 'Добавлена задача ООО Теплоэнергетик (г. Белово)'),
(63, '2012-05-29 11:10:26', 10, 'Проекты', 'Добавлена задача ОАО ИжморВодСтрой'),
(64, '2012-05-29 11:12:08', 10, 'Проекты', 'Добавлена задача МП Городская тепловая компания'),
(65, '2012-05-29 11:57:38', 10, 'Проекты', 'Добавлена задача ООО Управляющая Коммунальная Сервисная Компания'),
(66, '2012-05-29 11:58:00', 10, 'Проекты', 'Добавлена задача ООО Южно-Кузбасская энергетическая компания'),
(67, '2012-05-29 11:58:26', 10, 'Проекты', 'Добавлена задача ОАО Энергетик'),
(68, '2012-05-29 12:00:10', 10, 'Проекты', 'Добавлена задача МУП ЖКУ Белогорск (Тисульский район) (НУР, Запасы)'),
(69, '2012-05-29 12:00:43', 10, 'Проекты', 'Добавлена задача МУП Теплокоммунэнерго'),
(70, '2012-05-29 12:01:15', 10, 'Проекты', 'Добавлена задача МУП Источник'),
(71, '2012-05-29 12:01:41', 10, 'Проекты', 'Добавлена задача ООО Чистогорское ЖКХ'),
(72, '2012-05-29 12:02:02', 10, 'Проекты', 'Добавлена задача ОАО Угольная компания Северный Кузбасс'),
(73, '2012-05-29 12:02:26', 10, 'Проекты', 'Добавлена задача ОАО Теплосервис  (г. Тайга)'),
(74, '2012-05-29 12:02:52', 10, 'Проекты', 'Добавлена задача ОАО Кузбассконсервмолоко');

-- --------------------------------------------------------

--
-- Структура таблицы `tm_discussion`
--

DROP TABLE IF EXISTS `tm_discussion`;
CREATE TABLE `tm_discussion` (
  `id` int(10) unsigned NOT NULL AUTO_INCREMENT,
  `message` text NOT NULL,
  `date_create` datetime NOT NULL,
  `is_first` tinyint(1) NOT NULL DEFAULT '0',
  `is_message` tinyint(1) NOT NULL DEFAULT '0',
  `topic_id` int(10) unsigned DEFAULT NULL,
  `parent_id` int(10) unsigned DEFAULT NULL,
  `user_id` int(10) unsigned NOT NULL,
  `to_user_id` int(10) unsigned DEFAULT NULL,
  `is_request` tinyint(1) NOT NULL DEFAULT '0',
  `is_complete` tinyint(1) NOT NULL DEFAULT '0',
  `is_archive` tinyint(1) NOT NULL DEFAULT '0',
  PRIMARY KEY (`id`),
  KEY `fk_tm_discussion_tm_discussion1` (`parent_id`),
  KEY `fk_tm_discussion_tm_user1` (`user_id`),
  KEY `topic_id` (`topic_id`),
  KEY `to_user_id` (`to_user_id`)
) ENGINE=InnoDB  DEFAULT CHARSET=utf8 AUTO_INCREMENT=266 ;

--
-- Дамп данных таблицы `tm_discussion`
--

INSERT INTO `tm_discussion` (`id`, `message`, `date_create`, `is_first`, `is_message`, `topic_id`, `parent_id`, `user_id`, `to_user_id`, `is_request`, `is_complete`, `is_archive`) VALUES
(191, 'Заказы с сайта', '2011-12-22 21:08:41', 0, 0, NULL, NULL, 1, NULL, 0, 0, 0),
(200, 'Тестовый док', '2012-04-10 11:37:28', 0, 0, 191, NULL, 1, NULL, 0, 0, 0),
(201, 'Еще док', '2012-04-10 11:37:44', 0, 0, 191, NULL, 1, NULL, 0, 0, 0),
(208, 'ООО Электросетевая Компания Кузбасса', '2012-05-10 13:03:38', 0, 0, NULL, NULL, 9, NULL, 0, 0, 0),
(209, 'МУП ЖКУ Белогорск (Тисульский район) (потери)', '2012-05-11 08:16:07', 0, 0, NULL, NULL, 10, NULL, 0, 0, 0),
(210, 'Договор', '2012-05-28 18:04:57', 0, 0, 208, NULL, 1, NULL, 0, 0, 0),
(211, 'Gthdsq', '2012-05-28 18:05:07', 0, 1, 210, NULL, 1, NULL, 0, 0, 0),
(212, 'Счет', '2012-05-28 18:05:22', 0, 0, 208, NULL, 1, NULL, 0, 0, 0),
(213, 'ООО СДС-Тепло', '2012-05-29 10:41:14', 0, 0, NULL, NULL, 10, NULL, 0, 0, 0),
(214, 'ЗАО Железнодорожная котельная', '2012-05-29 10:42:52', 0, 0, NULL, NULL, 10, NULL, 0, 0, 0),
(215, 'ОАО ДЭП № 233', '2012-05-29 10:44:30', 0, 0, NULL, NULL, 10, NULL, 0, 0, 0),
(216, 'ООО Безруковское ЖКХ', '2012-05-29 10:45:36', 0, 0, NULL, NULL, 10, NULL, 0, 0, 0),
(217, 'ОАО Санаторий Прокопьевский', '2012-05-29 10:47:09', 0, 0, NULL, NULL, 10, NULL, 0, 0, 0),
(218, 'ООО Литвиновец', '2012-05-29 10:51:31', 0, 0, NULL, NULL, 10, NULL, 0, 0, 0),
(219, 'ООО ЗагорскКомСервис', '2012-05-29 10:53:02', 0, 0, NULL, NULL, 10, NULL, 0, 0, 0),
(220, 'ОАО «Алтайские гербициды» на 2012 (тепловые нормативы)', '2012-05-29 10:54:25', 0, 0, NULL, NULL, 10, NULL, 0, 0, 0),
(221, 'ОАО Каскад -  Энерго', '2012-05-29 10:54:59', 0, 0, NULL, NULL, 10, NULL, 0, 0, 0),
(222, 'ОАО СУЭК-Кузбасс ПЕ Спецналадка', '2012-05-29 10:55:26', 0, 0, NULL, NULL, 10, NULL, 0, 0, 0),
(223, 'ООО Авангард (г. Ленинск-Кузнецкий)', '2012-05-29 10:56:21', 0, 0, NULL, NULL, 10, NULL, 0, 0, 0),
(224, 'ООО Коммунальщик (с.Красное  Ленинск-Кузнецкий район)', '2012-05-29 10:56:44', 0, 0, NULL, NULL, 10, NULL, 0, 0, 0),
(225, 'ЗАО Сибирский колос (г. Анжеро-Судженск)', '2012-05-29 10:57:10', 0, 0, NULL, NULL, 10, NULL, 0, 0, 0),
(226, 'ООО Калининское ЖКХ ', '2012-05-29 10:57:43', 0, 0, NULL, NULL, 10, NULL, 0, 0, 0),
(227, 'ООО СПК Чистогорский', '2012-05-29 10:58:07', 0, 0, NULL, NULL, 10, NULL, 0, 0, 0),
(228, 'ОАО Энергетическая компания г. Полысаево', '2012-05-29 10:58:33', 0, 0, NULL, NULL, 10, NULL, 0, 0, 0),
(229, 'ООО Технотрейд', '2012-05-29 10:59:05', 0, 0, NULL, NULL, 10, NULL, 0, 0, 0),
(230, 'МУП ЖКХ Новокузнецкого района', '2012-05-29 10:59:26', 0, 0, NULL, NULL, 10, NULL, 0, 0, 0),
(231, 'ООО Плотниковский ТеплоВодСнаб', '2012-05-29 10:59:55', 0, 0, NULL, NULL, 10, NULL, 0, 0, 0),
(232, 'ООО КУЗБАСС-ОЙЛ', '2012-05-29 11:00:22', 0, 0, NULL, NULL, 10, NULL, 0, 0, 0),
(233, 'ООО ТЭК', '2012-05-29 11:00:44', 0, 0, NULL, NULL, 10, NULL, 0, 0, 0),
(234, 'ООО ВМ-ЖКХ', '2012-05-29 11:01:08', 0, 0, NULL, NULL, 10, NULL, 0, 0, 0),
(235, 'ОАО Алтайвагон', '2012-05-29 11:01:28', 0, 0, NULL, NULL, 10, NULL, 0, 0, 0),
(236, 'ООО Новая сетевая компания', '2012-05-29 11:01:50', 0, 0, NULL, NULL, 10, NULL, 0, 0, 0),
(237, 'ООО ТеплоСервис', '2012-05-29 11:02:17', 0, 0, NULL, NULL, 10, NULL, 0, 0, 0),
(238, 'ЗАО ЯТЭК', '2012-05-29 11:02:41', 0, 0, NULL, NULL, 10, NULL, 0, 0, 0),
(239, 'ООО УК Серебряный бор на 2012', '2012-05-29 11:03:04', 0, 0, NULL, NULL, 10, NULL, 0, 0, 0),
(240, 'ФГЛПУ НКЦОЗШ', '2012-05-29 11:04:23', 0, 0, NULL, NULL, 10, NULL, 0, 0, 0),
(241, 'ООО Жилкомсервис', '2012-05-29 11:04:42', 0, 0, NULL, NULL, 10, NULL, 0, 0, 0),
(242, 'ООО Веста', '2012-05-29 11:05:05', 0, 0, NULL, NULL, 10, NULL, 0, 0, 0),
(243, 'ООО Теплосетевая компания Южного Кузбасса по узлу теплоснабжения г. Осинники', '2012-05-29 11:05:31', 0, 0, NULL, NULL, 10, NULL, 0, 0, 0),
(244, 'ООО Теплосетевая компания Южного Кузбасса по узлу теплоснабжения г. Калтан', '2012-05-29 11:05:52', 0, 0, NULL, NULL, 10, NULL, 0, 0, 0),
(245, 'ООО Вектор', '2012-05-29 11:06:17', 0, 0, NULL, NULL, 10, NULL, 0, 0, 0),
(246, 'ООО Топкинский цемен (г. Топки)', '2012-05-29 11:07:15', 0, 0, NULL, NULL, 10, NULL, 0, 0, 0),
(247, 'ОАО Знамя (г. Киселевск)', '2012-05-29 11:07:36', 0, 0, NULL, NULL, 10, NULL, 0, 0, 0),
(248, 'ООО Сибирь-Городская котельная-2 (г. Салаир)', '2012-05-29 11:08:01', 0, 0, NULL, NULL, 10, NULL, 0, 0, 0),
(249, 'ООО СЭЛФ', '2012-05-29 11:08:25', 0, 0, NULL, NULL, 10, NULL, 0, 0, 0),
(250, 'ООО Управляющая компания Энерготранс-АГРО', '2012-05-29 11:08:53', 0, 0, NULL, NULL, 10, NULL, 0, 0, 0),
(251, 'МП Тепловые сети города Кемерово', '2012-05-29 11:09:13', 0, 0, NULL, NULL, 10, NULL, 0, 0, 0),
(252, 'ФГКУ комбинат Алтай Росрезерва', '2012-05-29 11:09:33', 0, 0, NULL, NULL, 10, NULL, 0, 0, 0),
(253, 'ООО Теплоэнергетик (г. Белово)', '2012-05-29 11:10:04', 0, 0, NULL, NULL, 10, NULL, 0, 0, 0),
(254, 'ОАО ИжморВодСтрой', '2012-05-29 11:10:26', 0, 0, NULL, NULL, 10, NULL, 0, 0, 0),
(255, 'МП Городская тепловая компания', '2012-05-29 11:12:08', 0, 0, NULL, NULL, 10, NULL, 0, 0, 0),
(256, 'ООО Управляющая Коммунальная Сервисная Компания', '2012-05-29 11:57:38', 0, 0, NULL, NULL, 10, NULL, 0, 0, 0),
(257, 'ООО Южно-Кузбасская энергетическая компания', '2012-05-29 11:58:00', 0, 0, NULL, NULL, 10, NULL, 0, 0, 0),
(258, 'ОАО Энергетик', '2012-05-29 11:58:26', 0, 0, NULL, NULL, 10, NULL, 0, 0, 0),
(259, 'МУП ЖКУ Белогорск (Тисульский район) (НУР, Запасы)', '2012-05-29 12:00:10', 0, 0, NULL, NULL, 10, NULL, 0, 0, 0),
(260, 'МУП Теплокоммунэнерго', '2012-05-29 12:00:43', 0, 0, NULL, NULL, 10, NULL, 0, 0, 0),
(261, 'МУП Источник', '2012-05-29 12:01:15', 0, 0, NULL, NULL, 10, NULL, 0, 0, 0),
(262, 'ООО Чистогорское ЖКХ', '2012-05-29 12:01:40', 0, 0, NULL, NULL, 10, NULL, 0, 0, 0),
(263, 'ОАО Угольная компания Северный Кузбасс', '2012-05-29 12:02:02', 0, 0, NULL, NULL, 10, NULL, 0, 0, 0),
(264, 'ОАО Теплосервис  (г. Тайга)', '2012-05-29 12:02:26', 0, 0, NULL, NULL, 10, NULL, 0, 0, 0),
(265, 'ОАО Кузбассконсервмолоко', '2012-05-29 12:02:52', 0, 0, NULL, NULL, 10, NULL, 0, 0, 0);

-- --------------------------------------------------------

--
-- Структура таблицы `tm_discussion_document`
--

DROP TABLE IF EXISTS `tm_discussion_document`;
CREATE TABLE `tm_discussion_document` (
  `document_id` int(10) unsigned NOT NULL,
  `discussion_id` int(10) unsigned NOT NULL,
  `is_doc` tinyint(1) NOT NULL DEFAULT '0',
  PRIMARY KEY (`document_id`,`discussion_id`),
  KEY `document_id` (`document_id`),
  KEY `discussion_id` (`discussion_id`)
) ENGINE=InnoDB DEFAULT CHARSET=utf8;

--
-- Дамп данных таблицы `tm_discussion_document`
--

INSERT INTO `tm_discussion_document` (`document_id`, `discussion_id`, `is_doc`) VALUES
(219, 200, 0),
(220, 201, 0),
(248, 210, 0),
(248, 211, 0),
(249, 212, 0);

-- --------------------------------------------------------

--
-- Структура таблицы `tm_document`
--

DROP TABLE IF EXISTS `tm_document`;
CREATE TABLE `tm_document` (
  `id` int(10) unsigned NOT NULL AUTO_INCREMENT,
  `title` varchar(255) NOT NULL,
  `date_create` datetime NOT NULL,
  `user_id` int(10) unsigned NOT NULL,
  `file` varchar(255) DEFAULT NULL,
  `is_folder` tinyint(1) NOT NULL DEFAULT '0',
  `parent_id` int(10) unsigned DEFAULT NULL,
  `is_archive` tinyint(1) NOT NULL DEFAULT '0',
  PRIMARY KEY (`id`),
  KEY `fk_tm_document_tm_document1` (`parent_id`),
  KEY `fk_tm_document_tm_user1` (`user_id`)
) ENGINE=InnoDB  DEFAULT CHARSET=utf8 AUTO_INCREMENT=312 ;

--
-- Дамп данных таблицы `tm_document`
--

INSERT INTO `tm_document` (`id`, `title`, `date_create`, `user_id`, `file`, `is_folder`, `parent_id`, `is_archive`) VALUES
(215, 'Заказы с сайта', '2011-12-22 21:08:41', 1, 'Zakaz__aya', 1, NULL, 0),
(219, 'Тестовый док', '2011-12-23 12:14:53', 1, 'file_23-12-2011-12-14-53.sql', 0, 215, 0),
(220, 'Еще док', '2011-12-23 12:16:36', 1, 'file_23-12-2011-12-16-36.sql', 0, 215, 0),
(244, 'ООО Электросетевая Компания Кузбасса', '2012-05-10 13:03:38', 9, 'OOO_Elekoeevaya_Kompaniya_Kzbaa', 1, NULL, 0),
(247, 'Первичные документы', '2012-05-10 13:06:16', 9, 'Pevine_dokmen', 1, 244, 0),
(248, 'Договор', '2012-05-10 13:06:32', 9, '', 0, 247, 0),
(249, 'Счет', '2012-05-10 13:06:43', 9, '', 0, 247, 0),
(250, 'МУП ЖКУ Белогорск (Тисульский район) (потери)', '2012-05-11 08:16:07', 10, 'MUP_JKU_Belogok_Tilkiy_ayon_poei', 1, NULL, 0),
(251, 'ООО СДС-Тепло', '2012-05-29 10:41:14', 10, 'OOO_SDSTeplo', 1, NULL, 0),
(252, 'ЗАО Железнодорожная котельная', '2012-05-29 10:42:52', 10, 'ZAO_Jeleznodoojnaya_koelnaya', 1, NULL, 0),
(253, 'ОАО ДЭП № 233', '2012-05-29 10:44:30', 10, 'OAO_DEP__233', 1, NULL, 0),
(254, 'ООО Безруковское ЖКХ', '2012-05-29 10:45:36', 10, 'OOO_Bezkovkoe_JKH', 1, NULL, 0),
(255, 'ОАО Санаторий Прокопьевский', '2012-05-29 10:47:09', 10, 'OAO_Sanaoiy_Pokopevkiy', 1, NULL, 0),
(256, 'ООО Литвиновец', '2012-05-29 10:51:31', 10, 'OOO_Livinove', 1, NULL, 0),
(257, 'ООО ЗагорскКомСервис', '2012-05-29 10:53:02', 10, 'OOO_ZagokKomSevi', 1, NULL, 0),
(258, 'ОАО «Алтайские гербициды» на 2012 (тепловые нормативы)', '2012-05-29 10:54:25', 10, 'OAO_Alaykie_gebiid_na_2012_eplove_nomaiv', 1, NULL, 0),
(259, 'ОАО Каскад -  Энерго', '2012-05-29 10:54:59', 10, 'OAO_Kakad___Enego', 1, NULL, 0),
(260, 'ОАО СУЭК-Кузбасс ПЕ Спецналадка', '2012-05-29 10:55:26', 10, 'OAO_SUEKKzba_PE_Spenaladka', 1, NULL, 0),
(261, 'ООО Авангард (г. Ленинск-Кузнецкий)', '2012-05-29 10:56:21', 10, 'OOO_Avangad_g_LeninkKznekiy', 1, NULL, 0),
(262, 'ООО Коммунальщик (с.Красное  Ленинск-Кузнецкий район)', '2012-05-29 10:56:44', 10, 'OOO_Kommnalik_Kanoe__LeninkKznekiy_ayon', 1, NULL, 0),
(263, 'ЗАО Сибирский колос (г. Анжеро-Судженск)', '2012-05-29 10:57:10', 10, 'ZAO_Sibikiy_kolo_g_AnjeoSdjenk', 1, NULL, 0),
(264, 'ООО Калининское ЖКХ ', '2012-05-29 10:57:43', 10, 'OOO_Kalininkoe_JKH_', 1, NULL, 0),
(265, 'ООО СПК Чистогорский', '2012-05-29 10:58:07', 10, 'OOO_SPK_CHiogokiy', 1, NULL, 0),
(266, 'ОАО Энергетическая компания г. Полысаево', '2012-05-29 10:58:33', 10, 'OAO_Enegeiekaya_kompaniya_g_Polaevo', 1, NULL, 0),
(267, 'ООО Технотрейд', '2012-05-29 10:59:05', 10, 'OOO_Tenoeyd', 1, NULL, 0),
(268, 'МУП ЖКХ Новокузнецкого района', '2012-05-29 10:59:26', 10, 'MUP_JKH_Novokznekogo_ayona', 1, NULL, 0),
(269, 'ООО Плотниковский ТеплоВодСнаб', '2012-05-29 10:59:55', 10, 'OOO_Plonikovkiy_TeploVodSnab', 1, NULL, 0),
(270, 'ООО КУЗБАСС-ОЙЛ', '2012-05-29 11:00:22', 10, 'OOO_KUZBASSOYL', 1, NULL, 0),
(271, 'ООО ТЭК', '2012-05-29 11:00:44', 10, 'OOO_TEK', 1, NULL, 0),
(272, 'ООО ВМ-ЖКХ', '2012-05-29 11:01:08', 10, 'OOO_VMJKH', 1, NULL, 0),
(273, 'ОАО Алтайвагон', '2012-05-29 11:01:28', 10, 'OAO_Alayvagon', 1, NULL, 0),
(274, 'ООО Новая сетевая компания', '2012-05-29 11:01:50', 10, 'OOO_Novaya_eevaya_kompaniya', 1, NULL, 0),
(275, 'ООО ТеплоСервис', '2012-05-29 11:02:17', 10, 'OOO_TeploSevi', 1, NULL, 0),
(276, 'ЗАО ЯТЭК', '2012-05-29 11:02:41', 10, 'ZAO_YATEK', 1, NULL, 0),
(277, 'ООО УК Серебряный бор на 2012', '2012-05-29 11:03:04', 10, 'OOO_UK_Seebyany_bo_na_2012', 1, NULL, 0),
(278, 'ФГЛПУ НКЦОЗШ', '2012-05-29 11:04:23', 10, 'FGLPU_NKTSOZSH', 1, NULL, 0),
(279, 'ООО Жилкомсервис', '2012-05-29 11:04:42', 10, 'OOO_Jilkomevi', 1, NULL, 0),
(280, 'ООО Веста', '2012-05-29 11:05:05', 10, 'OOO_Vea', 1, NULL, 0),
(281, 'ООО Теплосетевая компания Южного Кузбасса по узлу теплоснабжения г. Осинники', '2012-05-29 11:05:31', 10, 'OOO_Teploeevaya_kompaniya_YUjnogo_Kzbaa_po_zl_eplonabjeniya_g_Oinniki', 1, NULL, 0),
(282, 'ООО Теплосетевая компания Южного Кузбасса по узлу теплоснабжения г. Калтан', '2012-05-29 11:05:52', 10, 'OOO_Teploeevaya_kompaniya_YUjnogo_Kzbaa_po_zl_eplonabjeniya_g_Kalan', 1, NULL, 0),
(283, 'ООО Вектор', '2012-05-29 11:06:17', 10, 'OOO_Veko', 1, NULL, 0),
(284, 'ООО Топкинский цемен (г. Топки)', '2012-05-29 11:07:15', 10, 'OOO_Topkinkiy_emen_g_Topki', 1, NULL, 0),
(285, 'ОАО Знамя (г. Киселевск)', '2012-05-29 11:07:36', 10, 'OAO_Znamya_g_Kielevk', 1, NULL, 0),
(286, 'ООО Сибирь-Городская котельная-2 (г. Салаир)', '2012-05-29 11:08:01', 10, 'OOO_SibiGoodkaya_koelnaya2_g_Salai', 1, NULL, 0),
(287, 'ООО СЭЛФ', '2012-05-29 11:08:25', 10, 'OOO_SELF', 1, NULL, 0),
(288, 'ООО Управляющая компания Энерготранс-АГРО', '2012-05-29 11:08:53', 10, 'OOO_Upavlyaaya_kompaniya_EnegoanAGRO', 1, NULL, 0),
(289, 'МП Тепловые сети города Кемерово', '2012-05-29 11:09:13', 10, 'MP_Teplove_ei_gooda_Kemeovo', 1, NULL, 0),
(290, 'ФГКУ комбинат Алтай Росрезерва', '2012-05-29 11:09:33', 10, 'FGKU_kombina_Alay_Roezeva', 1, NULL, 0),
(291, 'ООО Теплоэнергетик (г. Белово)', '2012-05-29 11:10:04', 10, 'OOO_Teplonegeik_g_Belovo', 1, NULL, 0),
(292, 'ОАО ИжморВодСтрой', '2012-05-29 11:10:26', 10, 'OAO_IjmoVodSoy', 1, NULL, 0),
(293, 'МП Городская тепловая компания', '2012-05-29 11:12:08', 10, 'MP_Goodkaya_eplovaya_kompaniya', 1, NULL, 0),
(294, 'ООО Управляющая Коммунальная Сервисная Компания', '2012-05-29 11:57:38', 10, 'OOO_Upavlyaaya_Kommnalnaya_Sevinaya_Kompaniya', 1, NULL, 0),
(295, 'ООО Южно-Кузбасская энергетическая компания', '2012-05-29 11:58:00', 10, 'OOO_YUjnoKzbakaya_negeiekaya_kompaniya', 1, NULL, 0),
(296, 'ОАО Энергетик', '2012-05-29 11:58:26', 10, 'OAO_Enegeik', 1, NULL, 0),
(297, 'МУП ЖКУ Белогорск (Тисульский район) (НУР, Запасы)', '2012-05-29 12:00:10', 10, 'MUP_JKU_Belogok_Tilkiy_ayon_NUR_Zapa', 1, NULL, 0),
(298, 'МУП Теплокоммунэнерго', '2012-05-29 12:00:43', 10, 'MUP_Teplokommnnego', 1, NULL, 0),
(299, 'МУП Источник', '2012-05-29 12:01:15', 10, 'MUP_Ionik', 1, NULL, 0),
(300, 'ООО Чистогорское ЖКХ', '2012-05-29 12:01:40', 10, 'OOO_CHiogokoe_JKH', 1, NULL, 0),
(301, 'ОАО Угольная компания Северный Кузбасс', '2012-05-29 12:02:02', 10, 'OAO_Ugolnaya_kompaniya_Seveny_Kzba', 1, NULL, 0),
(302, 'ОАО Теплосервис  (г. Тайга)', '2012-05-29 12:02:26', 10, 'OAO_Teploevi__g_Tayga', 1, NULL, 0),
(303, 'ОАО Кузбассконсервмолоко', '2012-05-29 12:02:52', 10, 'OAO_Kzbakonevmoloko', 1, NULL, 0);

-- --------------------------------------------------------

--
-- Структура таблицы `tm_document_attribute`
--

DROP TABLE IF EXISTS `tm_document_attribute`;
CREATE TABLE `tm_document_attribute` (
  `document_id` int(10) unsigned NOT NULL,
  `attribute_key` varchar(255) NOT NULL,
  `type_id` int(10) unsigned NOT NULL,
  `attribute_value` text NOT NULL,
  `attribute_order` int(10) unsigned NOT NULL DEFAULT '0',
  `is_fill` tinyint(1) NOT NULL DEFAULT '0',
  PRIMARY KEY (`document_id`,`attribute_key`),
  KEY `fk_tm_task_attribute_tm_task1` (`document_id`),
  KEY `fk_tm_document_attribute_tm_document_attribute_type1` (`type_id`)
) ENGINE=InnoDB DEFAULT CHARSET=utf8;

--
-- Дамп данных таблицы `tm_document_attribute`
--

INSERT INTO `tm_document_attribute` (`document_id`, `attribute_key`, `type_id`, `attribute_value`, `attribute_order`, `is_fill`) VALUES
(220, 'description', 2, 'порапоаптпатпата', 0, 0);

-- --------------------------------------------------------

--
-- Структура таблицы `tm_document_attribute_type`
--

DROP TABLE IF EXISTS `tm_document_attribute_type`;
CREATE TABLE `tm_document_attribute_type` (
  `id` int(10) unsigned NOT NULL AUTO_INCREMENT,
  `title` varchar(50) NOT NULL,
  `handler` varchar(100) NOT NULL,
  `description` varchar(255) NOT NULL,
  PRIMARY KEY (`id`),
  UNIQUE KEY `title_UNIQUE` (`title`)
) ENGINE=InnoDB  DEFAULT CHARSET=utf8 AUTO_INCREMENT=4 ;

--
-- Дамп данных таблицы `tm_document_attribute_type`
--

INSERT INTO `tm_document_attribute_type` (`id`, `title`, `handler`, `description`) VALUES
(1, 'Строка', 'TM_Attribute_AttributeType', 'Любое строковое значение'),
(2, 'Текст', 'TM_Attribute_AttributeTypeText', 'Многострочный  текст'),
(3, 'Список', 'TM_Attribute_AttributeTypeList', 'Список из возможных вариантов');

-- --------------------------------------------------------

--
-- Структура таблицы `tm_document_hash`
--

DROP TABLE IF EXISTS `tm_document_hash`;
CREATE TABLE `tm_document_hash` (
  `document_id` int(10) unsigned DEFAULT NULL,
  `attribute_key` varchar(255) NOT NULL,
  `title` varchar(255) NOT NULL,
  `type_id` int(10) unsigned NOT NULL,
  `list_value` text,
  PRIMARY KEY (`attribute_key`),
  KEY `fk_tm_document_hash_tm_task_attribute_type1` (`type_id`),
  KEY `fk_tm_document_hash_tm_task1` (`document_id`)
) ENGINE=InnoDB DEFAULT CHARSET=utf8;

--
-- Дамп данных таблицы `tm_document_hash`
--

INSERT INTO `tm_document_hash` (`document_id`, `attribute_key`, `title`, `type_id`, `list_value`) VALUES
(NULL, 'description', 'Описание документа', 2, ' ');

-- --------------------------------------------------------

--
-- Структура таблицы `tm_task`
--

DROP TABLE IF EXISTS `tm_task`;
CREATE TABLE `tm_task` (
  `id` int(10) unsigned NOT NULL AUTO_INCREMENT,
  `title` varchar(255) NOT NULL,
  `user_id` int(10) unsigned NOT NULL,
  `date_create` datetime NOT NULL,
  `type` int(10) unsigned NOT NULL DEFAULT '1',
  `is_archive` tinyint(1) NOT NULL DEFAULT '0',
  PRIMARY KEY (`id`),
  KEY `fk_tm_task_tm_user1` (`user_id`)
) ENGINE=InnoDB  DEFAULT CHARSET=utf8 AUTO_INCREMENT=262 ;

--
-- Дамп данных таблицы `tm_task`
--

INSERT INTO `tm_task` (`id`, `title`, `user_id`, `date_create`, `type`, `is_archive`) VALUES
(181, 'Заказы с сайта', 1, '2011-12-22 21:08:02', 2, 0),
(184, 'Проверка заказа', 1, '2011-12-23 00:00:00', 1, 0),
(193, 'ООО Электросетевая Компания Кузбасса', 9, '2012-05-10 13:03:26', 1, 0),
(194, 'МУП ЖКУ Белогорск (Тисульский район) (потери)', 10, '2012-05-11 08:15:52', 1, 0),
(195, 'ООО СДС-Тепло', 10, '2012-05-29 10:40:18', 1, 0),
(196, 'ЗАО Железнодорожная котельная', 10, '2012-05-29 10:42:03', 1, 0),
(197, 'ОАО ДЭП № 233', 10, '2012-05-29 10:43:13', 1, 0),
(198, 'ООО Безруковское ЖКХ', 10, '2012-05-29 10:44:54', 1, 0),
(199, 'ОАО Санаторий Прокопьевский', 10, '2012-05-29 10:46:26', 1, 0),
(200, 'ООО Литвиновец', 10, '2012-05-29 10:50:38', 1, 0),
(201, 'ООО ЗагорскКомСервис', 10, '2012-05-29 10:52:02', 1, 0),
(202, 'ОАО «Алтайские гербициды» на 2012 (тепловые нормативы)', 10, '2012-05-29 10:54:14', 1, 0),
(203, 'ОАО Каскад -  Энерго', 10, '2012-05-29 10:54:29', 1, 0),
(204, 'ОАО СУЭК-Кузбасс ПЕ Спецналадка', 10, '2012-05-29 10:55:01', 1, 0),
(205, 'ООО Авангард (г. Ленинск-Кузнецкий)', 10, '2012-05-29 10:55:29', 1, 0),
(206, 'ООО Коммунальщик (с.Красное  Ленинск-Кузнецкий район)', 10, '2012-05-29 10:56:24', 1, 0),
(207, 'ЗАО Сибирский колос (г. Анжеро-Судженск)', 10, '2012-05-29 10:56:48', 1, 0),
(208, 'ООО Калининское ЖКХ ', 10, '2012-05-29 10:57:14', 1, 0),
(209, 'ООО СПК Чистогорский', 10, '2012-05-29 10:57:47', 1, 0),
(210, 'ОАО Энергетическая компания г. Полысаево', 10, '2012-05-29 10:58:10', 1, 0),
(211, 'ООО Технотрейд', 10, '2012-05-29 10:58:37', 1, 0),
(212, 'МУП ЖКХ Новокузнецкого района', 10, '2012-05-29 10:59:08', 1, 0),
(213, 'ООО Плотниковский ТеплоВодСнаб', 10, '2012-05-29 10:59:28', 1, 0),
(214, 'ООО КУЗБАСС-ОЙЛ', 10, '2012-05-29 10:59:58', 1, 0),
(215, 'ООО ТЭК', 10, '2012-05-29 11:00:25', 1, 0),
(216, 'ООО ВМ-ЖКХ', 10, '2012-05-29 11:00:47', 1, 0),
(217, 'ОАО Алтайвагон', 10, '2012-05-29 11:01:10', 1, 0),
(218, 'ООО Новая сетевая компания', 10, '2012-05-29 11:01:30', 1, 0),
(219, 'ООО ТеплоСервис', 10, '2012-05-29 11:01:54', 1, 0),
(220, 'ЗАО ЯТЭК', 10, '2012-05-29 11:02:23', 1, 0),
(221, 'ООО УК Серебряный бор ', 10, '2012-05-29 11:02:43', 1, 0),
(222, 'ФГЛПУ НКЦОЗШ', 10, '2012-05-29 11:04:02', 1, 0),
(223, 'ООО Жилкомсервис', 10, '2012-05-29 11:04:25', 1, 0),
(224, 'ООО Веста', 10, '2012-05-29 11:04:45', 1, 0),
(225, 'ООО Теплосетевая компания Южного Кузбасса по узлу теплоснабжения г. Осинники', 10, '2012-05-29 11:05:07', 1, 0),
(226, 'ООО Теплосетевая компания Южного Кузбасса по узлу теплоснабжения г. Калтан', 10, '2012-05-29 11:05:33', 1, 0),
(227, 'ООО Вектор', 10, '2012-05-29 11:05:54', 1, 0),
(228, 'ООО Топкинский цемен (г. Топки)', 10, '2012-05-29 11:06:19', 1, 0),
(229, 'ОАО Знамя (г. Киселевск)', 10, '2012-05-29 11:07:18', 1, 0),
(230, 'ООО Сибирь-Городская котельная-2 (г. Салаир)', 10, '2012-05-29 11:07:39', 1, 0),
(231, 'ООО СЭЛФ', 10, '2012-05-29 11:08:05', 1, 0),
(232, 'ООО Управляющая компания Энерготранс-АГРО', 10, '2012-05-29 11:08:29', 1, 0),
(233, 'МП Тепловые сети города Кемерово', 10, '2012-05-29 11:08:56', 1, 0),
(234, 'ФГКУ комбинат Алтай Росрезерва', 10, '2012-05-29 11:09:16', 1, 0),
(235, 'ООО Теплоэнергетик (г. Белово)', 10, '2012-05-29 11:09:37', 1, 0),
(236, 'ОАО ИжморВодСтрой', 10, '2012-05-29 11:10:06', 1, 0),
(237, 'МП Городская тепловая компания', 10, '2012-05-29 11:10:29', 1, 0),
(238, 'ООО Управляющая Коммунальная Сервисная Компания', 10, '2012-05-29 11:57:29', 1, 0),
(239, 'ООО Южно-Кузбасская энергетическая компания', 10, '2012-05-29 11:57:40', 1, 0),
(240, 'ОАО Энергетик', 10, '2012-05-29 11:58:04', 1, 0),
(241, 'МУП ЖКУ Белогорск (Тисульский район) (НУР, Запасы)', 10, '2012-05-29 11:58:29', 1, 0),
(242, 'МУП Теплокоммунэнерго', 10, '2012-05-29 12:00:13', 1, 0),
(243, 'МУП Источник', 10, '2012-05-29 12:00:54', 1, 0),
(244, 'ООО Чистогорское ЖКХ', 10, '2012-05-29 12:01:18', 1, 0),
(245, 'ОАО Угольная компания Северный Кузбасс', 10, '2012-05-29 12:01:44', 1, 0),
(246, 'ОАО Теплосервис  (г. Тайга)', 10, '2012-05-29 12:02:05', 1, 0),
(247, 'ОАО Кузбассконсервмолоко', 10, '2012-05-29 12:02:30', 1, 0),
(248, 'Прошу выдать индивидуальный логин и пароль для входа в личный кабинет организации', 1, '2012-06-01 00:00:00', 1, 0),
(249, 'Что желаете заказать?', 1, '2012-06-06 00:00:00', 1, 0),
(250, 'Прошу выдать индивидуальный логин и пароль для входа в систему.', 1, '2012-06-06 00:00:00', 1, 0),
(251, 'Прошу выдать индивидуальный логин и пароль для входа в личный кабинет ', 1, '2012-06-07 00:00:00', 1, 0),
(252, 'Прошу выдать индивидуальный логин и пароль для входа в личный кабинет', 1, '2012-06-07 00:00:00', 1, 0),
(253, 'Логин и Пароль для входа в систему', 1, '2012-06-13 00:00:00', 1, 0),
(254, 'МУП ЖКУ \\"Белогорск\\" (Тисульский район) (потери)', 10, '2012-06-13 08:43:11', 1, 0),
(255, 'МУП ЖКУ \\"Белогорск\\" (Тисульский район) (потери)', 10, '2012-06-13 08:43:11', 1, 0),
(256, 'МУП ЖКУ \\"Белогорск\\" (Тисульский район) (потери)', 10, '2012-06-13 08:43:11', 1, 0),
(257, 'МУП ЖКУ \\"Белогорск\\" (Тисульский район) (потери)', 10, '2012-06-13 08:43:39', 1, 0),
(258, 'МУП ЖКУ Белогорск (Тисульский район) (потери)', 10, '2012-06-13 08:43:39', 1, 0),
(259, 'МУП ЖКУ Белогорск (Тисульский район) (потери)', 10, '2012-06-13 08:43:39', 1, 0),
(260, 'МУП ЖКУ Белогорск (Тисульский район) (потери)', 10, '2012-06-13 08:45:27', 1, 0),
(261, 'МУП ЖКУ Белогорск (Тисульский район) (потери)', 10, '2012-06-13 08:46:34', 1, 0);

-- --------------------------------------------------------

--
-- Структура таблицы `tm_task_attribute`
--

DROP TABLE IF EXISTS `tm_task_attribute`;
CREATE TABLE `tm_task_attribute` (
  `task_id` int(10) unsigned NOT NULL,
  `attribute_key` varchar(255) NOT NULL,
  `type_id` int(10) unsigned NOT NULL,
  `attribute_value` text NOT NULL,
  `attribute_order` int(10) unsigned NOT NULL DEFAULT '0',
  `is_fill` tinyint(1) NOT NULL DEFAULT '0',
  PRIMARY KEY (`task_id`,`attribute_key`),
  KEY `fk_tm_task_attribute_tm_task_attribute_type1` (`type_id`),
  KEY `fk_tm_task_attribute_tm_task1` (`task_id`)
) ENGINE=InnoDB DEFAULT CHARSET=utf8;

--
-- Дамп данных таблицы `tm_task_attribute`
--

INSERT INTO `tm_task_attribute` (`task_id`, `attribute_key`, `type_id`, `attribute_value`, `attribute_order`, `is_fill`) VALUES
(181, 'deadline', 4, '31.12.2011 09:00:00', 0, 0),
(181, 'description', 2, '', 0, 0),
(181, 'prior', 3, 'Средний', 0, 0),
(181, 'reason_for_idle', 2, '', 0, 0),
(181, 'state', 3, 'Не выполнена', 0, 0),
(181, 'who_adopted', 6, 'admin', 0, 0),
(181, 'who_responsible', 5, '-', 0, 0),
(181, 'who_set', 7, '1', 0, 0),
(184, 'deadline', 4, '2011-12-23', 0, 0),
(184, 'description', 2, 'Поступил новый заказ: \r\nДата: 2011-12-23\r\nКомпания: Заказчик\r\nФИО: Иван\r\nТелефон: 4646696\r\nE-mail: adc@gg.com\r\nЧто желаете заказать?Проверка заказа', 0, 0),
(193, 'deadline', 4, '10.05.2012 13:03:26', 0, 0),
(193, 'description', 2, '', 0, 0),
(193, 'prior', 3, 'Средний', 0, 0),
(193, 'reason_for_idle', 2, '', 0, 0),
(193, 'state', 3, 'Не выполнена', 0, 0),
(193, 'who_responsible', 5, '-', 0, 0),
(193, 'who_set', 7, '9', 0, 0),
(194, 'deadline', 4, '11.05.2012 08:15:52', 0, 0),
(194, 'description', 2, '', 0, 0),
(194, 'prior', 3, 'Средний', 0, 0),
(194, 'reason_for_idle', 2, '', 0, 0),
(194, 'state', 3, 'Не выполнена', 0, 0),
(194, 'who_responsible', 5, '-', 0, 0),
(194, 'who_set', 7, '10', 0, 0),
(195, 'deadline', 4, '29.05.2012 10:40:18', 0, 0),
(195, 'description', 2, '', 0, 0),
(195, 'prior', 3, 'Средний', 0, 0),
(195, 'reason_for_idle', 2, '', 0, 0),
(195, 'state', 3, 'Не выполнена', 0, 0),
(195, 'who_responsible', 5, '-', 0, 0),
(195, 'who_set', 7, '10', 0, 0),
(196, 'deadline', 4, '29.05.2012 10:42:03', 0, 0),
(196, 'description', 2, '', 0, 0),
(196, 'prior', 3, 'Средний', 0, 0),
(196, 'reason_for_idle', 2, '', 0, 0),
(196, 'state', 3, 'Не выполнена', 0, 0),
(196, 'who_responsible', 5, '-', 0, 0),
(196, 'who_set', 7, '10', 0, 0),
(197, 'deadline', 4, '29.05.2012 10:43:13', 0, 0),
(197, 'description', 2, '', 0, 0),
(197, 'prior', 3, 'Средний', 0, 0),
(197, 'reason_for_idle', 2, '', 0, 0),
(197, 'state', 3, 'Не выполнена', 0, 0),
(197, 'who_responsible', 5, '-', 0, 0),
(197, 'who_set', 7, '10', 0, 0),
(198, 'deadline', 4, '29.05.2012 10:44:54', 0, 0),
(198, 'description', 2, '', 0, 0),
(198, 'prior', 3, 'Средний', 0, 0),
(198, 'reason_for_idle', 2, '', 0, 0),
(198, 'state', 3, 'Не выполнена', 0, 0),
(198, 'who_responsible', 5, '-', 0, 0),
(198, 'who_set', 7, '10', 0, 0),
(199, 'deadline', 4, '29.05.2012 10:46:26', 0, 0),
(199, 'description', 2, '', 0, 0),
(199, 'prior', 3, 'Средний', 0, 0),
(199, 'reason_for_idle', 2, '', 0, 0),
(199, 'state', 3, 'Не выполнена', 0, 0),
(199, 'who_responsible', 5, '-', 0, 0),
(199, 'who_set', 7, '10', 0, 0),
(200, 'deadline', 4, '29.05.2012 10:50:38', 0, 0),
(200, 'description', 2, '', 0, 0),
(200, 'prior', 3, 'Средний', 0, 0),
(200, 'reason_for_idle', 2, '', 0, 0),
(200, 'state', 3, 'Не выполнена', 0, 0),
(200, 'who_responsible', 5, '-', 0, 0),
(200, 'who_set', 7, '10', 0, 0),
(201, 'deadline', 4, '29.05.2012 10:52:02', 0, 0),
(201, 'description', 2, '', 0, 0),
(201, 'prior', 3, 'Средний', 0, 0),
(201, 'reason_for_idle', 2, '', 0, 0),
(201, 'state', 3, 'Не выполнена', 0, 0),
(201, 'who_responsible', 5, '-', 0, 0),
(201, 'who_set', 7, '10', 0, 0),
(202, 'deadline', 4, '29.05.2012 10:54:15', 0, 0),
(202, 'description', 2, '', 0, 0),
(202, 'prior', 3, 'Средний', 0, 0),
(202, 'reason_for_idle', 2, '', 0, 0),
(202, 'state', 3, 'Не выполнена', 0, 0),
(202, 'who_responsible', 5, '-', 0, 0),
(202, 'who_set', 7, '10', 0, 0),
(203, 'deadline', 4, '29.05.2012 10:54:29', 0, 0),
(203, 'description', 2, '', 0, 0),
(203, 'prior', 3, 'Средний', 0, 0),
(203, 'reason_for_idle', 2, '', 0, 0),
(203, 'state', 3, 'Не выполнена', 0, 0),
(203, 'who_responsible', 5, '-', 0, 0),
(203, 'who_set', 7, '10', 0, 0),
(204, 'deadline', 4, '29.05.2012 10:55:01', 0, 0),
(204, 'description', 2, '', 0, 0),
(204, 'prior', 3, 'Средний', 0, 0),
(204, 'reason_for_idle', 2, '', 0, 0),
(204, 'state', 3, 'Не выполнена', 0, 0),
(204, 'who_responsible', 5, '-', 0, 0),
(204, 'who_set', 7, '10', 0, 0),
(205, 'deadline', 4, '29.05.2012 10:55:29', 0, 0),
(205, 'description', 2, '', 0, 0),
(205, 'prior', 3, 'Средний', 0, 0),
(205, 'reason_for_idle', 2, '', 0, 0),
(205, 'state', 3, 'Не выполнена', 0, 0),
(205, 'who_responsible', 5, '-', 0, 0),
(205, 'who_set', 7, '10', 0, 0),
(206, 'deadline', 4, '29.05.2012 10:56:24', 0, 0),
(206, 'description', 2, '', 0, 0),
(206, 'prior', 3, 'Средний', 0, 0),
(206, 'reason_for_idle', 2, '', 0, 0),
(206, 'state', 3, 'Не выполнена', 0, 0),
(206, 'who_responsible', 5, '-', 0, 0),
(206, 'who_set', 7, '10', 0, 0),
(207, 'deadline', 4, '29.05.2012 10:56:48', 0, 0),
(207, 'description', 2, '', 0, 0),
(207, 'prior', 3, 'Средний', 0, 0),
(207, 'reason_for_idle', 2, '', 0, 0),
(207, 'state', 3, 'Не выполнена', 0, 0),
(207, 'who_responsible', 5, '-', 0, 0),
(207, 'who_set', 7, '10', 0, 0),
(208, 'deadline', 4, '29.05.2012 10:57:14', 0, 0),
(208, 'description', 2, '', 0, 0),
(208, 'prior', 3, 'Средний', 0, 0),
(208, 'reason_for_idle', 2, '', 0, 0),
(208, 'state', 3, 'Не выполнена', 0, 0),
(208, 'who_responsible', 5, '-', 0, 0),
(208, 'who_set', 7, '10', 0, 0),
(209, 'deadline', 4, '29.05.2012 10:57:47', 0, 0),
(209, 'description', 2, '', 0, 0),
(209, 'prior', 3, 'Средний', 0, 0),
(209, 'reason_for_idle', 2, '', 0, 0),
(209, 'state', 3, 'Не выполнена', 0, 0),
(209, 'who_responsible', 5, '-', 0, 0),
(209, 'who_set', 7, '10', 0, 0),
(210, 'deadline', 4, '29.05.2012 10:58:10', 0, 0),
(210, 'description', 2, '', 0, 0),
(210, 'prior', 3, 'Средний', 0, 0),
(210, 'reason_for_idle', 2, '', 0, 0),
(210, 'state', 3, 'Не выполнена', 0, 0),
(210, 'who_responsible', 5, '-', 0, 0),
(210, 'who_set', 7, '10', 0, 0),
(211, 'deadline', 4, '29.05.2012 10:58:37', 0, 0),
(211, 'description', 2, '', 0, 0),
(211, 'prior', 3, 'Средний', 0, 0),
(211, 'reason_for_idle', 2, '', 0, 0),
(211, 'state', 3, 'Не выполнена', 0, 0),
(211, 'who_responsible', 5, '-', 0, 0),
(211, 'who_set', 7, '10', 0, 0),
(212, 'deadline', 4, '29.05.2012 10:59:09', 0, 0),
(212, 'description', 2, '', 0, 0),
(212, 'prior', 3, 'Средний', 0, 0),
(212, 'reason_for_idle', 2, '', 0, 0),
(212, 'state', 3, 'Не выполнена', 0, 0),
(212, 'who_responsible', 5, '-', 0, 0),
(212, 'who_set', 7, '10', 0, 0),
(213, 'deadline', 4, '29.05.2012 10:59:28', 0, 0),
(213, 'description', 2, '', 0, 0),
(213, 'prior', 3, 'Средний', 0, 0),
(213, 'reason_for_idle', 2, '', 0, 0),
(213, 'state', 3, 'Не выполнена', 0, 0),
(213, 'who_responsible', 5, '-', 0, 0),
(213, 'who_set', 7, '10', 0, 0),
(214, 'deadline', 4, '29.05.2012 10:59:58', 0, 0),
(214, 'description', 2, '', 0, 0),
(214, 'prior', 3, 'Средний', 0, 0),
(214, 'reason_for_idle', 2, '', 0, 0),
(214, 'state', 3, 'Не выполнена', 0, 0),
(214, 'who_responsible', 5, '-', 0, 0),
(214, 'who_set', 7, '10', 0, 0),
(215, 'deadline', 4, '29.05.2012 11:00:25', 0, 0),
(215, 'description', 2, '', 0, 0),
(215, 'prior', 3, 'Средний', 0, 0),
(215, 'reason_for_idle', 2, '', 0, 0),
(215, 'state', 3, 'Не выполнена', 0, 0),
(215, 'who_responsible', 5, '-', 0, 0),
(215, 'who_set', 7, '10', 0, 0),
(216, 'deadline', 4, '29.05.2012 11:00:47', 0, 0),
(216, 'description', 2, '', 0, 0),
(216, 'prior', 3, 'Средний', 0, 0),
(216, 'reason_for_idle', 2, '', 0, 0),
(216, 'state', 3, 'Не выполнена', 0, 0),
(216, 'who_responsible', 5, '-', 0, 0),
(216, 'who_set', 7, '10', 0, 0),
(217, 'deadline', 4, '29.05.2012 11:01:10', 0, 0),
(217, 'description', 2, '', 0, 0),
(217, 'prior', 3, 'Средний', 0, 0),
(217, 'reason_for_idle', 2, '', 0, 0),
(217, 'state', 3, 'Не выполнена', 0, 0),
(217, 'who_responsible', 5, '-', 0, 0),
(217, 'who_set', 7, '10', 0, 0),
(218, 'deadline', 4, '29.05.2012 11:01:30', 0, 0),
(218, 'description', 2, '', 0, 0),
(218, 'prior', 3, 'Средний', 0, 0),
(218, 'reason_for_idle', 2, '', 0, 0),
(218, 'state', 3, 'Не выполнена', 0, 0),
(218, 'who_responsible', 5, '-', 0, 0),
(218, 'who_set', 7, '10', 0, 0),
(219, 'deadline', 4, '29.05.2012 11:01:54', 0, 0),
(219, 'description', 2, '', 0, 0),
(219, 'prior', 3, 'Средний', 0, 0),
(219, 'reason_for_idle', 2, '', 0, 0),
(219, 'state', 3, 'Не выполнена', 0, 0),
(219, 'who_responsible', 5, '-', 0, 0),
(219, 'who_set', 7, '10', 0, 0),
(220, 'deadline', 4, '29.05.2012 11:02:23', 0, 0),
(220, 'description', 2, '', 0, 0),
(220, 'prior', 3, 'Средний', 0, 0),
(220, 'reason_for_idle', 2, '', 0, 0),
(220, 'state', 3, 'Не выполнена', 0, 0),
(220, 'who_responsible', 5, '-', 0, 0),
(220, 'who_set', 7, '10', 0, 0),
(221, 'deadline', 4, '29.05.2012 11:02:43', 0, 0),
(221, 'description', 2, '', 0, 0),
(221, 'prior', 3, 'Средний', 0, 0),
(221, 'reason_for_idle', 2, '', 0, 0),
(221, 'state', 3, 'Не выполнена', 0, 0),
(221, 'who_responsible', 5, '-', 0, 0),
(221, 'who_set', 7, '10', 0, 0),
(222, 'deadline', 4, '29.05.2012 11:04:02', 0, 0),
(222, 'description', 2, '', 0, 0),
(222, 'prior', 3, 'Средний', 0, 0),
(222, 'reason_for_idle', 2, '', 0, 0),
(222, 'state', 3, 'Не выполнена', 0, 0),
(222, 'who_responsible', 5, '-', 0, 0),
(222, 'who_set', 7, '10', 0, 0),
(223, 'deadline', 4, '29.05.2012 11:04:25', 0, 0),
(223, 'description', 2, '', 0, 0),
(223, 'prior', 3, 'Средний', 0, 0),
(223, 'reason_for_idle', 2, '', 0, 0),
(223, 'state', 3, 'Не выполнена', 0, 0),
(223, 'who_responsible', 5, '-', 0, 0),
(223, 'who_set', 7, '10', 0, 0),
(224, 'deadline', 4, '29.05.2012 11:04:45', 0, 0),
(224, 'description', 2, '', 0, 0),
(224, 'prior', 3, 'Средний', 0, 0),
(224, 'reason_for_idle', 2, '', 0, 0),
(224, 'state', 3, 'Не выполнена', 0, 0),
(224, 'who_responsible', 5, '-', 0, 0),
(224, 'who_set', 7, '10', 0, 0),
(225, 'deadline', 4, '29.05.2012 11:05:08', 0, 0),
(225, 'description', 2, '', 0, 0),
(225, 'prior', 3, 'Средний', 0, 0),
(225, 'reason_for_idle', 2, '', 0, 0),
(225, 'state', 3, 'Не выполнена', 0, 0),
(225, 'who_responsible', 5, '-', 0, 0),
(225, 'who_set', 7, '10', 0, 0),
(226, 'deadline', 4, '29.05.2012 11:05:33', 0, 0),
(226, 'description', 2, '', 0, 0),
(226, 'prior', 3, 'Средний', 0, 0),
(226, 'reason_for_idle', 2, '', 0, 0),
(226, 'state', 3, 'Не выполнена', 0, 0),
(226, 'who_responsible', 5, '-', 0, 0),
(226, 'who_set', 7, '10', 0, 0),
(227, 'deadline', 4, '29.05.2012 11:05:55', 0, 0),
(227, 'description', 2, '', 0, 0),
(227, 'prior', 3, 'Средний', 0, 0),
(227, 'reason_for_idle', 2, '', 0, 0),
(227, 'state', 3, 'Не выполнена', 0, 0),
(227, 'who_responsible', 5, '-', 0, 0),
(227, 'who_set', 7, '10', 0, 0),
(228, 'deadline', 4, '29.05.2012 11:06:19', 0, 0),
(228, 'description', 2, '', 0, 0),
(228, 'prior', 3, 'Средний', 0, 0),
(228, 'reason_for_idle', 2, '', 0, 0),
(228, 'state', 3, 'Не выполнена', 0, 0),
(228, 'who_responsible', 5, '-', 0, 0),
(228, 'who_set', 7, '10', 0, 0),
(229, 'deadline', 4, '29.05.2012 11:07:18', 0, 0),
(229, 'description', 2, '', 0, 0),
(229, 'prior', 3, 'Средний', 0, 0),
(229, 'reason_for_idle', 2, '', 0, 0),
(229, 'state', 3, 'Не выполнена', 0, 0),
(229, 'who_responsible', 5, '-', 0, 0),
(229, 'who_set', 7, '10', 0, 0),
(230, 'deadline', 4, '29.05.2012 11:07:39', 0, 0),
(230, 'description', 2, '', 0, 0),
(230, 'prior', 3, 'Средний', 0, 0),
(230, 'reason_for_idle', 2, '', 0, 0),
(230, 'state', 3, 'Не выполнена', 0, 0),
(230, 'who_responsible', 5, '-', 0, 0),
(230, 'who_set', 7, '10', 0, 0),
(231, 'deadline', 4, '29.05.2012 11:08:05', 0, 0),
(231, 'description', 2, '', 0, 0),
(231, 'prior', 3, 'Средний', 0, 0),
(231, 'reason_for_idle', 2, '', 0, 0),
(231, 'state', 3, 'Не выполнена', 0, 0),
(231, 'who_responsible', 5, '-', 0, 0),
(231, 'who_set', 7, '10', 0, 0),
(232, 'deadline', 4, '29.05.2012 11:08:29', 0, 0),
(232, 'description', 2, '', 0, 0),
(232, 'prior', 3, 'Средний', 0, 0),
(232, 'reason_for_idle', 2, '', 0, 0),
(232, 'state', 3, 'Не выполнена', 0, 0),
(232, 'who_responsible', 5, '-', 0, 0),
(232, 'who_set', 7, '10', 0, 0),
(233, 'deadline', 4, '29.05.2012 11:08:56', 0, 0),
(233, 'description', 2, '', 0, 0),
(233, 'prior', 3, 'Средний', 0, 0),
(233, 'reason_for_idle', 2, '', 0, 0),
(233, 'state', 3, 'Не выполнена', 0, 0),
(233, 'who_responsible', 5, '-', 0, 0),
(233, 'who_set', 7, '10', 0, 0),
(234, 'deadline', 4, '29.05.2012 11:09:16', 0, 0),
(234, 'description', 2, '', 0, 0),
(234, 'prior', 3, 'Средний', 0, 0),
(234, 'reason_for_idle', 2, '', 0, 0),
(234, 'state', 3, 'Не выполнена', 0, 0),
(234, 'who_responsible', 5, '-', 0, 0),
(234, 'who_set', 7, '10', 0, 0),
(235, 'deadline', 4, '29.05.2012 11:09:37', 0, 0),
(235, 'description', 2, '', 0, 0),
(235, 'prior', 3, 'Средний', 0, 0),
(235, 'reason_for_idle', 2, '', 0, 0),
(235, 'state', 3, 'Не выполнена', 0, 0),
(235, 'who_responsible', 5, '-', 0, 0),
(235, 'who_set', 7, '10', 0, 0),
(236, 'deadline', 4, '29.05.2012 11:10:07', 0, 0),
(236, 'description', 2, '', 0, 0),
(236, 'prior', 3, 'Средний', 0, 0),
(236, 'reason_for_idle', 2, '', 0, 0),
(236, 'state', 3, 'Не выполнена', 0, 0),
(236, 'who_responsible', 5, '-', 0, 0),
(236, 'who_set', 7, '10', 0, 0),
(237, 'deadline', 4, '29.05.2012 11:10:29', 0, 0),
(237, 'description', 2, '', 0, 0),
(237, 'prior', 3, 'Средний', 0, 0),
(237, 'reason_for_idle', 2, '', 0, 0),
(237, 'state', 3, 'Не выполнена', 0, 0),
(237, 'who_responsible', 5, '-', 0, 0),
(237, 'who_set', 7, '10', 0, 0),
(238, 'deadline', 4, '29.05.2012 11:57:29', 0, 0),
(238, 'description', 2, '', 0, 0),
(238, 'prior', 3, 'Средний', 0, 0),
(238, 'reason_for_idle', 2, '', 0, 0),
(238, 'state', 3, 'Не выполнена', 0, 0),
(238, 'who_responsible', 5, '-', 0, 0),
(238, 'who_set', 7, '10', 0, 0),
(239, 'deadline', 4, '29.05.2012 11:57:40', 0, 0),
(239, 'description', 2, '', 0, 0),
(239, 'prior', 3, 'Средний', 0, 0),
(239, 'reason_for_idle', 2, '', 0, 0),
(239, 'state', 3, 'Не выполнена', 0, 0),
(239, 'who_responsible', 5, '-', 0, 0),
(239, 'who_set', 7, '10', 0, 0),
(240, 'deadline', 4, '29.05.2012 11:58:04', 0, 0),
(240, 'description', 2, '', 0, 0),
(240, 'prior', 3, 'Средний', 0, 0),
(240, 'reason_for_idle', 2, '', 0, 0),
(240, 'state', 3, 'Не выполнена', 0, 0),
(240, 'who_responsible', 5, '-', 0, 0),
(240, 'who_set', 7, '10', 0, 0),
(241, 'deadline', 4, '29.05.2012 11:58:29', 0, 0),
(241, 'description', 2, '', 0, 0),
(241, 'prior', 3, 'Средний', 0, 0),
(241, 'reason_for_idle', 2, '', 0, 0),
(241, 'state', 3, 'Не выполнена', 0, 0),
(241, 'who_responsible', 5, '-', 0, 0),
(241, 'who_set', 7, '10', 0, 0),
(242, 'deadline', 4, '29.05.2012 12:00:13', 0, 0),
(242, 'description', 2, '', 0, 0),
(242, 'prior', 3, 'Средний', 0, 0),
(242, 'reason_for_idle', 2, '', 0, 0),
(242, 'state', 3, 'Не выполнена', 0, 0),
(242, 'who_responsible', 5, '-', 0, 0),
(242, 'who_set', 7, '10', 0, 0),
(243, 'deadline', 4, '29.05.2012 12:00:55', 0, 0),
(243, 'description', 2, '', 0, 0),
(243, 'prior', 3, 'Средний', 0, 0),
(243, 'reason_for_idle', 2, '', 0, 0),
(243, 'state', 3, 'Не выполнена', 0, 0),
(243, 'who_responsible', 5, '-', 0, 0),
(243, 'who_set', 7, '10', 0, 0),
(244, 'deadline', 4, '29.05.2012 12:01:18', 0, 0),
(244, 'description', 2, '', 0, 0),
(244, 'prior', 3, 'Средний', 0, 0),
(244, 'reason_for_idle', 2, '', 0, 0),
(244, 'state', 3, 'Не выполнена', 0, 0),
(244, 'who_responsible', 5, '-', 0, 0),
(244, 'who_set', 7, '10', 0, 0),
(245, 'deadline', 4, '29.05.2012 12:01:44', 0, 0),
(245, 'description', 2, '', 0, 0),
(245, 'prior', 3, 'Средний', 0, 0),
(245, 'reason_for_idle', 2, '', 0, 0),
(245, 'state', 3, 'Не выполнена', 0, 0),
(245, 'who_responsible', 5, '-', 0, 0),
(245, 'who_set', 7, '10', 0, 0),
(246, 'deadline', 4, '29.05.2012 12:02:05', 0, 0),
(246, 'description', 2, '', 0, 0),
(246, 'prior', 3, 'Средний', 0, 0),
(246, 'reason_for_idle', 2, '', 0, 0),
(246, 'state', 3, 'Не выполнена', 0, 0),
(246, 'who_responsible', 5, '-', 0, 0),
(246, 'who_set', 7, '10', 0, 0),
(247, 'deadline', 4, '29.05.2012 12:02:30', 0, 0),
(247, 'description', 2, '', 0, 0),
(247, 'prior', 3, 'Средний', 0, 0),
(247, 'reason_for_idle', 2, '', 0, 0),
(247, 'state', 3, 'Не выполнена', 0, 0),
(247, 'who_responsible', 5, '-', 0, 0),
(247, 'who_set', 7, '10', 0, 0),
(248, 'deadline', 4, '2012-06-01', 0, 0),
(248, 'description', 2, 'Поступил новый заказ: \r\nДата: 2012-06-01\r\nКомпания:  ОАО \\"Энергетик\\"\r\nФИО: Лопаницына Ирина Николаевна, коммерческий директор\r\nТелефон: 8384251351\r\nE-mail: energetic.05@mail.ru\r\nЧто желаете заказать?Прошу выдать индивидуальный логин и пароль для входа в личный кабинет организации', 0, 0),
(249, 'deadline', 4, '2012-06-06', 0, 0),
(249, 'description', 2, 'Поступил новый заказ: \r\nДата: 2012-06-06\r\nКомпания: Компания\r\nФИО: ФИО\r\nТелефон: Телефон\r\nE-mail: E-mail\r\nЧто желаете заказать?Что желаете заказать?', 0, 0),
(250, 'deadline', 4, '2012-06-06', 0, 0),
(250, 'description', 2, 'Поступил новый заказ: \r\nДата: 2012-06-06\r\nКомпания: ЗАО \\"Сибэлектросервис\\"\r\nФИО: Гаринов Виктор Донатович\r\nТелефон: 64-33-00\r\nE-mail: bad2310@mail.ru\r\nЧто желаете заказать?Прошу выдать индивидуальный логин и пароль для входа в систему.', 0, 0),
(251, 'deadline', 4, '2012-06-07', 0, 0),
(251, 'description', 2, 'Поступил новый заказ: \r\nДата: 2012-06-07\r\nКомпания: ООО \\"Литвиновец\\" Яшкинский район\r\nФИО: Варенников Виктор Федорович\r\nТелефон: (38455) 2-55-46\r\nE-mail: Litvinovec@mail.ru\r\nЧто желаете заказать?Прошу выдать индивидуальный логин и пароль для входа в личный кабинет ', 0, 0),
(252, 'deadline', 4, '2012-06-07', 0, 0),
(252, 'description', 2, 'Поступил новый заказ: \r\nДата: 2012-06-07\r\nКомпания: ООО \\"Сэлф\\" Яшкинского района\r\nФИО: Варенников Виктор Федорович\r\nТелефон: (38455) 2-55-46\r\nE-mail: oooself@rambler.ru\r\nЧто желаете заказать?Прошу выдать индивидуальный логин и пароль для входа в личный кабинет', 0, 0),
(253, 'deadline', 4, '2012-06-13', 0, 0),
(253, 'description', 2, 'Поступил новый заказ: \r\nДата: 2012-06-13\r\nКомпания: ЗАО \\"ЯТЭК\\"\r\nФИО: Тюльпин Даниил Евгеньевич\r\nТелефон: 89617223382\r\nE-mail: zaoyatek@mail.ru\r\nЧто желаете заказать?Логин и Пароль для входа в систему', 0, 0),
(254, 'deadline', 4, '13.06.2012 08:43:11', 0, 0),
(254, 'description', 2, '', 0, 0),
(254, 'prior', 3, 'Средний', 0, 0),
(254, 'reason_for_idle', 2, '', 0, 0),
(254, 'state', 3, 'Не выполнена', 0, 0),
(254, 'who_responsible', 5, '-', 0, 0),
(254, 'who_set', 7, '10', 0, 0),
(255, 'deadline', 4, '13.06.2012 08:43:11', 0, 0),
(255, 'description', 2, '', 0, 0),
(255, 'prior', 3, 'Средний', 0, 0),
(255, 'reason_for_idle', 2, '', 0, 0),
(255, 'state', 3, 'Не выполнена', 0, 0),
(255, 'who_responsible', 5, '-', 0, 0),
(255, 'who_set', 7, '10', 0, 0),
(256, 'deadline', 4, '13.06.2012 08:43:11', 0, 0),
(256, 'description', 2, '', 0, 0),
(256, 'prior', 3, 'Средний', 0, 0),
(256, 'reason_for_idle', 2, '', 0, 0),
(256, 'state', 3, 'Не выполнена', 0, 0),
(256, 'who_responsible', 5, '-', 0, 0),
(256, 'who_set', 7, '10', 0, 0),
(257, 'deadline', 4, '13.06.2012 08:43:39', 0, 0),
(257, 'description', 2, '', 0, 0),
(257, 'prior', 3, 'Средний', 0, 0),
(257, 'reason_for_idle', 2, '', 0, 0),
(257, 'state', 3, 'Не выполнена', 0, 0),
(257, 'who_responsible', 5, '-', 0, 0),
(257, 'who_set', 7, '10', 0, 0),
(258, 'deadline', 4, '13.06.2012 08:43:39', 0, 0),
(258, 'description', 2, '', 0, 0),
(258, 'prior', 3, 'Средний', 0, 0),
(258, 'reason_for_idle', 2, '', 0, 0),
(258, 'state', 3, 'Не выполнена', 0, 0),
(258, 'who_responsible', 5, '-', 0, 0),
(258, 'who_set', 7, '10', 0, 0),
(259, 'deadline', 4, '13.06.2012 08:43:39', 0, 0),
(259, 'description', 2, '', 0, 0),
(259, 'prior', 3, 'Средний', 0, 0),
(259, 'reason_for_idle', 2, '', 0, 0),
(259, 'state', 3, 'Не выполнена', 0, 0),
(259, 'who_responsible', 5, '-', 0, 0),
(259, 'who_set', 7, '10', 0, 0),
(260, 'deadline', 4, '13.06.2012 08:45:27', 0, 0),
(260, 'description', 2, '', 0, 0),
(260, 'prior', 3, 'Средний', 0, 0),
(260, 'reason_for_idle', 2, '', 0, 0),
(260, 'state', 3, 'Не выполнена', 0, 0),
(260, 'who_responsible', 5, '-', 0, 0),
(260, 'who_set', 7, '10', 0, 0),
(261, 'deadline', 4, '13.06.2012 08:46:34', 0, 0),
(261, 'description', 2, '', 0, 0),
(261, 'prior', 3, 'Средний', 0, 0),
(261, 'reason_for_idle', 2, '', 0, 0),
(261, 'state', 3, 'Не выполнена', 0, 0),
(261, 'who_responsible', 5, '-', 0, 0),
(261, 'who_set', 7, '10', 0, 0);

-- --------------------------------------------------------

--
-- Структура таблицы `tm_task_attribute_type`
--

DROP TABLE IF EXISTS `tm_task_attribute_type`;
CREATE TABLE `tm_task_attribute_type` (
  `id` int(10) unsigned NOT NULL AUTO_INCREMENT,
  `title` varchar(50) NOT NULL,
  `handler` varchar(100) NOT NULL,
  `description` varchar(255) NOT NULL,
  PRIMARY KEY (`id`),
  UNIQUE KEY `title_UNIQUE` (`title`)
) ENGINE=InnoDB  DEFAULT CHARSET=utf8 AUTO_INCREMENT=8 ;

--
-- Дамп данных таблицы `tm_task_attribute_type`
--

INSERT INTO `tm_task_attribute_type` (`id`, `title`, `handler`, `description`) VALUES
(1, 'Строка', 'TM_Attribute_AttributeType', 'Любое строковое значение'),
(2, 'Текст', 'TM_Attribute_AttributeTypeText', 'Многострочный  текст'),
(3, 'Список', 'TM_Attribute_AttributeTypeList', 'Список из возможных вариантов'),
(4, 'Дата', 'TM_Attribute_AttributeTypeDate', ''),
(5, 'Список пользователей', 'TM_Attribute_AttributeTypeUserList', 'Список пользователей'),
(6, 'Условие с активным пользователем', 'TM_Attribute_AttributeTypeActiveUser', 'Условие с активным пользователем'),
(7, 'Список пользователей с активным пользователем', 'TM_Attribute_AttributeTypeActiveUserList', 'Список пользователей с активным пользователем');

-- --------------------------------------------------------

--
-- Структура таблицы `tm_task_discussion`
--

DROP TABLE IF EXISTS `tm_task_discussion`;
CREATE TABLE `tm_task_discussion` (
  `task_id` int(10) unsigned NOT NULL,
  `discussion_id` int(10) unsigned NOT NULL,
  PRIMARY KEY (`task_id`,`discussion_id`),
  KEY `fk_tm_task_discussion_tm_discussion1` (`discussion_id`)
) ENGINE=InnoDB DEFAULT CHARSET=utf8;

--
-- Дамп данных таблицы `tm_task_discussion`
--

INSERT INTO `tm_task_discussion` (`task_id`, `discussion_id`) VALUES
(181, 191),
(193, 208),
(194, 209),
(195, 213),
(196, 214),
(197, 215),
(198, 216),
(199, 217),
(200, 218),
(201, 219),
(202, 220),
(203, 221),
(204, 222),
(205, 223),
(206, 224),
(207, 225),
(208, 226),
(209, 227),
(210, 228),
(211, 229),
(212, 230),
(213, 231),
(214, 232),
(215, 233),
(216, 234),
(217, 235),
(218, 236),
(219, 237),
(220, 238),
(221, 239),
(222, 240),
(223, 241),
(224, 242),
(225, 243),
(226, 244),
(227, 245),
(228, 246),
(229, 247),
(230, 248),
(231, 249),
(232, 250),
(233, 251),
(234, 252),
(235, 253),
(236, 254),
(237, 255),
(238, 256),
(239, 257),
(240, 258),
(241, 259),
(242, 260),
(243, 261),
(244, 262),
(245, 263),
(246, 264),
(247, 265);

-- --------------------------------------------------------

--
-- Структура таблицы `tm_task_document`
--

DROP TABLE IF EXISTS `tm_task_document`;
CREATE TABLE `tm_task_document` (
  `task_id` int(10) unsigned NOT NULL,
  `document_id` int(10) unsigned NOT NULL,
  PRIMARY KEY (`task_id`,`document_id`),
  KEY `fk_tm_task_document_tm_task1` (`task_id`),
  KEY `fk_tm_task_document_tm_document1` (`document_id`)
) ENGINE=InnoDB DEFAULT CHARSET=utf8;

--
-- Дамп данных таблицы `tm_task_document`
--

INSERT INTO `tm_task_document` (`task_id`, `document_id`) VALUES
(181, 215),
(181, 219),
(193, 244),
(194, 250),
(195, 251),
(196, 252),
(197, 253),
(198, 254),
(199, 255),
(200, 256),
(201, 257),
(202, 258),
(203, 259),
(204, 260),
(205, 261),
(206, 262),
(207, 263),
(208, 264),
(209, 265),
(210, 266),
(211, 267),
(212, 268),
(213, 269),
(214, 270),
(215, 271),
(216, 272),
(217, 273),
(218, 274),
(219, 275),
(220, 276),
(221, 277),
(222, 278),
(223, 279),
(224, 280),
(225, 281),
(226, 282),
(227, 283),
(228, 284),
(229, 285),
(230, 286),
(231, 287),
(232, 288),
(233, 289),
(234, 290),
(235, 291),
(236, 292),
(237, 293),
(238, 294),
(239, 295),
(240, 296),
(241, 297),
(242, 298),
(243, 299),
(244, 300),
(245, 301),
(246, 302),
(247, 303);

-- --------------------------------------------------------

--
-- Структура таблицы `tm_task_hash`
--

DROP TABLE IF EXISTS `tm_task_hash`;
CREATE TABLE `tm_task_hash` (
  `task_id` int(10) unsigned DEFAULT NULL,
  `attribute_key` varchar(255) NOT NULL,
  `title` varchar(255) NOT NULL,
  `type_id` int(10) unsigned NOT NULL,
  `list_value` text,
  `list_order` varchar(255) NOT NULL DEFAULT '',
  `required` tinyint(1) NOT NULL DEFAULT '0',
  `sort_order` int(11) NOT NULL DEFAULT '1000',
  PRIMARY KEY (`attribute_key`),
  KEY `fk_tm_task_hash_tm_task_attribute_type1` (`type_id`),
  KEY `fk_tm_task_hash_tm_task1` (`task_id`)
) ENGINE=InnoDB DEFAULT CHARSET=utf8;

--
-- Дамп данных таблицы `tm_task_hash`
--

INSERT INTO `tm_task_hash` (`task_id`, `attribute_key`, `title`, `type_id`, `list_value`, `list_order`, `required`, `sort_order`) VALUES
(NULL, 'deadline', 'Срок выполнения задачи', 4, '  ', '', 1, 1),
(NULL, 'description', 'Описание задачи', 2, '  ', '', 0, 7),
(NULL, 'prior', 'Приоритет', 3, 'Очень высокий||Высоки||*Средний||Низкий||Очень низкий    ', '', 0, 6),
(NULL, 'reason_for_idle', 'Причина простоя', 2, '  ', '', 0, 3),
(NULL, 'state', 'Статус выполения задачи', 3, 'Выполнена||*Не выполнена||Возникли вопросы ', '', 1, 2),
(NULL, 'who_adopted', 'Кто принял?', 6, '    ', '', 0, 5),
(NULL, 'who_responsible', 'Кто ответственный?', 5, '  ', '', 0, 4),
(NULL, 'who_set', 'Кем поставлена?', 7, '    ', '', 0, 4);

-- --------------------------------------------------------

--
-- Структура таблицы `tm_task_relation`
--

DROP TABLE IF EXISTS `tm_task_relation`;
CREATE TABLE `tm_task_relation` (
  `parent_id` int(10) unsigned NOT NULL,
  `child_id` int(10) unsigned NOT NULL,
  PRIMARY KEY (`parent_id`,`child_id`),
  KEY `fk_tm_task_relation_tm_task2` (`child_id`)
) ENGINE=InnoDB DEFAULT CHARSET=utf8;

--
-- Дамп данных таблицы `tm_task_relation`
--

INSERT INTO `tm_task_relation` (`parent_id`, `child_id`) VALUES
(181, 184),
(181, 248),
(181, 249),
(181, 250),
(181, 251),
(181, 252),
(181, 253);

-- --------------------------------------------------------

--
-- Структура таблицы `tm_user`
--

DROP TABLE IF EXISTS `tm_user`;
CREATE TABLE `tm_user` (
  `id` int(10) unsigned NOT NULL AUTO_INCREMENT,
  `login` varchar(32) NOT NULL,
  `password` varchar(32) NOT NULL,
  `role_id` int(10) unsigned NOT NULL,
  `date_create` datetime NOT NULL,
  `is_client` tinyint(1) NOT NULL DEFAULT '0',
  PRIMARY KEY (`id`),
  UNIQUE KEY `login_UNIQUE` (`login`),
  KEY `fk_tm_user_tm_user_role1` (`role_id`)
) ENGINE=InnoDB  DEFAULT CHARSET=utf8 AUTO_INCREMENT=42 ;

--
-- Дамп данных таблицы `tm_user`
--

INSERT INTO `tm_user` (`id`, `login`, `password`, `role_id`, `date_create`, `is_client`) VALUES
(1, 'admin', '123', 1, '2011-11-16 16:26:11', 0),
(5, 'boss', '654', 3, '2011-11-25 21:50:00', 0),
(7, 'dima', '321', 1, '2011-12-04 11:19:06', 0),
(8, 'ivan', '321', 4, '2011-12-04 11:19:47', 0),
(9, 'sergey', '321', 1, '2011-12-04 11:20:00', 0),
(10, 'varakin.s', 'varakin', 11, '2011-12-19 16:35:00', 0),
(11, 'Еремеева', 'Еремеева', 3, '2012-01-31 11:43:00', 0),
(12, 'Малюта', 'Малюта', 3, '2012-01-31 11:47:00', 0),
(13, 'Юрьев', 'Юрьев', 4, '2012-01-31 11:50:00', 0),
(14, 'Федоров', 'Федоров', 4, '2012-01-31 11:53:00', 0),
(15, 'Омельченко', 'Омельченко', 4, '2012-01-31 11:57:00', 0),
(16, 'Овчинников', 'Овчинников', 4, '2012-01-31 11:59:00', 0),
(17, 'Хамзин', 'Хамзин', 4, '2012-01-31 12:01:00', 0),
(18, 'Гаристов', 'Гаристов', 4, '2012-01-31 12:02:00', 0),
(19, 'Соловьева', 'Соловьева', 4, '2012-01-31 12:04:00', 0),
(20, 'Набатникова', 'Набатникова', 4, '2012-01-31 12:06:00', 0),
(21, 'Каиль', 'Каиль', 4, '2012-01-31 12:08:00', 0),
(22, 'Демченко', 'Демченко', 4, '2012-01-31 12:10:00', 0),
(23, 'Джосан', 'Джосан', 4, '2012-01-31 12:12:00', 0),
(24, 'Тупкалов', 'Тупкалов', 4, '2012-01-31 12:13:00', 0),
(25, 'Алексина', 'Алексина', 4, '2012-01-31 12:15:00', 0),
(26, 'Холкина', 'Холкина', 4, '2012-01-31 12:16:00', 0),
(27, 'Ешкилева', 'Ешкилева', 4, '2012-01-31 12:17:00', 0),
(28, 'Зинченко', 'Зинченко', 4, '2012-01-31 12:19:00', 0),
(29, 'Ковалева', 'Ковалева', 4, '2012-01-31 12:20:00', 0),
(30, 'Михайлевич', 'Михайлевич', 4, '2012-01-31 12:26:00', 0),
(31, 'Алексина М', 'Алексина М', 4, '2012-01-31 12:27:00', 0),
(32, 'Венгер', 'Венгер', 4, '2012-01-31 12:29:00', 0),
(33, 'Борзенко', 'Борзенко', 4, '2012-01-31 12:30:00', 0),
(34, 'Толкачева', 'Толкачева', 4, '2012-01-31 12:31:00', 0),
(35, 'Ляпустин', 'Ляпустин', 4, '2012-01-31 12:32:00', 0),
(36, 'Заживихин', 'Заживихин', 8, '2012-02-14 10:43:00', 1),
(41, 'Борисенко', 'Борисенко', 7, '2012-05-10 14:44:00', 1);

-- --------------------------------------------------------

--
-- Структура таблицы `tm_user_attribute`
--

DROP TABLE IF EXISTS `tm_user_attribute`;
CREATE TABLE `tm_user_attribute` (
  `user_id` int(10) unsigned NOT NULL,
  `attribute_key` varchar(255) NOT NULL,
  `type_id` int(10) unsigned NOT NULL,
  `attribute_value` text NOT NULL,
  `attribute_order` int(10) unsigned NOT NULL DEFAULT '0',
  `is_fill` tinyint(1) NOT NULL DEFAULT '0',
  PRIMARY KEY (`user_id`,`attribute_key`),
  KEY `fk_tm_task_attribute_tm_task1` (`user_id`),
  KEY `fk_tm_document_attribute_tm_document_attribute_type1` (`type_id`)
) ENGINE=InnoDB DEFAULT CHARSET=utf8;

--
-- Дамп данных таблицы `tm_user_attribute`
--

INSERT INTO `tm_user_attribute` (`user_id`, `attribute_key`, `type_id`, `attribute_value`, `attribute_order`, `is_fill`) VALUES
(1, 'name', 1, 'Администратор', 0, 1),
(1, 'organization', 1, '', 0, 1),
(1, 'position', 1, '', 0, 1),
(5, 'name', 1, 'Руководитель', 0, 1),
(5, 'organization', 1, '', 0, 1),
(5, 'position', 1, '', 0, 1),
(7, 'name', 1, 'Кудрявцев Дмитрий', 0, 1),
(7, 'organization', 1, '', 0, 1),
(7, 'position', 1, '', 0, 1),
(8, 'name', 1, 'Харлампенков Иван', 0, 1),
(8, 'organization', 1, '', 0, 1),
(8, 'position', 1, '', 0, 1),
(9, 'address', 1, '', 0, 1),
(9, 'birthday', 1, '', 0, 1),
(9, 'name', 1, 'Щеглов Сергей', 0, 1),
(9, 'note', 2, '', 0, 1),
(9, 'organization', 1, 'ГП КО АЭЭ', 0, 1),
(9, 'phone', 1, '', 0, 1),
(9, 'position', 1, 'Системный администратор', 0, 1),
(10, 'address', 1, '', 0, 1),
(10, 'birthday', 1, '', 0, 1),
(10, 'name', 1, 'Варакин Сергей Анатольевич', 0, 1),
(10, 'note', 2, '', 0, 1),
(10, 'organization', 1, 'АЭЭ', 0, 1),
(10, 'phone', 1, '', 0, 1),
(10, 'position', 1, '', 0, 1),
(11, 'name', 1, 'Еремеева Татьяна Юрьевна', 0, 1),
(11, 'organization', 1, 'ГП КО АЭЭ', 0, 1),
(11, 'position', 1, 'Директор', 0, 1),
(12, 'address', 1, '', 0, 1),
(12, 'birthday', 1, '', 0, 1),
(12, 'name', 1, 'Малюта Дмитрий Владимирович', 0, 1),
(12, 'note', 2, '', 0, 1),
(12, 'organization', 1, 'ГП КО АЭЭ', 0, 1),
(12, 'phone', 1, '', 0, 1),
(12, 'position', 1, 'Заместитель директора', 0, 1),
(13, 'name', 1, 'Юрьев Михаил Владимирович', 0, 1),
(13, 'organization', 1, 'ГП КО АЭЭ', 0, 1),
(13, 'position', 1, 'Начальник отдела', 0, 1),
(14, 'name', 1, 'Федоров Андрей Иванович', 0, 1),
(14, 'organization', 1, 'ГП КО АЭЭ', 0, 1),
(14, 'position', 1, 'Заместитель начальника отдела', 0, 1),
(15, 'name', 1, 'Омельченко Андрей Алексеевич', 0, 1),
(15, 'organization', 1, 'ГП КО АЭЭ', 0, 1),
(15, 'position', 1, 'Инженер', 0, 1),
(16, 'name', 1, 'Овчинников Александр Геннадьевич', 0, 1),
(16, 'organization', 1, 'ГП КО АЭЭ', 0, 1),
(16, 'position', 1, 'Инженер', 0, 1),
(17, 'name', 1, 'Хамзин Родион Шакурович', 0, 1),
(17, 'organization', 1, 'ГП КО АЭЭ', 0, 1),
(17, 'position', 1, 'Инженер', 0, 1),
(18, 'name', 1, 'Гаристов Николай Николаевич', 0, 1),
(18, 'organization', 1, 'ГП КО АЭЭ', 0, 1),
(18, 'position', 1, 'Начальник отдела', 0, 1),
(19, 'name', 1, 'Соловьева Светлана Витальевна', 0, 1),
(19, 'organization', 1, 'ГП КО АЭЭ', 0, 1),
(19, 'position', 1, 'Начальник отдела', 0, 1),
(20, 'name', 1, 'Набатникова Олеся Юрьевна', 0, 1),
(20, 'organization', 1, 'ГП КО АЭЭ', 0, 1),
(20, 'position', 1, 'Заместитель начальника отдела', 0, 1),
(21, 'name', 1, 'Каиль Марина Валерьевна', 0, 1),
(21, 'organization', 1, 'ГП КО АЭЭ', 0, 1),
(21, 'position', 1, 'Бухгалтер', 0, 1),
(22, 'name', 1, 'Демченко Сергей Яковлевич', 0, 1),
(22, 'organization', 1, 'ГП КО АЭЭ', 0, 1),
(22, 'position', 1, 'Начальник отдела', 0, 1),
(23, 'name', 1, 'Джосан Галина Владимировна', 0, 1),
(23, 'organization', 1, 'ГП КО АЭЭ', 0, 1),
(23, 'position', 1, 'Заместитель начальника отдела', 0, 1),
(24, 'name', 1, 'Тупкалов Максим Анатольевич', 0, 1),
(24, 'organization', 1, 'ГП КО АЭЭ', 0, 1),
(24, 'position', 1, 'Экономист', 0, 1),
(25, 'name', 1, 'Алексина Наталья Валериевна', 0, 1),
(25, 'organization', 1, 'ГП КО АЭЭ', 0, 1),
(25, 'position', 1, 'Экономист', 0, 1),
(26, 'name', 1, 'Холкина Лариса Александровна', 0, 1),
(26, 'organization', 1, 'ГП КО АЭЭ', 0, 1),
(26, 'position', 1, 'Начальник отдела', 0, 1),
(27, 'name', 1, 'Ешкилева Оксана Валерьевна', 0, 1),
(27, 'organization', 1, 'ГП КО АЭЭ', 0, 1),
(27, 'position', 1, 'Экономист', 0, 1),
(28, 'name', 1, 'Зинченко Марина Владимировна', 0, 1),
(28, 'organization', 1, 'ГП КО АЭЭ', 0, 1),
(28, 'position', 1, 'Экономист', 0, 1),
(29, 'name', 1, 'Ковалева Ольга Владимировна', 0, 1),
(29, 'organization', 1, 'ГП КО АЭЭ', 0, 1),
(29, 'position', 1, 'специалист по кадрам аппарата управления', 0, 1),
(30, 'name', 1, 'Михайлевич Максим Евгеньевич', 0, 1),
(30, 'organization', 1, 'ГП КО АЭЭ', 0, 1),
(30, 'position', 1, 'Инженер', 0, 1),
(31, 'name', 1, 'Алексина Марина Валерьевна', 0, 1),
(31, 'organization', 1, 'ГП КО АЭЭ', 0, 1),
(31, 'position', 1, 'Начальник отдела', 0, 1),
(32, 'name', 1, 'Венгер Александр Николаевич', 0, 1),
(32, 'organization', 1, 'ГП КО АЭЭ', 0, 1),
(32, 'position', 1, 'Заместитель начальника отдела', 0, 1),
(33, 'name', 1, 'Борзенко Андрей Викторович', 0, 1),
(33, 'organization', 1, 'ГП КО АЭЭ', 0, 1),
(33, 'position', 1, 'Экономист', 0, 1),
(34, 'name', 1, 'Толкачева Ольга Ивановна', 0, 1),
(34, 'organization', 1, 'ГП КО АЭЭ', 0, 1),
(34, 'position', 1, 'Экономист', 0, 1),
(35, 'name', 1, 'Ляпустин Дмитрий Сергеевич', 0, 1),
(35, 'organization', 1, 'ГП КО АЭЭ', 0, 1),
(35, 'position', 1, 'Инженер', 0, 1),
(36, 'address', 1, '', 0, 1),
(36, 'birthday', 1, '', 0, 1),
(36, 'name', 1, 'Заживихин Юрий Юрьевич', 0, 1),
(36, 'note', 2, '', 0, 1),
(36, 'organization', 1, '', 0, 1),
(36, 'phone', 1, '', 0, 1),
(36, 'position', 1, '', 0, 1),
(41, 'address', 1, '', 0, 1),
(41, 'birthday', 1, '', 0, 1),
(41, 'name', 1, 'Борисенко Илья Андреевич', 0, 1),
(41, 'note', 2, '', 0, 1),
(41, 'organization', 1, 'ООО Электросетевая Компания Кузбасса', 0, 1),
(41, 'phone', 1, '', 0, 1),
(41, 'position', 1, '', 0, 1);

-- --------------------------------------------------------

--
-- Структура таблицы `tm_user_attribute_type`
--

DROP TABLE IF EXISTS `tm_user_attribute_type`;
CREATE TABLE `tm_user_attribute_type` (
  `id` int(10) unsigned NOT NULL AUTO_INCREMENT,
  `title` varchar(50) NOT NULL,
  `handler` varchar(100) NOT NULL,
  `description` varchar(255) NOT NULL,
  PRIMARY KEY (`id`),
  UNIQUE KEY `title_UNIQUE` (`title`)
) ENGINE=InnoDB  DEFAULT CHARSET=utf8 AUTO_INCREMENT=4 ;

--
-- Дамп данных таблицы `tm_user_attribute_type`
--

INSERT INTO `tm_user_attribute_type` (`id`, `title`, `handler`, `description`) VALUES
(1, 'Строка', 'TM_Attribute_AttributeType', 'Любое строковое значение'),
(2, 'Текст', 'TM_Attribute_AttributeTypeText', 'Многострочный  текст'),
(3, 'Список', 'TM_Attribute_AttributeTypeList', 'Список из возможных вариантов');

-- --------------------------------------------------------

--
-- Структура таблицы `tm_user_hash`
--

DROP TABLE IF EXISTS `tm_user_hash`;
CREATE TABLE `tm_user_hash` (
  `user_id` int(10) unsigned DEFAULT NULL,
  `attribute_key` varchar(255) NOT NULL,
  `title` varchar(255) NOT NULL,
  `type_id` int(10) unsigned NOT NULL,
  `list_value` text,
  PRIMARY KEY (`attribute_key`),
  KEY `fk_tm_document_hash_tm_task_attribute_type1` (`type_id`),
  KEY `fk_tm_document_hash_tm_task1` (`user_id`)
) ENGINE=InnoDB DEFAULT CHARSET=utf8;

--
-- Дамп данных таблицы `tm_user_hash`
--

INSERT INTO `tm_user_hash` (`user_id`, `attribute_key`, `title`, `type_id`, `list_value`) VALUES
(NULL, 'address', 'Адрес', 1, ' '),
(NULL, 'birthday', 'Дата рождения', 1, ' '),
(NULL, 'name', 'ФИО', 1, ' '),
(NULL, 'note', 'Дополнительно', 2, ' '),
(NULL, 'organization', 'Организация', 1, ' '),
(NULL, 'phone', 'Телефон', 1, ' '),
(NULL, 'position', 'Должность', 1, ' ');

-- --------------------------------------------------------

--
-- Структура таблицы `tm_user_profile`
--

DROP TABLE IF EXISTS `tm_user_profile`;
CREATE TABLE `tm_user_profile` (
  `user_id` int(10) unsigned NOT NULL AUTO_INCREMENT,
  `profile_key` varchar(255) NOT NULL,
  `profile_value` text NOT NULL,
  PRIMARY KEY (`user_id`,`profile_key`),
  KEY `fk_tm_user_profile_tm_user1` (`user_id`)
) ENGINE=InnoDB DEFAULT CHARSET=utf8 AUTO_INCREMENT=1 ;

--
-- Дамп данных таблицы `tm_user_profile`
--


-- --------------------------------------------------------

--
-- Структура таблицы `tm_user_resource`
--

DROP TABLE IF EXISTS `tm_user_resource`;
CREATE TABLE `tm_user_resource` (
  `id` int(10) unsigned NOT NULL AUTO_INCREMENT,
  `title` varchar(45) DEFAULT NULL,
  `rtitle` varchar(255) NOT NULL,
  PRIMARY KEY (`id`),
  UNIQUE KEY `title` (`title`)
) ENGINE=InnoDB  DEFAULT CHARSET=utf8 AUTO_INCREMENT=95 ;

--
-- Дамп данных таблицы `tm_user_resource`
--

INSERT INTO `tm_user_resource` (`id`, `title`, `rtitle`) VALUES
(1, 'login', 'Страница для входа в систему'),
(2, 'login/index', 'Вход в систему'),
(3, 'login/logout', 'Выход из системы'),
(4, 'index/index', 'Главная страница'),
(5, 'user', 'Пользователи'),
(6, 'user/add', 'Добавить пользователя'),
(7, 'user/edit', 'Пользователи/Редактировать'),
(8, 'user/delete', 'Пользователи/Удалить'),
(15, 'user/index', 'Пользователи'),
(19, 'user/addRole', 'Пользователи/Добавить роль'),
(20, 'user/editRole', 'Пользователи/Редактировать роль'),
(21, 'user/deleteRole', 'Пользователи/Удалить роль'),
(22, 'user/addResource', 'Пользователи/Добавить ресурс'),
(23, 'user/editResource', 'Пользователи/Редактировать ресурс'),
(24, 'user/deleteResource', 'Пользователи/Удалить ресурс'),
(25, 'user/fillResource', 'Пользователи/Заполнить список ресурсов'),
(26, 'task/index', 'Проекты'),
(27, 'task/add', 'Задача/Добавить'),
(28, 'task/edit', 'Проекты/Редактировать'),
(29, 'task/delete', 'Проекты/Удалить'),
(30, 'task/addAttributeType', 'Проекты/Добавить новый тип атрибута'),
(31, 'task/editAttributeType', 'Проекты/Редактировать тип атрибута'),
(32, 'task/deleteAttributeType', 'Проекты/Удалить тип атрибута'),
(33, 'task/addAttributeHash', 'Проекты/Добавить новый атрибут'),
(34, 'task/editAttributeHash', 'Проекты/Редактировать список атрибутов'),
(35, 'task/deleteAttributeHash', 'Проекты/Удалить атрибут из списка'),
(36, 'task/deleteLinkToDoc', 'Проекты/Удалить ссылку на документ'),
(37, 'document/index', 'Документы'),
(38, 'document/add', 'Документ/Добавить документ'),
(39, 'document/edit', 'Документы/Редактировать документ'),
(40, 'document/delete', 'Документ/Удалить документ'),
(41, 'document/addFolder', 'Документ/Добавить папку'),
(42, 'document/editFolder', 'Документ/Редактировать папку'),
(43, 'document/deleteFolder', 'Документы/Удалить папку'),
(44, 'document/addAttributeType', 'Документ/Добавить тип атрибута для документов'),
(45, 'document/editAttributeType', 'Документ/Редактировать тип атрибута для документов'),
(46, 'document/deleteAttributeType', 'Документ/Удалить тип атрибута'),
(47, 'document/addAttributeHash', 'Документ/Добавить атрибут к документу'),
(48, 'document/editAttributeHash', 'Документы/Редактировать список атрибутов'),
(49, 'document/deleteAttributeHash', 'Документ/Удалить атрибут документа'),
(50, 'discussion/index', 'Обсуждение/Обсуждения'),
(51, 'discussion/add', 'Обсуждения/Добавить комментарий'),
(52, 'discussion/edit', 'Обсуждение/Редактировать комментарий'),
(53, 'discussion/delete', 'Обсуждение/Удалить комментарий'),
(54, 'discussion/addTopic', 'Обсуждение/Добавить тему'),
(55, 'discussion/editTopic', 'Обсуждение/Редактировать тему'),
(56, 'discussion/deleteTopic', 'Обсуждение/Удалить тему'),
(57, 'files/', 'Файлы'),
(58, 'reposrts', 'Отчеты'),
(59, 'user/showRoleAcl', 'Пользователи/Показать права роли'),
(60, 'reports/index', 'Аналитика/Аналитика'),
(61, 'task/showAcl', 'Проекты/Показать права'),
(62, 'document/showAcl', 'Документы/Показать права пользователей'),
(63, 'discussion/showAcl', 'Обсуждение/Назначить права на обсуждения'),
(64, 'reports/generateReport', 'Аналитика/Стандартный отчет'),
(65, 'reports/showDesigner', 'Аналитика/Редактор отчетов'),
(66, 'task/showDiscussion', 'Проекты/Показать обсуждение'),
(67, 'user/addAttributeType', 'Пользователи/Добавить тип атрибута'),
(68, 'user/editAttributeType', 'Пользователи/Редактировать тип атрибута'),
(69, 'user/deleteAttributeType', 'Пользователи/Удалить тип атрибута'),
(70, 'user/addAttributeHash', 'Пользователи/Добавить новый атрибут'),
(71, 'user/editAttributeHash', 'Пользователи/Редактировать список атрибутов'),
(72, 'user/deleteAttributeHash', 'Пользователи/Удалить атрибут из списка'),
(73, 'task/view', 'Проекты/Просмотреть информацию о проекте'),
(74, 'document/view', 'Документы/Смотреть'),
(75, 'document/showDiscussion', 'Документы/Показать обсуждение'),
(76, 'task/showTaskBlock', 'Проекты/Показать список задач'),
(77, 'reports/showTaskBlock', 'Аналитика/Показать блок задач'),
(78, 'reports/print', 'Аналитика/Печать'),
(79, 'task/viewHash', 'Проекты/Показать список атрибутов'),
(80, 'task/viewAttributeType', 'Проекты/Показать типы атрибутов'),
(81, 'document/viewAttributeType', 'Документы/Показать типы атрибутов'),
(82, 'user/viewAttributeType', 'Пользователи/Показать типы атрибутов'),
(83, 'document/viewHash', 'Документы/Показать список атрибутов'),
(84, 'user/viewHash', 'Пользователи/Показать список атрибутов'),
(85, 'user/viewResource', 'Пользователи/Показать ресурсы'),
(86, 'index/showTaskBlock', 'Главная/Показать блок задач'),
(87, 'task/archive', 'Проекты/Архив'),
(88, 'task/toArchive', 'Проекты/В архив'),
(89, 'task/fromArchive', 'Проекты/Из архива'),
(90, 'task/showArchiveBlock', 'Проекты/Просмотреть архив'),
(91, 'task/info', 'Проекты/Показать информацию о задаче'),
(92, 'user/showUserAcl', 'Пользователи/Показать права пользователя'),
(93, 'user/showUserAclBlock', 'Пользователи/Показать блок задач'),
(94, 'user/showPrivateTask', 'Пользователи/Показать задачи пользователя');

-- --------------------------------------------------------

--
-- Структура таблицы `tm_user_role`
--

DROP TABLE IF EXISTS `tm_user_role`;
CREATE TABLE `tm_user_role` (
  `id` int(10) unsigned NOT NULL AUTO_INCREMENT,
  `title` varchar(32) NOT NULL,
  `rtitle` varchar(255) NOT NULL,
  PRIMARY KEY (`id`)
) ENGINE=InnoDB  DEFAULT CHARSET=utf8 AUTO_INCREMENT=12 ;

--
-- Дамп данных таблицы `tm_user_role`
--

INSERT INTO `tm_user_role` (`id`, `title`, `rtitle`) VALUES
(1, 'admin', 'Администратор'),
(3, 'chief', 'Руководитель'),
(4, 'manager', 'Исполнитель'),
(5, 'guest', 'Гость'),
(7, 'client', 'Клиент'),
(8, 'subcontractor', 'Субподрядчик'),
(9, 'responsible', 'Ответственный'),
(10, 'operator', 'Оператор'),
(11, 'adminsystem', 'Администратор сайта');

--
-- Ограничения внешнего ключа сохраненных таблиц
--

--
-- Ограничения внешнего ключа таблицы `tm_acl_discussion`
--
ALTER TABLE `tm_acl_discussion`
  ADD CONSTRAINT `tm_acl_discussion_ibfk_1` FOREIGN KEY (`user_id`) REFERENCES `tm_user` (`id`) ON DELETE CASCADE ON UPDATE CASCADE,
  ADD CONSTRAINT `tm_acl_discussion_ibfk_2` FOREIGN KEY (`discussion_id`) REFERENCES `tm_discussion` (`id`) ON DELETE CASCADE ON UPDATE CASCADE;

--
-- Ограничения внешнего ключа таблицы `tm_acl_document`
--
ALTER TABLE `tm_acl_document`
  ADD CONSTRAINT `tm_acl_document_ibfk_1` FOREIGN KEY (`user_id`) REFERENCES `tm_user` (`id`) ON DELETE CASCADE ON UPDATE CASCADE,
  ADD CONSTRAINT `tm_acl_document_ibfk_2` FOREIGN KEY (`document_id`) REFERENCES `tm_document` (`id`) ON DELETE CASCADE ON UPDATE CASCADE;

--
-- Ограничения внешнего ключа таблицы `tm_acl_role`
--
ALTER TABLE `tm_acl_role`
  ADD CONSTRAINT `tm_acl_role_ibfk_1` FOREIGN KEY (`tm_user_role_id`) REFERENCES `tm_user_role` (`id`) ON DELETE CASCADE ON UPDATE CASCADE,
  ADD CONSTRAINT `tm_acl_role_ibfk_2` FOREIGN KEY (`tm_user_resource_id`) REFERENCES `tm_user_resource` (`id`) ON DELETE CASCADE ON UPDATE CASCADE;

--
-- Ограничения внешнего ключа таблицы `tm_acl_task`
--
ALTER TABLE `tm_acl_task`
  ADD CONSTRAINT `tm_acl_task_ibfk_1` FOREIGN KEY (`user_id`) REFERENCES `tm_user` (`id`) ON DELETE CASCADE ON UPDATE CASCADE,
  ADD CONSTRAINT `tm_acl_task_ibfk_2` FOREIGN KEY (`task_id`) REFERENCES `tm_task` (`id`) ON DELETE CASCADE ON UPDATE CASCADE;

--
-- Ограничения внешнего ключа таблицы `tm_activity`
--
ALTER TABLE `tm_activity`
  ADD CONSTRAINT `tm_activity_ibfk_1` FOREIGN KEY (`user_id`) REFERENCES `tm_user` (`id`) ON DELETE CASCADE ON UPDATE CASCADE;

--
-- Ограничения внешнего ключа таблицы `tm_discussion`
--
ALTER TABLE `tm_discussion`
  ADD CONSTRAINT `tm_discussion_ibfk_1` FOREIGN KEY (`parent_id`) REFERENCES `tm_discussion` (`id`) ON DELETE CASCADE ON UPDATE CASCADE,
  ADD CONSTRAINT `tm_discussion_ibfk_2` FOREIGN KEY (`user_id`) REFERENCES `tm_user` (`id`) ON DELETE CASCADE ON UPDATE CASCADE,
  ADD CONSTRAINT `tm_discussion_ibfk_3` FOREIGN KEY (`topic_id`) REFERENCES `tm_discussion` (`id`) ON DELETE CASCADE ON UPDATE CASCADE,
  ADD CONSTRAINT `tm_discussion_ibfk_4` FOREIGN KEY (`to_user_id`) REFERENCES `tm_user` (`id`) ON DELETE CASCADE ON UPDATE CASCADE;

--
-- Ограничения внешнего ключа таблицы `tm_discussion_document`
--
ALTER TABLE `tm_discussion_document`
  ADD CONSTRAINT `tm_discussion_document_ibfk_1` FOREIGN KEY (`document_id`) REFERENCES `tm_document` (`id`) ON DELETE CASCADE ON UPDATE CASCADE,
  ADD CONSTRAINT `tm_discussion_document_ibfk_2` FOREIGN KEY (`discussion_id`) REFERENCES `tm_discussion` (`id`) ON DELETE CASCADE ON UPDATE CASCADE;

--
-- Ограничения внешнего ключа таблицы `tm_document`
--
ALTER TABLE `tm_document`
  ADD CONSTRAINT `tm_document_ibfk_1` FOREIGN KEY (`user_id`) REFERENCES `tm_user` (`id`) ON DELETE CASCADE ON UPDATE CASCADE,
  ADD CONSTRAINT `tm_document_ibfk_2` FOREIGN KEY (`parent_id`) REFERENCES `tm_document` (`id`) ON DELETE CASCADE ON UPDATE CASCADE;

--
-- Ограничения внешнего ключа таблицы `tm_document_attribute`
--
ALTER TABLE `tm_document_attribute`
  ADD CONSTRAINT `tm_document_attribute_ibfk_1` FOREIGN KEY (`document_id`) REFERENCES `tm_document` (`id`) ON DELETE CASCADE ON UPDATE CASCADE,
  ADD CONSTRAINT `tm_document_attribute_ibfk_2` FOREIGN KEY (`type_id`) REFERENCES `tm_document_attribute_type` (`id`) ON DELETE CASCADE ON UPDATE CASCADE;

--
-- Ограничения внешнего ключа таблицы `tm_document_hash`
--
ALTER TABLE `tm_document_hash`
  ADD CONSTRAINT `fk_tm_document_hash_tm_document1` FOREIGN KEY (`document_id`) REFERENCES `tm_document` (`id`) ON DELETE NO ACTION ON UPDATE NO ACTION,
  ADD CONSTRAINT `fk_tm_document_hash_tm_document_attribute_type1` FOREIGN KEY (`type_id`) REFERENCES `tm_document_attribute_type` (`id`) ON DELETE NO ACTION ON UPDATE NO ACTION;

--
-- Ограничения внешнего ключа таблицы `tm_task`
--
ALTER TABLE `tm_task`
  ADD CONSTRAINT `fk_tm_task_tm_user1` FOREIGN KEY (`user_id`) REFERENCES `tm_user` (`id`) ON DELETE NO ACTION ON UPDATE NO ACTION;

--
-- Ограничения внешнего ключа таблицы `tm_task_attribute`
--
ALTER TABLE `tm_task_attribute`
  ADD CONSTRAINT `tm_task_attribute_ibfk_1` FOREIGN KEY (`task_id`) REFERENCES `tm_task` (`id`) ON DELETE CASCADE ON UPDATE CASCADE,
  ADD CONSTRAINT `tm_task_attribute_ibfk_2` FOREIGN KEY (`type_id`) REFERENCES `tm_task_attribute_type` (`id`) ON DELETE CASCADE ON UPDATE CASCADE;

--
-- Ограничения внешнего ключа таблицы `tm_task_discussion`
--
ALTER TABLE `tm_task_discussion`
  ADD CONSTRAINT `tm_task_discussion_ibfk_1` FOREIGN KEY (`task_id`) REFERENCES `tm_task` (`id`) ON DELETE CASCADE ON UPDATE CASCADE,
  ADD CONSTRAINT `tm_task_discussion_ibfk_2` FOREIGN KEY (`discussion_id`) REFERENCES `tm_discussion` (`id`) ON DELETE CASCADE ON UPDATE CASCADE;

--
-- Ограничения внешнего ключа таблицы `tm_task_document`
--
ALTER TABLE `tm_task_document`
  ADD CONSTRAINT `tm_task_document_ibfk_1` FOREIGN KEY (`task_id`) REFERENCES `tm_task` (`id`) ON DELETE CASCADE ON UPDATE CASCADE,
  ADD CONSTRAINT `tm_task_document_ibfk_2` FOREIGN KEY (`document_id`) REFERENCES `tm_document` (`id`) ON DELETE CASCADE ON UPDATE CASCADE;

--
-- Ограничения внешнего ключа таблицы `tm_task_hash`
--
ALTER TABLE `tm_task_hash`
  ADD CONSTRAINT `fk_tm_task_hash_tm_task1` FOREIGN KEY (`task_id`) REFERENCES `tm_task` (`id`) ON DELETE NO ACTION ON UPDATE NO ACTION,
  ADD CONSTRAINT `fk_tm_task_hash_tm_task_attribute_type1` FOREIGN KEY (`type_id`) REFERENCES `tm_task_attribute_type` (`id`) ON DELETE NO ACTION ON UPDATE NO ACTION;

--
-- Ограничения внешнего ключа таблицы `tm_task_relation`
--
ALTER TABLE `tm_task_relation`
  ADD CONSTRAINT `tm_task_relation_ibfk_1` FOREIGN KEY (`parent_id`) REFERENCES `tm_task` (`id`) ON DELETE CASCADE ON UPDATE CASCADE,
  ADD CONSTRAINT `tm_task_relation_ibfk_2` FOREIGN KEY (`child_id`) REFERENCES `tm_task` (`id`) ON DELETE CASCADE ON UPDATE CASCADE;

--
-- Ограничения внешнего ключа таблицы `tm_user`
--
ALTER TABLE `tm_user`
  ADD CONSTRAINT `tm_user_ibfk_1` FOREIGN KEY (`role_id`) REFERENCES `tm_user_role` (`id`);

--
-- Ограничения внешнего ключа таблицы `tm_user_attribute`
--
ALTER TABLE `tm_user_attribute`
  ADD CONSTRAINT `tm_user_attribute_ibfk_1` FOREIGN KEY (`user_id`) REFERENCES `tm_user` (`id`) ON DELETE CASCADE ON UPDATE CASCADE,
  ADD CONSTRAINT `tm_user_attribute_ibfk_2` FOREIGN KEY (`type_id`) REFERENCES `tm_user_attribute_type` (`id`) ON DELETE CASCADE ON UPDATE CASCADE;

--
-- Ограничения внешнего ключа таблицы `tm_user_hash`
--
ALTER TABLE `tm_user_hash`
  ADD CONSTRAINT `tm_user_hash_ibfk_1` FOREIGN KEY (`type_id`) REFERENCES `tm_user_attribute_type` (`id`) ON DELETE CASCADE ON UPDATE CASCADE;

--
-- Ограничения внешнего ключа таблицы `tm_user_profile`
--
ALTER TABLE `tm_user_profile`
  ADD CONSTRAINT `fk_tm_user_profile_tm_user1` FOREIGN KEY (`user_id`) REFERENCES `tm_user` (`id`) ON DELETE NO ACTION ON UPDATE NO ACTION;
SET FOREIGN_KEY_CHECKS=1;
COMMIT;
