-- phpMyAdmin SQL Dump
-- version 3.3.9.2
-- http://www.phpmyadmin.net
--
-- Хост: localhost
-- Время создания: Янв 30 2012 г., 19:20
-- Версия сервера: 5.0.77
-- Версия PHP: 5.2.12

SET FOREIGN_KEY_CHECKS=0;
SET SQL_MODE="NO_AUTO_VALUE_ON_ZERO";
SET AUTOCOMMIT=0;
START TRANSACTION;


/*!40101 SET @OLD_CHARACTER_SET_CLIENT=@@CHARACTER_SET_CLIENT */;
/*!40101 SET @OLD_CHARACTER_SET_RESULTS=@@CHARACTER_SET_RESULTS */;
/*!40101 SET @OLD_COLLATION_CONNECTION=@@COLLATION_CONNECTION */;
/*!40101 SET NAMES utf8 */;

--
-- База данных: `sibdnevnik_tm`
--

-- --------------------------------------------------------

--
-- Структура таблицы `tm_acl_discussion`
--

DROP TABLE IF EXISTS `tm_acl_discussion`;
CREATE TABLE IF NOT EXISTS `tm_acl_discussion` (
  `user_id` int(10) unsigned NOT NULL,
  `discussion_id` int(10) unsigned NOT NULL,
  `is_read` tinyint(1) NOT NULL default '0',
  `is_write` tinyint(1) NOT NULL default '0',
  PRIMARY KEY  (`user_id`,`discussion_id`),
  KEY `fk_tm_acl_discussion_tm_discussion1` (`discussion_id`),
  KEY `fk_tm_acl_discussion_tm_user1` (`user_id`)
) ENGINE=InnoDB DEFAULT CHARSET=utf8;

--
-- Дамп данных таблицы `tm_acl_discussion`
--

INSERT INTO `tm_acl_discussion` (`user_id`, `discussion_id`, `is_read`, `is_write`) VALUES
(1, 197, 1, 1),
(1, 198, 1, 1),
(1, 199, 1, 1),
(1, 200, 1, 1),
(1, 203, 1, 1),
(1, 204, 1, 1),
(1, 205, 1, 1),
(1, 206, 1, 1),
(1, 207, 1, 1),
(1, 208, 1, 1),
(1, 209, 1, 1),
(1, 210, 1, 1),
(1, 211, 1, 1),
(1, 212, 1, 1),
(1, 213, 1, 1),
(1, 214, 1, 1),
(1, 215, 1, 1),
(1, 216, 1, 1),
(1, 217, 1, 1),
(1, 218, 1, 1),
(1, 219, 1, 1),
(1, 220, 1, 1),
(1, 221, 1, 1),
(1, 222, 1, 1),
(1, 223, 1, 1),
(1, 224, 1, 1),
(1, 225, 1, 1),
(1, 226, 1, 1),
(1, 227, 1, 1),
(1, 228, 1, 1),
(1, 229, 1, 1),
(1, 230, 1, 1),
(1, 231, 1, 1),
(1, 232, 1, 1),
(1, 233, 1, 1),
(1, 234, 1, 1),
(1, 235, 1, 1),
(1, 236, 1, 1),
(1, 237, 1, 1),
(1, 238, 1, 1),
(1, 239, 1, 1),
(1, 240, 1, 1),
(1, 241, 1, 1),
(1, 242, 1, 1),
(1, 243, 1, 1),
(1, 244, 1, 1),
(1, 245, 1, 1),
(1, 246, 1, 1),
(1, 247, 1, 1),
(1, 248, 1, 1),
(1, 249, 1, 1),
(1, 250, 1, 1),
(1, 251, 1, 1),
(1, 252, 1, 1),
(1, 253, 1, 1),
(1, 254, 1, 1),
(1, 255, 1, 1),
(1, 256, 1, 1),
(1, 257, 1, 1),
(1, 258, 1, 1),
(1, 259, 1, 1),
(1, 260, 1, 1),
(1, 261, 1, 1),
(1, 262, 1, 1),
(1, 263, 1, 1),
(1, 264, 1, 1),
(1, 265, 1, 1),
(1, 266, 1, 1),
(1, 267, 1, 1),
(1, 268, 1, 1),
(1, 269, 1, 1),
(1, 270, 1, 1),
(1, 271, 1, 1),
(1, 272, 1, 1),
(1, 273, 1, 1),
(1, 274, 1, 1),
(1, 275, 1, 1),
(1, 276, 1, 1),
(1, 277, 1, 1),
(1, 278, 1, 1),
(1, 279, 1, 1),
(1, 280, 1, 1),
(1, 281, 1, 1),
(1, 282, 1, 1),
(1, 283, 1, 1),
(1, 284, 1, 1),
(1, 285, 1, 1),
(1, 286, 1, 1),
(1, 287, 1, 1),
(1, 288, 1, 1),
(1, 289, 1, 1),
(1, 290, 1, 1),
(1, 291, 1, 1),
(1, 292, 1, 1),
(1, 293, 1, 1),
(1, 294, 1, 1),
(1, 296, 1, 1),
(1, 297, 1, 1),
(1, 298, 1, 1),
(1, 299, 1, 1),
(1, 300, 1, 1),
(1, 301, 1, 1),
(1, 302, 1, 1),
(1, 303, 1, 1),
(1, 304, 1, 1),
(1, 305, 1, 1),
(1, 306, 1, 1),
(1, 307, 1, 1),
(1, 308, 1, 1),
(1, 309, 1, 1),
(1, 310, 1, 1),
(1, 311, 1, 1),
(1, 312, 1, 1),
(1, 313, 1, 1),
(1, 314, 1, 1),
(1, 315, 1, 1),
(7, 188, 1, 1),
(7, 197, 1, 1),
(7, 198, 1, 1),
(7, 199, 1, 1),
(7, 200, 1, 1),
(7, 203, 1, 1),
(7, 204, 1, 1),
(7, 205, 1, 1),
(7, 206, 1, 1),
(7, 207, 1, 1),
(7, 208, 1, 1),
(7, 209, 1, 1),
(7, 210, 1, 1),
(7, 211, 1, 1),
(7, 212, 1, 1),
(7, 213, 1, 1),
(7, 214, 1, 1),
(7, 215, 1, 1),
(7, 216, 1, 1),
(7, 217, 1, 1),
(7, 218, 1, 1),
(7, 219, 1, 1),
(7, 220, 1, 1),
(7, 221, 1, 1),
(7, 222, 1, 1),
(7, 223, 1, 1),
(7, 224, 1, 1),
(7, 225, 1, 1),
(7, 226, 1, 1),
(7, 227, 1, 1),
(7, 228, 1, 1),
(7, 229, 1, 1),
(7, 230, 1, 1),
(7, 231, 1, 1),
(7, 232, 1, 1),
(7, 233, 1, 1),
(7, 234, 1, 1),
(7, 235, 1, 1),
(7, 236, 1, 1),
(7, 237, 1, 1),
(7, 238, 1, 1),
(7, 239, 1, 1),
(7, 240, 1, 1),
(7, 241, 1, 1),
(7, 242, 1, 1),
(7, 243, 1, 1),
(7, 244, 1, 1),
(7, 245, 1, 1),
(7, 246, 1, 1),
(7, 247, 1, 1),
(7, 248, 1, 1),
(7, 249, 1, 1),
(7, 250, 1, 1),
(7, 251, 1, 1),
(7, 252, 1, 1),
(7, 253, 1, 1),
(7, 254, 1, 1),
(7, 255, 1, 1),
(7, 256, 1, 1),
(7, 257, 1, 1),
(7, 258, 1, 1),
(7, 259, 1, 1),
(7, 260, 1, 1),
(7, 261, 1, 1),
(7, 262, 1, 1),
(7, 263, 1, 1),
(7, 264, 1, 1),
(7, 265, 1, 1),
(7, 266, 1, 1),
(7, 267, 1, 1),
(7, 268, 1, 1),
(7, 269, 1, 1),
(7, 270, 1, 1),
(7, 271, 1, 1),
(7, 272, 1, 1),
(7, 273, 1, 1),
(7, 274, 1, 1),
(7, 275, 1, 1),
(7, 276, 1, 1),
(7, 277, 1, 1),
(7, 278, 1, 1),
(7, 279, 1, 1),
(7, 280, 1, 1),
(7, 281, 1, 1),
(7, 282, 1, 1),
(7, 283, 1, 1),
(7, 284, 1, 1),
(7, 285, 1, 1),
(7, 286, 1, 1),
(7, 287, 1, 1),
(7, 288, 1, 1),
(7, 289, 1, 1),
(7, 290, 1, 1),
(7, 291, 1, 1),
(7, 292, 1, 1),
(7, 293, 1, 1),
(7, 294, 1, 1),
(7, 295, 1, 1),
(7, 296, 1, 1),
(7, 297, 1, 1),
(7, 298, 1, 1),
(7, 299, 1, 1),
(7, 300, 1, 1),
(7, 301, 1, 1),
(7, 302, 1, 1),
(7, 303, 1, 1),
(7, 304, 1, 1),
(7, 305, 1, 1),
(7, 306, 1, 1),
(7, 307, 1, 1),
(7, 308, 1, 1),
(7, 309, 1, 1),
(7, 310, 1, 1),
(7, 311, 1, 1),
(7, 312, 1, 1),
(7, 313, 1, 1),
(7, 314, 1, 1),
(7, 315, 1, 1),
(9, 188, 1, 1),
(9, 203, 1, 1),
(9, 204, 1, 1),
(9, 205, 1, 1),
(9, 206, 1, 1),
(9, 207, 1, 1),
(9, 208, 1, 1),
(9, 209, 1, 1),
(9, 210, 1, 1),
(9, 211, 1, 1),
(9, 212, 1, 1),
(9, 213, 1, 1),
(9, 214, 1, 1),
(9, 215, 1, 1),
(9, 216, 1, 1),
(9, 217, 1, 1),
(9, 218, 1, 1),
(9, 219, 1, 1),
(9, 220, 1, 1),
(9, 221, 1, 1),
(9, 222, 1, 1),
(9, 223, 1, 1),
(9, 225, 1, 1),
(9, 226, 1, 1),
(9, 227, 1, 1),
(9, 228, 1, 1),
(9, 229, 1, 1),
(9, 230, 1, 1),
(9, 231, 1, 1),
(9, 233, 1, 1),
(9, 234, 1, 1),
(9, 235, 1, 1),
(9, 236, 1, 1),
(9, 237, 1, 1),
(9, 238, 1, 1),
(9, 239, 1, 1),
(9, 240, 1, 1),
(9, 241, 1, 1),
(9, 242, 1, 1),
(9, 243, 1, 1),
(9, 244, 1, 1),
(9, 245, 1, 1),
(9, 246, 1, 1),
(9, 247, 1, 1),
(9, 248, 1, 1),
(9, 249, 1, 1),
(9, 250, 1, 1),
(9, 251, 1, 1),
(9, 252, 1, 1),
(9, 253, 1, 1),
(9, 254, 1, 1),
(9, 255, 1, 1),
(9, 256, 1, 1),
(9, 257, 1, 1),
(9, 258, 1, 1),
(9, 259, 1, 1),
(9, 260, 1, 1),
(9, 261, 1, 1),
(9, 262, 1, 1),
(9, 263, 1, 1),
(9, 264, 1, 1),
(9, 265, 1, 1),
(9, 266, 1, 1),
(9, 267, 1, 1),
(9, 268, 1, 1),
(9, 269, 1, 1),
(9, 270, 1, 1),
(9, 271, 1, 1),
(9, 272, 1, 1),
(9, 273, 1, 1),
(9, 274, 1, 1),
(9, 275, 1, 1),
(9, 276, 1, 1),
(9, 277, 1, 1),
(9, 278, 1, 1),
(9, 280, 1, 1),
(9, 281, 1, 1),
(9, 282, 1, 1),
(9, 283, 1, 1),
(9, 284, 1, 1),
(9, 285, 1, 1),
(9, 286, 1, 1),
(9, 287, 1, 1),
(9, 288, 1, 1),
(9, 289, 1, 1),
(9, 290, 1, 1),
(9, 291, 1, 1),
(9, 292, 1, 1),
(9, 293, 1, 1),
(9, 294, 1, 1),
(9, 295, 1, 1),
(9, 296, 1, 1),
(9, 297, 0, 0),
(9, 298, 0, 0),
(9, 299, 0, 0),
(9, 300, 1, 1),
(9, 301, 0, 0),
(9, 302, 0, 0),
(9, 303, 0, 0),
(9, 304, 0, 0),
(9, 305, 0, 0),
(9, 306, 0, 0),
(9, 307, 0, 0),
(9, 308, 0, 0),
(9, 309, 0, 0),
(9, 310, 1, 1),
(9, 311, 1, 1),
(9, 312, 0, 0),
(9, 313, 0, 0),
(9, 314, 0, 0),
(9, 315, 0, 0),
(11, 198, 1, 1),
(11, 203, 1, 1),
(11, 204, 1, 1),
(11, 205, 1, 1),
(11, 206, 1, 1),
(11, 207, 1, 1),
(11, 208, 1, 1),
(11, 209, 1, 1),
(11, 210, 1, 1),
(11, 211, 1, 1),
(11, 212, 1, 1),
(11, 213, 1, 1),
(11, 214, 1, 1),
(11, 215, 1, 1),
(11, 216, 1, 1),
(11, 217, 1, 1),
(11, 218, 1, 1),
(11, 219, 1, 1),
(11, 220, 1, 1),
(11, 221, 1, 1),
(11, 222, 1, 1),
(11, 223, 1, 1),
(11, 224, 1, 1),
(11, 225, 1, 1),
(11, 226, 1, 1),
(11, 227, 1, 1),
(11, 228, 1, 1),
(11, 229, 1, 1),
(11, 230, 1, 1),
(11, 231, 1, 1),
(11, 232, 1, 1),
(11, 233, 1, 1),
(11, 234, 1, 1),
(11, 235, 1, 1),
(11, 236, 1, 1),
(11, 237, 1, 1),
(11, 238, 1, 1),
(11, 239, 1, 1),
(11, 240, 1, 1),
(11, 241, 1, 1),
(11, 242, 1, 1),
(11, 243, 1, 1),
(11, 244, 1, 1),
(11, 245, 1, 1),
(11, 246, 1, 1),
(11, 247, 1, 1),
(11, 248, 1, 1),
(11, 249, 1, 1),
(11, 250, 1, 1),
(11, 251, 1, 1),
(11, 252, 1, 1),
(11, 253, 1, 1),
(11, 254, 1, 1),
(11, 255, 1, 1),
(11, 256, 1, 1),
(11, 257, 1, 1),
(11, 258, 1, 1),
(11, 259, 1, 1),
(11, 260, 1, 1),
(11, 261, 1, 1),
(11, 262, 1, 1),
(11, 263, 1, 1),
(11, 264, 1, 1),
(11, 265, 1, 1),
(11, 266, 1, 1),
(11, 267, 1, 1),
(11, 268, 1, 1),
(11, 269, 1, 1),
(11, 270, 1, 1),
(11, 271, 1, 1),
(11, 272, 1, 1),
(11, 273, 1, 1),
(11, 274, 1, 1),
(11, 275, 1, 1),
(11, 276, 1, 1),
(11, 277, 1, 1),
(11, 278, 1, 1),
(11, 279, 1, 1),
(11, 280, 1, 1),
(11, 281, 1, 1),
(11, 282, 1, 1),
(11, 283, 1, 1),
(11, 284, 1, 1),
(11, 285, 1, 1),
(11, 286, 1, 1),
(11, 287, 1, 1),
(11, 288, 1, 1),
(11, 289, 1, 1),
(11, 290, 1, 1),
(11, 291, 1, 1),
(11, 292, 1, 1),
(11, 293, 1, 1),
(11, 294, 1, 1),
(11, 296, 1, 1),
(11, 297, 1, 1),
(11, 298, 1, 1),
(11, 299, 1, 1),
(11, 300, 1, 1),
(11, 301, 1, 1),
(11, 302, 1, 1),
(11, 303, 1, 1),
(11, 304, 1, 1),
(11, 305, 1, 1),
(11, 306, 1, 1),
(11, 307, 1, 1),
(11, 308, 1, 1),
(11, 309, 1, 1),
(11, 310, 1, 1),
(11, 311, 1, 1),
(11, 312, 1, 1),
(11, 313, 1, 1),
(11, 314, 1, 1),
(11, 315, 1, 1),
(12, 197, 1, 1),
(12, 200, 1, 1),
(12, 213, 1, 1),
(12, 214, 1, 1),
(12, 215, 1, 1),
(12, 216, 1, 1),
(12, 217, 1, 1),
(12, 218, 1, 1),
(12, 220, 1, 1),
(12, 221, 1, 1),
(12, 222, 1, 1),
(12, 224, 1, 1),
(12, 225, 1, 1),
(12, 226, 1, 1),
(12, 227, 1, 1),
(12, 228, 1, 1),
(12, 229, 1, 1),
(12, 230, 1, 1),
(12, 231, 1, 1),
(12, 232, 1, 1),
(12, 233, 1, 1),
(12, 234, 1, 1),
(12, 235, 1, 1),
(12, 236, 1, 1),
(12, 237, 1, 1),
(12, 238, 1, 1),
(12, 239, 1, 1),
(12, 240, 1, 1),
(12, 241, 1, 1),
(12, 242, 1, 1),
(12, 243, 1, 1),
(12, 244, 1, 1),
(12, 245, 1, 1),
(12, 246, 1, 1),
(12, 247, 1, 1),
(12, 248, 1, 1),
(12, 249, 1, 1),
(12, 250, 1, 1),
(12, 251, 1, 1),
(12, 252, 1, 1),
(12, 253, 1, 1),
(12, 254, 1, 1),
(12, 255, 1, 1),
(12, 256, 1, 1),
(12, 257, 1, 1),
(12, 258, 1, 1),
(12, 259, 1, 1),
(12, 260, 1, 1),
(12, 261, 1, 1),
(12, 262, 1, 1),
(12, 263, 1, 1),
(12, 264, 1, 1),
(12, 265, 1, 1),
(12, 266, 1, 1),
(12, 267, 1, 1),
(12, 268, 1, 1),
(12, 269, 1, 1),
(12, 270, 1, 1),
(12, 271, 1, 1),
(12, 272, 1, 1),
(12, 273, 1, 1),
(12, 274, 1, 1),
(12, 275, 1, 1),
(12, 276, 1, 1),
(12, 277, 1, 1),
(12, 278, 1, 1),
(12, 279, 1, 1),
(12, 280, 1, 1),
(12, 281, 1, 1),
(12, 282, 1, 1),
(12, 283, 1, 1),
(12, 284, 1, 1),
(12, 285, 1, 1),
(12, 286, 1, 1),
(12, 287, 1, 1),
(12, 288, 1, 1),
(12, 289, 1, 1),
(12, 290, 1, 1),
(12, 291, 1, 1),
(12, 292, 1, 1),
(12, 293, 1, 1),
(12, 294, 1, 1),
(12, 296, 1, 1),
(12, 297, 1, 1),
(12, 298, 1, 1),
(12, 299, 1, 1),
(12, 300, 1, 1),
(12, 301, 1, 1),
(12, 302, 1, 1),
(12, 303, 1, 1),
(12, 304, 1, 1),
(12, 305, 1, 1),
(12, 306, 1, 1),
(12, 307, 1, 1),
(12, 308, 1, 1),
(12, 309, 1, 1),
(12, 310, 1, 1),
(12, 311, 1, 1),
(12, 312, 1, 1),
(12, 313, 1, 1),
(12, 314, 1, 1),
(12, 315, 1, 1),
(13, 230, 1, 1),
(13, 231, 1, 1),
(13, 232, 1, 1),
(13, 233, 1, 1),
(13, 234, 1, 1),
(13, 235, 1, 1),
(13, 236, 1, 1),
(13, 237, 1, 1),
(13, 238, 1, 1),
(13, 239, 1, 1),
(13, 240, 1, 1),
(13, 241, 1, 1),
(13, 242, 1, 1),
(13, 243, 1, 1),
(13, 244, 1, 1),
(13, 245, 1, 1),
(13, 246, 1, 1),
(13, 247, 1, 1),
(13, 248, 1, 1),
(13, 249, 1, 1),
(13, 250, 1, 1),
(13, 251, 1, 1),
(13, 252, 1, 1),
(13, 253, 1, 1),
(13, 254, 1, 1),
(13, 255, 1, 1),
(13, 256, 1, 1),
(13, 257, 1, 1),
(13, 258, 1, 1),
(13, 259, 1, 1),
(13, 260, 1, 1),
(13, 261, 1, 1),
(13, 262, 1, 1),
(13, 263, 1, 1),
(13, 264, 1, 1),
(13, 265, 1, 1),
(13, 266, 1, 1),
(13, 267, 1, 1),
(13, 268, 1, 1),
(13, 269, 1, 1),
(13, 270, 1, 1),
(13, 271, 1, 1),
(13, 272, 1, 1),
(13, 273, 1, 1),
(13, 274, 1, 1),
(13, 275, 1, 1),
(13, 276, 1, 1),
(13, 277, 1, 1),
(13, 278, 1, 1),
(13, 279, 1, 1),
(13, 280, 1, 1),
(13, 281, 1, 1),
(13, 282, 1, 1),
(13, 283, 1, 1),
(13, 284, 1, 1),
(13, 285, 1, 1),
(13, 286, 1, 1),
(13, 287, 1, 1),
(13, 288, 1, 1),
(13, 289, 1, 1),
(13, 290, 1, 1),
(13, 291, 1, 1),
(13, 292, 1, 1),
(13, 293, 1, 1),
(13, 294, 1, 1),
(13, 296, 1, 1),
(13, 297, 0, 0),
(13, 298, 0, 0),
(13, 299, 0, 0),
(13, 300, 1, 1),
(13, 301, 1, 1),
(13, 302, 1, 1),
(13, 303, 1, 1),
(13, 304, 1, 1),
(13, 305, 1, 1),
(13, 306, 1, 1),
(13, 307, 1, 1),
(13, 308, 1, 1),
(13, 309, 1, 1),
(13, 310, 1, 1),
(13, 311, 1, 1),
(13, 312, 0, 0),
(13, 313, 0, 0),
(13, 314, 0, 0),
(13, 315, 0, 0),
(14, 230, 1, 1),
(14, 231, 1, 1),
(14, 232, 1, 1),
(14, 233, 1, 1),
(14, 234, 1, 1),
(14, 235, 1, 1),
(14, 236, 1, 1),
(14, 237, 1, 1),
(14, 238, 1, 1),
(14, 239, 1, 1),
(14, 240, 1, 1),
(14, 241, 1, 1),
(14, 242, 1, 1),
(14, 243, 1, 1),
(14, 244, 1, 1),
(14, 245, 1, 1),
(14, 246, 1, 1),
(14, 247, 1, 1),
(14, 248, 1, 1),
(14, 249, 1, 1),
(14, 250, 1, 1),
(14, 251, 1, 1),
(14, 252, 1, 1),
(14, 253, 1, 1),
(14, 254, 1, 1),
(14, 255, 1, 1),
(14, 256, 1, 1),
(14, 257, 1, 1),
(14, 258, 1, 1),
(14, 259, 1, 1),
(14, 260, 1, 1),
(14, 261, 1, 1),
(14, 262, 1, 1),
(14, 263, 1, 1),
(14, 264, 1, 1),
(14, 265, 1, 1),
(14, 266, 1, 1),
(14, 267, 1, 1),
(14, 268, 1, 1),
(14, 269, 1, 1),
(14, 270, 1, 1),
(14, 271, 1, 1),
(14, 272, 1, 1),
(14, 273, 1, 1),
(14, 274, 1, 1),
(14, 275, 1, 1),
(14, 276, 1, 1),
(14, 277, 1, 1),
(14, 278, 1, 1),
(14, 279, 1, 1),
(14, 280, 1, 1),
(14, 281, 1, 1),
(14, 282, 1, 1),
(14, 283, 1, 1),
(14, 284, 1, 1),
(14, 285, 1, 1),
(14, 286, 1, 1),
(14, 287, 1, 1),
(14, 288, 1, 1),
(14, 289, 1, 1),
(14, 290, 1, 1),
(14, 291, 1, 1),
(14, 292, 1, 1),
(14, 293, 1, 1),
(14, 294, 1, 1),
(14, 296, 1, 1),
(14, 297, 0, 0),
(14, 298, 0, 0),
(14, 299, 0, 0),
(14, 300, 1, 1),
(14, 301, 1, 1),
(14, 302, 1, 1),
(14, 303, 1, 1),
(14, 304, 1, 1),
(14, 305, 1, 1),
(14, 306, 1, 1),
(14, 307, 1, 1),
(14, 308, 1, 1),
(14, 309, 1, 1),
(14, 310, 1, 1),
(14, 311, 1, 1),
(14, 312, 0, 0),
(14, 313, 0, 0),
(14, 314, 0, 0),
(14, 315, 0, 0);

-- --------------------------------------------------------

--
-- Структура таблицы `tm_acl_document`
--

DROP TABLE IF EXISTS `tm_acl_document`;
CREATE TABLE IF NOT EXISTS `tm_acl_document` (
  `user_id` int(10) unsigned NOT NULL,
  `document_id` int(10) unsigned NOT NULL,
  `is_read` tinyint(1) NOT NULL default '0',
  `is_write` tinyint(1) NOT NULL default '0',
  PRIMARY KEY  (`user_id`,`document_id`),
  KEY `fk_tm_acl_document_tm_user1` (`user_id`),
  KEY `fk_tm_acl_document_tm_document1` (`document_id`)
) ENGINE=InnoDB DEFAULT CHARSET=utf8;

--
-- Дамп данных таблицы `tm_acl_document`
--

INSERT INTO `tm_acl_document` (`user_id`, `document_id`, `is_read`, `is_write`) VALUES
(1, 199, 1, 1),
(1, 200, 1, 1),
(1, 223, 1, 1),
(1, 224, 1, 1),
(1, 225, 1, 1),
(1, 226, 1, 1),
(1, 229, 1, 1),
(1, 230, 1, 1),
(1, 231, 1, 1),
(1, 232, 1, 1),
(1, 233, 1, 1),
(1, 234, 1, 1),
(1, 235, 1, 1),
(1, 236, 1, 1),
(1, 237, 1, 1),
(1, 238, 1, 1),
(1, 239, 1, 1),
(1, 240, 1, 1),
(1, 241, 1, 1),
(1, 242, 1, 1),
(1, 243, 1, 1),
(1, 244, 1, 1),
(1, 245, 1, 1),
(1, 246, 1, 1),
(1, 247, 1, 1),
(1, 248, 1, 1),
(1, 249, 1, 1),
(1, 250, 1, 1),
(1, 251, 1, 1),
(1, 252, 1, 1),
(1, 253, 1, 1),
(1, 254, 1, 1),
(1, 255, 1, 1),
(1, 256, 1, 1),
(1, 257, 1, 1),
(1, 258, 1, 1),
(1, 259, 1, 1),
(1, 260, 1, 1),
(1, 261, 1, 1),
(1, 262, 1, 1),
(1, 263, 1, 1),
(1, 264, 1, 1),
(1, 265, 1, 1),
(1, 266, 1, 1),
(1, 267, 1, 1),
(1, 268, 1, 1),
(1, 269, 1, 1),
(1, 270, 1, 1),
(1, 271, 1, 1),
(1, 272, 1, 1),
(1, 273, 1, 1),
(1, 274, 1, 1),
(1, 275, 1, 1),
(1, 276, 1, 1),
(1, 277, 1, 1),
(1, 278, 1, 1),
(1, 279, 1, 1),
(1, 280, 1, 1),
(1, 281, 1, 1),
(1, 282, 1, 1),
(1, 283, 1, 1),
(1, 284, 1, 1),
(1, 285, 1, 1),
(1, 286, 1, 1),
(1, 287, 1, 1),
(1, 288, 1, 1),
(1, 290, 1, 1),
(1, 291, 1, 1),
(1, 292, 1, 1),
(1, 293, 1, 1),
(1, 294, 1, 1),
(1, 295, 1, 1),
(1, 296, 1, 1),
(1, 297, 1, 1),
(1, 298, 1, 1),
(1, 299, 1, 1),
(1, 300, 1, 1),
(1, 301, 1, 1),
(1, 302, 1, 1),
(1, 303, 1, 1),
(1, 304, 1, 1),
(1, 305, 1, 1),
(1, 307, 1, 1),
(1, 308, 1, 1),
(1, 309, 1, 1),
(1, 310, 1, 1),
(1, 311, 1, 1),
(1, 312, 1, 1),
(1, 313, 1, 1),
(1, 314, 1, 1),
(1, 315, 1, 1),
(1, 316, 1, 1),
(1, 317, 1, 1),
(1, 318, 1, 1),
(1, 319, 1, 1),
(1, 324, 1, 1),
(1, 327, 1, 1),
(1, 328, 1, 1),
(1, 329, 1, 1),
(1, 330, 1, 1),
(1, 331, 1, 1),
(1, 332, 1, 1),
(1, 333, 1, 1),
(1, 334, 1, 1),
(1, 336, 1, 1),
(1, 337, 1, 1),
(1, 338, 1, 1),
(1, 339, 1, 1),
(1, 340, 1, 1),
(1, 341, 1, 1),
(1, 342, 1, 1),
(1, 343, 1, 1),
(1, 344, 1, 1),
(1, 345, 1, 1),
(1, 349, 1, 1),
(1, 352, 1, 1),
(7, 199, 1, 1),
(7, 200, 1, 1),
(7, 223, 1, 1),
(7, 224, 1, 1),
(7, 225, 1, 1),
(7, 226, 1, 1),
(7, 229, 1, 1),
(7, 230, 1, 1),
(7, 231, 1, 1),
(7, 232, 1, 1),
(7, 233, 1, 1),
(7, 234, 1, 1),
(7, 235, 1, 1),
(7, 236, 1, 1),
(7, 237, 1, 1),
(7, 238, 1, 1),
(7, 239, 1, 1),
(7, 240, 1, 1),
(7, 241, 1, 1),
(7, 242, 1, 1),
(7, 243, 1, 1),
(7, 244, 1, 1),
(7, 245, 1, 1),
(7, 246, 1, 1),
(7, 247, 1, 1),
(7, 248, 1, 1),
(7, 249, 1, 1),
(7, 250, 1, 1),
(7, 251, 1, 1),
(7, 252, 1, 1),
(7, 253, 1, 1),
(7, 254, 1, 1),
(7, 255, 1, 1),
(7, 256, 1, 1),
(7, 257, 1, 1),
(7, 258, 1, 1),
(7, 259, 1, 1),
(7, 260, 1, 1),
(7, 261, 1, 1),
(7, 262, 1, 1),
(7, 263, 1, 1),
(7, 264, 1, 1),
(7, 265, 1, 1),
(7, 266, 1, 1),
(7, 267, 1, 1),
(7, 268, 1, 1),
(7, 269, 1, 1),
(7, 270, 1, 1),
(7, 271, 1, 1),
(7, 272, 1, 1),
(7, 273, 1, 1),
(7, 274, 1, 1),
(7, 275, 1, 1),
(7, 276, 1, 1),
(7, 277, 1, 1),
(7, 278, 1, 1),
(7, 279, 1, 1),
(7, 280, 1, 1),
(7, 281, 1, 1),
(7, 282, 1, 1),
(7, 283, 1, 1),
(7, 284, 1, 1),
(7, 285, 1, 1),
(7, 286, 1, 1),
(7, 287, 1, 1),
(7, 288, 1, 1),
(7, 290, 1, 1),
(7, 291, 1, 1),
(7, 292, 1, 1),
(7, 293, 1, 1),
(7, 294, 1, 1),
(7, 295, 1, 1),
(7, 296, 1, 1),
(7, 297, 1, 1),
(7, 298, 1, 1),
(7, 299, 1, 1),
(7, 300, 1, 1),
(7, 301, 1, 1),
(7, 302, 1, 1),
(7, 303, 1, 1),
(7, 304, 1, 1),
(7, 305, 1, 1),
(7, 307, 1, 1),
(7, 308, 1, 1),
(7, 309, 1, 1),
(7, 310, 1, 1),
(7, 311, 1, 1),
(7, 312, 1, 1),
(7, 313, 1, 1),
(7, 314, 1, 1),
(7, 315, 1, 1),
(7, 316, 1, 1),
(7, 317, 1, 1),
(7, 318, 1, 1),
(7, 319, 1, 1),
(7, 324, 1, 1),
(7, 327, 1, 1),
(7, 328, 1, 1),
(7, 329, 1, 1),
(7, 330, 1, 1),
(7, 331, 1, 1),
(7, 332, 1, 1),
(7, 333, 1, 1),
(7, 334, 1, 1),
(7, 336, 1, 1),
(7, 337, 1, 1),
(7, 338, 1, 1),
(7, 339, 1, 1),
(7, 340, 1, 1),
(7, 341, 1, 1),
(7, 342, 1, 1),
(7, 343, 1, 1),
(7, 344, 1, 1),
(7, 345, 1, 1),
(7, 349, 1, 1),
(7, 352, 1, 1),
(9, 199, 1, 1),
(9, 200, 1, 1),
(9, 229, 1, 1),
(9, 230, 1, 1),
(9, 231, 1, 1),
(9, 232, 1, 1),
(9, 233, 1, 1),
(9, 234, 1, 1),
(9, 235, 1, 1),
(9, 236, 1, 1),
(9, 237, 1, 1),
(9, 238, 1, 1),
(9, 239, 1, 1),
(9, 240, 1, 1),
(9, 241, 1, 1),
(9, 242, 1, 1),
(9, 243, 1, 1),
(9, 244, 1, 1),
(9, 245, 1, 1),
(9, 246, 1, 1),
(9, 247, 1, 1),
(9, 248, 1, 1),
(9, 249, 1, 1),
(9, 251, 1, 1),
(9, 252, 1, 1),
(9, 253, 1, 1),
(9, 254, 1, 1),
(9, 255, 1, 1),
(9, 256, 1, 1),
(9, 257, 1, 1),
(9, 259, 1, 1),
(9, 260, 1, 1),
(9, 261, 1, 1),
(9, 262, 1, 1),
(9, 263, 1, 1),
(9, 264, 1, 1),
(9, 265, 1, 1),
(9, 266, 1, 1),
(9, 267, 1, 1),
(9, 268, 1, 1),
(9, 269, 1, 1),
(9, 270, 1, 1),
(9, 271, 1, 1),
(9, 272, 1, 1),
(9, 273, 1, 1),
(9, 274, 1, 1),
(9, 275, 1, 1),
(9, 276, 1, 1),
(9, 277, 1, 1),
(9, 278, 1, 1),
(9, 279, 1, 1),
(9, 280, 1, 1),
(9, 281, 1, 1),
(9, 282, 1, 1),
(9, 283, 1, 1),
(9, 284, 1, 1),
(9, 285, 1, 1),
(9, 286, 1, 1),
(9, 287, 1, 1),
(9, 288, 1, 1),
(9, 290, 1, 1),
(9, 291, 1, 1),
(9, 292, 1, 1),
(9, 293, 1, 1),
(9, 294, 1, 1),
(9, 295, 1, 1),
(9, 296, 1, 1),
(9, 297, 1, 1),
(9, 298, 1, 1),
(9, 299, 1, 1),
(9, 300, 1, 1),
(9, 301, 1, 1),
(9, 302, 1, 1),
(9, 303, 1, 1),
(9, 304, 1, 1),
(9, 307, 1, 1),
(9, 308, 1, 1),
(9, 309, 1, 1),
(9, 310, 1, 1),
(9, 311, 1, 1),
(9, 312, 1, 1),
(9, 313, 1, 1),
(9, 314, 1, 1),
(9, 315, 1, 1),
(9, 316, 1, 1),
(9, 317, 1, 1),
(9, 318, 1, 1),
(9, 319, 1, 1),
(9, 324, 1, 1),
(9, 327, 1, 1),
(9, 328, 1, 1),
(9, 329, 0, 0),
(9, 330, 0, 0),
(9, 331, 0, 0),
(9, 332, 1, 1),
(9, 333, 0, 0),
(9, 334, 0, 0),
(9, 336, 0, 0),
(9, 337, 0, 0),
(9, 338, 0, 0),
(9, 339, 0, 0),
(9, 340, 0, 0),
(9, 341, 0, 0),
(9, 342, 1, 1),
(9, 343, 1, 1),
(9, 344, 0, 0),
(9, 345, 0, 0),
(9, 349, 0, 0),
(9, 352, 0, 0),
(11, 200, 1, 1),
(11, 224, 1, 1),
(11, 229, 1, 1),
(11, 230, 1, 1),
(11, 231, 1, 1),
(11, 232, 1, 1),
(11, 233, 1, 1),
(11, 234, 1, 1),
(11, 235, 1, 1),
(11, 236, 1, 1),
(11, 237, 1, 1),
(11, 238, 1, 1),
(11, 239, 1, 1),
(11, 240, 1, 1),
(11, 241, 1, 1),
(11, 242, 1, 1),
(11, 243, 1, 1),
(11, 244, 1, 1),
(11, 245, 1, 1),
(11, 246, 1, 1),
(11, 247, 1, 1),
(11, 248, 1, 1),
(11, 249, 1, 1),
(11, 250, 1, 1),
(11, 251, 1, 1),
(11, 252, 1, 1),
(11, 253, 1, 1),
(11, 254, 1, 1),
(11, 255, 1, 1),
(11, 256, 1, 1),
(11, 257, 1, 1),
(11, 258, 1, 1),
(11, 259, 1, 1),
(11, 260, 1, 1),
(11, 261, 1, 1),
(11, 262, 1, 1),
(11, 263, 1, 1),
(11, 264, 1, 1),
(11, 265, 1, 1),
(11, 266, 1, 1),
(11, 267, 1, 1),
(11, 268, 1, 1),
(11, 269, 1, 1),
(11, 270, 1, 1),
(11, 271, 1, 1),
(11, 272, 1, 1),
(11, 273, 1, 1),
(11, 274, 1, 1),
(11, 275, 1, 1),
(11, 276, 1, 1),
(11, 277, 1, 1),
(11, 278, 1, 1),
(11, 279, 1, 1),
(11, 280, 1, 1),
(11, 281, 1, 1),
(11, 282, 1, 1),
(11, 283, 1, 1),
(11, 284, 1, 1),
(11, 285, 1, 1),
(11, 286, 1, 1),
(11, 287, 1, 1),
(11, 288, 1, 1),
(11, 290, 1, 1),
(11, 291, 1, 1),
(11, 292, 1, 1),
(11, 293, 1, 1),
(11, 294, 1, 1),
(11, 295, 1, 1),
(11, 296, 1, 1),
(11, 297, 1, 1),
(11, 298, 1, 1),
(11, 299, 1, 1),
(11, 300, 1, 1),
(11, 301, 1, 1),
(11, 302, 1, 1),
(11, 303, 1, 1),
(11, 304, 1, 1),
(11, 305, 1, 1),
(11, 307, 1, 1),
(11, 308, 1, 1),
(11, 309, 1, 1),
(11, 310, 1, 1),
(11, 311, 1, 1),
(11, 312, 1, 1),
(11, 313, 1, 1),
(11, 314, 1, 1),
(11, 315, 1, 1),
(11, 316, 1, 1),
(11, 317, 1, 1),
(11, 318, 1, 1),
(11, 319, 1, 1),
(11, 324, 1, 1),
(11, 327, 1, 1),
(11, 328, 1, 1),
(11, 329, 1, 1),
(11, 330, 1, 1),
(11, 331, 1, 1),
(11, 332, 1, 1),
(11, 333, 1, 1),
(11, 334, 1, 1),
(11, 336, 1, 1),
(11, 337, 1, 1),
(11, 338, 1, 1),
(11, 339, 1, 1),
(11, 340, 1, 1),
(11, 341, 1, 1),
(11, 342, 1, 1),
(11, 343, 1, 1),
(11, 344, 1, 1),
(11, 345, 1, 1),
(11, 349, 1, 1),
(11, 352, 1, 1),
(12, 223, 1, 1),
(12, 226, 1, 1),
(12, 239, 1, 1),
(12, 240, 1, 1),
(12, 241, 1, 1),
(12, 242, 1, 1),
(12, 243, 1, 1),
(12, 244, 1, 1),
(12, 246, 1, 1),
(12, 247, 1, 1),
(12, 248, 1, 1),
(12, 250, 1, 1),
(12, 251, 1, 1),
(12, 252, 1, 1),
(12, 253, 1, 1),
(12, 254, 1, 1),
(12, 255, 1, 1),
(12, 256, 1, 1),
(12, 257, 1, 1),
(12, 258, 1, 1),
(12, 259, 1, 1),
(12, 260, 1, 1),
(12, 261, 1, 1),
(12, 262, 1, 1),
(12, 263, 1, 1),
(12, 264, 1, 1),
(12, 265, 1, 1),
(12, 266, 1, 1),
(12, 267, 1, 1),
(12, 268, 1, 1),
(12, 269, 1, 1),
(12, 270, 1, 1),
(12, 271, 1, 1),
(12, 272, 1, 1),
(12, 273, 1, 1),
(12, 274, 1, 1),
(12, 275, 1, 1),
(12, 276, 1, 1),
(12, 277, 1, 1),
(12, 278, 1, 1),
(12, 279, 1, 1),
(12, 280, 1, 1),
(12, 281, 1, 1),
(12, 282, 1, 1),
(12, 283, 1, 1),
(12, 284, 1, 1),
(12, 285, 1, 1),
(12, 286, 1, 1),
(12, 287, 1, 1),
(12, 288, 1, 1),
(12, 290, 1, 1),
(12, 291, 1, 1),
(12, 292, 1, 1),
(12, 293, 1, 1),
(12, 294, 1, 1),
(12, 295, 1, 1),
(12, 296, 1, 1),
(12, 297, 1, 1),
(12, 298, 1, 1),
(12, 299, 1, 1),
(12, 300, 1, 1),
(12, 301, 1, 1),
(12, 302, 1, 1),
(12, 303, 1, 1),
(12, 304, 1, 1),
(12, 305, 1, 1),
(12, 307, 1, 1),
(12, 308, 1, 1),
(12, 309, 1, 1),
(12, 310, 1, 1),
(12, 311, 1, 1),
(12, 312, 1, 1),
(12, 313, 1, 1),
(12, 314, 1, 1),
(12, 315, 1, 1),
(12, 316, 1, 1),
(12, 317, 1, 1),
(12, 318, 1, 1),
(12, 319, 1, 1),
(12, 324, 1, 1),
(12, 327, 1, 1),
(12, 328, 1, 1),
(12, 329, 1, 1),
(12, 330, 1, 1),
(12, 331, 1, 1),
(12, 332, 1, 1),
(12, 333, 1, 1),
(12, 334, 1, 1),
(12, 336, 1, 1),
(12, 337, 1, 1),
(12, 338, 1, 1),
(12, 339, 1, 1),
(12, 340, 1, 1),
(12, 341, 1, 1),
(12, 342, 1, 1),
(12, 343, 1, 1),
(12, 344, 1, 1),
(12, 345, 1, 1),
(12, 349, 1, 1),
(12, 352, 1, 1),
(13, 256, 1, 1),
(13, 257, 1, 1),
(13, 258, 1, 1),
(13, 259, 1, 1),
(13, 260, 1, 1),
(13, 261, 1, 1),
(13, 262, 1, 1),
(13, 263, 1, 1),
(13, 264, 1, 1),
(13, 265, 1, 1),
(13, 266, 1, 1),
(13, 267, 1, 1),
(13, 268, 1, 1),
(13, 269, 1, 1),
(13, 270, 1, 1),
(13, 271, 1, 1),
(13, 272, 1, 1),
(13, 273, 1, 1),
(13, 274, 1, 1),
(13, 275, 1, 1),
(13, 276, 1, 1),
(13, 277, 1, 1),
(13, 278, 1, 1),
(13, 279, 1, 1),
(13, 280, 1, 1),
(13, 281, 1, 1),
(13, 282, 1, 1),
(13, 283, 1, 1),
(13, 284, 1, 1),
(13, 285, 1, 1),
(13, 286, 1, 1),
(13, 287, 1, 1),
(13, 288, 1, 1),
(13, 290, 1, 1),
(13, 291, 1, 1),
(13, 292, 1, 1),
(13, 293, 1, 1),
(13, 294, 1, 1),
(13, 295, 1, 1),
(13, 296, 1, 1),
(13, 297, 1, 1),
(13, 298, 1, 1),
(13, 299, 1, 1),
(13, 300, 1, 1),
(13, 301, 1, 1),
(13, 302, 1, 1),
(13, 303, 1, 1),
(13, 304, 1, 1),
(13, 305, 1, 1),
(13, 307, 1, 1),
(13, 308, 1, 1),
(13, 309, 1, 1),
(13, 310, 1, 1),
(13, 311, 1, 1),
(13, 312, 1, 1),
(13, 313, 1, 1),
(13, 314, 1, 1),
(13, 315, 1, 1),
(13, 316, 1, 1),
(13, 317, 1, 1),
(13, 318, 1, 1),
(13, 319, 1, 1),
(13, 324, 1, 1),
(13, 327, 1, 1),
(13, 328, 1, 1),
(13, 329, 0, 0),
(13, 330, 0, 0),
(13, 331, 0, 0),
(13, 332, 1, 1),
(13, 333, 1, 1),
(13, 334, 1, 1),
(13, 336, 1, 1),
(13, 337, 1, 1),
(13, 338, 1, 1),
(13, 339, 1, 1),
(13, 340, 1, 1),
(13, 341, 1, 1),
(13, 342, 1, 1),
(13, 343, 1, 1),
(13, 344, 0, 0),
(13, 345, 0, 0),
(13, 349, 0, 0),
(13, 352, 0, 0),
(14, 256, 1, 1),
(14, 257, 1, 1),
(14, 258, 1, 1),
(14, 259, 1, 1),
(14, 260, 1, 1),
(14, 261, 1, 1),
(14, 262, 1, 1),
(14, 263, 1, 1),
(14, 264, 1, 1),
(14, 265, 1, 1),
(14, 266, 1, 1),
(14, 267, 1, 1),
(14, 268, 1, 1),
(14, 269, 1, 1),
(14, 270, 1, 1),
(14, 271, 1, 1),
(14, 272, 1, 1),
(14, 273, 1, 1),
(14, 274, 1, 1),
(14, 275, 1, 1),
(14, 276, 1, 1),
(14, 277, 1, 1),
(14, 278, 1, 1),
(14, 279, 1, 1),
(14, 280, 1, 1),
(14, 281, 1, 1),
(14, 282, 1, 1),
(14, 283, 1, 1),
(14, 284, 1, 1),
(14, 285, 1, 1),
(14, 286, 1, 1),
(14, 287, 1, 1),
(14, 288, 1, 1),
(14, 290, 1, 1),
(14, 291, 1, 1),
(14, 292, 1, 1),
(14, 293, 1, 1),
(14, 294, 1, 1),
(14, 295, 1, 1),
(14, 296, 1, 1),
(14, 297, 1, 1),
(14, 298, 1, 1),
(14, 299, 1, 1),
(14, 300, 1, 1),
(14, 301, 1, 1),
(14, 302, 1, 1),
(14, 303, 1, 1),
(14, 304, 1, 1),
(14, 305, 1, 1),
(14, 307, 1, 1),
(14, 308, 1, 1),
(14, 309, 1, 1),
(14, 310, 1, 1),
(14, 311, 1, 1),
(14, 312, 1, 1),
(14, 313, 1, 1),
(14, 314, 1, 1),
(14, 315, 1, 1),
(14, 316, 1, 1),
(14, 317, 1, 1),
(14, 318, 1, 1),
(14, 319, 1, 1),
(14, 324, 1, 1),
(14, 327, 1, 1),
(14, 328, 1, 1),
(14, 329, 0, 0),
(14, 330, 0, 0),
(14, 331, 0, 0),
(14, 332, 1, 1),
(14, 333, 1, 1),
(14, 334, 1, 1),
(14, 336, 1, 1),
(14, 337, 1, 1),
(14, 338, 1, 1),
(14, 339, 1, 1),
(14, 340, 1, 1),
(14, 341, 1, 1),
(14, 342, 1, 1),
(14, 343, 1, 1),
(14, 344, 0, 0),
(14, 345, 0, 0),
(14, 349, 0, 0),
(14, 352, 0, 0);

-- --------------------------------------------------------

--
-- Структура таблицы `tm_acl_role`
--

DROP TABLE IF EXISTS `tm_acl_role`;
CREATE TABLE IF NOT EXISTS `tm_acl_role` (
  `tm_user_role_id` int(10) unsigned NOT NULL,
  `tm_user_resource_id` int(10) unsigned NOT NULL,
  `is_allow` tinyint(1) NOT NULL default '0',
  `privileges` varchar(255) NOT NULL,
  PRIMARY KEY  (`tm_user_role_id`,`tm_user_resource_id`),
  KEY `tm_user_resource_id` (`tm_user_resource_id`)
) ENGINE=InnoDB DEFAULT CHARSET=utf8;

--
-- Дамп данных таблицы `tm_acl_role`
--

INSERT INTO `tm_acl_role` (`tm_user_role_id`, `tm_user_resource_id`, `is_allow`, `privileges`) VALUES
(1, 1, 1, 'show'),
(1, 2, 1, 'show'),
(1, 3, 1, 'show'),
(1, 4, 1, 'show,show-my-task,show-my-discussion,show-my-reports'),
(1, 5, 1, 'show'),
(1, 6, 1, 'show'),
(1, 7, 1, 'show'),
(1, 8, 1, 'show'),
(1, 15, 1, 'show,show-attribute-hash,show-attribute-type,show-resource'),
(1, 19, 1, 'show'),
(1, 20, 1, 'show'),
(1, 21, 1, 'show'),
(1, 22, 1, 'show'),
(1, 23, 1, 'show'),
(1, 24, 1, 'show'),
(1, 25, 1, 'show'),
(1, 26, 1, 'show,show-attribute-hash,show-attribute-type,show-archive'),
(1, 27, 1, 'show'),
(1, 28, 1, 'show'),
(1, 29, 1, 'show'),
(1, 30, 1, 'show'),
(1, 31, 1, 'show'),
(1, 32, 1, 'show'),
(1, 33, 1, 'show'),
(1, 34, 1, 'show'),
(1, 35, 1, 'show'),
(1, 36, 1, 'show'),
(1, 37, 1, 'show,show-attribute-hash,show-attribute-type'),
(1, 38, 1, 'show'),
(1, 39, 1, 'show'),
(1, 40, 1, 'show'),
(1, 41, 1, 'show'),
(1, 42, 1, 'show'),
(1, 43, 1, 'show'),
(1, 44, 1, 'show'),
(1, 45, 1, 'show'),
(1, 46, 1, 'show'),
(1, 47, 1, 'show'),
(1, 48, 1, 'show'),
(1, 49, 1, 'show'),
(1, 50, 1, 'show'),
(1, 51, 1, 'show'),
(1, 52, 1, 'show'),
(1, 53, 1, 'show'),
(1, 54, 1, 'show'),
(1, 55, 1, 'show'),
(1, 56, 1, 'show'),
(1, 57, 1, 'show'),
(1, 58, 1, 'show'),
(1, 59, 1, 'show'),
(1, 60, 1, 'show'),
(1, 61, 1, 'show'),
(1, 62, 1, 'show'),
(1, 63, 1, 'show'),
(1, 64, 1, 'show'),
(1, 65, 1, 'show'),
(1, 66, 1, 'show'),
(1, 67, 1, 'show'),
(1, 68, 1, 'show'),
(1, 69, 1, 'show'),
(1, 70, 1, 'show'),
(1, 71, 1, 'show'),
(1, 72, 1, 'show'),
(1, 73, 0, 'show'),
(1, 74, 1, 'show'),
(1, 75, 1, 'show'),
(1, 76, 1, 'show'),
(1, 77, 1, 'show'),
(1, 78, 1, 'show'),
(1, 79, 1, 'show'),
(1, 80, 1, 'show'),
(1, 81, 1, 'show'),
(1, 82, 1, 'show'),
(1, 83, 1, 'show'),
(1, 84, 1, 'show'),
(1, 85, 1, 'show'),
(1, 86, 1, 'show'),
(1, 87, 1, 'show'),
(1, 88, 1, 'show'),
(1, 89, 1, 'show'),
(1, 90, 1, 'show'),
(1, 91, 1, 'show'),
(1, 92, 1, 'show'),
(3, 1, 1, 'show'),
(3, 2, 1, 'show'),
(3, 3, 1, 'show'),
(3, 4, 1, 'show,show-my-task,show-my-discussion,show-my-reports'),
(3, 5, 0, 'show'),
(3, 6, 0, 'show'),
(3, 7, 0, 'show'),
(3, 8, 0, 'show'),
(3, 15, 0, 'show'),
(3, 19, 0, 'show'),
(3, 20, 0, 'show'),
(3, 21, 0, 'show'),
(3, 22, 0, 'show'),
(3, 23, 0, 'show'),
(3, 24, 0, 'show'),
(3, 25, 0, 'show'),
(3, 26, 1, 'show'),
(3, 27, 0, 'show'),
(3, 28, 0, 'show'),
(3, 29, 0, 'show'),
(3, 30, 0, 'show'),
(3, 31, 0, 'show'),
(3, 32, 0, 'show'),
(3, 33, 0, 'show'),
(3, 34, 0, 'show'),
(3, 35, 0, 'show'),
(3, 36, 0, 'show'),
(3, 37, 1, 'show'),
(3, 38, 0, 'show'),
(3, 39, 0, 'show'),
(3, 40, 0, 'show'),
(3, 41, 0, 'show'),
(3, 42, 0, 'show'),
(3, 43, 0, 'show'),
(3, 44, 0, 'show'),
(3, 45, 0, 'show'),
(3, 46, 0, 'show'),
(3, 47, 0, 'show'),
(3, 48, 0, 'show'),
(3, 49, 0, 'show'),
(3, 50, 1, 'show'),
(3, 51, 0, 'show'),
(3, 52, 0, 'show'),
(3, 53, 0, 'show'),
(3, 54, 0, 'show'),
(3, 55, 0, 'show'),
(3, 56, 0, 'show'),
(3, 57, 0, 'show'),
(3, 58, 1, 'show'),
(3, 59, 0, 'show'),
(3, 60, 1, 'show'),
(3, 61, 0, 'show'),
(3, 62, 0, 'show'),
(3, 63, 0, 'show'),
(3, 64, 1, 'show'),
(3, 65, 1, 'show'),
(3, 66, 1, 'show'),
(3, 67, 0, 'show'),
(3, 68, 0, 'show'),
(3, 69, 0, 'show'),
(3, 70, 0, 'show'),
(3, 71, 0, 'show'),
(3, 72, 0, 'show'),
(3, 73, 1, 'show'),
(3, 74, 1, 'show'),
(3, 75, 1, 'show'),
(3, 76, 1, 'show'),
(3, 77, 1, 'show'),
(3, 78, 1, 'show'),
(3, 79, 0, 'show'),
(3, 80, 0, 'show'),
(3, 81, 0, 'show'),
(3, 82, 0, 'show'),
(3, 83, 0, 'show'),
(3, 84, 0, 'show'),
(3, 85, 0, 'show'),
(3, 86, 1, 'show'),
(4, 1, 1, 'show'),
(4, 2, 1, 'show'),
(4, 3, 1, 'show'),
(4, 4, 1, 'show,show-my-task,show-my-discussion'),
(4, 5, 0, 'show'),
(4, 6, 0, 'show'),
(4, 7, 0, 'show'),
(4, 8, 0, 'show'),
(4, 15, 0, 'show'),
(4, 19, 0, 'show'),
(4, 20, 0, 'show'),
(4, 21, 0, 'show'),
(4, 22, 0, 'show'),
(4, 23, 0, 'show'),
(4, 24, 0, 'show'),
(4, 25, 0, 'show'),
(4, 26, 1, 'show'),
(4, 27, 0, 'show'),
(4, 28, 0, 'show'),
(4, 29, 0, 'show'),
(4, 30, 0, 'show'),
(4, 31, 0, 'show'),
(4, 32, 0, 'show'),
(4, 33, 0, 'show'),
(4, 34, 0, 'show'),
(4, 35, 0, 'show'),
(4, 36, 0, 'show'),
(4, 37, 1, 'show'),
(4, 38, 1, 'show'),
(4, 39, 1, 'show'),
(4, 40, 0, 'show'),
(4, 41, 0, 'show'),
(4, 42, 0, 'show'),
(4, 43, 0, 'show'),
(4, 44, 0, 'show'),
(4, 45, 0, 'show'),
(4, 46, 0, 'show'),
(4, 47, 0, 'show'),
(4, 48, 0, 'show'),
(4, 49, 0, 'show'),
(4, 50, 1, 'show'),
(4, 51, 1, 'show'),
(4, 52, 1, 'show'),
(4, 53, 0, 'show'),
(4, 54, 0, 'show'),
(4, 55, 0, 'show'),
(4, 56, 0, 'show'),
(4, 57, 1, 'show'),
(4, 58, 0, 'show'),
(4, 59, 0, 'show'),
(4, 60, 0, 'show'),
(4, 61, 0, 'show'),
(4, 62, 0, 'show'),
(4, 63, 0, 'show'),
(4, 64, 0, 'show'),
(4, 65, 0, 'show'),
(4, 66, 1, 'show'),
(4, 67, 0, 'show'),
(4, 68, 0, 'show'),
(4, 69, 0, 'show'),
(4, 70, 0, 'show'),
(4, 71, 0, 'show'),
(4, 72, 0, 'show'),
(4, 73, 1, 'show'),
(4, 74, 1, 'show'),
(4, 75, 1, 'show'),
(4, 76, 1, 'show'),
(4, 77, 1, 'show'),
(4, 78, 0, 'show'),
(4, 79, 0, 'show'),
(4, 80, 0, 'show'),
(4, 81, 0, 'show'),
(4, 82, 0, 'show'),
(4, 83, 0, 'show'),
(4, 84, 0, 'show'),
(4, 85, 0, 'show'),
(4, 86, 1, 'show'),
(5, 1, 1, 'show'),
(5, 2, 1, 'show'),
(5, 3, 1, 'show'),
(5, 4, 1, 'show'),
(5, 5, 0, 'show'),
(5, 6, 0, 'show'),
(5, 7, 0, 'show'),
(5, 8, 0, 'show'),
(5, 15, 0, 'show'),
(5, 19, 0, 'show'),
(5, 20, 0, 'show'),
(5, 21, 0, 'show'),
(5, 22, 0, 'show'),
(5, 23, 0, 'show'),
(5, 24, 0, 'show'),
(5, 25, 0, 'show'),
(5, 26, 0, 'show'),
(5, 27, 0, 'show'),
(5, 28, 0, 'show'),
(5, 29, 0, 'show'),
(5, 30, 0, 'show'),
(5, 31, 0, 'show'),
(5, 32, 0, 'show'),
(5, 33, 0, 'show'),
(5, 34, 0, 'show'),
(5, 35, 0, 'show'),
(5, 36, 0, 'show'),
(5, 37, 0, 'show'),
(5, 38, 0, 'show'),
(5, 39, 0, 'show'),
(5, 40, 0, 'show'),
(5, 41, 0, 'show'),
(5, 42, 0, 'show'),
(5, 43, 0, 'show'),
(5, 44, 0, 'show'),
(5, 45, 0, 'show'),
(5, 46, 0, 'show'),
(5, 47, 0, 'show'),
(5, 48, 0, 'show'),
(5, 49, 0, 'show'),
(5, 50, 0, 'show'),
(5, 51, 0, 'show'),
(5, 52, 0, 'show'),
(5, 53, 0, 'show'),
(5, 54, 0, 'show'),
(5, 55, 0, 'show'),
(5, 56, 0, 'show'),
(5, 57, 0, 'show'),
(5, 58, 0, 'show'),
(5, 59, 0, 'show'),
(5, 60, 0, 'show'),
(5, 61, 0, 'show'),
(5, 62, 0, 'show'),
(5, 63, 0, 'show'),
(5, 64, 0, 'show'),
(5, 65, 0, 'show'),
(5, 66, 0, 'show'),
(5, 67, 0, 'show'),
(5, 68, 0, 'show'),
(5, 69, 0, 'show'),
(5, 70, 0, 'show'),
(5, 71, 0, 'show'),
(5, 72, 0, 'show'),
(5, 73, 0, 'show'),
(5, 74, 0, 'show'),
(5, 75, 0, 'show'),
(5, 76, 0, 'show'),
(5, 77, 0, 'show'),
(5, 78, 0, 'show'),
(5, 79, 0, 'show'),
(5, 80, 0, 'show'),
(5, 81, 0, 'show'),
(5, 82, 0, 'show'),
(5, 83, 0, 'show'),
(5, 84, 0, 'show'),
(5, 85, 0, 'show'),
(5, 86, 0, 'show'),
(7, 1, 1, 'show'),
(7, 2, 1, 'show'),
(7, 3, 1, 'show'),
(7, 4, 1, 'show,show-my-task,show-my-discussion'),
(7, 5, 0, ''),
(7, 6, 0, ''),
(7, 7, 0, ''),
(7, 8, 0, ''),
(7, 15, 0, ''),
(7, 19, 0, ''),
(7, 20, 0, ''),
(7, 21, 0, ''),
(7, 22, 0, ''),
(7, 23, 0, ''),
(7, 24, 0, ''),
(7, 25, 0, ''),
(7, 26, 1, 'show'),
(7, 27, 0, ''),
(7, 28, 0, ''),
(7, 29, 0, ''),
(7, 30, 0, ''),
(7, 31, 0, ''),
(7, 32, 0, ''),
(7, 33, 0, ''),
(7, 34, 0, ''),
(7, 35, 0, ''),
(7, 36, 0, ''),
(7, 37, 1, 'show'),
(7, 38, 1, 'show'),
(7, 39, 1, 'show'),
(7, 40, 0, ''),
(7, 41, 0, ''),
(7, 42, 0, ''),
(7, 43, 0, ''),
(7, 44, 0, ''),
(7, 45, 0, ''),
(7, 46, 0, ''),
(7, 47, 0, ''),
(7, 48, 0, ''),
(7, 49, 0, ''),
(7, 50, 1, 'show'),
(7, 51, 1, 'show'),
(7, 52, 1, ''),
(7, 53, 0, ''),
(7, 54, 0, ''),
(7, 55, 0, ''),
(7, 56, 0, ''),
(7, 57, 1, 'show'),
(7, 58, 1, 'show'),
(7, 59, 0, ''),
(7, 60, 1, 'show'),
(7, 61, 0, ''),
(7, 62, 0, ''),
(7, 63, 0, ''),
(7, 64, 1, 'show'),
(7, 65, 1, 'show'),
(7, 66, 1, 'show'),
(7, 67, 0, ''),
(7, 68, 0, ''),
(7, 69, 0, ''),
(7, 70, 0, ''),
(7, 71, 0, ''),
(7, 72, 0, ''),
(7, 73, 1, 'show'),
(7, 74, 1, 'show'),
(7, 75, 1, 'show'),
(7, 76, 1, 'show'),
(7, 77, 1, 'show'),
(7, 78, 1, 'show'),
(7, 79, 0, 'show'),
(7, 80, 0, 'show'),
(7, 81, 0, 'show'),
(7, 82, 0, 'show'),
(7, 83, 0, 'show'),
(7, 84, 0, 'show'),
(7, 85, 0, 'show'),
(7, 86, 1, 'show'),
(8, 1, 1, 'show'),
(8, 2, 1, 'show'),
(8, 3, 1, 'show'),
(8, 4, 1, 'show,show-my-task,show-my-discussion'),
(8, 5, 0, 'show'),
(8, 6, 0, 'show'),
(8, 7, 0, 'show'),
(8, 8, 0, 'show'),
(8, 15, 0, 'show'),
(8, 19, 0, 'show'),
(8, 20, 0, 'show'),
(8, 21, 0, 'show'),
(8, 22, 0, 'show'),
(8, 23, 0, 'show'),
(8, 24, 0, 'show'),
(8, 25, 0, 'show'),
(8, 26, 0, 'show'),
(8, 27, 0, 'show'),
(8, 28, 0, 'show'),
(8, 29, 0, 'show'),
(8, 30, 0, 'show'),
(8, 31, 0, 'show'),
(8, 32, 0, 'show'),
(8, 33, 0, 'show'),
(8, 34, 0, 'show'),
(8, 35, 0, 'show'),
(8, 36, 0, 'show'),
(8, 37, 1, 'show'),
(8, 38, 1, 'show'),
(8, 39, 1, 'show'),
(8, 40, 0, 'show'),
(8, 41, 0, 'show'),
(8, 42, 0, 'show'),
(8, 43, 0, 'show'),
(8, 44, 0, 'show'),
(8, 45, 0, 'show'),
(8, 46, 0, 'show'),
(8, 47, 0, 'show'),
(8, 48, 0, 'show'),
(8, 49, 0, 'show'),
(8, 50, 1, 'show'),
(8, 51, 1, 'show'),
(8, 52, 1, 'show'),
(8, 53, 0, 'show'),
(8, 54, 0, 'show'),
(8, 55, 0, 'show'),
(8, 56, 0, 'show'),
(8, 57, 1, 'show'),
(8, 58, 0, 'show'),
(8, 59, 0, 'show'),
(8, 60, 0, 'show'),
(8, 61, 0, 'show'),
(8, 62, 0, 'show'),
(8, 63, 0, 'show'),
(8, 64, 0, 'show'),
(8, 65, 0, 'show'),
(8, 66, 0, 'show'),
(8, 67, 0, 'show'),
(8, 68, 0, 'show'),
(8, 69, 0, 'show'),
(8, 70, 0, 'show'),
(8, 71, 0, 'show'),
(8, 72, 0, 'show'),
(8, 73, 0, 'show'),
(8, 74, 1, 'show'),
(8, 75, 0, 'show'),
(8, 76, 1, 'show'),
(8, 77, 0, 'show'),
(8, 78, 0, 'show'),
(8, 79, 0, 'show'),
(8, 80, 0, 'show'),
(8, 81, 0, 'show'),
(8, 82, 0, 'show'),
(8, 83, 0, 'show'),
(8, 84, 0, 'show'),
(8, 85, 0, 'show'),
(8, 86, 1, 'show'),
(9, 1, 1, 'show'),
(9, 2, 1, 'show'),
(9, 3, 1, 'show'),
(9, 4, 1, 'show,show-my-task,show-my-discussion,show-my-reports'),
(9, 5, 0, 'show'),
(9, 6, 0, 'show'),
(9, 7, 0, 'show'),
(9, 8, 0, 'show'),
(9, 15, 0, 'show'),
(9, 19, 0, 'show'),
(9, 20, 0, 'show'),
(9, 21, 0, 'show'),
(9, 22, 0, 'show'),
(9, 23, 0, 'show'),
(9, 24, 0, 'show'),
(9, 25, 0, 'show'),
(9, 26, 1, 'show'),
(9, 27, 0, 'show'),
(9, 28, 0, 'show'),
(9, 29, 0, 'show'),
(9, 30, 0, 'show'),
(9, 31, 0, 'show'),
(9, 32, 0, 'show'),
(9, 33, 0, 'show'),
(9, 34, 0, 'show'),
(9, 35, 0, 'show'),
(9, 36, 0, 'show'),
(9, 37, 1, 'show'),
(9, 38, 1, 'show'),
(9, 39, 1, 'show'),
(9, 40, 0, 'show'),
(9, 41, 0, 'show'),
(9, 42, 0, 'show'),
(9, 43, 0, 'show'),
(9, 44, 0, 'show'),
(9, 45, 0, 'show'),
(9, 46, 0, 'show'),
(9, 47, 0, 'show'),
(9, 48, 0, 'show'),
(9, 49, 0, 'show'),
(9, 50, 1, 'show'),
(9, 51, 1, 'show'),
(9, 52, 1, 'show'),
(9, 53, 0, 'show'),
(9, 54, 0, 'show'),
(9, 55, 0, 'show'),
(9, 56, 0, 'show'),
(9, 57, 1, 'show'),
(9, 58, 1, 'show'),
(9, 59, 0, 'show'),
(9, 60, 1, 'show'),
(9, 61, 0, 'show'),
(9, 62, 0, 'show'),
(9, 63, 0, 'show'),
(9, 64, 1, 'show'),
(9, 65, 1, 'show'),
(9, 66, 1, 'show'),
(9, 67, 0, 'show'),
(9, 68, 0, 'show'),
(9, 69, 0, 'show'),
(9, 70, 0, 'show'),
(9, 71, 0, 'show'),
(9, 72, 0, 'show'),
(9, 73, 1, 'show'),
(9, 74, 1, 'show'),
(9, 75, 1, 'show'),
(9, 76, 1, 'show'),
(9, 77, 1, 'show'),
(9, 78, 1, 'show'),
(9, 79, 0, 'show'),
(9, 80, 0, 'show'),
(9, 81, 0, 'show'),
(9, 82, 0, 'show'),
(9, 83, 0, 'show'),
(9, 84, 0, 'show'),
(9, 85, 0, 'show'),
(9, 86, 1, 'show'),
(10, 1, 1, 'show'),
(10, 2, 1, 'show'),
(10, 3, 1, 'show'),
(10, 4, 1, 'show'),
(10, 5, 1, 'show'),
(10, 6, 1, 'show'),
(10, 7, 1, 'show'),
(10, 8, 1, 'show'),
(10, 15, 1, 'show'),
(10, 19, 0, 'show'),
(10, 20, 0, 'show'),
(10, 21, 0, 'show'),
(10, 22, 0, 'show'),
(10, 23, 0, 'show'),
(10, 24, 0, 'show'),
(10, 25, 0, 'show'),
(10, 26, 1, 'show'),
(10, 27, 1, 'show'),
(10, 28, 1, 'show'),
(10, 29, 1, 'show'),
(10, 30, 0, 'show'),
(10, 31, 0, 'show'),
(10, 32, 0, 'show'),
(10, 33, 0, 'show'),
(10, 34, 0, 'show'),
(10, 35, 0, 'show'),
(10, 36, 1, 'show'),
(10, 37, 1, 'show'),
(10, 38, 1, 'show'),
(10, 39, 1, 'show'),
(10, 40, 1, 'show'),
(10, 41, 1, 'show'),
(10, 42, 1, 'show'),
(10, 43, 1, 'show'),
(10, 44, 1, 'show'),
(10, 45, 0, 'show'),
(10, 46, 0, 'show'),
(10, 47, 0, 'show'),
(10, 48, 0, 'show'),
(10, 49, 0, 'show'),
(10, 50, 1, 'show'),
(10, 51, 1, 'show'),
(10, 52, 1, 'show'),
(10, 53, 1, 'show'),
(10, 54, 1, 'show'),
(10, 55, 1, 'show'),
(10, 56, 1, 'show'),
(10, 57, 1, 'show'),
(10, 58, 1, 'show'),
(10, 59, 0, 'show'),
(10, 60, 1, 'show'),
(10, 61, 1, 'show'),
(10, 62, 1, 'show'),
(10, 63, 1, 'show'),
(10, 64, 1, 'show'),
(10, 65, 1, 'show'),
(10, 66, 1, 'show'),
(10, 67, 0, 'show'),
(10, 68, 0, 'show'),
(10, 69, 0, 'show'),
(10, 70, 0, 'show'),
(10, 71, 0, 'show'),
(10, 72, 0, 'show'),
(10, 73, 0, 'show'),
(10, 74, 1, 'show'),
(10, 75, 1, 'show'),
(10, 76, 1, 'show'),
(10, 77, 1, 'show'),
(10, 78, 1, 'show'),
(10, 79, 0, 'show'),
(10, 80, 0, 'show'),
(10, 81, 0, 'show'),
(10, 82, 0, 'show'),
(10, 83, 0, 'show'),
(10, 84, 0, 'show'),
(10, 85, 0, 'show'),
(10, 86, 1, 'show');

-- --------------------------------------------------------

--
-- Структура таблицы `tm_acl_task`
--

DROP TABLE IF EXISTS `tm_acl_task`;
CREATE TABLE IF NOT EXISTS `tm_acl_task` (
  `user_id` int(10) unsigned NOT NULL,
  `task_id` int(10) unsigned NOT NULL,
  `is_read` tinyint(1) NOT NULL default '0',
  `is_write` tinyint(1) NOT NULL default '0',
  `is_executant` tinyint(1) default '0',
  PRIMARY KEY  (`user_id`,`task_id`),
  KEY `fk_tm_acl_tm_user1` (`user_id`),
  KEY `fk_tm_acl_tm_task1` (`task_id`)
) ENGINE=InnoDB DEFAULT CHARSET=utf8;

--
-- Дамп данных таблицы `tm_acl_task`
--

INSERT INTO `tm_acl_task` (`user_id`, `task_id`, `is_read`, `is_write`, `is_executant`) VALUES
(1, 165, 1, 1, 0),
(1, 166, 1, 1, 0),
(1, 186, 1, 1, 0),
(1, 187, 1, 1, 0),
(1, 188, 1, 1, 0),
(1, 189, 1, 1, 0),
(1, 192, 1, 1, 0),
(1, 193, 1, 1, 0),
(1, 194, 1, 1, 0),
(1, 195, 1, 1, 0),
(1, 196, 1, 1, 0),
(1, 198, 1, 1, 0),
(1, 199, 1, 1, 0),
(1, 200, 1, 1, 0),
(1, 201, 1, 1, 0),
(1, 202, 1, 1, 0),
(1, 203, 1, 1, 0),
(1, 204, 1, 1, 0),
(1, 205, 1, 1, 0),
(1, 207, 1, 1, 0),
(1, 208, 1, 1, 0),
(1, 210, 1, 1, 0),
(1, 211, 1, 1, 0),
(1, 212, 1, 1, 0),
(1, 213, 1, 1, 0),
(1, 214, 1, 1, 0),
(1, 215, 1, 1, 0),
(1, 216, 1, 1, 0),
(1, 217, 1, 1, 0),
(1, 218, 1, 1, 0),
(1, 220, 1, 1, 0),
(1, 221, 1, 1, 0),
(1, 222, 1, 1, 0),
(1, 223, 1, 1, 0),
(1, 224, 1, 1, 0),
(1, 225, 1, 1, 0),
(1, 226, 1, 1, 0),
(1, 227, 1, 1, 0),
(1, 228, 1, 1, 0),
(1, 229, 1, 1, 0),
(1, 230, 1, 1, 0),
(1, 231, 1, 1, 0),
(1, 232, 1, 1, 0),
(1, 233, 1, 1, 0),
(1, 234, 1, 1, 0),
(1, 235, 1, 1, 0),
(1, 236, 1, 1, 0),
(1, 237, 1, 1, 0),
(1, 238, 1, 1, 0),
(1, 239, 1, 1, 0),
(1, 240, 1, 1, 0),
(1, 241, 1, 1, 0),
(1, 243, 1, 1, 0),
(1, 245, 1, 1, 0),
(1, 246, 1, 1, 0),
(1, 247, 1, 1, 0),
(1, 248, 1, 1, 0),
(1, 249, 1, 1, 0),
(1, 250, 1, 1, 0),
(1, 251, 1, 1, 0),
(1, 253, 1, 1, 0),
(1, 254, 1, 1, 0),
(1, 255, 1, 1, 0),
(1, 256, 1, 1, 0),
(1, 257, 1, 1, 0),
(1, 258, 1, 1, 0),
(1, 259, 1, 1, 0),
(1, 260, 1, 1, 0),
(1, 261, 1, 1, 0),
(1, 262, 1, 1, 0),
(1, 263, 1, 1, 0),
(1, 264, 1, 1, 0),
(1, 265, 1, 1, 0),
(1, 266, 1, 1, 0),
(1, 268, 1, 1, 0),
(1, 269, 1, 1, 0),
(1, 270, 1, 1, 0),
(1, 271, 1, 1, 0),
(1, 272, 1, 1, 0),
(1, 273, 1, 1, 0),
(1, 274, 1, 1, 0),
(1, 275, 1, 1, 0),
(1, 276, 1, 1, 0),
(1, 277, 1, 1, 0),
(1, 278, 1, 1, 0),
(1, 279, 1, 1, 0),
(1, 280, 1, 1, 0),
(1, 281, 1, 1, 0),
(1, 282, 1, 1, 0),
(1, 283, 1, 1, 0),
(1, 284, 1, 1, 0),
(1, 285, 1, 1, 0),
(1, 286, 1, 1, 0),
(1, 287, 1, 1, 0),
(1, 288, 1, 1, 0),
(1, 289, 1, 1, 0),
(1, 290, 1, 1, 0),
(1, 291, 1, 1, 0),
(1, 292, 1, 1, 0),
(1, 293, 1, 1, 0),
(1, 294, 1, 1, 0),
(1, 295, 1, 1, 0),
(1, 296, 1, 1, 0),
(1, 297, 1, 1, 0),
(1, 298, 1, 1, 0),
(1, 299, 1, 1, 0),
(1, 300, 1, 1, 0),
(1, 301, 1, 1, 0),
(1, 302, 1, 1, 0),
(7, 165, 1, 1, 0),
(7, 166, 1, 1, 0),
(7, 186, 1, 1, 0),
(7, 187, 1, 1, 1),
(7, 188, 1, 1, 0),
(7, 189, 1, 1, 0),
(7, 192, 1, 1, 0),
(7, 193, 1, 1, 0),
(7, 194, 1, 1, 0),
(7, 195, 1, 1, 0),
(7, 196, 1, 1, 1),
(7, 198, 1, 1, 0),
(7, 199, 1, 1, 1),
(7, 200, 1, 1, 0),
(7, 201, 1, 1, 1),
(7, 202, 1, 1, 0),
(7, 203, 1, 1, 0),
(7, 204, 1, 1, 0),
(7, 205, 1, 1, 0),
(7, 207, 1, 1, 0),
(7, 208, 1, 1, 0),
(7, 210, 1, 1, 0),
(7, 211, 1, 1, 0),
(7, 212, 1, 1, 0),
(7, 213, 1, 1, 0),
(7, 214, 1, 1, 0),
(7, 215, 1, 1, 0),
(7, 216, 1, 1, 0),
(7, 217, 1, 1, 0),
(7, 218, 1, 1, 0),
(7, 220, 1, 1, 0),
(7, 221, 1, 1, 0),
(7, 222, 1, 1, 0),
(7, 223, 1, 1, 0),
(7, 224, 1, 1, 0),
(7, 225, 1, 1, 0),
(7, 226, 1, 1, 0),
(7, 227, 1, 1, 0),
(7, 228, 1, 1, 0),
(7, 229, 1, 1, 0),
(7, 230, 1, 1, 0),
(7, 231, 1, 1, 0),
(7, 232, 1, 1, 0),
(7, 233, 1, 1, 0),
(7, 234, 1, 1, 0),
(7, 235, 1, 1, 0),
(7, 236, 1, 1, 0),
(7, 237, 1, 1, 1),
(7, 238, 1, 1, 0),
(7, 239, 1, 1, 0),
(7, 240, 1, 1, 0),
(7, 241, 1, 1, 0),
(7, 243, 1, 1, 1),
(7, 245, 1, 1, 0),
(7, 246, 1, 1, 1),
(7, 247, 1, 1, 0),
(7, 248, 1, 1, 1),
(7, 249, 1, 1, 0),
(7, 250, 1, 1, 0),
(7, 251, 1, 1, 0),
(7, 253, 1, 1, 0),
(7, 254, 1, 1, 0),
(7, 255, 1, 1, 0),
(7, 256, 1, 1, 0),
(7, 257, 1, 1, 0),
(7, 258, 1, 1, 0),
(7, 259, 1, 1, 0),
(7, 260, 1, 1, 0),
(7, 261, 1, 1, 0),
(7, 262, 1, 1, 0),
(7, 263, 1, 1, 0),
(7, 264, 1, 1, 0),
(7, 265, 1, 1, 0),
(7, 266, 1, 1, 0),
(7, 268, 1, 1, 0),
(7, 269, 1, 1, 0),
(7, 270, 1, 1, 1),
(7, 271, 1, 1, 0),
(7, 272, 1, 1, 0),
(7, 273, 1, 1, 0),
(7, 274, 1, 1, 0),
(7, 275, 1, 1, 0),
(7, 276, 1, 1, 1),
(7, 277, 1, 1, 0),
(7, 278, 1, 1, 0),
(7, 279, 1, 1, 0),
(7, 280, 1, 1, 0),
(7, 281, 1, 1, 0),
(7, 282, 1, 1, 0),
(7, 283, 1, 1, 1),
(7, 284, 1, 1, 0),
(7, 285, 1, 1, 0),
(7, 286, 1, 1, 0),
(7, 287, 1, 1, 0),
(7, 288, 1, 1, 0),
(7, 289, 1, 1, 0),
(7, 290, 1, 1, 0),
(7, 291, 1, 1, 0),
(7, 292, 1, 1, 0),
(7, 293, 1, 1, 0),
(7, 294, 1, 1, 0),
(7, 295, 1, 1, 0),
(7, 296, 1, 1, 0),
(7, 297, 1, 1, 0),
(7, 298, 1, 1, 1),
(7, 299, 1, 1, 0),
(7, 300, 1, 1, 0),
(7, 301, 1, 1, 0),
(7, 302, 1, 1, 0),
(9, 165, 1, 1, 0),
(9, 166, 1, 1, 0),
(9, 186, 0, 0, 0),
(9, 187, 0, 0, 0),
(9, 192, 1, 1, 0),
(9, 193, 1, 1, 0),
(9, 194, 0, 0, 0),
(9, 195, 0, 0, 0),
(9, 196, 1, 0, 0),
(9, 198, 1, 1, 0),
(9, 199, 1, 1, 0),
(9, 200, 1, 1, 0),
(9, 201, 1, 1, 0),
(9, 202, 0, 0, 0),
(9, 203, 1, 1, 0),
(9, 204, 1, 1, 0),
(9, 205, 1, 1, 0),
(9, 207, 1, 1, 0),
(9, 208, 1, 1, 0),
(9, 210, 1, 1, 0),
(9, 211, 1, 1, 0),
(9, 212, 1, 1, 0),
(9, 214, 1, 1, 0),
(9, 215, 1, 1, 0),
(9, 216, 0, 0, 0),
(9, 217, 1, 1, 0),
(9, 218, 1, 1, 0),
(9, 220, 0, 0, 0),
(9, 222, 0, 0, 0),
(9, 223, 1, 1, 0),
(9, 224, 1, 1, 0),
(9, 225, 1, 1, 0),
(9, 226, 1, 1, 0),
(9, 227, 1, 1, 0),
(9, 228, 1, 1, 0),
(9, 229, 1, 1, 0),
(9, 230, 1, 1, 0),
(9, 231, 1, 1, 0),
(9, 232, 1, 1, 0),
(9, 233, 1, 1, 0),
(9, 234, 1, 1, 0),
(9, 235, 1, 1, 0),
(9, 236, 1, 1, 0),
(9, 237, 1, 1, 0),
(9, 238, 1, 1, 0),
(9, 239, 1, 1, 0),
(9, 240, 1, 1, 0),
(9, 241, 1, 1, 0),
(9, 243, 1, 1, 0),
(9, 245, 1, 1, 0),
(9, 246, 1, 1, 0),
(9, 247, 1, 1, 0),
(9, 248, 1, 1, 0),
(9, 249, 1, 1, 0),
(9, 250, 1, 1, 0),
(9, 251, 0, 0, 0),
(9, 253, 0, 0, 0),
(9, 254, 1, 1, 0),
(9, 255, 0, 0, 0),
(9, 256, 0, 0, 0),
(9, 257, 1, 1, 0),
(9, 258, 1, 1, 0),
(9, 259, 1, 1, 0),
(9, 260, 1, 1, 0),
(9, 261, 1, 1, 0),
(9, 262, 1, 1, 0),
(9, 263, 1, 1, 0),
(9, 264, 1, 1, 0),
(9, 265, 1, 1, 0),
(9, 266, 1, 1, 0),
(9, 268, 0, 0, 0),
(9, 269, 1, 1, 0),
(9, 270, 1, 1, 0),
(9, 271, 1, 1, 0),
(9, 272, 1, 0, 0),
(9, 273, 0, 0, 0),
(9, 274, 1, 1, 0),
(9, 275, 1, 1, 0),
(9, 276, 1, 1, 0),
(9, 277, 1, 1, 0),
(9, 278, 1, 1, 0),
(9, 279, 1, 1, 0),
(9, 280, 1, 1, 0),
(9, 281, 1, 1, 0),
(9, 282, 1, 1, 0),
(9, 283, 1, 1, 0),
(9, 284, 1, 1, 0),
(9, 285, 0, 0, 0),
(9, 286, 0, 0, 0),
(9, 287, 0, 0, 0),
(9, 288, 1, 1, 0),
(9, 289, 0, 0, 0),
(9, 290, 0, 0, 0),
(9, 291, 0, 0, 0),
(9, 292, 0, 0, 0),
(9, 293, 0, 0, 0),
(9, 294, 0, 0, 0),
(9, 295, 0, 0, 0),
(9, 296, 0, 0, 0),
(9, 297, 1, 1, 0),
(9, 298, 1, 1, 0),
(9, 299, 0, 0, 0),
(9, 300, 0, 0, 0),
(9, 301, 0, 0, 0),
(9, 302, 0, 0, 0),
(11, 165, 1, 1, 1),
(11, 166, 1, 1, 1),
(11, 186, 1, 1, 1),
(11, 187, 1, 1, 1),
(11, 192, 1, 1, 0),
(11, 193, 1, 1, 0),
(11, 194, 1, 1, 0),
(11, 195, 1, 1, 1),
(11, 196, 1, 1, 0),
(11, 198, 1, 1, 0),
(11, 199, 1, 1, 0),
(11, 200, 1, 1, 0),
(11, 201, 1, 1, 0),
(11, 202, 1, 1, 0),
(11, 203, 1, 1, 0),
(11, 204, 1, 1, 0),
(11, 205, 1, 1, 0),
(11, 207, 1, 1, 0),
(11, 208, 1, 1, 1),
(11, 210, 1, 1, 0),
(11, 211, 1, 1, 0),
(11, 212, 1, 1, 1),
(11, 213, 1, 1, 0),
(11, 214, 1, 1, 0),
(11, 215, 1, 1, 0),
(11, 216, 1, 1, 1),
(11, 217, 1, 1, 0),
(11, 218, 1, 1, 0),
(11, 220, 1, 1, 0),
(11, 221, 1, 1, 0),
(11, 222, 1, 1, 0),
(11, 223, 1, 1, 0),
(11, 224, 1, 1, 1),
(11, 225, 1, 1, 0),
(11, 226, 1, 1, 0),
(11, 227, 1, 1, 0),
(11, 228, 1, 1, 0),
(11, 229, 1, 1, 0),
(11, 230, 1, 1, 0),
(11, 231, 1, 1, 0),
(11, 232, 1, 1, 0),
(11, 233, 1, 1, 0),
(11, 234, 1, 1, 0),
(11, 235, 1, 1, 1),
(11, 236, 1, 1, 0),
(11, 237, 1, 1, 1),
(11, 238, 1, 1, 0),
(11, 239, 1, 1, 1),
(11, 240, 1, 1, 0),
(11, 241, 1, 1, 0),
(11, 243, 1, 1, 0),
(11, 245, 1, 1, 0),
(11, 246, 1, 1, 0),
(11, 247, 1, 1, 0),
(11, 248, 1, 1, 0),
(11, 249, 1, 1, 0),
(11, 250, 1, 1, 0),
(11, 251, 1, 1, 1),
(11, 253, 1, 1, 1),
(11, 254, 1, 1, 0),
(11, 255, 1, 1, 1),
(11, 256, 1, 1, 1),
(11, 257, 1, 1, 0),
(11, 258, 1, 1, 1),
(11, 259, 1, 1, 0),
(11, 260, 1, 1, 0),
(11, 261, 1, 1, 0),
(11, 262, 1, 1, 0),
(11, 263, 1, 1, 0),
(11, 264, 1, 1, 0),
(11, 265, 1, 1, 0),
(11, 266, 1, 1, 0),
(11, 268, 1, 1, 1),
(11, 269, 1, 1, 1),
(11, 270, 1, 1, 0),
(11, 271, 1, 1, 0),
(11, 272, 1, 1, 0),
(11, 273, 1, 1, 1),
(11, 274, 1, 1, 0),
(11, 275, 1, 1, 0),
(11, 276, 1, 1, 0),
(11, 277, 1, 1, 0),
(11, 278, 1, 1, 0),
(11, 279, 1, 1, 0),
(11, 280, 1, 1, 0),
(11, 281, 1, 1, 0),
(11, 282, 1, 1, 0),
(11, 283, 1, 1, 0),
(11, 284, 1, 1, 0),
(11, 285, 1, 1, 1),
(11, 286, 1, 1, 0),
(11, 287, 1, 1, 0),
(11, 288, 1, 1, 0),
(11, 289, 1, 1, 0),
(11, 290, 1, 1, 0),
(11, 291, 1, 1, 0),
(11, 292, 1, 1, 0),
(11, 293, 1, 1, 0),
(11, 294, 1, 1, 0),
(11, 295, 1, 1, 0),
(11, 296, 1, 1, 0),
(11, 297, 1, 1, 1),
(11, 298, 1, 1, 0),
(11, 299, 1, 1, 1),
(11, 300, 1, 1, 0),
(11, 301, 1, 1, 0),
(11, 302, 1, 1, 1),
(12, 186, 1, 1, 0),
(12, 187, 0, 0, 0),
(12, 189, 1, 1, 0),
(12, 192, 0, 0, 0),
(12, 194, 0, 0, 0),
(12, 195, 0, 0, 0),
(12, 199, 0, 0, 0),
(12, 202, 1, 1, 1),
(12, 203, 1, 1, 1),
(12, 204, 1, 1, 0),
(12, 205, 1, 1, 0),
(12, 207, 1, 1, 0),
(12, 208, 0, 0, 0),
(12, 210, 1, 1, 0),
(12, 211, 1, 1, 0),
(12, 212, 0, 0, 0),
(12, 213, 1, 1, 0),
(12, 214, 1, 1, 0),
(12, 215, 1, 1, 0),
(12, 216, 1, 1, 0),
(12, 217, 1, 1, 0),
(12, 218, 1, 1, 0),
(12, 220, 1, 1, 0),
(12, 221, 1, 1, 0),
(12, 222, 1, 1, 0),
(12, 223, 1, 1, 0),
(12, 224, 1, 1, 0),
(12, 225, 1, 1, 0),
(12, 226, 1, 1, 0),
(12, 227, 1, 1, 0),
(12, 228, 1, 1, 0),
(12, 229, 1, 1, 0),
(12, 230, 1, 1, 0),
(12, 231, 1, 1, 0),
(12, 232, 1, 1, 0),
(12, 233, 1, 1, 0),
(12, 234, 1, 1, 0),
(12, 235, 1, 1, 0),
(12, 236, 1, 1, 0),
(12, 237, 1, 1, 0),
(12, 238, 1, 1, 0),
(12, 239, 1, 1, 0),
(12, 240, 1, 1, 0),
(12, 241, 1, 1, 1),
(12, 243, 1, 1, 0),
(12, 245, 1, 1, 0),
(12, 246, 1, 1, 0),
(12, 247, 1, 1, 0),
(12, 248, 1, 1, 0),
(12, 249, 1, 1, 0),
(12, 250, 1, 1, 0),
(12, 251, 1, 1, 0),
(12, 253, 1, 1, 0),
(12, 254, 1, 1, 0),
(12, 255, 1, 1, 0),
(12, 256, 1, 1, 0),
(12, 257, 1, 1, 0),
(12, 258, 1, 1, 0),
(12, 259, 1, 1, 0),
(12, 260, 1, 1, 0),
(12, 261, 1, 1, 1),
(12, 262, 1, 1, 0),
(12, 263, 1, 1, 0),
(12, 264, 1, 1, 0),
(12, 265, 1, 1, 0),
(12, 266, 1, 1, 0),
(12, 268, 1, 1, 0),
(12, 269, 1, 1, 0),
(12, 270, 1, 1, 0),
(12, 271, 1, 1, 0),
(12, 272, 1, 1, 0),
(12, 273, 1, 1, 0),
(12, 274, 1, 1, 0),
(12, 275, 1, 1, 0),
(12, 276, 1, 1, 0),
(12, 277, 1, 1, 0),
(12, 278, 1, 1, 0),
(12, 279, 1, 1, 0),
(12, 280, 1, 1, 0),
(12, 281, 1, 1, 0),
(12, 282, 1, 1, 0),
(12, 283, 1, 1, 0),
(12, 284, 1, 1, 1),
(12, 285, 1, 1, 0),
(12, 286, 1, 1, 0),
(12, 287, 1, 1, 0),
(12, 288, 1, 1, 0),
(12, 289, 1, 1, 0),
(12, 290, 1, 1, 1),
(12, 291, 1, 1, 0),
(12, 292, 1, 1, 0),
(12, 293, 1, 1, 0),
(12, 294, 1, 1, 0),
(12, 295, 1, 1, 0),
(12, 296, 1, 1, 1),
(12, 297, 1, 1, 0),
(12, 298, 1, 1, 0),
(12, 299, 1, 1, 0),
(12, 300, 1, 1, 0),
(12, 301, 1, 1, 0),
(12, 302, 1, 1, 0),
(13, 186, 1, 1, 0),
(13, 187, 0, 0, 0),
(13, 192, 0, 0, 0),
(13, 194, 0, 0, 0),
(13, 195, 0, 0, 0),
(13, 199, 0, 0, 0),
(13, 202, 0, 0, 0),
(13, 203, 0, 0, 0),
(13, 208, 0, 0, 0),
(13, 212, 0, 0, 0),
(13, 216, 0, 0, 0),
(13, 220, 1, 1, 0),
(13, 221, 1, 1, 0),
(13, 222, 1, 1, 0),
(13, 223, 1, 1, 0),
(13, 224, 1, 1, 0),
(13, 225, 1, 1, 0),
(13, 226, 1, 1, 0),
(13, 227, 1, 1, 0),
(13, 228, 1, 1, 0),
(13, 229, 1, 1, 0),
(13, 230, 1, 1, 0),
(13, 231, 1, 1, 0),
(13, 232, 1, 1, 0),
(13, 233, 1, 1, 0),
(13, 234, 1, 1, 0),
(13, 235, 1, 1, 0),
(13, 236, 1, 1, 0),
(13, 237, 1, 1, 0),
(13, 238, 1, 1, 0),
(13, 239, 1, 1, 0),
(13, 240, 1, 1, 0),
(13, 241, 1, 1, 0),
(13, 243, 1, 1, 0),
(13, 245, 1, 1, 0),
(13, 246, 1, 1, 0),
(13, 247, 1, 1, 0),
(13, 248, 1, 1, 0),
(13, 249, 1, 1, 0),
(13, 250, 1, 1, 0),
(13, 251, 1, 1, 0),
(13, 253, 1, 1, 0),
(13, 254, 1, 1, 0),
(13, 255, 1, 1, 0),
(13, 256, 0, 0, 0),
(13, 257, 1, 1, 0),
(13, 258, 1, 1, 0),
(13, 259, 1, 1, 0),
(13, 260, 1, 1, 0),
(13, 261, 1, 1, 1),
(13, 262, 1, 1, 0),
(13, 263, 1, 1, 0),
(13, 264, 1, 1, 0),
(13, 265, 1, 1, 0),
(13, 266, 1, 1, 0),
(13, 268, 1, 1, 0),
(13, 269, 1, 1, 0),
(13, 270, 1, 1, 0),
(13, 271, 1, 1, 0),
(13, 272, 1, 1, 0),
(13, 273, 1, 1, 0),
(13, 274, 1, 1, 0),
(13, 275, 1, 1, 0),
(13, 276, 1, 1, 0),
(13, 277, 1, 1, 0),
(13, 278, 1, 1, 0),
(13, 279, 1, 1, 0),
(13, 280, 1, 1, 0),
(13, 281, 1, 1, 0),
(13, 282, 1, 1, 0),
(13, 283, 1, 1, 0),
(13, 284, 1, 1, 0),
(13, 285, 0, 0, 0),
(13, 286, 0, 0, 0),
(13, 287, 0, 0, 0),
(13, 288, 1, 1, 0),
(13, 289, 1, 1, 0),
(13, 290, 1, 1, 0),
(13, 291, 1, 1, 0),
(13, 292, 1, 1, 0),
(13, 293, 1, 1, 0),
(13, 294, 1, 1, 0),
(13, 295, 1, 1, 0),
(13, 296, 1, 1, 0),
(13, 297, 1, 1, 0),
(13, 298, 1, 1, 0),
(13, 299, 0, 0, 0),
(13, 300, 0, 0, 0),
(13, 301, 0, 0, 0),
(13, 302, 0, 0, 0),
(14, 186, 1, 1, 0),
(14, 187, 0, 0, 0),
(14, 192, 0, 0, 0),
(14, 194, 0, 0, 0),
(14, 195, 0, 0, 0),
(14, 199, 0, 0, 0),
(14, 202, 0, 0, 0),
(14, 203, 0, 0, 0),
(14, 208, 0, 0, 0),
(14, 212, 0, 0, 0),
(14, 216, 0, 0, 0),
(14, 220, 1, 1, 0),
(14, 221, 1, 1, 0),
(14, 222, 1, 1, 0),
(14, 223, 1, 1, 0),
(14, 224, 1, 1, 0),
(14, 225, 1, 1, 0),
(14, 226, 1, 1, 0),
(14, 227, 1, 1, 0),
(14, 228, 1, 1, 0),
(14, 229, 1, 1, 0),
(14, 230, 1, 1, 0),
(14, 231, 1, 1, 0),
(14, 232, 1, 1, 0),
(14, 233, 1, 1, 0),
(14, 234, 1, 1, 0),
(14, 235, 1, 1, 0),
(14, 236, 1, 1, 0),
(14, 237, 1, 1, 0),
(14, 238, 1, 1, 0),
(14, 239, 1, 1, 0),
(14, 240, 1, 1, 0),
(14, 241, 1, 1, 0),
(14, 243, 1, 1, 0),
(14, 245, 1, 1, 0),
(14, 246, 1, 1, 0),
(14, 247, 1, 1, 0),
(14, 248, 1, 1, 0),
(14, 249, 1, 1, 0),
(14, 250, 1, 1, 0),
(14, 251, 1, 1, 0),
(14, 253, 1, 1, 0),
(14, 254, 1, 1, 0),
(14, 255, 1, 1, 0),
(14, 256, 0, 0, 0),
(14, 257, 1, 1, 0),
(14, 258, 1, 1, 0),
(14, 259, 1, 1, 0),
(14, 260, 1, 1, 0),
(14, 261, 1, 1, 0),
(14, 262, 1, 1, 0),
(14, 263, 1, 1, 0),
(14, 264, 1, 1, 0),
(14, 265, 1, 1, 0),
(14, 266, 1, 1, 0),
(14, 268, 1, 1, 0),
(14, 269, 1, 1, 0),
(14, 270, 1, 1, 0),
(14, 271, 1, 1, 0),
(14, 272, 1, 1, 0),
(14, 273, 1, 1, 0),
(14, 274, 1, 1, 0),
(14, 275, 1, 1, 0),
(14, 276, 1, 1, 0),
(14, 277, 1, 1, 0),
(14, 278, 1, 1, 0),
(14, 279, 1, 1, 0),
(14, 280, 1, 1, 0),
(14, 281, 1, 1, 0),
(14, 282, 1, 1, 0),
(14, 283, 1, 1, 0),
(14, 284, 1, 1, 0),
(14, 285, 0, 0, 0),
(14, 286, 0, 0, 0),
(14, 287, 0, 0, 0),
(14, 288, 1, 1, 0),
(14, 289, 1, 1, 0),
(14, 290, 1, 1, 0),
(14, 291, 1, 1, 0),
(14, 292, 1, 1, 0),
(14, 293, 1, 1, 0),
(14, 294, 1, 1, 0),
(14, 295, 1, 1, 0),
(14, 296, 1, 1, 0),
(14, 297, 1, 1, 0),
(14, 298, 1, 1, 0),
(14, 299, 0, 0, 0),
(14, 300, 0, 0, 0),
(14, 301, 0, 0, 0),
(14, 302, 0, 0, 0);

-- --------------------------------------------------------

--
-- Структура таблицы `tm_activity`
--

DROP TABLE IF EXISTS `tm_activity`;
CREATE TABLE IF NOT EXISTS `tm_activity` (
  `id` int(10) unsigned NOT NULL auto_increment,
  `date_action` datetime NOT NULL,
  `user_id` int(10) unsigned NOT NULL,
  `razdel` varchar(30) NOT NULL,
  `message` text NOT NULL,
  PRIMARY KEY  (`id`),
  KEY `user_id` (`user_id`)
) ENGINE=InnoDB  DEFAULT CHARSET=utf8 AUTO_INCREMENT=33 ;

--
-- Дамп данных таблицы `tm_activity`
--

INSERT INTO `tm_activity` (`id`, `date_action`, `user_id`, `razdel`, `message`) VALUES
(1, '2012-01-29 21:50:10', 11, 'Проекты', 'Изменения в задаче Добавить функцию оповещения '),
(2, '2012-01-29 21:50:43', 11, 'Проекты', 'Изменения в задаче Добавить функцию оповещения '),
(3, '2012-01-30 06:56:45', 7, 'Проекты', 'Удалена задача Почитать закон 8 и выставить стоимость'),
(4, '2012-01-30 06:57:18', 7, 'Проекты', 'Удалена задача Заказ на сайт &quot;Поселение&quot;'),
(5, '2012-01-30 07:09:03', 7, 'Проекты', 'Изменения в задаче Разработка сайта &quot;Инвойс-групп&quot; www.invoicegroup.ru'),
(6, '2012-01-30 07:09:13', 7, 'Проекты', 'Изменения в задаче Проект &quot;ЖКХ.информ&quot;'),
(7, '2012-01-30 07:09:23', 7, 'Проекты', 'Изменения в задаче Проект &quot;СибДневник&quot;'),
(8, '2012-01-30 07:10:52', 7, 'Проекты', 'Изменения в задаче Разработка сайта &quot;Бастион.Клуб&quot;'),
(9, '2012-01-30 09:55:49', 7, 'Проекты', 'Изменения в задаче Личный кабинет'),
(10, '2012-01-30 11:18:53', 7, 'Проекты', 'Добавлена задача Поиск РЭК'),
(11, '2012-01-30 11:19:15', 7, 'Проекты', 'Изменения в задаче Добавить раздел О компании - Полезные ссылки'),
(12, '2012-01-30 11:19:59', 7, 'Проекты', 'Изменения в задаче Добавить раздел О компании - Полезные ссылки'),
(13, '2012-01-30 11:20:12', 7, 'Проекты', 'Изменения в задаче Добавить раздел О компании - Полезные ссылки'),
(14, '2012-01-30 11:20:21', 7, 'Проекты', 'Изменения в задаче Установить иконки'),
(15, '2012-01-30 11:20:41', 7, 'Проекты', 'Изменения в задаче Программа по ФСТ'),
(16, '2012-01-30 11:21:07', 7, 'Проекты', 'Добавлена задача Мониторинг СМИ'),
(17, '2012-01-30 11:41:38', 11, 'Проекты', 'Изменения в задаче Первая страница, ограничить количество акций! '),
(18, '2012-01-30 14:23:50', 12, 'Проекты', 'Добавлена задача Компании - должны быть видны только в своём городе, кроме &quot;мультигородских&quot;'),
(19, '2012-01-30 14:32:50', 12, 'Проекты', 'Добавлена задача Ссылка на оригинальный товар'),
(20, '2012-01-30 14:34:42', 12, 'Проекты', 'Изменения в задаче Ссылка на оригинальный товар'),
(21, '2012-01-30 14:45:42', 12, 'Проекты', 'Изменения в задаче Ссылка на оригинальный товар'),
(22, '2012-01-30 14:46:31', 12, 'Проекты', 'Изменения в задаче Компании - должны быть видны только в своём городе, кроме &quot;мультигородских&quot;'),
(23, '2012-01-30 14:46:40', 12, 'Проекты', 'Изменения в задаче Компании - должны быть видны только в своём городе, кроме &quot;мультигородских&quot;'),
(24, '2012-01-30 14:48:54', 12, 'Проекты', 'Добавлена задача Уменьшение названий!'),
(25, '2012-01-30 14:50:48', 12, 'Проекты', 'Изменения в задаче Уменьшение названий!'),
(26, '2012-01-30 14:50:52', 12, 'Проекты', 'Изменения в задаче Уменьшение названий!'),
(27, '2012-01-30 14:53:30', 12, 'Проекты', 'Добавлена задача Название поправить'),
(28, '2012-01-30 14:54:05', 12, 'Проекты', 'Изменения в задаче Название поправить'),
(29, '2012-01-30 14:59:11', 7, 'Проекты', 'Изменения в задаче Мониторинг СМИ'),
(30, '2012-01-30 14:59:21', 7, 'Проекты', 'Изменения в задаче Мониторинг СМИ'),
(31, '2012-01-30 19:04:54', 11, 'Проекты', 'Изменения в задаче Название поправить'),
(32, '2012-01-30 19:18:48', 11, 'Проекты', 'Изменения в задаче Компании - должны быть видны только в своём городе, кроме &quot;мультигородских&quot;');

-- --------------------------------------------------------

--
-- Структура таблицы `tm_discussion`
--

DROP TABLE IF EXISTS `tm_discussion`;
CREATE TABLE IF NOT EXISTS `tm_discussion` (
  `id` int(10) unsigned NOT NULL auto_increment,
  `message` text NOT NULL,
  `date_create` datetime NOT NULL,
  `is_first` tinyint(1) NOT NULL default '0',
  `is_message` tinyint(1) NOT NULL default '0',
  `topic_id` int(10) unsigned default NULL,
  `parent_id` int(10) unsigned default NULL,
  `user_id` int(10) unsigned NOT NULL,
  `to_user_id` int(10) unsigned default NULL,
  `is_request` tinyint(1) NOT NULL default '0',
  `is_complete` tinyint(1) NOT NULL default '0',
  `is_archive` tinyint(1) NOT NULL default '0',
  PRIMARY KEY  (`id`),
  KEY `fk_tm_discussion_tm_discussion1` (`parent_id`),
  KEY `fk_tm_discussion_tm_user1` (`user_id`),
  KEY `topic_id` (`topic_id`),
  KEY `to_user_id` (`to_user_id`)
) ENGINE=InnoDB  DEFAULT CHARSET=utf8 AUTO_INCREMENT=316 ;

--
-- Дамп данных таблицы `tm_discussion`
--

INSERT INTO `tm_discussion` (`id`, `message`, `date_create`, `is_first`, `is_message`, `topic_id`, `parent_id`, `user_id`, `to_user_id`, `is_request`, `is_complete`, `is_archive`) VALUES
(188, 'Сайт РЭК', '2011-12-22 20:55:20', 0, 0, NULL, NULL, 1, NULL, 0, 0, 0),
(197, 'TaskDrive', '2012-01-18 10:12:32', 0, 0, NULL, NULL, 7, NULL, 0, 0, 0),
(198, 'Кузбасский центр энергосбережения', '2012-01-18 10:51:37', 0, 0, NULL, NULL, 7, NULL, 0, 0, 0),
(199, 'Интимжелание.рф', '2012-01-18 10:52:37', 0, 0, NULL, NULL, 7, NULL, 0, 0, 0),
(200, 'Бастион Магазин', '2012-01-18 10:56:41', 0, 0, NULL, NULL, 7, NULL, 0, 0, 0),
(201, 'Статистика', '2012-01-18 10:57:39', 0, 0, 200, NULL, 7, NULL, 0, 0, 0),
(202, 'Поддержка', '2012-01-18 11:10:31', 0, 0, 200, NULL, 7, NULL, 0, 0, 0),
(203, 'Установить иконки', '2012-01-19 10:34:12', 0, 0, 188, NULL, 7, NULL, 0, 0, 0),
(204, 'Срок верхней задачи собирается из всех внутренних', '2012-01-19 10:35:06', 0, 0, 197, NULL, 7, NULL, 0, 0, 0),
(205, 'Биллинг', '2012-01-19 10:36:35', 0, 0, NULL, NULL, 7, NULL, 0, 0, 0),
(206, 'Добавить функцию оповещения о новой задаче', '2012-01-19 14:01:16', 0, 0, 197, NULL, 7, NULL, 0, 0, 0),
(207, 'Подобрать домены', '2012-01-19 14:02:42', 0, 0, 198, NULL, 7, NULL, 0, 0, 0),
(208, 'Подготовить интерфейсы для программы', '2012-01-19 14:03:43', 0, 0, 205, NULL, 7, NULL, 0, 0, 0),
(209, 'Дизайн сайта', '2012-01-19 14:04:52', 0, 0, 200, NULL, 7, NULL, 0, 0, 0),
(210, 'Купить домен taskdrive.ru', '2012-01-19 14:05:18', 0, 0, 197, NULL, 7, NULL, 0, 0, 0),
(211, 'Описание программы', '2012-01-19 14:15:08', 0, 0, 188, NULL, 7, NULL, 0, 0, 0),
(212, 'Техническое задание', '2012-01-19 14:16:16', 0, 0, 199, NULL, 7, NULL, 0, 0, 0),
(213, 'СибДневник', '2012-01-19 14:24:17', 0, 0, NULL, NULL, 7, NULL, 0, 0, 0),
(214, 'Заполнить задачи по проекту СибДневник', '2012-01-19 14:24:59', 0, 0, 213, NULL, 7, NULL, 0, 0, 0),
(215, 'Изменение внешнего вид первой страницы', '2012-01-20 07:23:13', 0, 0, 213, NULL, 12, NULL, 0, 0, 0),
(216, 'Поиск программиста, для исправления багов и совершенствования продукта', '2012-01-20 07:24:17', 0, 0, 213, NULL, 12, NULL, 0, 0, 0),
(217, 'Покупка телефонных номеров 77-00-52 и 77-00-25', '2012-01-20 07:26:46', 0, 0, 214, NULL, 12, NULL, 0, 0, 0),
(218, 'Покупка телефонных номеров 77-00-52 и 77-00-25', '2012-01-20 07:27:21', 0, 0, 213, NULL, 12, NULL, 0, 0, 0),
(219, 'Добавить раздел О компании - Полезные ссылки', '2012-01-20 07:27:31', 0, 0, 188, NULL, 7, NULL, 0, 0, 0),
(220, 'Размещение на платёжных терминалах системы \\"Qiwi\\"', '2012-01-20 07:28:08', 0, 0, 218, NULL, 12, NULL, 0, 0, 0),
(221, ' Размещение на платёжных терминалах системы \\"Qiwi\\"', '2012-01-20 07:28:28', 0, 0, 213, NULL, 12, NULL, 0, 0, 0),
(222, 'Встречи с новым начальником департамента образования КО', '2012-01-20 07:30:03', 0, 0, 213, NULL, 12, NULL, 0, 0, 0),
(223, 'Программа по ФСТ', '2012-01-20 07:33:38', 0, 0, 188, NULL, 7, NULL, 0, 0, 0),
(224, 'Сайты УК', '2012-01-20 07:40:01', 0, 0, NULL, NULL, 7, NULL, 0, 0, 0),
(225, 'Автоинформаторы', '2012-01-20 07:55:29', 0, 0, 224, NULL, 7, NULL, 0, 0, 0),
(226, 'Сайты', '2012-01-20 07:55:38', 0, 0, 224, NULL, 7, NULL, 0, 0, 0),
(227, 'Экономь профессионально', '2012-01-20 08:19:57', 0, 0, NULL, NULL, 7, NULL, 0, 0, 0),
(228, 'СИБ-ДНЕНИК.РФ заканчивается 20-03-2012', '2012-01-20 08:29:17', 0, 0, 213, NULL, 7, NULL, 0, 0, 0),
(229, 'Придумать название', '2012-01-20 08:32:02', 0, 0, 205, NULL, 7, NULL, 0, 0, 0),
(230, 'Заказ на сайт \\"Поселение\\"', '2012-01-20 08:44:31', 0, 0, NULL, NULL, 7, NULL, 0, 0, 0),
(231, 'Сайт \\"Бастион.Клуб\\"', '2012-01-20 08:48:31', 0, 0, NULL, NULL, 7, NULL, 0, 0, 0),
(232, 'Проект \\"Создание, сопровождение сайтов. Реклама,  продвижение.\\"', '2012-01-20 08:50:21', 0, 0, NULL, NULL, 7, NULL, 0, 0, 0),
(233, 'Сайт \\"Инвойс-групп\\" www.invoicegroup.ru', '2012-01-20 08:51:01', 0, 0, NULL, NULL, 7, NULL, 0, 0, 0),
(234, 'Сайт \\"ГП АЭЭ\\" www.gpkoaee.ru', '2012-01-20 08:53:54', 0, 0, NULL, NULL, 7, NULL, 0, 0, 0),
(235, 'Добавить Контактные листы.', '2012-01-20 08:54:49', 0, 0, 197, NULL, 7, NULL, 0, 0, 0),
(236, 'Интерфейс', '2012-01-20 08:58:10', 0, 0, 205, NULL, 7, NULL, 0, 0, 0),
(237, 'Сортировка По видам услуг, по клиентам', '2012-01-20 09:02:01', 0, 0, 197, NULL, 7, NULL, 0, 0, 0),
(238, 'Выбрать стиль', '2012-01-20 09:06:38', 0, 0, 236, NULL, 7, NULL, 0, 0, 0),
(239, 'Предлагаю http://www.gken.ru/ - Описание полный порядок, тепло, экологично, чисто, с заботой. Комфортное проживание.', '2012-01-20 09:07:59', 0, 1, 238, NULL, 7, NULL, 0, 0, 0),
(240, 'Дизайн', '2012-01-20 09:15:21', 0, 0, 232, NULL, 7, NULL, 0, 0, 0),
(241, 'Описание услуг', '2012-01-20 09:15:33', 0, 0, 232, NULL, 7, NULL, 0, 0, 0),
(242, 'Разделы сайта', '2012-01-20 09:15:46', 0, 0, 232, NULL, 7, NULL, 0, 0, 0),
(243, 'Организация дела', '2012-01-20 09:17:03', 0, 0, 232, NULL, 7, NULL, 0, 0, 0),
(244, 'Права', '2012-01-20 09:20:55', 0, 0, 197, NULL, 7, NULL, 0, 0, 0),
(245, 'Как просмотреть все права для выбранного пользователя?', '2012-01-20 09:21:21', 0, 0, 244, NULL, 7, NULL, 0, 0, 0),
(246, 'Обсуждения', '2012-01-20 09:28:42', 0, 0, 197, NULL, 7, NULL, 0, 0, 0),
(247, 'Мои обсуждения на первой странице', '2012-01-20 09:29:16', 0, 0, 246, NULL, 7, NULL, 0, 0, 0),
(248, 'Сайт \\"Лесная поляна\\" ук-лесная.рф', '2012-01-20 09:31:13', 0, 0, 224, NULL, 7, NULL, 0, 0, 0),
(249, 'Личный кабинет', '2012-01-20 09:31:30', 0, 0, 248, NULL, 7, NULL, 0, 0, 0),
(250, 'Первая страница', '2012-01-20 09:32:21', 0, 0, 197, NULL, 7, NULL, 0, 0, 0),
(251, 'Мои задачи: Исполнить. Контроль.', '2012-01-20 09:33:26', 0, 0, 250, NULL, 7, NULL, 0, 0, 0),
(252, 'Функционал', '2012-01-20 09:33:56', 0, 0, 213, NULL, 7, NULL, 0, 0, 0),
(253, 'Забрать бумагу у Ивана', '2012-01-20 09:34:36', 0, 0, 252, NULL, 7, NULL, 0, 0, 0),
(254, 'Почитать закон 8 и выставить стоимость', '2012-01-20 09:35:48', 0, 0, 230, NULL, 7, NULL, 0, 0, 0),
(255, 'Дизайн', '2012-01-20 09:37:46', 0, 0, 231, NULL, 7, NULL, 0, 0, 0),
(256, 'Контактный лист', '2012-01-20 09:50:30', 0, 0, 224, NULL, 7, NULL, 0, 0, 0),
(257, 'Сайт \\"Ленинградский\\" ук-ленинградский.рф', '2012-01-20 09:52:30', 0, 0, 224, NULL, 7, NULL, 0, 0, 0),
(258, 'Зарегистрировать домен', '2012-01-20 09:53:09', 0, 0, 257, NULL, 7, NULL, 0, 0, 0),
(259, 'Сайт ИП Шульц', '2012-01-20 10:11:05', 0, 0, 224, NULL, 7, NULL, 0, 0, 0),
(260, 'Зарегистрировать домен ипшульц.рф', '2012-01-20 10:11:27', 0, 0, 259, NULL, 7, NULL, 0, 0, 0),
(261, 'Доделать варианты - встреча с Алексеем', '2012-01-20 10:14:43', 0, 0, 209, NULL, 7, NULL, 0, 0, 0),
(262, 'Разработать иконки', '2012-01-20 10:15:00', 0, 0, 209, NULL, 7, NULL, 0, 0, 0),
(263, 'Не редактируются права', '2012-01-20 10:16:46', 0, 0, 244, NULL, 7, NULL, 0, 0, 0),
(264, 'Поиск!', '2012-01-20 10:29:32', 0, 0, 227, NULL, 12, NULL, 0, 0, 0),
(265, 'Вёрстка', '2012-01-20 10:30:27', 0, 0, 227, NULL, 12, NULL, 0, 0, 0),
(266, 'Редактирование товара', '2012-01-20 10:31:07', 0, 0, 227, NULL, 12, NULL, 0, 0, 0),
(267, 'Меню акции', '2012-01-20 10:32:19', 0, 0, 227, NULL, 12, NULL, 0, 0, 0),
(268, 'Мультигород ', '2012-01-20 10:32:55', 0, 0, 227, NULL, 12, NULL, 0, 0, 0),
(269, 'Региональный представитель', '2012-01-20 10:33:33', 0, 0, 227, NULL, 12, NULL, 0, 0, 0),
(270, 'Личный органайзер', '2012-01-20 12:27:21', 0, 0, 197, NULL, 7, NULL, 0, 0, 0),
(271, 'Как делегировать приоритет выполнения, кто ставит сроки?', '2012-01-20 12:28:54', 0, 0, 270, NULL, 7, NULL, 0, 0, 0),
(272, 'Мониторинг СМИ', '2012-01-20 12:34:31', 0, 0, 197, NULL, 7, NULL, 0, 0, 0),
(273, 'Описание предметной области', '2012-01-20 12:36:13', 0, 0, 197, NULL, 7, NULL, 0, 0, 0),
(274, 'Задачи', '2012-01-20 13:43:36', 0, 0, 197, NULL, 7, NULL, 0, 0, 0),
(275, 'Статус выполненно или не выполненно - ставить прямо в менеджере задач', '2012-01-20 13:44:18', 0, 0, 274, NULL, 7, NULL, 0, 0, 0),
(276, 'Бессрочные задачи', '2012-01-20 13:44:49', 0, 0, 274, NULL, 7, NULL, 0, 0, 0),
(277, 'Задачи на дату', '2012-01-20 13:45:05', 0, 0, 274, NULL, 7, NULL, 0, 0, 0),
(278, 'Выполненные задачи в отдельную папку', '2012-01-20 14:49:48', 0, 0, 250, NULL, 7, NULL, 0, 0, 0),
(279, 'Разработать ПО сайта', '2012-01-20 14:59:00', 0, 0, 198, NULL, 7, NULL, 0, 0, 0),
(280, 'Когда выполнил задачу?', '2012-01-20 15:37:13', 0, 0, 274, NULL, 7, NULL, 0, 0, 0),
(281, 'Доработать дизайн', '2012-01-20 15:38:33', 0, 0, 198, NULL, 7, NULL, 0, 0, 0),
(282, 'Пользователи', '2012-01-20 15:50:46', 0, 0, 197, NULL, 7, NULL, 0, 0, 0),
(283, 'Не меняется пароль', '2012-01-20 15:51:23', 0, 0, 282, NULL, 7, NULL, 0, 0, 0),
(284, 'Добавить время выполнения к задаче', '2012-01-20 15:52:37', 0, 0, 274, NULL, 7, NULL, 0, 0, 0),
(285, 'Материал', '2012-01-21 13:41:10', 0, 0, 205, NULL, 7, NULL, 0, 0, 0),
(286, 'Безопастность', '2012-01-21 13:47:08', 0, 0, 205, NULL, 7, NULL, 0, 0, 0),
(287, 'Отправить Мулову почту с ГОСТами', '2012-01-21 13:47:52', 0, 0, 286, NULL, 7, NULL, 0, 0, 0),
(288, 'Идеи', '2012-01-21 13:55:38', 0, 0, 205, NULL, 7, NULL, 0, 0, 0),
(289, 'Портал Жкхинформ', '2012-01-21 14:01:54', 0, 0, 288, NULL, 7, NULL, 0, 0, 0),
(290, 'РКИЦ - расчетно кассово информационный центр', '2012-01-21 14:05:35', 0, 0, 288, NULL, 7, NULL, 0, 0, 0),
(291, 'Дизайн интерфейса', '2012-01-21 15:05:08', 0, 0, 197, NULL, 7, NULL, 0, 0, 0),
(292, 'Интерфейсы', '2012-01-21 15:05:36', 0, 0, 291, NULL, 7, NULL, 0, 0, 0),
(293, 'Биллинг', '2012-01-21 15:36:41', 0, 0, 285, NULL, 7, NULL, 0, 0, 0),
(294, 'Отправить логотип Алексею', '2012-01-21 16:05:42', 0, 0, 209, NULL, 7, NULL, 0, 0, 0),
(295, 'Отредактировать вывод поиска', '2012-01-22 20:53:13', 0, 0, 188, NULL, 11, NULL, 0, 0, 0),
(296, 'Мониторинг СМИ', '2012-01-23 08:23:01', 0, 0, 205, NULL, 7, NULL, 0, 0, 0),
(297, 'Банера, добавить слайдер! Отладить работу!', '2012-01-23 13:44:44', 0, 0, 227, NULL, 12, NULL, 0, 0, 0),
(298, 'Первая страница, ограничить количество акций! ', '2012-01-23 13:46:05', 0, 0, 227, NULL, 12, NULL, 0, 0, 0),
(299, '\\"Лайки\\", наладить работу!', '2012-01-23 13:46:30', 0, 0, 227, NULL, 12, NULL, 0, 0, 0),
(300, 'Понравившиеся сайты', '2012-01-24 14:07:34', 0, 0, 233, NULL, 12, NULL, 0, 0, 0),
(301, 'Техническое задание для сайта \\"Старые пестери\\"', '2012-01-27 07:38:17', 0, 0, NULL, NULL, 7, NULL, 0, 0, 0),
(302, 'Проект задания', '2012-01-27 07:40:12', 0, 0, 301, NULL, 7, NULL, 0, 0, 0),
(303, 'Кадры', '2012-01-27 07:43:20', 0, 0, NULL, NULL, 7, NULL, 0, 0, 0),
(304, 'Php-программисты', '2012-01-27 07:43:41', 0, 0, 303, NULL, 7, NULL, 0, 0, 0),
(305, 'Сахаров Максим Васильевич, 39 лет', '2012-01-27 07:46:38', 0, 0, 304, NULL, 12, NULL, 0, 0, 0),
(306, 'Дизайнеры', '2012-01-27 07:46:59', 0, 0, 303, NULL, 7, NULL, 0, 0, 0),
(307, 'Менеджеры по продажам', '2012-01-27 07:47:12', 0, 0, 303, NULL, 7, NULL, 0, 0, 0),
(308, 'Старопестери', '2012-01-27 07:48:07', 0, 0, 302, NULL, 7, NULL, 0, 0, 0),
(309, 'Мониторинг сайтов о работе 2 раза в неделю.', '2012-01-27 08:15:53', 0, 0, 303, NULL, 7, NULL, 0, 0, 0),
(310, 'Поиск РЭК', '2012-01-30 11:18:53', 0, 0, 188, NULL, 7, NULL, 0, 0, 0),
(311, 'Мониторинг СМИ', '2012-01-30 11:21:07', 0, 0, 188, NULL, 7, NULL, 0, 0, 0),
(312, 'Компании - должны быть видны только в своём городе, кроме \\"мультигородских\\"', '2012-01-30 14:23:50', 0, 0, 227, NULL, 12, NULL, 0, 0, 0),
(313, 'Ссылка на оригинальный товар', '2012-01-30 14:32:50', 0, 0, 227, NULL, 12, NULL, 0, 0, 0),
(314, 'Уменьшение названий!', '2012-01-30 14:48:54', 0, 0, 227, NULL, 12, NULL, 0, 0, 0),
(315, 'Название поправить', '2012-01-30 14:53:30', 0, 0, 227, NULL, 12, NULL, 0, 0, 0);

-- --------------------------------------------------------

--
-- Структура таблицы `tm_discussion_document`
--

DROP TABLE IF EXISTS `tm_discussion_document`;
CREATE TABLE IF NOT EXISTS `tm_discussion_document` (
  `document_id` int(10) unsigned NOT NULL,
  `discussion_id` int(10) unsigned NOT NULL,
  `is_doc` tinyint(1) NOT NULL default '0',
  PRIMARY KEY  (`document_id`,`discussion_id`),
  KEY `document_id` (`document_id`),
  KEY `discussion_id` (`discussion_id`)
) ENGINE=InnoDB DEFAULT CHARSET=utf8;

--
-- Дамп данных таблицы `tm_discussion_document`
--

INSERT INTO `tm_discussion_document` (`document_id`, `discussion_id`, `is_doc`) VALUES
(335, 308, 0);

-- --------------------------------------------------------

--
-- Структура таблицы `tm_document`
--

DROP TABLE IF EXISTS `tm_document`;
CREATE TABLE IF NOT EXISTS `tm_document` (
  `id` int(10) unsigned NOT NULL auto_increment,
  `title` varchar(255) NOT NULL,
  `date_create` datetime NOT NULL,
  `user_id` int(10) unsigned NOT NULL,
  `file` varchar(255) default NULL,
  `is_folder` tinyint(1) NOT NULL default '0',
  `parent_id` int(10) unsigned default NULL,
  `is_archive` tinyint(1) NOT NULL default '0',
  PRIMARY KEY  (`id`),
  KEY `fk_tm_document_tm_document1` (`parent_id`),
  KEY `fk_tm_document_tm_user1` (`user_id`)
) ENGINE=InnoDB  DEFAULT CHARSET=utf8 AUTO_INCREMENT=353 ;

--
-- Дамп данных таблицы `tm_document`
--

INSERT INTO `tm_document` (`id`, `title`, `date_create`, `user_id`, `file`, `is_folder`, `parent_id`, `is_archive`) VALUES
(199, 'Сайт РЭК', '2011-12-19 16:55:14', 1, 'Say_REK', 1, NULL, 0),
(200, 'Отредактировать вывод новостей', '2011-12-19 17:12:39', 1, 'Oedakiova_vvod_novoey', 1, 199, 0),
(223, 'TaskDrive', '2012-01-18 10:12:32', 7, 'TaskDrive', 1, NULL, 0),
(224, 'Кузбасский центр энергосбережения', '2012-01-18 10:51:37', 7, 'Kzbakiy_en_negobeejeniya', 1, NULL, 0),
(225, 'Интимжелание.рф', '2012-01-18 10:52:37', 7, 'Inimjelanie', 1, NULL, 0),
(226, 'Бастион Магазин', '2012-01-18 10:56:41', 7, 'Baion_Magazin', 1, NULL, 0),
(227, 'Статистика', '2012-01-18 10:57:39', 7, 'Saiika', 1, 226, 0),
(228, 'Поддержка', '2012-01-18 11:10:31', 7, 'Poddejka', 1, 226, 0),
(229, 'Установить иконки', '2012-01-19 10:34:12', 7, 'Uanovi_ikonki', 1, 199, 0),
(230, 'Срок верхней задачи собирается из всех внутренних', '2012-01-19 10:35:06', 7, 'Sok_veney_zadai_obiaeya_iz_ve_vnenni', 1, 223, 0),
(231, 'Биллинг', '2012-01-19 10:36:35', 7, 'Billing', 1, NULL, 0),
(232, 'Добавить функцию оповещения о новой задаче', '2012-01-19 14:01:16', 7, 'Dobavi_nki_opoveeniya_o_novoy_zadae', 1, 223, 0),
(233, 'Подобрать домены', '2012-01-19 14:02:42', 7, 'Podoba_domen', 1, 224, 0),
(234, 'Подготовить интерфейсы для программы', '2012-01-19 14:03:43', 7, 'Podgoovi_ineey_dlya_pogamm', 1, 231, 0),
(235, 'Дизайн сайта', '2012-01-19 14:04:52', 7, 'Dizayn_aya', 1, 226, 0),
(236, 'Купить домен taskdrive.ru', '2012-01-19 14:05:18', 7, 'Kpi_domen_taskdriveru', 1, 223, 0),
(237, 'Описание программы', '2012-01-19 14:15:08', 7, 'Opianie_pogamm', 1, 199, 0),
(238, 'Техническое задание', '2012-01-19 14:16:16', 7, 'Teniekoe_zadanie', 1, 225, 0),
(239, 'СибДневник', '2012-01-19 14:24:17', 7, 'SibDnevnik', 1, NULL, 0),
(240, 'Заполнить задачи по проекту СибДневник', '2012-01-19 14:24:59', 7, 'Zapolni_zadai_po_poek_SibDnevnik', 1, 239, 0),
(241, 'Изменение внешнего вид первой страницы', '2012-01-20 07:23:13', 12, 'Izmenenie_vnenego_vid_pevoy_ani', 1, 239, 0),
(242, 'Поиск программиста, для исправления багов и совершенствования продукта', '2012-01-20 07:24:17', 12, 'Poik_pogammia_dlya_ipavleniya_bagov_i_oveenvovaniya_podka', 1, 239, 0),
(243, 'Покупка телефонных номеров 77-00-52 и 77-00-25', '2012-01-20 07:26:46', 12, 'Pokpka_eleonn_nomeov_770052_i_770025', 1, 240, 0),
(244, 'Покупка телефонных номеров 77-00-52 и 77-00-25', '2012-01-20 07:27:21', 12, 'Pokpka_eleonn_nomeov_770052_i_770025', 1, 239, 0),
(245, 'Добавить раздел О компании - Полезные ссылки', '2012-01-20 07:27:31', 7, 'Dobavi_azdel_O_kompanii__Polezne_lki', 1, 199, 0),
(246, 'Размещение на платёжных терминалах системы \\"Qiwi\\"', '2012-01-20 07:28:08', 12, 'Razmeenie_na_plaёjn_eminala_iem_Qiwi', 1, 244, 0),
(247, ' Размещение на платёжных терминалах системы \\"Qiwi\\"', '2012-01-20 07:28:28', 12, '_Razmeenie_na_plaёjn_eminala_iem_Qiwi', 1, 239, 0),
(248, 'Встречи с новым начальником департамента образования КО', '2012-01-20 07:30:03', 12, 'Vei__novm_naalnikom_depaamena_obazovaniya_KO', 1, 239, 0),
(249, 'Программа по ФСТ', '2012-01-20 07:33:38', 7, 'Pogamma_po_FST', 1, 199, 0),
(250, 'Сайты УК', '2012-01-20 07:40:01', 7, 'Say_UK', 1, NULL, 0),
(251, 'Автоинформаторы', '2012-01-20 07:55:29', 7, 'Avoinomao', 1, 250, 0),
(252, 'Сайты', '2012-01-20 07:55:38', 7, 'Say', 1, 250, 0),
(253, 'Экономь профессионально', '2012-01-20 08:19:57', 7, 'Ekonom_poeionalno', 1, NULL, 0),
(254, 'СИБ-ДНЕНИК.РФ заканчивается 20-03-2012', '2012-01-20 08:29:17', 7, 'SIBDNENIKRF_zakanivaeya_20032012', 1, 239, 0),
(255, 'Придумать название', '2012-01-20 08:32:02', 7, 'Pidma_nazvanie', 1, 231, 0),
(256, 'Заказ на сайт \\"Поселение\\"', '2012-01-20 08:44:31', 7, 'Zakaz_na_ay_Poelenie', 1, NULL, 0),
(257, 'Сайт \\"Бастион.Клуб\\"', '2012-01-20 08:48:31', 7, 'Say_BaionKlb', 1, NULL, 0),
(258, 'Проект \\"Создание, сопровождение сайтов. Реклама,  продвижение.\\"', '2012-01-20 08:50:21', 7, 'Poek_Sozdanie_opovojdenie_ayov_Reklama__podvijenie', 1, NULL, 0),
(259, 'Сайт \\"Инвойс-групп\\" www.invoicegroup.ru', '2012-01-20 08:51:01', 7, 'Say_Invoygpp_wwwinvoicegroupru', 1, NULL, 0),
(260, 'Сайт \\"ГП АЭЭ\\" www.gpkoaee.ru', '2012-01-20 08:53:54', 7, 'Say_GP_AEE_wwwgpkoaeeru', 1, NULL, 0),
(261, 'Добавить Контактные листы.', '2012-01-20 08:54:49', 7, 'Dobavi_Konakne_li', 1, 223, 0),
(262, 'Интерфейс', '2012-01-20 08:58:10', 7, 'Ineey', 1, 231, 0),
(263, 'Сортировка По видам услуг, по клиентам', '2012-01-20 09:02:01', 7, 'Soiovka_Po_vidam_lg_po_klienam', 1, 223, 0),
(264, 'Выбрать стиль', '2012-01-20 09:06:38', 7, 'Vba_il', 1, 262, 0),
(265, 'Дизайн', '2012-01-20 09:15:21', 7, 'Dizayn', 1, 258, 0),
(266, 'Описание услуг', '2012-01-20 09:15:33', 7, 'Opianie_lg', 1, 258, 0),
(267, 'Разделы сайта', '2012-01-20 09:15:46', 7, 'Razdel_aya', 1, 258, 0),
(268, 'Организация дела', '2012-01-20 09:17:03', 7, 'Oganizaiya_dela', 1, 258, 0),
(269, 'Права', '2012-01-20 09:20:55', 7, 'Pava', 1, 223, 0),
(270, 'Как просмотреть все права для выбранного пользователя?', '2012-01-20 09:21:21', 7, 'Kak_pomoe_ve_pava_dlya_vbannogo_polzovaelya', 1, 269, 0),
(271, 'Обсуждения', '2012-01-20 09:28:42', 7, 'Objdeniya', 1, 223, 0),
(272, 'Мои обсуждения на первой странице', '2012-01-20 09:29:16', 7, 'Moi_objdeniya_na_pevoy_anie', 1, 271, 0),
(273, 'Сайт \\"Лесная поляна\\" ук-лесная.рф', '2012-01-20 09:31:13', 7, 'Say_Lenaya_polyana_klenaya', 1, 250, 0),
(274, 'Личный кабинет', '2012-01-20 09:31:30', 7, 'Liny_kabine', 1, 273, 0),
(275, 'Первая страница', '2012-01-20 09:32:21', 7, 'Pevaya_ania', 1, 223, 0),
(276, 'Мои задачи: Исполнить. Контроль.', '2012-01-20 09:33:26', 7, 'Moi_zadai_Ipolni_Konol', 1, 275, 0),
(277, 'Функционал', '2012-01-20 09:33:56', 7, 'Fnkional', 1, 239, 0),
(278, 'Забрать бумагу у Ивана', '2012-01-20 09:34:36', 7, 'Zaba_bmag__Ivana', 1, 277, 0),
(279, 'Почитать закон 8 и выставить стоимость', '2012-01-20 09:35:48', 7, 'Poia_zakon_8_i_vavi_oimo', 1, 256, 0),
(280, 'Дизайн', '2012-01-20 09:37:46', 7, 'Dizayn', 1, 257, 0),
(281, 'Контактный лист', '2012-01-20 09:50:30', 7, 'Konakny_li', 1, 250, 0),
(282, 'Сайт \\"Ленинградский\\" ук-ленинградский.рф', '2012-01-20 09:52:30', 7, 'Say_Leningadkiy_kleningadkiy', 1, 250, 0),
(283, 'Зарегистрировать домен', '2012-01-20 09:53:09', 7, 'Zaegiiova_domen', 1, 282, 0),
(284, 'Сайт ИП Шульц', '2012-01-20 10:11:04', 7, 'Say_IP_SHl', 1, 250, 0),
(285, 'Зарегистрировать домен ипшульц.рф', '2012-01-20 10:11:27', 7, 'Zaegiiova_domen_ipl', 1, 284, 0),
(286, 'Доделать варианты - встреча с Алексеем', '2012-01-20 10:14:43', 7, 'Dodela_vaian__vea__Alekeem', 1, 235, 0),
(287, 'Разработать иконки', '2012-01-20 10:15:00', 7, 'Razaboa_ikonki', 1, 235, 0),
(288, 'Не редактируются права', '2012-01-20 10:16:46', 7, 'Ne_edakiya_pava', 1, 269, 0),
(289, 'Не редактируются права', '2012-01-20 10:16:46', 7, '', 1, 269, 0),
(290, 'Поиск!', '2012-01-20 10:29:32', 12, 'Poik', 1, 253, 0),
(291, 'Вёрстка', '2012-01-20 10:30:27', 12, 'Vёka', 1, 253, 0),
(292, 'Редактирование товара', '2012-01-20 10:31:07', 12, 'Redakiovanie_ovaa', 1, 253, 0),
(293, 'Меню акции', '2012-01-20 10:32:19', 12, 'Men_akii', 1, 253, 0),
(294, 'Мультигород ', '2012-01-20 10:32:55', 12, 'Mligood_', 1, 253, 0),
(295, 'Региональный представитель', '2012-01-20 10:33:33', 12, 'Regionalny_pedaviel', 1, 253, 0),
(296, 'Личный органайзер', '2012-01-20 12:27:21', 7, 'Liny_oganayze', 1, 223, 0),
(297, 'Как делегировать приоритет выполнения, кто ставит сроки?', '2012-01-20 12:28:54', 7, 'Kak_delegiova_pioie_vpolneniya_ko_avi_oki', 1, 296, 0),
(298, 'Мониторинг СМИ', '2012-01-20 12:34:31', 7, 'Monioing_SMI', 1, 223, 0),
(299, 'Описание предметной области', '2012-01-20 12:36:13', 7, 'Opianie_pedmenoy_oblai', 1, 223, 0),
(300, 'Задачи', '2012-01-20 13:43:36', 7, 'Zadai', 1, 223, 0),
(301, 'Статус выполненно или не выполненно - ставить прямо в менеджере задач', '2012-01-20 13:44:18', 7, 'Sa_vpolnenno_ili_ne_vpolnenno__avi_pyamo_v_menedjee_zada', 1, 300, 0),
(302, 'Бессрочные задачи', '2012-01-20 13:44:49', 7, 'Beone_zadai', 1, 300, 0),
(303, 'Задачи на дату', '2012-01-20 13:45:05', 7, 'Zadai_na_da', 1, 300, 0),
(304, 'Выполненные задачи в отдельную папку', '2012-01-20 14:49:48', 7, 'Vpolnenne_zadai_v_odeln_papk', 1, 275, 0),
(305, 'Разработать ПО сайта', '2012-01-20 14:59:00', 7, 'Razaboa_PO_aya', 1, 224, 0),
(306, 'Техническое задание', '2012-01-20 15:10:32', 7, 'file_20-01-2012-15-10-32.doc', 0, 305, 0),
(307, 'Когда выполнил задачу?', '2012-01-20 15:37:13', 7, 'Kogda_vpolnil_zada', 1, 300, 0),
(308, 'Доработать дизайн', '2012-01-20 15:38:33', 7, 'Doaboa_dizayn', 1, 224, 0),
(309, 'Пользователи', '2012-01-20 15:50:46', 7, 'Polzovaeli', 1, 223, 0),
(310, 'Не меняется пароль', '2012-01-20 15:51:23', 7, 'Ne_menyaeya_paol', 1, 309, 0),
(311, 'Добавить время выполнения к задаче', '2012-01-20 15:52:37', 7, 'Dobavi_vemya_vpolneniya_k_zadae', 1, 300, 0),
(312, 'Материал', '2012-01-21 13:41:10', 7, 'Maeial', 1, 231, 0),
(313, 'Безопастность', '2012-01-21 13:47:08', 7, 'Bezopano', 1, 231, 0),
(314, 'Отправить Мулову почту с ГОСТами', '2012-01-21 13:47:52', 7, 'Opavi_Mlov_po__GOSTami', 1, 313, 0),
(315, 'Идеи', '2012-01-21 13:55:38', 7, 'Idei', 1, 231, 0),
(316, 'Портал Жкхинформ', '2012-01-21 14:01:54', 7, 'Poal_Jkinom', 1, 315, 0),
(317, 'РКИЦ - расчетно кассово информационный центр', '2012-01-21 14:05:35', 7, 'RKITS__aeno_kaovo_inomaionny_en', 1, 315, 0),
(318, 'Дизайн интерфейса', '2012-01-21 15:05:08', 7, 'Dizayn_ineeya', 1, 223, 0),
(319, 'Интерфейсы', '2012-01-21 15:05:36', 7, 'Ineey', 1, 318, 0),
(320, '1', '2012-01-21 15:07:07', 7, 'file_21-01-2012-15-07-07.jpg', 0, 319, 0),
(321, '2', '2012-01-21 15:07:28', 7, 'file_21-01-2012-15-07-28.jpg', 0, 319, 0),
(322, '3', '2012-01-21 15:07:47', 7, 'file_21-01-2012-15-07-47.jpg', 0, 319, 0),
(323, '4', '2012-01-21 15:08:03', 7, 'file_21-01-2012-15-08-03.jpg', 0, 319, 0),
(324, 'Биллинг', '2012-01-21 15:36:41', 7, 'Billing', 1, 312, 0),
(325, 'Биллинговые системы', '2012-01-21 15:39:42', 7, 'file_21-01-2012-15-39-42.docx', 0, 324, 0),
(326, 'Облако и биллинг', '2012-01-21 15:40:19', 7, 'file_21-01-2012-15-40-19.docx', 0, 324, 0),
(327, 'Отправить логотип Алексею', '2012-01-21 16:05:42', 7, 'Opavi_logoip_Aleke', 1, 235, 0),
(328, 'Мониторинг СМИ', '2012-01-23 08:23:01', 7, 'Monioing_SMI', 1, 231, 0),
(329, 'Банера, добавить слайдер! Отладить работу!', '2012-01-23 13:44:44', 12, 'Banea_dobavi_layde_Oladi_abo', 1, 253, 0),
(330, 'Первая страница, ограничить количество акций! ', '2012-01-23 13:46:05', 12, 'Pevaya_ania_oganii_kolievo_akiy_', 1, 253, 0),
(331, '\\"Лайки\\", наладить работу!', '2012-01-23 13:46:30', 12, 'Layki_naladi_abo', 1, 253, 0),
(332, 'Понравившиеся сайты', '2012-01-24 14:07:34', 12, 'Ponavivieya_ay', 1, 259, 0),
(333, 'Техническое задание для сайта \\"Старые пестери\\"', '2012-01-27 07:38:17', 7, 'Teniekoe_zadanie_dlya_aya_Sae_peei', 1, NULL, 0),
(334, 'Проект задания', '2012-01-27 07:40:12', 7, 'Poek_zadaniya', 1, 333, 0),
(335, 'Старопестери', '2012-01-27 07:41:36', 7, 'file_27-01-2012-07-41-36.docx', 0, 334, 0),
(336, 'Кадры', '2012-01-27 07:43:20', 7, 'Kad', 1, NULL, 0),
(337, 'Php-программисты', '2012-01-27 07:43:41', 7, 'Phppogammi', 1, 336, 0),
(338, 'Сахаров Максим Васильевич, 39 лет', '2012-01-27 07:46:38', 12, 'Saaov_Makim_Vailevi_39_le', 1, 337, 0),
(339, 'Дизайнеры', '2012-01-27 07:46:59', 7, 'Dizayne', 1, 336, 0),
(340, 'Менеджеры по продажам', '2012-01-27 07:47:12', 7, 'Menedje_po_podajam', 1, 336, 0),
(341, 'Мониторинг сайтов о работе 2 раза в неделю.', '2012-01-27 08:15:53', 7, 'Monioing_ayov_o_aboe_2_aza_v_nedel', 1, 336, 0),
(342, 'Поиск РЭК', '2012-01-30 11:18:53', 7, 'Poik_REK', 1, 199, 0),
(343, 'Мониторинг СМИ', '2012-01-30 11:21:07', 7, 'Monioing_SMI', 1, 199, 0),
(344, 'Компании - должны быть видны только в своём городе, кроме \\"мультигородских\\"', '2012-01-30 14:23:49', 12, 'Kompanii__doljn_b_vidn_olko_v_voёm_goode_kome_mligoodki', 1, 253, 0),
(345, 'Ссылка на оригинальный товар', '2012-01-30 14:32:50', 12, 'Slka_na_oiginalny_ova', 1, 253, 0),
(346, 'Ссылки', '2012-01-30 14:45:42', 12, 'file_30-01-2012-14-45-42.jpg', 0, 345, 0),
(347, 'Ссылки', '2012-01-30 14:46:31', 12, 'file_30-01-2012-14-46-31.jpg', 0, 344, 0),
(348, 'Ссылки', '2012-01-30 14:46:40', 12, 'file_30-01-2012-14-46-40.jpg', 0, 344, 0),
(349, 'Уменьшение названий!', '2012-01-30 14:48:54', 12, 'Umenenie_nazvaniy', 1, 253, 0),
(350, 'Уменьшение', '2012-01-30 14:50:48', 12, 'file_30-01-2012-14-50-48.jpg', 0, 349, 0),
(351, 'Уменьшение', '2012-01-30 14:50:52', 12, 'file_30-01-2012-14-50-52.jpg', 0, 349, 0),
(352, 'Название поправить', '2012-01-30 14:53:30', 12, 'Nazvanie_popavi', 1, 253, 0);

-- --------------------------------------------------------

--
-- Структура таблицы `tm_document_attribute`
--

DROP TABLE IF EXISTS `tm_document_attribute`;
CREATE TABLE IF NOT EXISTS `tm_document_attribute` (
  `document_id` int(10) unsigned NOT NULL,
  `attribute_key` varchar(255) NOT NULL,
  `type_id` int(10) unsigned NOT NULL,
  `attribute_value` text NOT NULL,
  `is_fill` tinyint(1) NOT NULL default '0',
  PRIMARY KEY  (`document_id`,`attribute_key`),
  KEY `fk_tm_task_attribute_tm_task1` (`document_id`),
  KEY `fk_tm_document_attribute_tm_document_attribute_type1` (`type_id`)
) ENGINE=InnoDB DEFAULT CHARSET=utf8;

--
-- Дамп данных таблицы `tm_document_attribute`
--

INSERT INTO `tm_document_attribute` (`document_id`, `attribute_key`, `type_id`, `attribute_value`, `is_fill`) VALUES
(306, 'description', 2, '', 0),
(320, 'description', 2, '', 0),
(321, 'description', 2, '', 0),
(322, 'description', 2, '', 0),
(323, 'description', 2, '', 0),
(325, 'description', 2, '', 0),
(326, 'description', 2, '', 0),
(335, 'description', 2, '', 0),
(346, 'description', 2, '', 0),
(347, 'description', 2, '', 0),
(348, 'description', 2, '', 0),
(350, 'description', 2, '', 0),
(351, 'description', 2, '', 0);

-- --------------------------------------------------------

--
-- Структура таблицы `tm_document_attribute_type`
--

DROP TABLE IF EXISTS `tm_document_attribute_type`;
CREATE TABLE IF NOT EXISTS `tm_document_attribute_type` (
  `id` int(10) unsigned NOT NULL auto_increment,
  `title` varchar(50) NOT NULL,
  `handler` varchar(100) NOT NULL,
  `description` varchar(255) NOT NULL,
  PRIMARY KEY  (`id`),
  UNIQUE KEY `title_UNIQUE` (`title`)
) ENGINE=InnoDB  DEFAULT CHARSET=utf8 AUTO_INCREMENT=4 ;

--
-- Дамп данных таблицы `tm_document_attribute_type`
--

INSERT INTO `tm_document_attribute_type` (`id`, `title`, `handler`, `description`) VALUES
(1, 'Строка', 'TM_Attribute_AttributeType', 'Любое строковое значение'),
(2, 'Текст', 'TM_Attribute_AttributeTypeText', 'Многострочный  текст'),
(3, 'Список', 'TM_Attribute_AttributeTypeList', 'Список из возможных вариантов');

-- --------------------------------------------------------

--
-- Структура таблицы `tm_document_hash`
--

DROP TABLE IF EXISTS `tm_document_hash`;
CREATE TABLE IF NOT EXISTS `tm_document_hash` (
  `document_id` int(10) unsigned default NULL,
  `attribute_key` varchar(255) NOT NULL,
  `title` varchar(255) NOT NULL,
  `type_id` int(10) unsigned NOT NULL,
  `list_value` text,
  PRIMARY KEY  (`attribute_key`),
  KEY `fk_tm_document_hash_tm_task_attribute_type1` (`type_id`),
  KEY `fk_tm_document_hash_tm_task1` (`document_id`)
) ENGINE=InnoDB DEFAULT CHARSET=utf8;

--
-- Дамп данных таблицы `tm_document_hash`
--

INSERT INTO `tm_document_hash` (`document_id`, `attribute_key`, `title`, `type_id`, `list_value`) VALUES
(NULL, 'description', 'Описание документа', 2, ' ');

-- --------------------------------------------------------

--
-- Структура таблицы `tm_task`
--

DROP TABLE IF EXISTS `tm_task`;
CREATE TABLE IF NOT EXISTS `tm_task` (
  `id` int(10) unsigned NOT NULL auto_increment,
  `title` varchar(255) NOT NULL,
  `user_id` int(10) unsigned NOT NULL,
  `date_create` datetime NOT NULL,
  `type` int(10) unsigned NOT NULL default '1',
  `is_archive` tinyint(1) NOT NULL default '0',
  PRIMARY KEY  (`id`),
  KEY `fk_tm_task_tm_user1` (`user_id`)
) ENGINE=InnoDB  DEFAULT CHARSET=utf8 AUTO_INCREMENT=303 ;

--
-- Дамп данных таблицы `tm_task`
--

INSERT INTO `tm_task` (`id`, `title`, `user_id`, `date_create`, `type`, `is_archive`) VALUES
(165, 'Сопровождение сайта \\"РЭК\\" www.recko.ru', 1, '2011-12-19 16:54:41', 1, 0),
(166, 'Отредактировать вывод поиска', 1, '2012-01-10 00:00:00', 1, 0),
(186, 'Проект \\"TaskDrive\\"', 7, '2012-01-18 10:11:02', 1, 0),
(187, 'Разработка сайта \\"Кузбасский центр энергосбережения\\"', 7, '2012-01-18 10:51:00', 1, 0),
(188, 'Разработка сайта \\"Интимжелание.рф\\"', 7, '2012-01-18 10:51:56', 1, 0),
(189, 'Разработка сайта \\"Бастион.Магазин\\"', 7, '2012-01-18 10:52:45', 1, 0),
(190, 'Статистика', 7, '2012-01-18 10:57:25', 1, 0),
(191, 'Поддержка', 7, '2012-01-18 10:57:49', 1, 0),
(192, 'Установить иконки', 7, '2012-01-19 10:33:47', 1, 0),
(193, 'Срок верхней задачи собирается из всех внутренних', 7, '2012-01-19 10:34:35', 1, 0),
(194, 'Проект \\"ЖКХ.информ\\"', 7, '2012-01-19 10:35:25', 1, 0),
(195, 'Добавить функцию оповещения ', 7, '2012-01-19 14:00:53', 1, 0),
(196, 'Подобрать домены', 7, '2012-01-19 14:02:24', 1, 0),
(198, 'Дизайн сайта', 7, '2012-01-19 14:04:08', 1, 0),
(199, 'Купить домен taskdrive.ru и projectdrive.ru', 7, '2012-01-19 14:05:02', 1, 0),
(200, 'Описание программы', 7, '2012-01-19 14:14:24', 1, 0),
(201, 'Техническое задание', 7, '2012-01-19 14:16:02', 1, 0),
(202, 'Проект \\"СибДневник\\"', 7, '2012-01-19 14:24:04', 1, 0),
(203, 'Заполнить задачи по проекту СибДневник', 7, '2012-01-19 14:24:33', 1, 0),
(204, 'Изменение внешнего вида первой страницы', 12, '2012-01-20 07:21:14', 2, 0),
(205, 'Поиск программиста, для исправления багов и совершенствования продукта', 12, '2012-01-20 07:23:20', 1, 0),
(207, 'Покупка телефонных номеров 77-00-52 и 77-00-25', 12, '2012-01-20 07:27:15', 1, 0),
(208, 'Добавить раздел О компании - Полезные ссылки', 7, '2012-01-20 07:26:46', 1, 0),
(210, ' Размещение на платёжных терминалах системы \\"Qiwi\\"', 12, '2012-01-20 07:28:24', 1, 0),
(211, 'Встречи с новым начальником департамента образования КО', 12, '2012-01-20 07:29:14', 1, 0),
(212, 'Программа по ФСТ', 7, '2012-01-20 07:31:46', 1, 0),
(213, 'Проект \\"Сайты, авторинформаторы УК\\"', 7, '2012-01-20 07:39:45', 1, 0),
(214, 'Функционал \\"Автоинформаторы\\"', 7, '2012-01-20 07:55:12', 1, 0),
(215, 'Функционал \\"Сайты\\"', 7, '2012-01-20 07:55:33', 1, 0),
(216, 'Гарантийное обслуживание сайта \\"Экономь профессионально\\" ekonom.pro', 7, '2012-01-20 08:19:37', 1, 0),
(217, 'СИБ-ДНЕНИК.РФ заканчивается 20-03-2012', 7, '2012-01-20 08:28:57', 1, 0),
(218, 'Придумать название', 7, '2012-01-20 08:31:43', 1, 0),
(220, 'Разработка сайта \\"Бастион.Клуб\\"', 7, '2012-01-20 08:48:06', 1, 0),
(221, 'Проект \\"Создание, сопровождение сайтов. Реклама,  продвижение.\\"', 7, '2012-01-20 08:49:28', 1, 0),
(222, 'Разработка сайта \\"Инвойс-групп\\" www.invoicegroup.ru', 7, '2012-01-20 08:50:42', 1, 0),
(223, 'Гарантийное обслуживание сайта \\"ГП АЭЭ\\" www.gpkoaee.ru', 7, '2012-01-20 08:53:13', 1, 0),
(224, 'Добавить Контактные листы', 7, '2012-01-20 08:54:29', 1, 0),
(225, 'Интерфейс', 7, '2012-01-20 08:58:04', 1, 0),
(226, 'Сортировка ', 7, '2012-01-20 08:59:42', 2, 0),
(227, 'Выбрать стиль', 7, '2012-01-20 09:05:50', 1, 0),
(228, 'Дизайн', 7, '2012-01-20 09:14:56', 1, 0),
(229, 'Описание услуг', 7, '2012-01-20 09:15:26', 1, 0),
(230, 'Разделы сайта', 7, '2012-01-20 09:15:40', 1, 0),
(231, 'Организация дела', 7, '2012-01-20 09:16:17', 1, 0),
(232, 'Права', 7, '2012-01-20 09:20:47', 1, 0),
(233, 'Как просмотреть все права для выбранного пользователя?', 7, '2012-01-20 09:20:58', 1, 0),
(234, 'Обсуждения', 7, '2012-01-20 09:28:26', 1, 0),
(235, 'Мои обсуждения на первой странице не пустые', 7, '2012-01-20 09:28:45', 1, 0),
(236, 'Сайт \\"Лесная поляна\\" ук-лесная.рф', 7, '2012-01-20 09:30:50', 1, 0),
(237, 'Личный кабинет', 7, '2012-01-20 09:31:23', 1, 0),
(238, 'Первая страница', 7, '2012-01-20 09:32:12', 1, 0),
(239, 'Мои задачи: Выполнить. Контроль. Выполненных', 7, '2012-01-20 09:32:23', 1, 0),
(240, 'Функционал', 7, '2012-01-20 09:33:48', 1, 0),
(241, 'Забрать бумагу с задачами у Ивана', 7, '2012-01-20 09:34:09', 1, 0),
(243, 'Дизайн - поставить задачу Алексею', 7, '2012-01-20 09:37:36', 1, 0),
(245, 'Сайт \\"Ленинградский\\"  ук-ленинградский.рф', 7, '2012-01-20 09:51:42', 1, 0),
(246, 'Зарегистрировать домен ук-ленинградский.рф', 7, '2012-01-20 09:52:50', 1, 0),
(247, 'Сайт \\"ИП Шульц\\" ипшульц.рф', 7, '2012-01-20 10:10:41', 1, 0),
(248, 'Зарегистрировать домен ипшульц.рф', 7, '2012-01-20 10:11:09', 1, 0),
(249, 'Доделать варианты - встреча с Алексеем', 7, '2012-01-20 10:14:14', 1, 0),
(250, 'Разработать иконки', 7, '2012-01-20 10:14:46', 1, 0),
(251, 'Не редактируются права', 7, '2012-01-20 10:16:34', 1, 0),
(253, 'Поиск!', 12, '2012-01-20 10:28:19', 1, 0),
(254, 'Вёрстка', 12, '2012-01-20 10:30:00', 1, 0),
(255, 'Редактирование товара', 12, '2012-01-20 10:30:31', 1, 0),
(256, 'Меню акции', 12, '2012-01-20 10:31:10', 1, 0),
(257, 'Мультигород ', 12, '2012-01-20 10:32:23', 1, 0),
(258, 'Региональный представитель', 12, '2012-01-20 10:33:05', 1, 0),
(259, 'Личный органайзер', 7, '2012-01-20 12:24:21', 1, 0),
(260, 'Как делегировать приоритет выполнения, кто ставит сроки?', 7, '2012-01-20 12:27:24', 1, 0),
(261, 'Мониторинг СМИ', 7, '2012-01-20 12:34:05', 1, 0),
(262, 'Описание предметной области', 7, '2012-01-20 12:35:24', 1, 0),
(263, 'Задачи', 7, '2012-01-20 13:43:28', 1, 0),
(264, 'Статус выполненно или не выполненно - ставить прямо в менеджере задач', 7, '2012-01-20 13:43:41', 1, 0),
(265, 'Бессрочные задачи', 7, '2012-01-20 13:44:29', 1, 0),
(266, 'Задачи на дату', 7, '2012-01-20 13:44:52', 1, 0),
(268, 'Разработать ПО сайта', 7, '2012-01-20 14:58:20', 1, 0),
(269, 'Когда выполнил задачу?', 7, '2012-01-20 15:36:52', 1, 0),
(270, 'Доработать дизайн', 7, '2012-01-20 15:38:06', 1, 0),
(271, 'Пользователи', 7, '2012-01-20 15:50:34', 1, 0),
(272, 'Не меняется пароль', 7, '2012-01-20 15:50:49', 1, 0),
(273, 'Добавить время выполнения к задаче', 7, '2012-01-20 15:52:13', 1, 0),
(274, 'Материал', 7, '2012-01-21 13:40:56', 1, 0),
(275, 'Безопастность', 7, '2012-01-21 13:46:59', 1, 0),
(276, 'Отправить Мулову почту с ГОСТами', 7, '2012-01-21 13:47:11', 1, 0),
(277, 'Идеи', 7, '2012-01-21 13:55:28', 1, 0),
(278, 'Портал Жкхинформ', 7, '2012-01-21 13:55:40', 1, 0),
(279, 'РКИЦ - расчетно кассово информационный центр - Инновация', 7, '2012-01-21 14:01:56', 1, 0),
(280, 'Дизайн интерфейса', 7, '2012-01-21 15:04:45', 1, 0),
(281, 'Интерфейсы', 7, '2012-01-21 15:05:15', 1, 0),
(282, 'Биллинг', 7, '2012-01-21 15:36:29', 1, 0),
(283, 'Отправить логотип Алексею', 7, '2012-01-21 16:05:17', 1, 0),
(284, 'Мониторинг СМИ', 7, '2012-01-23 08:22:25', 1, 0),
(285, 'Банера, добавить слайдер! Отладить работу!', 12, '2012-01-23 13:43:59', 1, 0),
(286, 'Первая страница, ограничить количество акций! ', 12, '2012-01-23 13:44:50', 1, 0),
(287, '\\"Лайки\\", наладить работу!', 12, '2012-01-23 13:46:08', 1, 0),
(288, 'Понравившиеся сайты', 12, '2012-01-24 14:07:07', 1, 0),
(289, 'Техническое задание для сайта \\"Старые пестери\\"', 7, '2012-01-27 07:37:28', 1, 0),
(290, 'Проект задания', 7, '2012-01-27 07:39:47', 1, 0),
(291, 'Кадры', 7, '2012-01-27 07:43:00', 1, 0),
(292, 'Php-программисты', 7, '2012-01-27 07:43:23', 1, 0),
(293, 'Сахаров Максим Васильевич, 39 лет', 12, '2012-01-27 07:45:03', 1, 0),
(294, 'Дизайнеры', 7, '2012-01-27 07:46:53', 1, 0),
(295, 'Менеджеры по продажам', 7, '2012-01-27 07:47:03', 1, 0),
(296, 'Мониторинг сайтов о работе 2 раза в неделю.', 7, '2012-01-27 08:14:46', 1, 0),
(297, 'Поиск РЭК', 7, '2012-01-30 11:18:02', 1, 0),
(298, 'Мониторинг СМИ', 7, '2012-01-30 11:20:46', 1, 0),
(299, 'Компании - должны быть видны только в своём городе, кроме \\"мультигородских\\"', 12, '2012-01-30 14:22:46', 1, 0),
(300, 'Ссылка на оригинальный товар', 12, '2012-01-30 14:26:00', 1, 0),
(301, 'Уменьшение названий!', 12, '2012-01-30 14:47:30', 1, 0),
(302, 'Название поправить', 12, '2012-01-30 14:52:30', 1, 0);

-- --------------------------------------------------------

--
-- Структура таблицы `tm_task_attribute`
--

DROP TABLE IF EXISTS `tm_task_attribute`;
CREATE TABLE IF NOT EXISTS `tm_task_attribute` (
  `task_id` int(10) unsigned NOT NULL,
  `attribute_key` varchar(255) NOT NULL,
  `type_id` int(10) unsigned NOT NULL,
  `attribute_value` text NOT NULL,
  `is_fill` tinyint(1) NOT NULL default '0',
  PRIMARY KEY  (`task_id`,`attribute_key`),
  KEY `fk_tm_task_attribute_tm_task_attribute_type1` (`type_id`),
  KEY `fk_tm_task_attribute_tm_task1` (`task_id`)
) ENGINE=InnoDB DEFAULT CHARSET=utf8;

--
-- Дамп данных таблицы `tm_task_attribute`
--

INSERT INTO `tm_task_attribute` (`task_id`, `attribute_key`, `type_id`, `attribute_value`, `is_fill`) VALUES
(165, 'deadline', 4, '31.01.2012 00:00', 0),
(165, 'description', 2, '', 0),
(165, 'prior', 3, 'Средний', 0),
(165, 'reason_for_idle', 2, '', 0),
(165, 'state', 3, 'Не выполнена', 0),
(165, 'who_adopted', 6, 'admin', 0),
(165, 'who_responsible', 5, '-', 0),
(165, 'who_set', 5, '-', 0),
(166, 'deadline', 4, '20.01.2012 00:00:00', 0),
(166, 'description', 2, '', 0),
(166, 'prior', 3, 'Средний', 0),
(166, 'reason_for_idle', 2, '', 0),
(166, 'state', 3, 'Выполнена', 0),
(166, 'who_adopted', 6, 'admin', 0),
(166, 'who_responsible', 5, '7', 0),
(166, 'who_set', 5, '7', 0),
(186, 'deadline', 4, '01.02.2012 00:00', 0),
(186, 'description', 2, '', 0),
(186, 'prior', 3, 'Средний', 0),
(186, 'reason_for_idle', 2, '', 0),
(186, 'state', 3, 'Не выполнена', 0),
(186, 'who_responsible', 5, '-', 0),
(186, 'who_set', 7, '7', 0),
(187, 'deadline', 4, '23.01.2012 00:00:00', 0),
(187, 'description', 2, '', 0),
(187, 'prior', 3, 'Средний', 0),
(187, 'reason_for_idle', 2, '', 0),
(187, 'state', 3, 'Выполнена', 0),
(187, 'who_responsible', 5, '-', 0),
(187, 'who_set', 7, '7', 0),
(188, 'deadline', 4, '31.01.2012 00:00:00', 0),
(188, 'description', 2, '', 0),
(188, 'prior', 3, 'Средний', 0),
(188, 'reason_for_idle', 2, '', 0),
(188, 'state', 3, 'Не выполнена', 0),
(188, 'who_responsible', 5, '-', 0),
(188, 'who_set', 7, '7', 0),
(189, 'deadline', 4, '31.01.2012 00:00:00', 0),
(189, 'description', 2, '', 0),
(189, 'prior', 3, 'Средний', 0),
(189, 'reason_for_idle', 2, '', 0),
(189, 'state', 3, 'Не выполнена', 0),
(189, 'who_responsible', 5, '-', 0),
(189, 'who_set', 7, '7', 0),
(190, 'deadline', 4, '24.01.2012 00:00', 0),
(190, 'description', 2, '', 0),
(190, 'prior', 3, 'Средний', 0),
(190, 'reason_for_idle', 2, '', 0),
(190, 'state', 3, 'Не выполнена', 0),
(190, 'who_responsible', 5, '-', 0),
(190, 'who_set', 7, '7', 0),
(191, 'deadline', 4, '24.01.2012 00:00', 0),
(191, 'description', 2, '', 0),
(191, 'prior', 3, 'Средний', 0),
(191, 'reason_for_idle', 2, '', 0),
(191, 'state', 3, 'Не выполнена', 0),
(191, 'who_responsible', 5, '-', 0),
(191, 'who_set', 7, '7', 0),
(192, 'deadline', 4, '31.01.2012 00:00', 0),
(192, 'description', 2, '', 0),
(192, 'extime', 1, '', 0),
(192, 'prior', 3, 'Средний', 0),
(192, 'reason_for_idle', 2, '', 0),
(192, 'state', 3, 'Не выполнена', 0),
(192, 'who_responsible', 5, '-', 0),
(192, 'who_set', 7, '7', 0),
(193, 'deadline', 4, '23.01.2012 00:00:00', 0),
(193, 'description', 2, 'Срок - от первой самой ранней\r\nДо последней самой поздней до конца срока выполнения.', 0),
(193, 'prior', 3, 'Средний', 0),
(193, 'reason_for_idle', 2, '', 0),
(193, 'state', 3, 'Не выполнена', 0),
(193, 'who_responsible', 5, '-', 0),
(193, 'who_set', 7, '7', 0),
(194, 'deadline', 4, '10.04.2012 00:00:00', 0),
(194, 'description', 2, '', 0),
(194, 'extime', 1, '', 0),
(194, 'prior', 3, 'Средний', 0),
(194, 'reason_for_idle', 2, '', 0),
(194, 'state', 3, 'Не выполнена', 0),
(194, 'who_responsible', 5, '-', 0),
(194, 'who_set', 7, '7', 0),
(195, 'deadline', 4, '23.01.2012 00:00:00', 0),
(195, 'description', 2, 'О новой задаче, выполнено, поставлено время, просрочено, проблема, новое сообщение в обсуждениях.\r\n\r\nСоздателю, ответственному, исполнителю, настроить оповещение всем кто имеет права.', 0),
(195, 'extime', 1, '', 0),
(195, 'prior', 3, 'Средний', 0),
(195, 'reason_for_idle', 2, '', 0),
(195, 'state', 3, 'Не выполнена', 0),
(195, 'who_responsible', 5, '-', 0),
(195, 'who_set', 7, '7', 0),
(196, 'deadline', 4, '20.01.2012 00:00:00', 0),
(196, 'description', 2, 'энергосбережение42.рф, energosber42.ru, экузбасс.рф, энергокузбасс.рф', 0),
(196, 'prior', 3, 'Средний', 0),
(196, 'reason_for_idle', 2, '', 0),
(196, 'state', 3, 'Выполнена', 0),
(196, 'who_responsible', 5, '-', 0),
(196, 'who_set', 7, '7', 0),
(198, 'deadline', 4, '21.01.2012 00:00', 0),
(198, 'description', 2, '', 0),
(198, 'prior', 3, 'Средний', 0),
(198, 'reason_for_idle', 2, '', 0),
(198, 'state', 3, 'Не выполнена', 0),
(198, 'who_responsible', 5, '-', 0),
(198, 'who_set', 7, '7', 0),
(199, 'deadline', 4, '20.01.2012 00:00:00', 0),
(199, 'description', 2, '', 0),
(199, 'prior', 3, 'Средний', 0),
(199, 'reason_for_idle', 2, '', 0),
(199, 'state', 3, 'Выполнена', 0),
(199, 'who_responsible', 5, '-', 0),
(199, 'who_set', 7, '7', 0),
(200, 'deadline', 4, '31.01.2012 00:00', 0),
(200, 'description', 2, '', 0),
(200, 'prior', 3, 'Средний', 0),
(200, 'reason_for_idle', 2, '1. Папки - что в них лежит\r\n2. файлы - Где лежат основные настройки', 0),
(200, 'state', 3, 'Не выполнена', 0),
(200, 'who_responsible', 5, '-', 0),
(200, 'who_set', 7, '7', 0),
(201, 'deadline', 4, '31.01.2012 00:00:00', 0),
(201, 'description', 2, '', 0),
(201, 'prior', 3, 'Средний', 0),
(201, 'reason_for_idle', 2, 'Скинуть его Андрею программисту.', 0),
(201, 'state', 3, 'Не выполнена', 0),
(201, 'who_responsible', 5, '-', 0),
(201, 'who_set', 7, '7', 0),
(202, 'deadline', 4, '31.01.2012 00:00:00', 0),
(202, 'description', 2, '', 0),
(202, 'extime', 1, '', 0),
(202, 'prior', 3, 'Средний', 0),
(202, 'reason_for_idle', 2, '', 0),
(202, 'state', 3, 'Не выполнена', 0),
(202, 'who_responsible', 5, '-', 0),
(202, 'who_set', 7, '7', 0),
(203, 'deadline', 4, '21.01.2012 00:00:00', 0),
(203, 'description', 2, '', 0),
(203, 'prior', 3, 'Средний', 0),
(203, 'reason_for_idle', 2, '', 0),
(203, 'state', 3, 'Выполнена', 0),
(203, 'who_responsible', 5, '-', 0),
(203, 'who_set', 7, '7', 0),
(204, 'deadline', 4, '20.01.2012 07:21:15', 0),
(204, 'description', 2, '', 0),
(204, 'prior', 3, 'Средний', 0),
(204, 'reason_for_idle', 2, '', 0),
(204, 'state', 3, 'Не выполнена', 0),
(204, 'who_responsible', 5, '-', 0),
(204, 'who_set', 7, '12', 0),
(205, 'deadline', 4, '20.01.2012 07:23:21', 0),
(205, 'description', 2, '', 0),
(205, 'prior', 3, 'Средний', 0),
(205, 'reason_for_idle', 2, '', 0),
(205, 'state', 3, 'Не выполнена', 0),
(205, 'who_responsible', 5, '-', 0),
(205, 'who_set', 7, '12', 0),
(207, 'deadline', 4, '20.01.2012 07:27:15', 0),
(207, 'description', 2, '', 0),
(207, 'prior', 3, 'Средний', 0),
(207, 'reason_for_idle', 2, '', 0),
(207, 'state', 3, 'Не выполнена', 0),
(207, 'who_responsible', 5, '-', 0),
(207, 'who_set', 7, '12', 0),
(208, 'deadline', 4, '31.01.2012 00:00', 0),
(208, 'description', 2, '', 0),
(208, 'extime', 1, '', 0),
(208, 'prior', 3, 'Средний', 0),
(208, 'reason_for_idle', 2, 'в общем на рэк там есть куда можно запихать полезные ссылки? Если нет надо сделать. ксли есть то чтоб карсиво смотрелось нужно сделать ссылку на на www.fstrf.ru/press/weekly/ibfst/\r\nВернее продумать как лучше определить работу когда нужны ссылки с официальных сайтов типа www.fstrf.ru или что то в этом роде.', 0),
(208, 'state', 3, 'Не выполнена', 0),
(208, 'who_responsible', 5, '-', 0),
(208, 'who_set', 7, '7', 0),
(210, 'deadline', 4, '20.01.2012 07:28:25', 0),
(210, 'description', 2, '', 0),
(210, 'prior', 3, 'Средний', 0),
(210, 'reason_for_idle', 2, '', 0),
(210, 'state', 3, 'Не выполнена', 0),
(210, 'who_responsible', 5, '-', 0),
(210, 'who_set', 7, '12', 0),
(211, 'deadline', 4, '20.01.2012 07:29:14', 0),
(211, 'description', 2, '', 0),
(211, 'prior', 3, 'Средний', 0),
(211, 'reason_for_idle', 2, '', 0),
(211, 'state', 3, 'Не выполнена', 0),
(211, 'who_responsible', 5, '-', 0),
(211, 'who_set', 7, '12', 0),
(212, 'deadline', 4, '29.02.2012 00:00', 0),
(212, 'description', 2, '', 0),
(212, 'extime', 1, '', 0),
(212, 'prior', 3, 'Средний', 0),
(212, 'reason_for_idle', 2, '1. Передать Ивану\r\n2. Подсчитать сроки и стоимость работ.', 0),
(212, 'state', 3, 'Не выполнена', 0),
(212, 'who_responsible', 5, '-', 0),
(212, 'who_set', 7, '7', 0),
(213, 'deadline', 4, '31.01.2012 00:00', 0),
(213, 'description', 2, '', 0),
(213, 'prior', 3, 'Средний', 0),
(213, 'reason_for_idle', 2, '', 0),
(213, 'state', 3, 'Не выполнена', 0),
(213, 'who_responsible', 5, '-', 0),
(213, 'who_set', 7, '7', 0),
(214, 'deadline', 4, '20.01.2012 07:55:13', 0),
(214, 'description', 2, '', 0),
(214, 'prior', 3, 'Средний', 0),
(214, 'reason_for_idle', 2, '', 0),
(214, 'state', 3, 'Не выполнена', 0),
(214, 'who_responsible', 5, '-', 0),
(214, 'who_set', 7, '7', 0),
(215, 'deadline', 4, '20.01.2012 07:55:33', 0),
(215, 'description', 2, '', 0),
(215, 'prior', 3, 'Средний', 0),
(215, 'reason_for_idle', 2, '', 0),
(215, 'state', 3, 'Не выполнена', 0),
(215, 'who_responsible', 5, '-', 0),
(215, 'who_set', 7, '7', 0),
(216, 'deadline', 4, '31.01.2012 00:00:00', 0),
(216, 'description', 2, '', 0),
(216, 'prior', 3, 'Средний', 0),
(216, 'reason_for_idle', 2, '', 0),
(216, 'state', 3, 'Не выполнена', 0),
(216, 'who_responsible', 5, '-', 0),
(216, 'who_set', 7, '7', 0),
(217, 'deadline', 4, '20.01.2012 08:28:57', 0),
(217, 'description', 2, '', 0),
(217, 'prior', 3, 'Средний', 0),
(217, 'reason_for_idle', 2, 'Будем ли мы продлять?', 0),
(217, 'state', 3, 'Не выполнена', 0),
(217, 'who_responsible', 5, '-', 0),
(217, 'who_set', 7, '7', 0),
(218, 'deadline', 4, '20.01.2012 08:31:43', 0),
(218, 'description', 2, '', 0),
(218, 'prior', 3, 'Средний', 0),
(218, 'reason_for_idle', 2, '', 0),
(218, 'state', 3, 'Не выполнена', 0),
(218, 'who_responsible', 5, '-', 0),
(218, 'who_set', 7, '7', 0),
(220, 'deadline', 4, '21.01.2012 00:00:00', 0),
(220, 'description', 2, '', 0),
(220, 'extime', 1, '', 0),
(220, 'prior', 3, 'Средний', 0),
(220, 'reason_for_idle', 2, '', 0),
(220, 'state', 3, 'Не выполнена', 0),
(220, 'who_responsible', 5, '-', 0),
(220, 'who_set', 7, '7', 0),
(221, 'deadline', 4, '31.01.2012 00:00', 0),
(221, 'description', 2, '', 0),
(221, 'prior', 3, 'Средний', 0),
(221, 'reason_for_idle', 2, '', 0),
(221, 'state', 3, 'Не выполнена', 0),
(221, 'who_responsible', 5, '-', 0),
(221, 'who_set', 7, '7', 0),
(222, 'deadline', 4, '31.01.2012 00:00:00', 0),
(222, 'description', 2, '', 0),
(222, 'extime', 1, '', 0),
(222, 'prior', 3, 'Средний', 0),
(222, 'reason_for_idle', 2, '', 0),
(222, 'state', 3, 'Не выполнена', 0),
(222, 'who_responsible', 5, '-', 0),
(222, 'who_set', 7, '7', 0),
(223, 'deadline', 4, '21.01.2012 00:00:00', 0),
(223, 'description', 2, '', 0),
(223, 'prior', 3, 'Средний', 0),
(223, 'reason_for_idle', 2, '', 0),
(223, 'state', 3, 'Не выполнена', 0),
(223, 'who_responsible', 5, '-', 0),
(223, 'who_set', 7, '7', 0),
(224, 'deadline', 4, '23.01.2012 00:00', 0),
(224, 'description', 2, '1. ФИО\r\n2. Должность\r\n3. Телефон\r\n4. e-mail\r\n5. Адрес\r\n6. Организация\r\n7. По какому вопросу\r\n8. Аська\r\n', 0),
(224, 'prior', 3, 'Средний', 0),
(224, 'reason_for_idle', 2, '', 0),
(224, 'state', 3, 'Не выполнена', 0),
(224, 'who_responsible', 5, '-', 0),
(224, 'who_set', 7, '7', 0),
(225, 'deadline', 4, '31.01.2012 00:00:00', 0),
(225, 'description', 2, '', 0),
(225, 'prior', 3, 'Средний', 0),
(225, 'reason_for_idle', 2, '', 0),
(225, 'state', 3, 'Не выполнена', 0),
(225, 'who_responsible', 5, '-', 0),
(225, 'who_set', 7, '7', 0),
(226, 'deadline', 4, '23.01.2012 00:00', 0),
(226, 'description', 2, 'Порядковый номер\r\nПо видам услуг\r\nПо клиентам\r\nПо исполнителям', 0),
(226, 'prior', 3, 'Средний', 0),
(226, 'reason_for_idle', 2, '', 0),
(226, 'state', 3, 'Не выполнена', 0),
(226, 'who_responsible', 5, '-', 0),
(226, 'who_set', 7, '7', 0),
(227, 'deadline', 4, '20.01.2012 09:05:50', 0),
(227, 'description', 2, 'http://www.gken.ru/', 0),
(227, 'prior', 3, 'Средний', 0),
(227, 'reason_for_idle', 2, '', 0),
(227, 'state', 3, 'Не выполнена', 0),
(227, 'who_responsible', 5, '-', 0),
(227, 'who_set', 7, '7', 0),
(228, 'deadline', 4, '31.01.2012 00:00', 0),
(228, 'description', 2, '', 0),
(228, 'prior', 3, 'Средний', 0),
(228, 'reason_for_idle', 2, '', 0),
(228, 'state', 3, 'Не выполнена', 0),
(228, 'who_responsible', 5, '-', 0),
(228, 'who_set', 7, '7', 0),
(229, 'deadline', 4, '31.01.2012 00:00', 0),
(229, 'description', 2, '', 0),
(229, 'prior', 3, 'Средний', 0),
(229, 'reason_for_idle', 2, '', 0),
(229, 'state', 3, 'Не выполнена', 0),
(229, 'who_responsible', 5, '-', 0),
(229, 'who_set', 7, '7', 0),
(230, 'deadline', 4, '31.01.2012 00:00', 0),
(230, 'description', 2, '', 0),
(230, 'prior', 3, 'Средний', 0),
(230, 'reason_for_idle', 2, '', 0),
(230, 'state', 3, 'Не выполнена', 0),
(230, 'who_responsible', 5, '-', 0),
(230, 'who_set', 7, '7', 0),
(231, 'deadline', 4, '31.01.2012 00:00', 0),
(231, 'description', 2, 'Какие роли необходимы для того что бы построить весь процесс?\r\nКакие процессы? Что необходимо для их обеспечения?', 0),
(231, 'prior', 3, 'Средний', 0),
(231, 'reason_for_idle', 2, '', 0),
(231, 'state', 3, 'Не выполнена', 0),
(231, 'who_responsible', 5, '-', 0),
(231, 'who_set', 7, '7', 0),
(232, 'deadline', 4, '20.01.2012 09:20:48', 0),
(232, 'description', 2, '', 0),
(232, 'prior', 3, 'Средний', 0),
(232, 'reason_for_idle', 2, '', 0),
(232, 'state', 3, 'Не выполнена', 0),
(232, 'who_responsible', 5, '-', 0),
(232, 'who_set', 7, '7', 0),
(233, 'deadline', 4, '23.01.2012 00:00', 0),
(233, 'description', 2, '', 0),
(233, 'prior', 3, 'Средний', 0),
(233, 'reason_for_idle', 2, '', 0),
(233, 'state', 3, 'Не выполнена', 0),
(233, 'who_responsible', 5, '-', 0),
(233, 'who_set', 7, '7', 0),
(234, 'deadline', 4, '20.01.2012 09:28:27', 0),
(234, 'description', 2, '', 0),
(234, 'prior', 3, 'Средний', 0),
(234, 'reason_for_idle', 2, '', 0),
(234, 'state', 3, 'Не выполнена', 0),
(234, 'who_responsible', 5, '-', 0),
(234, 'who_set', 7, '7', 0),
(235, 'deadline', 4, '23.01.2012 00:00:00', 0),
(235, 'description', 2, '', 0),
(235, 'prior', 3, 'Средний', 0),
(235, 'reason_for_idle', 2, '', 0),
(235, 'state', 3, 'Не выполнена', 0),
(235, 'who_responsible', 5, '-', 0),
(235, 'who_set', 7, '7', 0),
(236, 'deadline', 4, '24.01.2012 00:00', 0),
(236, 'description', 2, '', 0),
(236, 'prior', 3, 'Средний', 0),
(236, 'reason_for_idle', 2, '', 0),
(236, 'state', 3, 'Не выполнена', 0),
(236, 'who_responsible', 5, '-', 0),
(236, 'who_set', 7, '7', 0),
(237, 'deadline', 4, '24.01.2012 00:00:00', 0),
(237, 'description', 2, '', 0),
(237, 'extime', 1, '', 0),
(237, 'prior', 3, 'Средний', 0),
(237, 'reason_for_idle', 2, '', 0),
(237, 'state', 3, 'Выполнена', 0),
(237, 'who_responsible', 5, '7', 0),
(237, 'who_set', 7, '7', 0),
(238, 'deadline', 4, '20.01.2012 09:32:13', 0),
(238, 'description', 2, '', 0),
(238, 'prior', 3, 'Средний', 0),
(238, 'reason_for_idle', 2, '', 0),
(238, 'state', 3, 'Не выполнена', 0),
(238, 'who_responsible', 5, '-', 0),
(238, 'who_set', 7, '7', 0),
(239, 'deadline', 4, '23.01.2012 00:00:00', 0),
(239, 'description', 2, '', 0),
(239, 'prior', 3, 'Средний', 0),
(239, 'reason_for_idle', 2, '', 0),
(239, 'state', 3, 'Не выполнена', 0),
(239, 'who_responsible', 5, '-', 0),
(239, 'who_set', 7, '7', 0),
(240, 'deadline', 4, '20.01.2012 09:33:49', 0),
(240, 'description', 2, '', 0),
(240, 'prior', 3, 'Средний', 0),
(240, 'reason_for_idle', 2, '', 0),
(240, 'state', 3, 'Не выполнена', 0),
(240, 'who_responsible', 5, '-', 0),
(240, 'who_set', 7, '7', 0),
(241, 'deadline', 4, '23.01.2012 00:00:00', 0),
(241, 'description', 2, '', 0),
(241, 'prior', 3, 'Средний', 0),
(241, 'reason_for_idle', 2, '', 0),
(241, 'state', 3, 'Выполнена', 0),
(241, 'who_responsible', 5, '-', 0),
(241, 'who_set', 7, '7', 0),
(243, 'deadline', 4, '21.01.2012 00:00:00', 0),
(243, 'description', 2, '', 0),
(243, 'prior', 3, 'Средний', 0),
(243, 'reason_for_idle', 2, '', 0),
(243, 'state', 3, 'Выполнена', 0),
(243, 'who_responsible', 5, '-', 0),
(243, 'who_set', 7, '7', 0),
(245, 'deadline', 4, '31.01.2012 00:00:00', 0),
(245, 'description', 2, '', 0),
(245, 'prior', 3, 'Средний', 0),
(245, 'reason_for_idle', 2, '', 0),
(245, 'state', 3, 'Не выполнена', 0),
(245, 'who_responsible', 5, '-', 0),
(245, 'who_set', 7, '7', 0),
(246, 'deadline', 4, '21.01.2012 00:00:00', 0),
(246, 'description', 2, '', 0),
(246, 'prior', 3, 'Средний', 0),
(246, 'reason_for_idle', 2, '', 0),
(246, 'state', 3, 'Выполнена', 0),
(246, 'who_responsible', 5, '-', 0),
(246, 'who_set', 7, '7', 0),
(247, 'deadline', 4, '31.01.2012 00:00:00', 0),
(247, 'description', 2, '', 0),
(247, 'prior', 3, 'Средний', 0),
(247, 'reason_for_idle', 2, '', 0),
(247, 'state', 3, 'Не выполнена', 0),
(247, 'who_responsible', 5, '-', 0),
(247, 'who_set', 7, '7', 0),
(248, 'deadline', 4, '21.01.2012 00:00:00', 0),
(248, 'description', 2, '', 0),
(248, 'prior', 3, 'Средний', 0),
(248, 'reason_for_idle', 2, '', 0),
(248, 'state', 3, 'Выполнена', 0),
(248, 'who_responsible', 5, '-', 0),
(248, 'who_set', 7, '7', 0),
(249, 'deadline', 4, '21.01.2012 00:00', 0),
(249, 'description', 2, '', 0),
(249, 'prior', 3, 'Средний', 0),
(249, 'reason_for_idle', 2, '', 0),
(249, 'state', 3, 'Не выполнена', 0),
(249, 'who_responsible', 5, '-', 0),
(249, 'who_set', 7, '7', 0),
(250, 'deadline', 4, '21.01.2012 00:00', 0),
(250, 'description', 2, '', 0),
(250, 'prior', 3, 'Средний', 0),
(250, 'reason_for_idle', 2, '', 0),
(250, 'state', 3, 'Не выполнена', 0),
(250, 'who_responsible', 5, '-', 0),
(250, 'who_set', 7, '7', 0),
(251, 'deadline', 4, '23.01.2012 00:00', 0),
(251, 'description', 2, 'Warning: Invalid argument supplied for foreach() in /home/s/sibdnevnik/application/controllers/TaskController.php on line 237\r\n\r\nРедактирую Задачу &quot;Кузбасский центр энергосбережения&quot;\r\n\r\nFatal error: Call to a member function getId() on a non-object in /home/s/sibdnevnik/application/models/TM/Acl/DiscussionAcl.php on line 80\r\n\r\n\r\nСайт РЭК         \r\n  Отредактировать вывод новостей\r\n', 0),
(251, 'prior', 3, 'Средний', 0),
(251, 'reason_for_idle', 2, '', 0),
(251, 'state', 3, 'Выполнена', 0),
(251, 'who_responsible', 5, '-', 0),
(251, 'who_set', 7, '7', 0),
(253, 'deadline', 4, '23.01.2012 09:00:00', 0),
(253, 'description', 2, 'Поиск: Должен искать как по товару, так и по фирмам его продающих!\r\nСделать Сначала поиск по товарам «ТОВАРЫ:» и то что нашлось. Ниже «Организации:» и то что нашлось.', 0),
(253, 'prior', 3, 'Средний', 0),
(253, 'reason_for_idle', 2, '', 0),
(253, 'state', 3, 'Выполнена', 0),
(253, 'who_responsible', 5, '11', 0),
(253, 'who_set', 7, '12', 0),
(254, 'deadline', 4, '20.01.2012 10:30:01', 0),
(254, 'description', 2, '', 0),
(254, 'prior', 3, 'Средний', 0),
(254, 'reason_for_idle', 2, '', 0),
(254, 'state', 3, 'Не выполнена', 0),
(254, 'who_responsible', 5, '-', 0),
(254, 'who_set', 7, '12', 0),
(255, 'deadline', 4, '23.01.2012 00:00:00', 0),
(255, 'description', 2, 'Если  товар располагается на первой странице, то его нужно редактировать прям с первой страницы! Естественно, если права у тебя есть к этому товару!', 0),
(255, 'prior', 3, 'Средний', 0),
(255, 'reason_for_idle', 2, '', 0),
(255, 'state', 3, 'Выполнена', 0),
(255, 'who_responsible', 5, '11', 0),
(255, 'who_set', 7, '12', 0),
(256, 'deadline', 4, '23.01.2012 09:00:00', 0),
(256, 'description', 2, '4) При создании акции поля такие: сверху вниз\r\n1)	Полное название акции(отображается при открытии компании).\r\n2)	Сокращенное название акции ( до стольки то символов)  (отображается только в администраторской части)  название акции, это отображается как подпись к картинке! Чтоб вторая затемненная строка не возникала и не перекрывала лого магазина!\r\n3)	Информация об акции (сама надпись не выводится покупателю). Текст выводится красный!\r\n4)	Скидка, старая, новая цена! В таком же виде как есть!\r\n5)	Краткое описание товара или услуги! \r\n6)	Все остальные поля убери!\r\n', 0),
(256, 'prior', 3, 'Средний', 0),
(256, 'reason_for_idle', 2, '', 0),
(256, 'state', 3, 'Выполнена', 0),
(256, 'who_responsible', 5, '11', 0),
(256, 'who_set', 7, '12', 0),
(257, 'deadline', 4, '23.01.2012 00:00:00', 0),
(257, 'description', 2, 'Мультигород – если при создании компании указываем это понятие, то товары от этого магазина появляются во всех городах.', 0),
(257, 'prior', 3, 'Средний', 0),
(257, 'reason_for_idle', 2, '', 0),
(257, 'state', 3, 'Выполнена', 0),
(257, 'who_responsible', 5, '11', 0),
(257, 'who_set', 7, '12', 0),
(258, 'deadline', 4, '23.01.2012 00:00:00', 0),
(258, 'description', 2, 'Роль: Региональный представитель! Тот же администратор, может всё но в конкретном городе! Редактирует пользователей только в конкретном городе!', 0),
(258, 'prior', 3, 'Средний', 0),
(258, 'reason_for_idle', 2, 'Нет в ТЗ. Это не такой простой вопрос как кажется. Будем ли мы брать за это дополнительные деньги?', 0),
(258, 'state', 3, 'Возникли вопросы', 0),
(258, 'who_responsible', 5, '11', 0),
(258, 'who_set', 7, '12', 0),
(259, 'deadline', 4, '20.01.2012 12:24:21', 0),
(259, 'description', 2, '', 0),
(259, 'prior', 3, 'Средний', 0),
(259, 'reason_for_idle', 2, '', 0),
(259, 'state', 3, 'Не выполнена', 0),
(259, 'who_responsible', 5, '-', 0),
(259, 'who_set', 7, '7', 0),
(260, 'deadline', 4, '31.01.2012 00:00:00', 0),
(260, 'description', 2, '', 0),
(260, 'prior', 3, 'Средний', 0),
(260, 'reason_for_idle', 2, '', 0),
(260, 'state', 3, 'Не выполнена', 0),
(260, 'who_responsible', 5, '-', 0),
(260, 'who_set', 7, '7', 0),
(261, 'deadline', 4, '31.01.2012 00:00', 0),
(261, 'description', 2, '', 0),
(261, 'prior', 3, 'Средний', 0),
(261, 'reason_for_idle', 2, '', 0),
(261, 'state', 3, 'Не выполнена', 0),
(261, 'who_responsible', 5, '-', 0),
(261, 'who_set', 7, '7', 0),
(262, 'deadline', 4, '31.01.2012 00:00', 0),
(262, 'description', 2, '', 0),
(262, 'prior', 3, 'Средний', 0),
(262, 'reason_for_idle', 2, '', 0),
(262, 'state', 3, 'Не выполнена', 0),
(262, 'who_responsible', 5, '-', 0),
(262, 'who_set', 7, '7', 0),
(263, 'deadline', 4, '20.01.2012 13:43:29', 0),
(263, 'description', 2, '', 0),
(263, 'prior', 3, 'Средний', 0),
(263, 'reason_for_idle', 2, '', 0),
(263, 'state', 3, 'Не выполнена', 0),
(263, 'who_responsible', 5, '-', 0),
(263, 'who_set', 7, '7', 0),
(264, 'deadline', 4, '20.01.2012 13:43:42', 0),
(264, 'description', 2, '', 0),
(264, 'prior', 3, 'Средний', 0),
(264, 'reason_for_idle', 2, '', 0),
(264, 'state', 3, 'Не выполнена', 0),
(264, 'who_responsible', 5, '-', 0),
(264, 'who_set', 7, '7', 0),
(265, 'deadline', 4, '23.01.2012 00:00', 0),
(265, 'description', 2, '', 0),
(265, 'prior', 3, 'Средний', 0),
(265, 'reason_for_idle', 2, '', 0),
(265, 'state', 3, 'Не выполнена', 0),
(265, 'who_responsible', 5, '-', 0),
(265, 'who_set', 7, '7', 0),
(266, 'deadline', 4, '23.01.2012 00:00', 0),
(266, 'description', 2, '', 0),
(266, 'prior', 3, 'Средний', 0),
(266, 'reason_for_idle', 2, '', 0),
(266, 'state', 3, 'Не выполнена', 0),
(266, 'who_responsible', 5, '-', 0),
(266, 'who_set', 7, '7', 0),
(268, 'deadline', 4, '30.01.2012 00:00:00', 0),
(268, 'description', 2, 'Новости\r\nЗаконодательство\r\nЛучший опыт энергосбережения - Каталог статей\r\nВопрос-ответ - с отвечающими (фото, подпись)\r\nВерстка\r\n\r\n6000 руб.\r\n', 0),
(268, 'prior', 3, 'Средний', 0),
(268, 'reason_for_idle', 2, '', 0),
(268, 'state', 3, 'Выполнена', 0),
(268, 'who_responsible', 5, '-', 0),
(268, 'who_set', 7, '7', 0),
(269, 'deadline', 4, '31.01.2012 00:00', 0),
(269, 'description', 2, '', 0),
(269, 'prior', 3, 'Средний', 0),
(269, 'reason_for_idle', 2, '', 0),
(269, 'state', 3, 'Не выполнена', 0),
(269, 'who_responsible', 5, '-', 0),
(269, 'who_set', 7, '7', 0),
(270, 'deadline', 4, '21.01.2012 23:00:00', 0),
(270, 'description', 2, '', 0),
(270, 'prior', 3, 'Средний', 0),
(270, 'reason_for_idle', 2, '', 0),
(270, 'state', 3, 'Выполнена', 0),
(270, 'who_responsible', 5, '7', 0),
(270, 'who_set', 7, '7', 0),
(271, 'deadline', 4, '23.01.2012 00:00', 0),
(271, 'description', 2, '', 0),
(271, 'prior', 3, 'Средний', 0),
(271, 'reason_for_idle', 2, '', 0),
(271, 'state', 3, 'Не выполнена', 0),
(271, 'who_responsible', 5, '-', 0),
(271, 'who_set', 7, '7', 0),
(272, 'deadline', 4, '23.01.2012 00:00:00', 0),
(272, 'description', 2, '', 0),
(272, 'prior', 3, 'Средний', 0),
(272, 'reason_for_idle', 2, '', 0),
(272, 'state', 3, 'Выполнена', 0),
(272, 'who_responsible', 5, '-', 0),
(272, 'who_set', 7, '7', 0),
(273, 'deadline', 4, '23.01.2012 00:00:00', 0),
(273, 'description', 2, '', 0),
(273, 'prior', 3, 'Средний', 0),
(273, 'reason_for_idle', 2, '', 0),
(273, 'state', 3, 'Не выполнена', 0),
(273, 'who_responsible', 5, '-', 0),
(273, 'who_set', 7, '7', 0),
(274, 'deadline', 4, '21.01.2012 13:40:57', 0),
(274, 'description', 2, 'http://video.yandex.ru/#search?text=%D0%BF%D0%BE%D1%81%D1%82%D1%80%D0%BE%D0%B5%D0%BD%D0%B8%D0%B5%20%D0%B1%D0%B8%D0%BB%D0%BB%D0%B8%D0%BD%D0%B3%D0%B0&where=all&id=10631033-05-12', 0),
(274, 'prior', 3, 'Средний', 0),
(274, 'reason_for_idle', 2, '', 0),
(274, 'state', 3, 'Не выполнена', 0),
(274, 'who_responsible', 5, '-', 0),
(274, 'who_set', 7, '7', 0),
(275, 'deadline', 4, '21.01.2012 13:47:00', 0),
(275, 'description', 2, '', 0),
(275, 'prior', 3, 'Средний', 0),
(275, 'reason_for_idle', 2, '', 0),
(275, 'state', 3, 'Не выполнена', 0),
(275, 'who_responsible', 5, '-', 0),
(275, 'who_set', 7, '7', 0),
(276, 'deadline', 4, '23.01.2012 00:00', 0),
(276, 'description', 2, '', 0),
(276, 'prior', 3, 'Средний', 0),
(276, 'reason_for_idle', 2, '', 0),
(276, 'state', 3, 'Не выполнена', 0),
(276, 'who_responsible', 5, '-', 0),
(276, 'who_set', 7, '7', 0),
(277, 'deadline', 4, '30.01.2012 00:00', 0),
(277, 'description', 2, '', 0),
(277, 'prior', 3, 'Средний', 0),
(277, 'reason_for_idle', 2, '', 0),
(277, 'state', 3, 'Не выполнена', 0),
(277, 'who_responsible', 5, '-', 0),
(277, 'who_set', 7, '7', 0),
(278, 'deadline', 4, '21.01.2012 13:55:41', 0),
(278, 'description', 2, 'Можно интегрировать всех участников рынка ЖКХ на портале\n\nПортал состоит из Социальной сети и информационных блоков.\nЦели:\n- общение\n- информирование\n- справочники\n\n1. Для жителя - вопросы, инфломационные материалы по энергосбережению и т.д.\n2. Для управляющих компаний - писать статьи - управлять решениями УК, подготавливать решения для наших предложений :)\n3. Создать справочник организация поставщиков - с отзывами и оценкой качества.', 0),
(278, 'prior', 3, 'Средний', 0),
(278, 'reason_for_idle', 2, '', 0),
(278, 'state', 3, 'Не выполнена', 0),
(278, 'who_responsible', 5, '-', 0),
(278, 'who_set', 7, '7', 0),
(279, 'deadline', 4, '31.01.2012 00:00:00', 0),
(279, 'description', 2, 'Расчет - есть\r\nКассы - есть\r\nНеобходимо - быстрое информирование, обмен опытом для роста отрасли, диалог, повышение качества.', 0),
(279, 'prior', 3, 'Средний', 0),
(279, 'reason_for_idle', 2, '', 0),
(279, 'state', 3, 'Не выполнена', 0),
(279, 'who_responsible', 5, '-', 0),
(279, 'who_set', 7, '7', 0),
(280, 'deadline', 4, '31.01.2012 00:00', 0),
(280, 'description', 2, '', 0),
(280, 'prior', 3, 'Средний', 0),
(280, 'reason_for_idle', 2, '', 0),
(280, 'state', 3, 'Не выполнена', 0),
(280, 'who_responsible', 5, '-', 0),
(280, 'who_set', 7, '7', 0),
(281, 'deadline', 4, '21.01.2012 15:05:15', 0),
(281, 'description', 2, '', 0),
(281, 'prior', 3, 'Средний', 0),
(281, 'reason_for_idle', 2, '', 0),
(281, 'state', 3, 'Не выполнена', 0),
(281, 'who_responsible', 5, '-', 0),
(281, 'who_set', 7, '7', 0),
(282, 'deadline', 4, '21.01.2012 15:36:30', 0),
(282, 'description', 2, '', 0),
(282, 'prior', 3, 'Средний', 0),
(282, 'reason_for_idle', 2, '', 0),
(282, 'state', 3, 'Не выполнена', 0),
(282, 'who_responsible', 5, '-', 0),
(282, 'who_set', 7, '7', 0),
(283, 'deadline', 4, '31.01.2012 00:00:00', 0),
(283, 'description', 2, '', 0),
(283, 'prior', 3, 'Средний', 0),
(283, 'reason_for_idle', 2, '', 0),
(283, 'state', 3, 'Выполнена', 0),
(283, 'who_responsible', 5, '-', 0),
(283, 'who_set', 7, '7', 0),
(284, 'deadline', 4, '31.01.2012 00:00', 0),
(284, 'description', 2, '', 0),
(284, 'prior', 3, 'Средний', 0),
(284, 'reason_for_idle', 2, '', 0),
(284, 'state', 3, 'Не выполнена', 0),
(284, 'who_responsible', 5, '-', 0),
(284, 'who_set', 7, '7', 0),
(285, 'deadline', 4, '23.01.2012 13:44:00', 0),
(285, 'description', 2, '', 0),
(285, 'prior', 3, 'Средний', 0),
(285, 'reason_for_idle', 2, '', 0),
(285, 'state', 3, 'Не выполнена', 0),
(285, 'who_responsible', 5, '11', 0),
(285, 'who_set', 7, '12', 0),
(286, 'deadline', 4, '30.01.2012 14:41', 0),
(286, 'description', 2, '5 строк акций, возможность выбора страницы с акциями!', 0),
(286, 'extime', 1, '', 0),
(286, 'prior', 3, 'Средний', 0),
(286, 'reason_for_idle', 2, '', 0),
(286, 'state', 3, 'Выполнена', 0),
(286, 'who_responsible', 5, '11', 0),
(286, 'who_set', 7, '12', 0),
(287, 'deadline', 4, '23.01.2012 13:46:09', 0),
(287, 'description', 2, '', 0),
(287, 'prior', 3, 'Средний', 0),
(287, 'reason_for_idle', 2, '', 0),
(287, 'state', 3, 'Выполнена', 0),
(287, 'who_responsible', 5, '11', 0),
(287, 'who_set', 7, '12', 0),
(288, 'deadline', 4, '24.01.2012 14:07:08', 0),
(288, 'description', 2, 'http://exclusive.megagroup.ru/\r\ningate.ru\r\nhttp://www.adv.ru/portfolio/\r\nhttp://www.jaegermeister.de/de-de/home/willkommen.aspx\r\nhttp://www.new-business-idea.ru/\r\nhttp://www.indeks.ru/\r\nhttp://www.poxc.ru/ru/\r\nhttp://estateagents.ru/', 0),
(288, 'prior', 3, 'Средний', 0),
(288, 'reason_for_idle', 2, '', 0),
(288, 'state', 3, 'Не выполнена', 0),
(288, 'who_responsible', 5, '-', 0),
(288, 'who_set', 7, '12', 0),
(289, 'deadline', 4, '27.01.2012 18:00:00', 0),
(289, 'description', 2, '', 0),
(289, 'prior', 3, 'Средний', 0),
(289, 'reason_for_idle', 2, '', 0),
(289, 'state', 3, 'Не выполнена', 0),
(289, 'who_responsible', 5, '-', 0),
(289, 'who_set', 7, '7', 0),
(290, 'deadline', 4, '27.01.2012 18:00:00', 0),
(290, 'description', 2, '', 0),
(290, 'prior', 3, 'Средний', 0),
(290, 'reason_for_idle', 2, '', 0),
(290, 'state', 3, 'Не выполнена', 0),
(290, 'who_responsible', 5, '-', 0),
(290, 'who_set', 7, '7', 0),
(291, 'deadline', 4, '31.01.2012 00:00', 0),
(291, 'description', 2, '', 0),
(291, 'prior', 3, 'Средний', 0),
(291, 'reason_for_idle', 2, '', 0),
(291, 'state', 3, 'Не выполнена', 0),
(291, 'who_responsible', 5, '-', 0),
(291, 'who_set', 7, '7', 0),
(292, 'deadline', 4, '31.01.2012 00:00', 0),
(292, 'description', 2, '', 0),
(292, 'prior', 3, 'Средний', 0),
(292, 'reason_for_idle', 2, '', 0),
(292, 'state', 3, 'Не выполнена', 0),
(292, 'who_responsible', 5, '-', 0),
(292, 'who_set', 7, '7', 0),
(293, 'deadline', 4, '27.01.2012 07:45:03', 0),
(293, 'description', 2, '27,01,12 - звонок, парень в больнице! Как выйдет позвонит (ориентировочно 2 недели)\nЛичные\nданные:	Ф.И.О.: Сахаров Максим Васильевич\nВозраст: 39  Пол: Мужской  Семейное положение: женат\nМесто проживания: Кемерово, Рудничный район\nСтаж работы: свыше 5 лет\nУсловия\nработы:	з/п не указана \nГрафик работы: удаленно/на дому\nЗанятость: частичная занятость\nЖелаемые районы для работы: Заводский, Кировский, Ленинский, Рудничный, Центральный\nОбразование:	Уровень образования: высшее \nУчебное заведение: Кемеровский Государственный Университет \nСпециальность: Прикладная математика\nОпыт работы\nи навыки:	 Хотел бы получить серьёзный опыт работы с PHP, Perl, MySQL, HTML на конкретных проектах, чтобы иметь своё портфолио. В связи с этим готов работать за небольшую оплату. Моё условие: удалённая работа. Имею большой опыт системного администрирования и прикладного программирования. Дома несколько компьютеров и кабельный доступ в Интернет.\nСпециализации:	\nИТ и Интернет  /  Веб-дизайн, интерфейсы, верстка, Разработка веб-приложений, Контент, наполнение сайтов\nКонтакты:	 Эл.почта:  msugar@rambler.ru\nТелефон:  +7-960-906-93-70', 0),
(293, 'prior', 3, 'Средний', 0),
(293, 'reason_for_idle', 2, '', 0),
(293, 'state', 3, 'Не выполнена', 0),
(293, 'who_responsible', 5, '-', 0),
(293, 'who_set', 7, '12', 0),
(294, 'deadline', 4, '31.01.2012 00:00', 0),
(294, 'description', 2, '', 0),
(294, 'prior', 3, 'Средний', 0),
(294, 'reason_for_idle', 2, '', 0),
(294, 'state', 3, 'Не выполнена', 0),
(294, 'who_responsible', 5, '-', 0),
(294, 'who_set', 7, '7', 0),
(295, 'deadline', 4, '31.01.2012 00:00', 0),
(295, 'description', 2, '', 0),
(295, 'prior', 3, 'Средний', 0),
(295, 'reason_for_idle', 2, '', 0),
(295, 'state', 3, 'Не выполнена', 0),
(295, 'who_responsible', 5, '-', 0),
(295, 'who_set', 7, '7', 0),
(296, 'deadline', 4, '31.01.2012 00:00', 0),
(296, 'description', 2, 'Сюда пиши отчет о том что сделано и когда.', 0),
(296, 'prior', 3, 'Средний', 0),
(296, 'reason_for_idle', 2, '', 0),
(296, 'state', 3, 'Не выполнена', 0),
(296, 'who_responsible', 5, '-', 0),
(296, 'who_set', 7, '7', 0),
(297, 'deadline', 4, '31.01.2012 00:00', 0),
(297, 'description', 2, '1. Поиск. набери словосочетание и увидишь как работает поиск. Например ОАО &quot;Распадская&quot;', 0),
(297, 'extime', 1, '', 0),
(297, 'prior', 3, 'Средний', 0),
(297, 'reason_for_idle', 2, '', 0),
(297, 'state', 3, 'Не выполнена', 0),
(297, 'who_responsible', 5, '-', 0),
(297, 'who_set', 7, '7', 0),
(298, 'deadline', 4, '29.02.2012 00:00:00', 0),
(298, 'description', 2, '', 0),
(298, 'extime', 1, '', 0),
(298, 'prior', 3, 'Средний', 0),
(298, 'reason_for_idle', 2, '', 0),
(298, 'state', 3, 'Выполнена', 0),
(298, 'who_responsible', 5, '-', 0),
(298, 'who_set', 7, '7', 0),
(299, 'deadline', 4, '30.01.2012 14:22:47', 0),
(299, 'description', 2, '', 0),
(299, 'extime', 1, '', 0),
(299, 'prior', 3, 'Средний', 0),
(299, 'reason_for_idle', 2, '', 0),
(299, 'state', 3, 'Выполнена', 0),
(299, 'who_responsible', 5, '11', 0),
(299, 'who_set', 7, '12', 0),
(300, 'deadline', 4, '30.01.2012 14:26:01', 0),
(300, 'description', 2, 'Ссылка на оригинальный товар, добавить поле при добавлении товара! А выводилась она на затемненном поле фотографии! Я там скрин приложил!', 0),
(300, 'extime', 1, '', 0),
(300, 'prior', 3, 'Средний', 0),
(300, 'reason_for_idle', 2, '', 0),
(300, 'state', 3, 'Не выполнена', 0),
(300, 'who_responsible', 5, '11', 0),
(300, 'who_set', 7, '12', 0),
(301, 'deadline', 4, '30.01.2012 14:47:30', 0),
(301, 'description', 2, 'Как нибудь сделать возможно, чтоб название подписей уменьшалось? Просто есть большие названия и их не сократить!', 0),
(301, 'extime', 1, '', 0),
(301, 'prior', 3, 'Средний', 0),
(301, 'reason_for_idle', 2, '', 0),
(301, 'state', 3, 'Не выполнена', 0),
(301, 'who_responsible', 5, '11', 0),
(301, 'who_set', 7, '12', 0),
(302, 'deadline', 4, '30.01.2012 14:52:31', 0),
(302, 'description', 2, 'Убрать слова магазина! Оставить просто: &quot;Описание&quot;, &quot;Адрес&quot;', 0),
(302, 'extime', 1, '', 0),
(302, 'prior', 3, 'Средний', 0),
(302, 'reason_for_idle', 2, '', 0),
(302, 'state', 3, 'Выполнена', 0),
(302, 'who_responsible', 5, '11', 0),
(302, 'who_set', 7, '12', 0);

-- --------------------------------------------------------

--
-- Структура таблицы `tm_task_attribute_type`
--

DROP TABLE IF EXISTS `tm_task_attribute_type`;
CREATE TABLE IF NOT EXISTS `tm_task_attribute_type` (
  `id` int(10) unsigned NOT NULL auto_increment,
  `title` varchar(50) NOT NULL,
  `handler` varchar(100) NOT NULL,
  `description` varchar(255) NOT NULL,
  PRIMARY KEY  (`id`),
  UNIQUE KEY `title_UNIQUE` (`title`)
) ENGINE=InnoDB  DEFAULT CHARSET=utf8 AUTO_INCREMENT=8 ;

--
-- Дамп данных таблицы `tm_task_attribute_type`
--

INSERT INTO `tm_task_attribute_type` (`id`, `title`, `handler`, `description`) VALUES
(1, 'Строка', 'TM_Attribute_AttributeType', 'Любое строковое значение'),
(2, 'Текст', 'TM_Attribute_AttributeTypeText', 'Многострочный  текст'),
(3, 'Список', 'TM_Attribute_AttributeTypeList', 'Список из возможных вариантов'),
(4, 'Дата', 'TM_Attribute_AttributeTypeDate', ''),
(5, 'Список пользователей', 'TM_Attribute_AttributeTypeUserList', 'Список пользователей'),
(6, 'Условие с активным пользователем', 'TM_Attribute_AttributeTypeActiveUser', 'Условие с активным пользователем'),
(7, 'Список пользователей с активным пользователем', 'TM_Attribute_AttributeTypeActiveUserList', 'Список пользователей с активным пользователем');

-- --------------------------------------------------------

--
-- Структура таблицы `tm_task_discussion`
--

DROP TABLE IF EXISTS `tm_task_discussion`;
CREATE TABLE IF NOT EXISTS `tm_task_discussion` (
  `task_id` int(10) unsigned NOT NULL,
  `discussion_id` int(10) unsigned NOT NULL,
  PRIMARY KEY  (`task_id`,`discussion_id`),
  KEY `fk_tm_task_discussion_tm_discussion1` (`discussion_id`)
) ENGINE=InnoDB DEFAULT CHARSET=utf8;

--
-- Дамп данных таблицы `tm_task_discussion`
--

INSERT INTO `tm_task_discussion` (`task_id`, `discussion_id`) VALUES
(165, 188),
(186, 197),
(187, 198),
(188, 199),
(189, 200),
(190, 201),
(191, 202),
(192, 203),
(193, 204),
(194, 205),
(195, 206),
(196, 207),
(198, 209),
(199, 210),
(200, 211),
(201, 212),
(202, 213),
(203, 214),
(204, 215),
(205, 216),
(207, 218),
(208, 219),
(210, 221),
(211, 222),
(212, 223),
(213, 224),
(214, 225),
(215, 226),
(216, 227),
(217, 228),
(218, 229),
(220, 231),
(221, 232),
(222, 233),
(223, 234),
(224, 235),
(225, 236),
(226, 237),
(227, 238),
(227, 239),
(228, 240),
(229, 241),
(230, 242),
(231, 243),
(232, 244),
(233, 245),
(234, 246),
(235, 247),
(236, 248),
(237, 249),
(238, 250),
(239, 251),
(240, 252),
(241, 253),
(243, 255),
(245, 257),
(246, 258),
(247, 259),
(248, 260),
(249, 261),
(250, 262),
(251, 263),
(253, 264),
(254, 265),
(255, 266),
(256, 267),
(257, 268),
(258, 269),
(259, 270),
(260, 271),
(261, 272),
(262, 273),
(263, 274),
(264, 275),
(265, 276),
(266, 277),
(268, 279),
(269, 280),
(270, 281),
(271, 282),
(272, 283),
(273, 284),
(274, 285),
(275, 286),
(276, 287),
(277, 288),
(278, 289),
(279, 290),
(280, 291),
(281, 292),
(282, 293),
(283, 294),
(166, 295),
(284, 296),
(285, 297),
(286, 298),
(287, 299),
(288, 300),
(289, 301),
(290, 302),
(291, 303),
(292, 304),
(293, 305),
(294, 306),
(295, 307),
(296, 309),
(297, 310),
(298, 311),
(299, 312),
(300, 313),
(301, 314),
(302, 315);

-- --------------------------------------------------------

--
-- Структура таблицы `tm_task_document`
--

DROP TABLE IF EXISTS `tm_task_document`;
CREATE TABLE IF NOT EXISTS `tm_task_document` (
  `task_id` int(10) unsigned NOT NULL,
  `document_id` int(10) unsigned NOT NULL,
  PRIMARY KEY  (`task_id`,`document_id`),
  KEY `fk_tm_task_document_tm_task1` (`task_id`),
  KEY `fk_tm_task_document_tm_document1` (`document_id`)
) ENGINE=InnoDB DEFAULT CHARSET=utf8;

--
-- Дамп данных таблицы `tm_task_document`
--

INSERT INTO `tm_task_document` (`task_id`, `document_id`) VALUES
(165, 199),
(166, 200),
(186, 223),
(187, 224),
(188, 225),
(189, 226),
(190, 227),
(191, 228),
(192, 229),
(193, 230),
(194, 231),
(195, 232),
(196, 233),
(198, 235),
(199, 236),
(200, 237),
(201, 238),
(202, 239),
(203, 240),
(204, 241),
(205, 242),
(207, 244),
(208, 245),
(210, 247),
(211, 248),
(212, 249),
(213, 250),
(214, 251),
(215, 252),
(216, 253),
(217, 254),
(218, 255),
(220, 257),
(221, 258),
(222, 259),
(223, 260),
(224, 261),
(225, 262),
(226, 263),
(227, 264),
(228, 265),
(229, 266),
(230, 267),
(231, 268),
(232, 269),
(233, 270),
(234, 271),
(235, 272),
(236, 273),
(237, 274),
(238, 275),
(239, 276),
(240, 277),
(241, 278),
(243, 280),
(245, 282),
(246, 283),
(247, 284),
(248, 285),
(249, 286),
(250, 287),
(251, 288),
(253, 290),
(254, 291),
(255, 292),
(256, 293),
(257, 294),
(258, 295),
(259, 296),
(260, 297),
(261, 298),
(262, 299),
(263, 300),
(264, 301),
(265, 302),
(266, 303),
(268, 305),
(268, 306),
(269, 307),
(270, 308),
(271, 309),
(272, 310),
(273, 311),
(274, 312),
(275, 313),
(276, 314),
(277, 315),
(278, 316),
(279, 317),
(280, 318),
(281, 319),
(281, 320),
(281, 321),
(281, 322),
(281, 323),
(282, 324),
(282, 325),
(282, 326),
(283, 327),
(284, 328),
(285, 329),
(286, 330),
(287, 331),
(288, 332),
(289, 333),
(290, 334),
(290, 335),
(291, 336),
(292, 337),
(293, 338),
(294, 339),
(295, 340),
(296, 341),
(297, 342),
(298, 343),
(299, 344),
(299, 347),
(299, 348),
(300, 345),
(300, 346),
(301, 349),
(301, 350),
(302, 352);

-- --------------------------------------------------------

--
-- Структура таблицы `tm_task_hash`
--

DROP TABLE IF EXISTS `tm_task_hash`;
CREATE TABLE IF NOT EXISTS `tm_task_hash` (
  `task_id` int(10) unsigned default NULL,
  `attribute_key` varchar(255) NOT NULL,
  `title` varchar(255) NOT NULL,
  `type_id` int(10) unsigned NOT NULL,
  `list_value` text,
  `required` tinyint(1) NOT NULL default '0',
  `sort_order` int(11) NOT NULL default '1000',
  PRIMARY KEY  (`attribute_key`),
  KEY `fk_tm_task_hash_tm_task_attribute_type1` (`type_id`),
  KEY `fk_tm_task_hash_tm_task1` (`task_id`)
) ENGINE=InnoDB DEFAULT CHARSET=utf8;

--
-- Дамп данных таблицы `tm_task_hash`
--

INSERT INTO `tm_task_hash` (`task_id`, `attribute_key`, `title`, `type_id`, `list_value`, `required`, `sort_order`) VALUES
(NULL, 'deadline', 'Срок выполнения задачи', 4, '  ', 1, 1),
(NULL, 'description', 'Описание задачи', 2, '   ', 0, 4),
(NULL, 'extime', 'Время на выполнение', 1, ' ', 0, 3),
(NULL, 'prior', 'Приоритет', 3, 'Очень высокий||Высоки||*Средний||Низкий||Очень низкий    ', 0, 6),
(NULL, 'reason_for_idle', 'Причина простоя', 2, '   ', 0, 5),
(NULL, 'state', 'Статус выполения задачи', 3, 'Выполнена||*Не выполнена||Возникли вопросы ', 1, 2),
(NULL, 'who_adopted', 'Кто принял?', 6, '    ', 0, 5),
(NULL, 'who_responsible', 'Кто ответственный?', 5, '  ', 0, 4),
(NULL, 'who_set', 'Кем поставлена?', 7, '    ', 0, 4);

-- --------------------------------------------------------

--
-- Структура таблицы `tm_task_relation`
--

DROP TABLE IF EXISTS `tm_task_relation`;
CREATE TABLE IF NOT EXISTS `tm_task_relation` (
  `parent_id` int(10) unsigned NOT NULL,
  `child_id` int(10) unsigned NOT NULL,
  PRIMARY KEY  (`parent_id`,`child_id`),
  KEY `fk_tm_task_relation_tm_task2` (`child_id`)
) ENGINE=InnoDB DEFAULT CHARSET=utf8;

--
-- Дамп данных таблицы `tm_task_relation`
--

INSERT INTO `tm_task_relation` (`parent_id`, `child_id`) VALUES
(165, 166),
(189, 190),
(189, 191),
(165, 192),
(186, 193),
(186, 195),
(187, 196),
(189, 198),
(186, 199),
(165, 200),
(188, 201),
(202, 203),
(202, 204),
(202, 205),
(202, 207),
(165, 208),
(202, 210),
(202, 211),
(165, 212),
(213, 214),
(213, 215),
(202, 217),
(194, 218),
(186, 224),
(194, 225),
(186, 226),
(225, 227),
(221, 228),
(221, 229),
(221, 230),
(221, 231),
(186, 232),
(232, 233),
(186, 234),
(234, 235),
(213, 236),
(236, 237),
(186, 238),
(238, 239),
(202, 240),
(240, 241),
(220, 243),
(213, 245),
(245, 246),
(213, 247),
(247, 248),
(198, 249),
(198, 250),
(232, 251),
(216, 253),
(216, 254),
(216, 255),
(216, 256),
(216, 257),
(216, 258),
(186, 259),
(259, 260),
(186, 261),
(186, 262),
(186, 263),
(263, 264),
(263, 265),
(263, 266),
(187, 268),
(263, 269),
(187, 270),
(186, 271),
(271, 272),
(263, 273),
(194, 274),
(194, 275),
(275, 276),
(194, 277),
(277, 278),
(277, 279),
(186, 280),
(280, 281),
(274, 282),
(198, 283),
(194, 284),
(216, 285),
(216, 286),
(216, 287),
(222, 288),
(289, 290),
(291, 292),
(292, 293),
(291, 294),
(291, 295),
(291, 296),
(165, 297),
(165, 298),
(216, 299),
(216, 300),
(216, 301),
(216, 302);

-- --------------------------------------------------------

--
-- Структура таблицы `tm_user`
--

DROP TABLE IF EXISTS `tm_user`;
CREATE TABLE IF NOT EXISTS `tm_user` (
  `id` int(10) unsigned NOT NULL auto_increment,
  `login` varchar(32) NOT NULL,
  `password` varchar(32) NOT NULL,
  `role_id` int(10) unsigned NOT NULL,
  `date_create` datetime NOT NULL,
  PRIMARY KEY  (`id`),
  UNIQUE KEY `login_UNIQUE` (`login`),
  KEY `fk_tm_user_tm_user_role1` (`role_id`)
) ENGINE=InnoDB  DEFAULT CHARSET=utf8 AUTO_INCREMENT=15 ;

--
-- Дамп данных таблицы `tm_user`
--

INSERT INTO `tm_user` (`id`, `login`, `password`, `role_id`, `date_create`) VALUES
(1, 'admin', '123', 1, '2011-11-16 16:26:11'),
(7, 'd.kudryavcev', '321', 1, '2011-12-04 11:19:00'),
(9, 's.sheglov', '321', 7, '2011-12-04 11:20:00'),
(11, 'i.kharlampenkov', '987654', 1, '2012-01-18 10:10:00'),
(12, 'n.stepanov', '1qa2ws3ed', 1, '2012-01-19 14:19:00'),
(13, 'k.panchenko', '123qweasd', 1, '2012-01-20 08:33:00'),
(14, 'e.potapov', '123qweasd', 3, '2012-01-20 08:35:00');

-- --------------------------------------------------------

--
-- Структура таблицы `tm_user_attribute`
--

DROP TABLE IF EXISTS `tm_user_attribute`;
CREATE TABLE IF NOT EXISTS `tm_user_attribute` (
  `user_id` int(10) unsigned NOT NULL,
  `attribute_key` varchar(255) NOT NULL,
  `type_id` int(10) unsigned NOT NULL,
  `attribute_value` text NOT NULL,
  `is_fill` tinyint(1) NOT NULL default '0',
  PRIMARY KEY  (`user_id`,`attribute_key`),
  KEY `fk_tm_task_attribute_tm_task1` (`user_id`),
  KEY `fk_tm_document_attribute_tm_document_attribute_type1` (`type_id`)
) ENGINE=InnoDB DEFAULT CHARSET=utf8;

--
-- Дамп данных таблицы `tm_user_attribute`
--

INSERT INTO `tm_user_attribute` (`user_id`, `attribute_key`, `type_id`, `attribute_value`, `is_fill`) VALUES
(1, 'name', 1, 'Администратор', 1),
(1, 'organization', 1, '', 1),
(1, 'position', 1, '', 1),
(7, 'email', 1, 'kudrdima@gmail.com', 1),
(7, 'name', 1, 'Кудрявцев Дмитрий Александрович', 1),
(7, 'organization', 1, 'ООО &quot;Инвойс Групп&quot;', 1),
(7, 'position', 1, 'Технический директор', 1),
(9, 'name', 1, 'Щеглов Сергей Валерьевич', 1),
(9, 'organization', 1, 'ГП &quot;РЭК&quot;, ГП &quot;АЭЭ&quot;', 1),
(9, 'position', 1, 'Системный администратор', 1),
(11, 'email', 1, 'ivan87kharlampenkov@gmail.com', 1),
(11, 'name', 1, 'Харлампенков Иван Евгеньевич', 1),
(11, 'organization', 1, 'ООО &quot;Инвойс Групп&quot;', 1),
(11, 'position', 1, 'Начальник отдела разработок', 1),
(12, 'email', 1, 'nikencmoscow@yandex.ru', 1),
(12, 'name', 1, 'Степанов Никита Александрович', 1),
(12, 'organization', 1, 'ООО &quot;Инвойс Групп&quot;', 1),
(12, 'position', 1, 'Руководитель проекта', 1),
(13, 'name', 1, 'Панченко Кирилл Валерьевич', 1),
(13, 'organization', 1, 'ООО &quot;Инвойс Групп&quot;', 1),
(13, 'position', 1, 'Директор', 1),
(14, 'name', 1, 'Потапов Евгений Юрьевич', 1),
(14, 'organization', 1, 'ООО &quot;Инвойс Групп&quot;', 1),
(14, 'position', 1, 'Финансовый директор', 1);

-- --------------------------------------------------------

--
-- Структура таблицы `tm_user_attribute_type`
--

DROP TABLE IF EXISTS `tm_user_attribute_type`;
CREATE TABLE IF NOT EXISTS `tm_user_attribute_type` (
  `id` int(10) unsigned NOT NULL auto_increment,
  `title` varchar(50) NOT NULL,
  `handler` varchar(100) NOT NULL,
  `description` varchar(255) NOT NULL,
  PRIMARY KEY  (`id`),
  UNIQUE KEY `title_UNIQUE` (`title`)
) ENGINE=InnoDB  DEFAULT CHARSET=utf8 AUTO_INCREMENT=4 ;

--
-- Дамп данных таблицы `tm_user_attribute_type`
--

INSERT INTO `tm_user_attribute_type` (`id`, `title`, `handler`, `description`) VALUES
(1, 'Строка', 'TM_Attribute_AttributeType', 'Любое строковое значение'),
(2, 'Текст', 'TM_Attribute_AttributeTypeText', 'Многострочный  текст'),
(3, 'Список', 'TM_Attribute_AttributeTypeList', 'Список из возможных вариантов');

-- --------------------------------------------------------

--
-- Структура таблицы `tm_user_hash`
--

DROP TABLE IF EXISTS `tm_user_hash`;
CREATE TABLE IF NOT EXISTS `tm_user_hash` (
  `user_id` int(10) unsigned default NULL,
  `attribute_key` varchar(255) NOT NULL,
  `title` varchar(255) NOT NULL,
  `type_id` int(10) unsigned NOT NULL,
  `list_value` text,
  PRIMARY KEY  (`attribute_key`),
  KEY `fk_tm_document_hash_tm_task_attribute_type1` (`type_id`),
  KEY `fk_tm_document_hash_tm_task1` (`user_id`)
) ENGINE=InnoDB DEFAULT CHARSET=utf8;

--
-- Дамп данных таблицы `tm_user_hash`
--

INSERT INTO `tm_user_hash` (`user_id`, `attribute_key`, `title`, `type_id`, `list_value`) VALUES
(NULL, 'email', 'E-mail', 1, ' '),
(NULL, 'name', 'ФИО', 1, ' '),
(NULL, 'organization', 'Организация', 1, ' '),
(NULL, 'position', 'Должность', 1, ' ');

-- --------------------------------------------------------

--
-- Структура таблицы `tm_user_profile`
--

DROP TABLE IF EXISTS `tm_user_profile`;
CREATE TABLE IF NOT EXISTS `tm_user_profile` (
  `user_id` int(10) unsigned NOT NULL auto_increment,
  `profile_key` varchar(255) NOT NULL,
  `profile_value` text NOT NULL,
  PRIMARY KEY  (`user_id`,`profile_key`),
  KEY `fk_tm_user_profile_tm_user1` (`user_id`)
) ENGINE=InnoDB DEFAULT CHARSET=utf8 AUTO_INCREMENT=1 ;

--
-- Дамп данных таблицы `tm_user_profile`
--


-- --------------------------------------------------------

--
-- Структура таблицы `tm_user_resource`
--

DROP TABLE IF EXISTS `tm_user_resource`;
CREATE TABLE IF NOT EXISTS `tm_user_resource` (
  `id` int(10) unsigned NOT NULL auto_increment,
  `title` varchar(45) default NULL,
  `rtitle` varchar(255) NOT NULL,
  PRIMARY KEY  (`id`),
  UNIQUE KEY `title` (`title`)
) ENGINE=InnoDB  DEFAULT CHARSET=utf8 AUTO_INCREMENT=93 ;

--
-- Дамп данных таблицы `tm_user_resource`
--

INSERT INTO `tm_user_resource` (`id`, `title`, `rtitle`) VALUES
(1, 'login', 'Страница для входа в систему'),
(2, 'login/index', 'Вход в систему'),
(3, 'login/logout', 'Выход из системы'),
(4, 'index/index', 'Главная страница'),
(5, 'user', 'Пользователи'),
(6, 'user/add', 'Добавить пользователя'),
(7, 'user/edit', ''),
(8, 'user/delete', ''),
(15, 'user/index', ''),
(19, 'user/addRole', ''),
(20, 'user/editRole', ''),
(21, 'user/deleteRole', ''),
(22, 'user/addResource', ''),
(23, 'user/editResource', ''),
(24, 'user/deleteResource', ''),
(25, 'user/fillResource', ''),
(26, 'task/index', 'Задачи'),
(27, 'task/add', ''),
(28, 'task/edit', ''),
(29, 'task/delete', ''),
(30, 'task/addAttributeType', ''),
(31, 'task/editAttributeType', ''),
(32, 'task/deleteAttributeType', ''),
(33, 'task/addAttributeHash', ''),
(34, 'task/editAttributeHash', ''),
(35, 'task/deleteAttributeHash', ''),
(36, 'task/deleteLinkToDoc', ''),
(37, 'document/index', 'Документы'),
(38, 'document/add', 'Документ/Добавить документ'),
(39, 'document/edit', 'Редактировать документ'),
(40, 'document/delete', 'Документ/Удалить документ'),
(41, 'document/addFolder', 'Документ/Добавить папку'),
(42, 'document/editFolder', ''),
(43, 'document/deleteFolder', 'Удалить папку'),
(44, 'document/addAttributeType', 'Документ/Добавить тип атрибута для документов'),
(45, 'document/editAttributeType', ''),
(46, 'document/deleteAttributeType', ''),
(47, 'document/addAttributeHash', 'Документ/Добавить атрибут к документу'),
(48, 'document/editAttributeHash', ''),
(49, 'document/deleteAttributeHash', ''),
(50, 'discussion/index', 'Обсуждение/Обсуждения'),
(51, 'discussion/add', 'Обсуждения/Добавить комментарий'),
(52, 'discussion/edit', 'Обсуждение/Редактировать комментарий'),
(53, 'discussion/delete', 'Обсуждение/Удалить комментарий'),
(54, 'discussion/addTopic', 'Обсуждение/Добавить тему'),
(55, 'discussion/editTopic', 'Обсуждение/Редактировать тему'),
(56, 'discussion/deleteTopic', 'Обсуждение/Удалить тему'),
(57, 'files/', ''),
(58, 'reposrts', 'Отчеты'),
(59, 'user/showRoleAcl', ''),
(60, 'reports/index', ''),
(61, 'task/showAcl', ''),
(62, 'document/showAcl', ''),
(63, 'discussion/showAcl', 'Обсуждение/Назначить права на обсуждения'),
(64, 'reports/generateReport', ''),
(65, 'reports/showDesigner', ''),
(66, 'task/showDiscussion', ''),
(67, 'user/addAttributeType', ''),
(68, 'user/editAttributeType', ''),
(69, 'user/deleteAttributeType', ''),
(70, 'user/addAttributeHash', ''),
(71, 'user/editAttributeHash', ''),
(72, 'user/deleteAttributeHash', ''),
(73, 'task/view', ''),
(74, 'document/view', ''),
(75, 'document/showDiscussion', ''),
(76, 'task/showTaskBlock', 'Проекты/Показать список задач'),
(77, 'reports/showTaskBlock', 'Аналитика/Показать блок задач'),
(78, 'reports/print', 'Аналитика/Печать'),
(79, 'task/viewHash', 'Проекты/Показать список атрибутов'),
(80, 'task/viewAttributeType', 'Проекты/Показать типы атрибутов'),
(81, 'document/viewAttributeType', 'Документы/Показать типы атрибутов'),
(82, 'user/viewAttributeType', 'Пользователи/Показать типы атрибутов'),
(83, 'document/viewHash', 'Документы/Показать список атрибутов'),
(84, 'user/viewHash', 'Пользователи/Показать список атрибутов'),
(85, 'user/viewResource', 'Пользователи/Показать ресурсы'),
(86, 'index/showTaskBlock', 'Главная/Показать блок задач'),
(87, 'task/archive', 'Проекты/Архив'),
(88, 'task/toArchive', 'Проекты/В архив'),
(89, 'task/fromArchive', 'Проекты/Из архива'),
(90, 'task/showArchiveBlock', 'Проекты/Просмотреть архив'),
(91, 'task/info', 'Проекты/Показать информацию о задаче'),
(92, 'user/showUserAcl', 'Пользователи/Показать права пользователя');

-- --------------------------------------------------------

--
-- Структура таблицы `tm_user_role`
--

DROP TABLE IF EXISTS `tm_user_role`;
CREATE TABLE IF NOT EXISTS `tm_user_role` (
  `id` int(10) unsigned NOT NULL auto_increment,
  `title` varchar(32) NOT NULL,
  `rtitle` varchar(255) NOT NULL,
  PRIMARY KEY  (`id`)
) ENGINE=InnoDB  DEFAULT CHARSET=utf8 AUTO_INCREMENT=11 ;

--
-- Дамп данных таблицы `tm_user_role`
--

INSERT INTO `tm_user_role` (`id`, `title`, `rtitle`) VALUES
(1, 'admin', 'Администратор'),
(3, 'chief', 'Руководитель'),
(4, 'manager', 'Исполнитель'),
(5, 'guest', 'Гость'),
(7, 'client', 'Клиент'),
(8, 'subcontractor', 'Субподрядчик'),
(9, 'responsible', 'Ответственный'),
(10, 'operator', 'Оператор');

--
-- Ограничения внешнего ключа сохраненных таблиц
--

--
-- Ограничения внешнего ключа таблицы `tm_acl_discussion`
--
ALTER TABLE `tm_acl_discussion`
  ADD CONSTRAINT `tm_acl_discussion_ibfk_1` FOREIGN KEY (`user_id`) REFERENCES `tm_user` (`id`) ON DELETE CASCADE ON UPDATE CASCADE,
  ADD CONSTRAINT `tm_acl_discussion_ibfk_2` FOREIGN KEY (`discussion_id`) REFERENCES `tm_discussion` (`id`) ON DELETE CASCADE ON UPDATE CASCADE;

--
-- Ограничения внешнего ключа таблицы `tm_acl_document`
--
ALTER TABLE `tm_acl_document`
  ADD CONSTRAINT `tm_acl_document_ibfk_1` FOREIGN KEY (`user_id`) REFERENCES `tm_user` (`id`) ON DELETE CASCADE ON UPDATE CASCADE,
  ADD CONSTRAINT `tm_acl_document_ibfk_2` FOREIGN KEY (`document_id`) REFERENCES `tm_document` (`id`) ON DELETE CASCADE ON UPDATE CASCADE;

--
-- Ограничения внешнего ключа таблицы `tm_acl_role`
--
ALTER TABLE `tm_acl_role`
  ADD CONSTRAINT `tm_acl_role_ibfk_1` FOREIGN KEY (`tm_user_role_id`) REFERENCES `tm_user_role` (`id`) ON DELETE CASCADE ON UPDATE CASCADE,
  ADD CONSTRAINT `tm_acl_role_ibfk_2` FOREIGN KEY (`tm_user_resource_id`) REFERENCES `tm_user_resource` (`id`) ON DELETE CASCADE ON UPDATE CASCADE;

--
-- Ограничения внешнего ключа таблицы `tm_acl_task`
--
ALTER TABLE `tm_acl_task`
  ADD CONSTRAINT `tm_acl_task_ibfk_1` FOREIGN KEY (`user_id`) REFERENCES `tm_user` (`id`) ON DELETE CASCADE ON UPDATE CASCADE,
  ADD CONSTRAINT `tm_acl_task_ibfk_2` FOREIGN KEY (`task_id`) REFERENCES `tm_task` (`id`) ON DELETE CASCADE ON UPDATE CASCADE;

--
-- Ограничения внешнего ключа таблицы `tm_activity`
--
ALTER TABLE `tm_activity`
  ADD CONSTRAINT `tm_activity_ibfk_1` FOREIGN KEY (`user_id`) REFERENCES `tm_user` (`id`) ON DELETE CASCADE ON UPDATE CASCADE;

--
-- Ограничения внешнего ключа таблицы `tm_discussion`
--
ALTER TABLE `tm_discussion`
  ADD CONSTRAINT `tm_discussion_ibfk_1` FOREIGN KEY (`parent_id`) REFERENCES `tm_discussion` (`id`) ON DELETE CASCADE ON UPDATE CASCADE,
  ADD CONSTRAINT `tm_discussion_ibfk_2` FOREIGN KEY (`user_id`) REFERENCES `tm_user` (`id`) ON DELETE CASCADE ON UPDATE CASCADE,
  ADD CONSTRAINT `tm_discussion_ibfk_3` FOREIGN KEY (`topic_id`) REFERENCES `tm_discussion` (`id`) ON DELETE CASCADE ON UPDATE CASCADE,
  ADD CONSTRAINT `tm_discussion_ibfk_4` FOREIGN KEY (`to_user_id`) REFERENCES `tm_user` (`id`) ON DELETE CASCADE ON UPDATE CASCADE;

--
-- Ограничения внешнего ключа таблицы `tm_discussion_document`
--
ALTER TABLE `tm_discussion_document`
  ADD CONSTRAINT `tm_discussion_document_ibfk_1` FOREIGN KEY (`document_id`) REFERENCES `tm_document` (`id`) ON DELETE CASCADE ON UPDATE CASCADE,
  ADD CONSTRAINT `tm_discussion_document_ibfk_2` FOREIGN KEY (`discussion_id`) REFERENCES `tm_discussion` (`id`) ON DELETE CASCADE ON UPDATE CASCADE;

--
-- Ограничения внешнего ключа таблицы `tm_document`
--
ALTER TABLE `tm_document`
  ADD CONSTRAINT `tm_document_ibfk_1` FOREIGN KEY (`user_id`) REFERENCES `tm_user` (`id`) ON DELETE CASCADE ON UPDATE CASCADE,
  ADD CONSTRAINT `tm_document_ibfk_2` FOREIGN KEY (`parent_id`) REFERENCES `tm_document` (`id`) ON DELETE CASCADE ON UPDATE CASCADE;

--
-- Ограничения внешнего ключа таблицы `tm_document_attribute`
--
ALTER TABLE `tm_document_attribute`
  ADD CONSTRAINT `tm_document_attribute_ibfk_1` FOREIGN KEY (`document_id`) REFERENCES `tm_document` (`id`) ON DELETE CASCADE ON UPDATE CASCADE,
  ADD CONSTRAINT `tm_document_attribute_ibfk_2` FOREIGN KEY (`type_id`) REFERENCES `tm_document_attribute_type` (`id`) ON DELETE CASCADE ON UPDATE CASCADE;

--
-- Ограничения внешнего ключа таблицы `tm_document_hash`
--
ALTER TABLE `tm_document_hash`
  ADD CONSTRAINT `fk_tm_document_hash_tm_document1` FOREIGN KEY (`document_id`) REFERENCES `tm_document` (`id`) ON DELETE NO ACTION ON UPDATE NO ACTION,
  ADD CONSTRAINT `fk_tm_document_hash_tm_document_attribute_type1` FOREIGN KEY (`type_id`) REFERENCES `tm_document_attribute_type` (`id`) ON DELETE NO ACTION ON UPDATE NO ACTION;

--
-- Ограничения внешнего ключа таблицы `tm_task`
--
ALTER TABLE `tm_task`
  ADD CONSTRAINT `fk_tm_task_tm_user1` FOREIGN KEY (`user_id`) REFERENCES `tm_user` (`id`) ON DELETE NO ACTION ON UPDATE NO ACTION;

--
-- Ограничения внешнего ключа таблицы `tm_task_attribute`
--
ALTER TABLE `tm_task_attribute`
  ADD CONSTRAINT `tm_task_attribute_ibfk_1` FOREIGN KEY (`task_id`) REFERENCES `tm_task` (`id`) ON DELETE CASCADE ON UPDATE CASCADE,
  ADD CONSTRAINT `tm_task_attribute_ibfk_2` FOREIGN KEY (`type_id`) REFERENCES `tm_task_attribute_type` (`id`) ON DELETE CASCADE ON UPDATE CASCADE;

--
-- Ограничения внешнего ключа таблицы `tm_task_discussion`
--
ALTER TABLE `tm_task_discussion`
  ADD CONSTRAINT `tm_task_discussion_ibfk_1` FOREIGN KEY (`task_id`) REFERENCES `tm_task` (`id`) ON DELETE CASCADE ON UPDATE CASCADE,
  ADD CONSTRAINT `tm_task_discussion_ibfk_2` FOREIGN KEY (`discussion_id`) REFERENCES `tm_discussion` (`id`) ON DELETE CASCADE ON UPDATE CASCADE;

--
-- Ограничения внешнего ключа таблицы `tm_task_document`
--
ALTER TABLE `tm_task_document`
  ADD CONSTRAINT `tm_task_document_ibfk_1` FOREIGN KEY (`task_id`) REFERENCES `tm_task` (`id`) ON DELETE CASCADE ON UPDATE CASCADE,
  ADD CONSTRAINT `tm_task_document_ibfk_2` FOREIGN KEY (`document_id`) REFERENCES `tm_document` (`id`) ON DELETE CASCADE ON UPDATE CASCADE;

--
-- Ограничения внешнего ключа таблицы `tm_task_hash`
--
ALTER TABLE `tm_task_hash`
  ADD CONSTRAINT `fk_tm_task_hash_tm_task1` FOREIGN KEY (`task_id`) REFERENCES `tm_task` (`id`) ON DELETE NO ACTION ON UPDATE NO ACTION,
  ADD CONSTRAINT `fk_tm_task_hash_tm_task_attribute_type1` FOREIGN KEY (`type_id`) REFERENCES `tm_task_attribute_type` (`id`) ON DELETE NO ACTION ON UPDATE NO ACTION;

--
-- Ограничения внешнего ключа таблицы `tm_task_relation`
--
ALTER TABLE `tm_task_relation`
  ADD CONSTRAINT `tm_task_relation_ibfk_1` FOREIGN KEY (`parent_id`) REFERENCES `tm_task` (`id`) ON DELETE CASCADE ON UPDATE CASCADE,
  ADD CONSTRAINT `tm_task_relation_ibfk_2` FOREIGN KEY (`child_id`) REFERENCES `tm_task` (`id`) ON DELETE CASCADE ON UPDATE CASCADE;

--
-- Ограничения внешнего ключа таблицы `tm_user`
--
ALTER TABLE `tm_user`
  ADD CONSTRAINT `tm_user_ibfk_1` FOREIGN KEY (`role_id`) REFERENCES `tm_user_role` (`id`);

--
-- Ограничения внешнего ключа таблицы `tm_user_attribute`
--
ALTER TABLE `tm_user_attribute`
  ADD CONSTRAINT `tm_user_attribute_ibfk_1` FOREIGN KEY (`user_id`) REFERENCES `tm_user` (`id`) ON DELETE CASCADE ON UPDATE CASCADE,
  ADD CONSTRAINT `tm_user_attribute_ibfk_2` FOREIGN KEY (`type_id`) REFERENCES `tm_user_attribute_type` (`id`) ON DELETE CASCADE ON UPDATE CASCADE;

--
-- Ограничения внешнего ключа таблицы `tm_user_hash`
--
ALTER TABLE `tm_user_hash`
  ADD CONSTRAINT `tm_user_hash_ibfk_1` FOREIGN KEY (`type_id`) REFERENCES `tm_user_attribute_type` (`id`) ON DELETE CASCADE ON UPDATE CASCADE;

--
-- Ограничения внешнего ключа таблицы `tm_user_profile`
--
ALTER TABLE `tm_user_profile`
  ADD CONSTRAINT `fk_tm_user_profile_tm_user1` FOREIGN KEY (`user_id`) REFERENCES `tm_user` (`id`) ON DELETE NO ACTION ON UPDATE NO ACTION;
SET FOREIGN_KEY_CHECKS=1;
COMMIT;
